Method,NoiseFolder,Poisson,Gauss,File,PSNR,SSIM,MS-SSIM,MAE,LPIPS
BM3DFilter,poisson_16_gauss_0.05,16.0,0.05,sticks_000.tif,28.6642775630235,0.29069338948460216,0.9311259388923645,0.03317568451166153,0.13551947728847152
BM3DFilter,poisson_16_gauss_0.05,16.0,0.05,sticks_001.tif,25.085031710286174,0.24628791304877395,0.9122570157051086,0.052814651280641556,0.16264444222906604
BM3DFilter,poisson_16_gauss_0.05,16.0,0.05,sticks_002.tif,25.60309423219112,0.19227758795202227,0.8878496289253235,0.05068904161453247,0.10932949947309681
BM3DFilter,poisson_16_gauss_0.05,16.0,0.05,sticks_003.tif,27.6514803357529,0.2691837296688339,0.9194527864456177,0.03805387765169144,0.13164014915237204
BM3DFilter,poisson_16_gauss_0.05,16.0,0.05,sticks_004.tif,27.190719892753535,0.274782752331809,0.9239003658294678,0.04046960547566414,0.13386854371638038
BM3DFilter,poisson_16_gauss_0.05,16.0,0.05,sticks_005.tif,29.85505009403169,0.311616080221608,0.9274024963378906,0.02841159701347351,0.12051057443022728
BM3DFilter,poisson_16_gauss_0.05,16.0,0.05,sticks_007.tif,24.728729378921233,0.22681183959928197,0.9085093140602112,0.05552198365330696,0.14899449654622005
BM3DFilter,poisson_16_gauss_0.05,16.0,0.05,sticks_009.tif,27.485529942272503,0.2377180354087323,0.9071254730224609,0.04001757875084877,0.11555214357504155
BM3DFilter,poisson_16_gauss_0.05,16.0,0.05,sticks_008.tif,24.745912507776776,0.2323058433840189,0.8904953598976135,0.05549151822924614,0.14152813523542135
BM3DFilter,poisson_16_gauss_0.05,16.0,0.05,sticks_011.tif,25.829740770035308,0.2427728745432012,0.9176101684570312,0.048223719000816345,0.13838819250813686
BM3DFilter,poisson_16_gauss_0.05,16.0,0.05,sticks_006.tif,28.129669507302573,0.25453836624326537,0.9110761880874634,0.03651934489607811,0.12398626494396012
BM3DFilter,poisson_16_gauss_0.05,16.0,0.05,sticks_010.tif,23.25142149257951,0.19440993219637537,0.8743072152137756,0.06696043908596039,0.13306187152629717
BM3DFilter,poisson_16_gauss_0.05,16.0,0.05,sticks_012.tif,27.244275346887665,0.26370608877990864,0.9228552579879761,0.040095627307891846,0.14292047182680107
BM3DFilter,poisson_16_gauss_0.05,16.0,0.05,sticks_016.tif,23.157272526634813,0.19064666519378826,0.8715816736221313,0.06768802553415298,0.12222268762998283
BM3DFilter,poisson_16_gauss_0.05,16.0,0.05,sticks_013.tif,25.03820086631242,0.22378069676423312,0.9022555947303772,0.05343075841665268,0.12660309189232066
BM3DFilter,poisson_16_gauss_0.05,16.0,0.05,sticks_014.tif,26.20608041411344,0.22060637758697385,0.8972719311714172,0.047117844223976135,0.13630782256368548
BM3DFilter,poisson_16_gauss_0.05,16.0,0.05,sticks_015.tif,25.92251760361982,0.23310496081124596,0.9075028300285339,0.048236507922410965,0.12566337995231153
BM3DFilter,poisson_16_gauss_0.05,16.0,0.05,sticks_018.tif,25.933594971540508,0.23761191689242622,0.9156418442726135,0.04778871312737465,0.1390764609153848
BM3DFilter,poisson_16_gauss_0.05,16.0,0.05,sticks_020.tif,25.863579479487452,0.22998222253033607,0.9019360542297363,0.0482538565993309,0.12998249673401005
BM3DFilter,poisson_16_gauss_0.05,16.0,0.05,sticks_017.tif,25.94775910556107,0.2295644727067279,0.9001145958900452,0.04814893752336502,0.1423723968444392
BM3DFilter,poisson_16_gauss_0.05,16.0,0.05,sticks_019.tif,25.27486643595106,0.22894905776692404,0.9069343209266663,0.051865510642528534,0.12691235581878574
BM3DFilter,poisson_16_gauss_0.05,16.0,0.05,sticks_021.tif,23.051908544169866,0.19152932976477519,0.868303120136261,0.06864191591739655,0.12629968804540112
BM3DFilter,poisson_16_gauss_0.05,16.0,0.05,sticks_022.tif,25.873368742307083,0.2227653669756872,0.8982133865356445,0.04862053692340851,0.13275638267514295
BM3DFilter,poisson_16_gauss_0.05,16.0,0.05,sticks_023.tif,26.53432095109703,0.2684956463886212,0.9273969531059265,0.04336314648389816,0.14346320261247456
BM3DFilter,poisson_16_gauss_0.05,16.0,0.05,sticks_024.tif,26.56857808120266,0.23401392940618226,0.8990921378135681,0.0445568785071373,0.13167693375144154
BM3DFilter,poisson_16_gauss_0.05,16.0,0.05,sticks_025.tif,21.542368198799416,0.18518242935254442,0.8708792328834534,0.08205600082874298,0.13574418487260118
BM3DFilter,poisson_16_gauss_0.05,16.0,0.05,sticks_026.tif,26.11362049622131,0.2293385238462823,0.8978292346000671,0.047097060829401016,0.13167190870735795
BM3DFilter,poisson_16_gauss_0.05,16.0,0.05,sticks_027.tif,23.18204364172308,0.23388983035906757,0.9040084481239319,0.06698384881019592,0.1666871713474393
BM3DFilter,poisson_16_gauss_0.05,16.0,0.05,sticks_028.tif,24.933922920877922,0.21320590844433546,0.8829665184020996,0.05480653792619705,0.13228685891954228
BM3DFilter,poisson_16_gauss_0.05,16.0,0.05,sticks_029.tif,23.992015547093697,0.2176575653671982,0.8873142600059509,0.0607626810669899,0.14306792989373207
BM3DFilter,poisson_16_gauss_0.05,16.0,0.05,sticks_030.tif,25.75188551513303,0.23853381309509908,0.9086482524871826,0.0488165020942688,0.1304971878300421
BM3DFilter,poisson_16_gauss_0.05,16.0,0.05,sticks_032.tif,25.305676337302387,0.2339664195856334,0.9010099768638611,0.05180134251713753,0.13196586724370718
BM3DFilter,poisson_16_gauss_0.05,16.0,0.05,sticks_031.tif,28.297035333610474,0.2796789577278187,0.9260907173156738,0.035205624997615814,0.13361321432166734
BM3DFilter,poisson_16_gauss_0.05,16.0,0.05,sticks_033.tif,21.524075823340514,0.18610967283462207,0.846968412399292,0.08205505460500717,0.1394846621667966
BM3DFilter,poisson_16_gauss_0.05,16.0,0.05,sticks_034.tif,26.300872501117333,0.23042224892352367,0.9050989747047424,0.04584451764822006,0.1348127661214676
BM3DFilter,poisson_16_gauss_0.05,16.0,0.05,sticks_035.tif,25.242037849695546,0.22722032169590525,0.9072983860969543,0.052096009254455566,0.12967661060974933
BM3DFilter,poisson_16_gauss_0.05,16.0,0.05,sticks_036.tif,26.75368852356662,0.22048447968932053,0.8898279666900635,0.043791137635707855,0.10978221127588768
BM3DFilter,poisson_16_gauss_0.05,16.0,0.05,sticks_037.tif,25.36320200749881,0.22088613214794714,0.8832411766052246,0.05176614597439766,0.13398365501780063
BM3DFilter,poisson_16_gauss_0.05,16.0,0.05,sticks_038.tif,23.930904702530494,0.17968457016742423,0.8701788783073425,0.06207318231463432,0.118755474279169
BM3DFilter,poisson_16_gauss_0.05,16.0,0.05,sticks_040.tif,26.368830289293072,0.2542696726752544,0.9190850853919983,0.0448002889752388,0.133905583480373
BM3DFilter,poisson_16_gauss_0.05,16.0,0.05,sticks_039.tif,25.957989784496732,0.23182234033794355,0.9163122177124023,0.047722913324832916,0.13088221729267388
BM3DFilter,poisson_16_gauss_0.05,16.0,0.05,sticks_041.tif,27.377347750203494,0.24183635200252368,0.9155566692352295,0.040185123682022095,0.11974981726089026
BM3DFilter,poisson_16_gauss_0.05,16.0,0.05,sticks_042.tif,26.340032505537103,0.21783222171003458,0.8908423185348511,0.046452850103378296,0.12804602886317298
BM3DFilter,poisson_16_gauss_0.05,16.0,0.05,sticks_043.tif,25.774460074212868,0.24765131278088956,0.9239464998245239,0.048342861235141754,0.13657018169760704
BM3DFilter,poisson_16_gauss_0.05,16.0,0.05,sticks_044.tif,26.07242413659182,0.25282174934156365,0.9058377742767334,0.046415477991104126,0.1371599812817294
BM3DFilter,poisson_16_gauss_0.05,16.0,0.05,sticks_045.tif,27.386295610436818,0.23892447451696644,0.9169380068778992,0.04021235555410385,0.12297798977815547
BM3DFilter,poisson_16_gauss_0.05,16.0,0.05,sticks_046.tif,23.439031217177018,0.17675545071329926,0.856449544429779,0.06585852056741714,0.12833529195049778
BM3DFilter,poisson_16_gauss_0.05,16.0,0.05,sticks_047.tif,22.97386362875582,0.16734997568517263,0.8459039926528931,0.06954486668109894,0.12967673842795194
BM3DFilter,poisson_16_gauss_0.05,16.0,0.05,sticks_049.tif,24.888480882723464,0.20571136553376546,0.892426073551178,0.054752521216869354,0.12490018449607306
BM3DFilter,poisson_16_gauss_0.05,16.0,0.05,sticks_048.tif,27.243746896030206,0.26384538652400186,0.9196260571479797,0.04030738025903702,0.13402207136095967
BM3DFilter,poisson_16_gauss_0.05,16.0,0.05,sticks_050.tif,29.019473949758638,0.2686881692578294,0.918662965297699,0.03250540420413017,0.12741894360515288
BM3DFilter,poisson_16_gauss_0.05,16.0,0.05,sticks_051.tif,27.672538858515615,0.2946353084344211,0.9354479312896729,0.037320200353860855,0.1419588093063794
BM3DFilter,poisson_16_gauss_0.05,16.0,0.05,sticks_053.tif,27.00788901011402,0.26745614375821924,0.925460696220398,0.04087743163108826,0.1363439250359079
BM3DFilter,poisson_16_gauss_0.05,16.0,0.05,sticks_052.tif,26.22997653167114,0.2368267448199638,0.916970431804657,0.04587700217962265,0.1187019508855883
BM3DFilter,poisson_16_gauss_0.05,16.0,0.05,sticks_054.tif,27.405166180038808,0.24352066680772572,0.9026607275009155,0.04032772034406662,0.11698691671481357
BM3DFilter,poisson_16_gauss_0.05,16.0,0.05,sticks_055.tif,25.259641770170443,0.23057783735181767,0.9202635884284973,0.05180443450808525,0.1372882540395949
BM3DFilter,poisson_16_gauss_0.05,16.0,0.05,sticks_056.tif,25.959615987621753,0.22737139702578185,0.9037732481956482,0.04786517471075058,0.13224989441223442
BM3DFilter,poisson_16_gauss_0.05,16.0,0.05,sticks_059.tif,26.83700241742224,0.2298170417328145,0.8919413089752197,0.04355652257800102,0.12225485057279002
BM3DFilter,poisson_16_gauss_0.05,16.0,0.05,sticks_058.tif,25.625068198234317,0.22961535904715208,0.9034610986709595,0.049995116889476776,0.1325205048720818
BM3DFilter,poisson_16_gauss_0.05,16.0,0.05,sticks_057.tif,22.48341448676083,0.1983748361697491,0.8776078224182129,0.07327397167682648,0.13276228511240334
BM3DFilter,poisson_16_gauss_0.05,16.0,0.05,sticks_060.tif,28.228609867925417,0.2597129441732565,0.9187179207801819,0.03613939508795738,0.13049889511894436
BM3DFilter,poisson_16_gauss_0.05,16.0,0.05,sticks_063.tif,27.28787073105002,0.2661273293473033,0.9257088303565979,0.04012564569711685,0.14077473799698054
BM3DFilter,poisson_16_gauss_0.05,16.0,0.05,sticks_061.tif,26.006504838271734,0.25572000440069237,0.9249458312988281,0.0466068759560585,0.13435164064285346
BM3DFilter,poisson_16_gauss_0.05,16.0,0.05,sticks_062.tif,24.335023370037447,0.18053725923507205,0.8864724636077881,0.058889079838991165,0.1233976459945552
BM3DFilter,poisson_16_gauss_0.05,16.0,0.05,sticks_067.tif,28.310191421412483,0.3057262628747592,0.9393821358680725,0.03377667814493179,0.13611236903525423
BM3DFilter,poisson_16_gauss_0.05,16.0,0.05,sticks_066.tif,25.692324134086086,0.23005377413709854,0.901043713092804,0.04932253062725067,0.12494752023485489
BM3DFilter,poisson_16_gauss_0.05,16.0,0.05,sticks_065.tif,25.481991567992694,0.22270259536335216,0.9111506342887878,0.05071824789047241,0.13638033667812124
BM3DFilter,poisson_16_gauss_0.05,16.0,0.05,sticks_068.tif,29.964496494605854,0.32417165294330264,0.9376958608627319,0.02781367301940918,0.13750369168119506
BM3DFilter,poisson_16_gauss_0.05,16.0,0.05,sticks_069.tif,27.18981850886152,0.26657674726996544,0.9283849596977234,0.040307704359292984,0.14411991102970206
BM3DFilter,poisson_16_gauss_0.05,16.0,0.05,sticks_064.tif,27.24983932236541,0.2530632844781187,0.9198276400566101,0.040488384664058685,0.13146439694683068
BM3DFilter,poisson_16_gauss_0.05,16.0,0.05,sticks_070.tif,25.358394196787604,0.22906986731524578,0.8959682583808899,0.05170715972781181,0.13829599553137087
BM3DFilter,poisson_16_gauss_0.05,16.0,0.05,sticks_071.tif,25.287552478714,0.22606039635147973,0.89800626039505,0.05191987752914429,0.13690673779929058
BM3DFilter,poisson_16_gauss_0.05,16.0,0.05,sticks_072.tif,26.24245061017632,0.2189739936359369,0.8958262205123901,0.04669985920190811,0.13443364920094608
BM3DFilter,poisson_16_gauss_0.05,16.0,0.05,sticks_073.tif,23.617233416981133,0.18809894463895305,0.8737240433692932,0.06421379745006561,0.1387788686552085
BM3DFilter,poisson_16_gauss_0.05,16.0,0.05,sticks_074.tif,24.433055972138526,0.19813531409484436,0.8701643347740173,0.058132708072662354,0.12045460900990293
BM3DFilter,poisson_16_gauss_0.05,16.0,0.05,sticks_075.tif,23.643481207055434,0.2069764547201979,0.8856840133666992,0.06366287916898727,0.12313604115042835
BM3DFilter,poisson_16_gauss_0.05,16.0,0.05,sticks_076.tif,24.80546944468702,0.23016216850309865,0.8994765877723694,0.055359192192554474,0.1486964922514744
BM3DFilter,poisson_16_gauss_0.05,16.0,0.05,sticks_077.tif,25.442640007601774,0.23477595156310777,0.9155114889144897,0.05044574290513992,0.13822948400629684
BM3DFilter,poisson_16_gauss_0.05,16.0,0.05,sticks_078.tif,26.02239884530633,0.22292606078775692,0.9111891984939575,0.04731025546789169,0.11890365888830275
BM3DFilter,poisson_16_gauss_0.05,16.0,0.05,sticks_079.tif,28.250402663325143,0.29829845621994844,0.9338774085044861,0.034677937626838684,0.1420465871458873
BM3DFilter,poisson_16_gauss_0.05,16.0,0.05,sticks_080.tif,26.395529220346067,0.265396008243394,0.9196937680244446,0.04436079412698746,0.14245282568153925
BM3DFilter,poisson_16_gauss_0.05,16.0,0.05,sticks_081.tif,24.76102012203689,0.2352320110357454,0.8981795907020569,0.055265624076128006,0.14478495829389432
BM3DFilter,poisson_16_gauss_0.05,16.0,0.05,sticks_082.tif,27.04269626833525,0.2710932213767915,0.9311003684997559,0.040695808827877045,0.1533808034961112
BM3DFilter,poisson_16_gauss_0.05,16.0,0.05,sticks_084.tif,26.379590746416977,0.24797469926914983,0.9210973978042603,0.045009322464466095,0.14414759083883838
BM3DFilter,poisson_16_gauss_0.05,16.0,0.05,sticks_083.tif,26.29340363841851,0.23216852252505035,0.8991905450820923,0.04622182622551918,0.12344895923743024
BM3DFilter,poisson_16_gauss_0.05,16.0,0.05,sticks_085.tif,26.879953734313126,0.22954505326926714,0.9185535311698914,0.041891977190971375,0.1280709005543031
BM3DFilter,poisson_16_gauss_0.05,16.0,0.05,sticks_086.tif,25.378603104503807,0.21419847009322573,0.9066320657730103,0.051084309816360474,0.13107987149851397
BM3DFilter,poisson_16_gauss_0.05,16.0,0.05,sticks_088.tif,24.780676709116065,0.20443381084982065,0.889031171798706,0.05550364404916763,0.11174075030139648
BM3DFilter,poisson_16_gauss_0.05,16.0,0.05,sticks_087.tif,27.750059938977103,0.26914485530712046,0.9330416917800903,0.037425171583890915,0.1380756600497989
BM3DFilter,poisson_16_gauss_0.05,16.0,0.05,sticks_089.tif,27.20270875239074,0.24888743012588024,0.910889208316803,0.04083314910531044,0.12689391752355733
BM3DFilter,poisson_16_gauss_0.05,16.0,0.05,sticks_090.tif,22.8593918273908,0.19346455946692873,0.8889083862304688,0.06988519430160522,0.1343806559802033
BM3DFilter,poisson_16_gauss_0.05,16.0,0.05,sticks_091.tif,25.51226377742498,0.20793789862114992,0.8886456489562988,0.05114860087633133,0.10785119801294059
BM3DFilter,poisson_16_gauss_0.05,16.0,0.05,sticks_092.tif,25.3848433562053,0.21889513763582533,0.8999037146568298,0.05150916054844856,0.14329488056246192
BM3DFilter,poisson_16_gauss_0.05,16.0,0.05,sticks_093.tif,26.159486638348714,0.26177230712549465,0.914819061756134,0.04607979208230972,0.14514835543232038
BM3DFilter,poisson_16_gauss_0.05,16.0,0.05,sticks_095.tif,26.104872242174576,0.2668214644645668,0.927937924861908,0.04533090442419052,0.1490778457286069
BM3DFilter,poisson_16_gauss_0.05,16.0,0.05,sticks_096.tif,22.20200095037945,0.19297775781040472,0.8665226697921753,0.07567131519317627,0.1359902716241777
BM3DFilter,poisson_16_gauss_0.05,16.0,0.05,sticks_097.tif,22.890536166562995,0.19551198145817913,0.8846867680549622,0.06986300647258759,0.13498891079798342
BM3DFilter,poisson_16_gauss_0.05,16.0,0.05,sticks_098.tif,22.748656772365578,0.20089708810041815,0.8863070607185364,0.07069944590330124,0.14083496711682528
BM3DFilter,poisson_16_gauss_0.05,16.0,0.05,sticks_099.tif,26.712067088550597,0.2524691377247882,0.924268901348114,0.043062858283519745,0.14151967236539348
BM3DFilter,poisson_16_gauss_0.05,16.0,0.05,sticks_094.tif,24.995338413374615,0.2135188564008777,0.8874576687812805,0.05389894172549248,0.11680423730285838
BM3DFilter,poisson_16_gauss_0.1,16.0,0.1,sticks_000.tif,21.637077292111968,0.161408982990594,0.8454544544219971,0.08042528480291367,0.2445352179929614
BM3DFilter,poisson_16_gauss_0.1,16.0,0.1,sticks_001.tif,22.184459515880796,0.19607232264970642,0.876263439655304,0.07438887655735016,0.26705720108002423
BM3DFilter,poisson_16_gauss_0.1,16.0,0.1,sticks_002.tif,20.15435394603233,0.12143979318511224,0.8199021220207214,0.096385158598423,0.21970731019973755
BM3DFilter,poisson_16_gauss_0.1,16.0,0.1,sticks_003.tif,22.52346105642429,0.17641038649035662,0.8558982014656067,0.07202854007482529,0.24158118274062873
BM3DFilter,poisson_16_gauss_0.1,16.0,0.1,sticks_004.tif,22.065315380918676,0.18284945620175588,0.8625317215919495,0.07602231949567795,0.2460376389324665
BM3DFilter,poisson_16_gauss_0.1,16.0,0.1,sticks_005.tif,22.340231799952367,0.1562049412847487,0.8311099410057068,0.07408402860164642,0.2336900683119893
BM3DFilter,poisson_16_gauss_0.1,16.0,0.1,sticks_007.tif,21.068771889606044,0.16982642182377178,0.8627793192863464,0.08577237278223038,0.25655489023774863
BM3DFilter,poisson_16_gauss_0.1,16.0,0.1,sticks_009.tif,21.18527165322559,0.13868867940845156,0.8289962410926819,0.08525718003511429,0.2278864124789834
BM3DFilter,poisson_16_gauss_0.1,16.0,0.1,sticks_008.tif,22.454874062766102,0.18954019366871816,0.8590792417526245,0.07227838784456253,0.25539542380720376
BM3DFilter,poisson_16_gauss_0.1,16.0,0.1,sticks_011.tif,23.403270654766466,0.19679691142505282,0.8874123692512512,0.06396555155515671,0.24991843532770872
BM3DFilter,poisson_16_gauss_0.1,16.0,0.1,sticks_006.tif,22.663681303018247,0.15683800975134315,0.8395739793777466,0.07132456451654434,0.23471863232553006
BM3DFilter,poisson_16_gauss_0.1,16.0,0.1,sticks_010.tif,22.303112824309927,0.17203150816968565,0.8563162088394165,0.07406079769134521,0.24393484015017747
BM3DFilter,poisson_16_gauss_0.1,16.0,0.1,sticks_012.tif,22.364020395467676,0.17629773140836155,0.8626548647880554,0.07336606830358505,0.24938897807151078
BM3DFilter,poisson_16_gauss_0.1,16.0,0.1,sticks_016.tif,23.043602027294106,0.17964545906987198,0.8640770316123962,0.06745198369026184,0.2339037224650383
BM3DFilter,poisson_16_gauss_0.1,16.0,0.1,sticks_013.tif,21.708043676715114,0.1718122414939131,0.8594695925712585,0.07951118797063828,0.22721791341900827
BM3DFilter,poisson_16_gauss_0.1,16.0,0.1,sticks_014.tif,21.660205915552623,0.14728972710065544,0.8386697173118591,0.08044157922267914,0.2502908993512392
BM3DFilter,poisson_16_gauss_0.1,16.0,0.1,sticks_015.tif,21.329157616872394,0.16089694812327315,0.8500063419342041,0.08346834778785706,0.2337013466283679
BM3DFilter,poisson_16_gauss_0.1,16.0,0.1,sticks_018.tif,20.32987193250284,0.15494271859047395,0.8471750020980835,0.09397980570793152,0.24122658111155032
BM3DFilter,poisson_16_gauss_0.1,16.0,0.1,sticks_020.tif,23.240479088695697,0.18339749294975813,0.8687034249305725,0.06553258746862411,0.23642750978469848
BM3DFilter,poisson_16_gauss_0.1,16.0,0.1,sticks_017.tif,22.245759078463628,0.167656693959094,0.8538057804107666,0.0745391994714737,0.25289181172847747
BM3DFilter,poisson_16_gauss_0.1,16.0,0.1,sticks_019.tif,22.01024541450264,0.1759434057868554,0.865365743637085,0.07650081813335419,0.23164768945425748
BM3DFilter,poisson_16_gauss_0.1,16.0,0.1,sticks_021.tif,22.384527844733398,0.17391572717792003,0.8545544743537903,0.07334689795970917,0.23116526510566474
BM3DFilter,poisson_16_gauss_0.1,16.0,0.1,sticks_022.tif,23.00775534595411,0.17223539059325557,0.8613165020942688,0.06786109507083893,0.2410641809925437
BM3DFilter,poisson_16_gauss_0.1,16.0,0.1,sticks_023.tif,21.147086081874708,0.17952305142920014,0.8661993741989136,0.08475165069103241,0.24542776681482792
BM3DFilter,poisson_16_gauss_0.1,16.0,0.1,sticks_024.tif,22.310147268682492,0.1629550882029976,0.8442525267601013,0.07415930926799774,0.24560932572931052
BM3DFilter,poisson_16_gauss_0.1,16.0,0.1,sticks_025.tif,22.525864227253244,0.18737146208568173,0.8763535022735596,0.07171286642551422,0.24008485544472932
BM3DFilter,poisson_16_gauss_0.1,16.0,0.1,sticks_026.tif,22.778980421068816,0.1710761275994642,0.8544676303863525,0.06985782831907272,0.24390899930149318
BM3DFilter,poisson_16_gauss_0.1,16.0,0.1,sticks_027.tif,20.307840010553804,0.1861915313558308,0.8654229044914246,0.09365006536245346,0.27033652663230895
BM3DFilter,poisson_16_gauss_0.1,16.0,0.1,sticks_028.tif,22.897845558171504,0.1739493107759941,0.8540851473808289,0.06893203407526016,0.24704526662826537
BM3DFilter,poisson_16_gauss_0.1,16.0,0.1,sticks_029.tif,21.769378402336123,0.17941942831541,0.8573578000068665,0.07863281667232513,0.24945625234395266
BM3DFilter,poisson_16_gauss_0.1,16.0,0.1,sticks_030.tif,21.93994788456955,0.1760010503342614,0.8610599040985107,0.07712741196155548,0.23866016808897256
BM3DFilter,poisson_16_gauss_0.1,16.0,0.1,sticks_032.tif,22.738779701093268,0.18865193976725758,0.8671495318412781,0.07001195847988129,0.23542811386287213
BM3DFilter,poisson_16_gauss_0.1,16.0,0.1,sticks_031.tif,22.377603267657374,0.16783180162574968,0.854083240032196,0.07349247485399246,0.2462777841836214
BM3DFilter,poisson_16_gauss_0.1,16.0,0.1,sticks_033.tif,22.82503651144426,0.19098924616145094,0.8546962141990662,0.06891566514968872,0.2452945590019226
BM3DFilter,poisson_16_gauss_0.1,16.0,0.1,sticks_034.tif,22.334531746296772,0.16515364624163015,0.8546872735023499,0.07369846105575562,0.24130885805934668
BM3DFilter,poisson_16_gauss_0.1,16.0,0.1,sticks_035.tif,20.739283401325128,0.16101109553639315,0.8509402275085449,0.08943907916545868,0.23083956707268954
BM3DFilter,poisson_16_gauss_0.1,16.0,0.1,sticks_036.tif,20.90846068422298,0.13533817768572307,0.8148764967918396,0.0880703255534172,0.21954493448138238
BM3DFilter,poisson_16_gauss_0.1,16.0,0.1,sticks_037.tif,19.630529237477536,0.14263260573794567,0.8088163733482361,0.10222484916448593,0.23852493204176425
BM3DFilter,poisson_16_gauss_0.1,16.0,0.1,sticks_038.tif,23.17551248954973,0.15846187393817515,0.8531731963157654,0.06695611774921417,0.23829639963805677
BM3DFilter,poisson_16_gauss_0.1,16.0,0.1,sticks_040.tif,20.49024283189025,0.16467724808893028,0.8499753475189209,0.09199639409780502,0.23827832285314798
BM3DFilter,poisson_16_gauss_0.1,16.0,0.1,sticks_039.tif,20.910374791460306,0.15676887563368702,0.8570349216461182,0.08763547986745834,0.23729783538728952
BM3DFilter,poisson_16_gauss_0.1,16.0,0.1,sticks_041.tif,23.00688341074796,0.16321748940007583,0.8623923063278198,0.06811465322971344,0.23683706242591143
BM3DFilter,poisson_16_gauss_0.1,16.0,0.1,sticks_042.tif,21.3412690071832,0.14084351256474723,0.8268559575080872,0.08359742909669876,0.2395573690533638
BM3DFilter,poisson_16_gauss_0.1,16.0,0.1,sticks_043.tif,21.07593265663369,0.17482477001550756,0.8685747385025024,0.08563093841075897,0.23835544604808093
BM3DFilter,poisson_16_gauss_0.1,16.0,0.1,sticks_044.tif,19.56016538005048,0.15770100713573934,0.8252781629562378,0.10297604650259018,0.23440828882157802
BM3DFilter,poisson_16_gauss_0.1,16.0,0.1,sticks_045.tif,20.669765370280935,0.136614493285436,0.8372058272361755,0.09043171256780624,0.23468214254826308
BM3DFilter,poisson_16_gauss_0.1,16.0,0.1,sticks_046.tif,23.28329679826976,0.16274951011057873,0.8472383618354797,0.06607122719287872,0.24511161707341672
BM3DFilter,poisson_16_gauss_0.1,16.0,0.1,sticks_047.tif,22.714814956645295,0.15286840367761692,0.834561288356781,0.07083485275506973,0.24064576402306556
BM3DFilter,poisson_16_gauss_0.1,16.0,0.1,sticks_049.tif,22.540055396954905,0.16579869790392476,0.8595073819160461,0.07198619842529297,0.22932930774986743
BM3DFilter,poisson_16_gauss_0.1,16.0,0.1,sticks_048.tif,20.39522342327914,0.153845692487846,0.8389855623245239,0.09317946434020996,0.24429190177470445
BM3DFilter,poisson_16_gauss_0.1,16.0,0.1,sticks_050.tif,19.815288632579676,0.12312682110321684,0.8090363144874573,0.10026229918003082,0.23662565518170595
BM3DFilter,poisson_16_gauss_0.1,16.0,0.1,sticks_051.tif,21.142915284633478,0.17792467918207994,0.859812319278717,0.08488903194665909,0.2506835751235485
BM3DFilter,poisson_16_gauss_0.1,16.0,0.1,sticks_053.tif,21.986101607919082,0.18069927301181943,0.8658557534217834,0.07648365199565887,0.24465626943856478
BM3DFilter,poisson_16_gauss_0.1,16.0,0.1,sticks_052.tif,22.476489740605032,0.1749040507857767,0.8731789588928223,0.0723486915230751,0.2233268642798066
BM3DFilter,poisson_16_gauss_0.1,16.0,0.1,sticks_054.tif,21.731014373559127,0.14987998064024635,0.8350215554237366,0.0797060951590538,0.2316570520401001
BM3DFilter,poisson_16_gauss_0.1,16.0,0.1,sticks_055.tif,22.71603613485791,0.18554476990251365,0.8899260759353638,0.06974989175796509,0.24565325658768417
BM3DFilter,poisson_16_gauss_0.1,16.0,0.1,sticks_056.tif,22.06876510489576,0.16435460869157933,0.8531649112701416,0.07619936019182205,0.2405092040076852
BM3DFilter,poisson_16_gauss_0.1,16.0,0.1,sticks_059.tif,23.10136308885717,0.16428545288657562,0.8401228189468384,0.06771411001682281,0.23447611667215823
BM3DFilter,poisson_16_gauss_0.1,16.0,0.1,sticks_058.tif,19.974733967261248,0.1494902226179739,0.8347079753875732,0.0980483815073967,0.2376586902886629
BM3DFilter,poisson_16_gauss_0.1,16.0,0.1,sticks_057.tif,22.814230377651484,0.19269754998206823,0.8756072521209717,0.06917358189821243,0.24316306430846452
BM3DFilter,poisson_16_gauss_0.1,16.0,0.1,sticks_060.tif,23.502847855858995,0.1675484888856005,0.8601093888282776,0.06416808068752289,0.24670716915279628
BM3DFilter,poisson_16_gauss_0.1,16.0,0.1,sticks_063.tif,22.477782203550696,0.17887073905765616,0.8691439032554626,0.07224784791469574,0.25325802285224197
BM3DFilter,poisson_16_gauss_0.1,16.0,0.1,sticks_061.tif,23.107745211464525,0.20197252201094257,0.8913466930389404,0.06610967963933945,0.24164669625461102
BM3DFilter,poisson_16_gauss_0.1,16.0,0.1,sticks_062.tif,22.06864983392897,0.14483981308387375,0.8558841943740845,0.07646235078573227,0.2297737803310156
BM3DFilter,poisson_16_gauss_0.1,16.0,0.1,sticks_067.tif,23.372915456475557,0.19937829277561006,0.8826077580451965,0.06417063623666763,0.2461923986673355
BM3DFilter,poisson_16_gauss_0.1,16.0,0.1,sticks_066.tif,20.4009170807051,0.15462112715267815,0.8353880643844604,0.09319283068180084,0.22766814697533846
BM3DFilter,poisson_16_gauss_0.1,16.0,0.1,sticks_065.tif,20.496498006551363,0.14991442928473397,0.8492677211761475,0.09214068204164505,0.24043087083846332
BM3DFilter,poisson_16_gauss_0.1,16.0,0.1,sticks_068.tif,22.205136299035253,0.15983324149620803,0.8436619639396667,0.07516512274742126,0.2519935930147767
BM3DFilter,poisson_16_gauss_0.1,16.0,0.1,sticks_069.tif,21.420921569069712,0.16851027452358408,0.860516369342804,0.08232693374156952,0.2512395389378071
BM3DFilter,poisson_16_gauss_0.1,16.0,0.1,sticks_064.tif,19.49158949479997,0.13625265986107987,0.825506865978241,0.10388145595788956,0.2404413979500532
BM3DFilter,poisson_16_gauss_0.1,16.0,0.1,sticks_070.tif,21.585340915168338,0.16806739333309084,0.8467683792114258,0.08079156279563904,0.24743006359785796
BM3DFilter,poisson_16_gauss_0.1,16.0,0.1,sticks_071.tif,23.919600257057123,0.19705041172259097,0.8780043721199036,0.06005961447954178,0.2458324646577239
BM3DFilter,poisson_16_gauss_0.1,16.0,0.1,sticks_072.tif,21.41142706441586,0.14453843539941258,0.8352438807487488,0.08273486793041229,0.24306149128824472
BM3DFilter,poisson_16_gauss_0.1,16.0,0.1,sticks_073.tif,21.588474079815988,0.1535050098599342,0.8437994122505188,0.08091260492801666,0.24428115393966437
BM3DFilter,poisson_16_gauss_0.1,16.0,0.1,sticks_074.tif,23.19273165317716,0.17204783278593982,0.8505738973617554,0.06643977761268616,0.23170844465494156
BM3DFilter,poisson_16_gauss_0.1,16.0,0.1,sticks_075.tif,22.300968952001206,0.18143793125015298,0.8645344972610474,0.07392411679029465,0.22662930171936752
BM3DFilter,poisson_16_gauss_0.1,16.0,0.1,sticks_076.tif,23.1166517943924,0.19481648026954274,0.8739897012710571,0.06687338650226593,0.25813665203750136
BM3DFilter,poisson_16_gauss_0.1,16.0,0.1,sticks_077.tif,20.763663408677104,0.1660869338349912,0.860287606716156,0.08897509425878525,0.23870875854045154
BM3DFilter,poisson_16_gauss_0.1,16.0,0.1,sticks_078.tif,23.971324995069196,0.1837796823313647,0.8843621015548706,0.05988260358572006,0.22852567061781884
BM3DFilter,poisson_16_gauss_0.1,16.0,0.1,sticks_079.tif,22.434816789761598,0.18361052247945428,0.8650413751602173,0.07260263711214066,0.2523229656741023
BM3DFilter,poisson_16_gauss_0.1,16.0,0.1,sticks_080.tif,23.077569478369657,0.20438081194380978,0.8800303936004639,0.0665036290884018,0.24876970518380404
BM3DFilter,poisson_16_gauss_0.1,16.0,0.1,sticks_081.tif,22.28913982231887,0.19151637355509873,0.8648902773857117,0.07377960532903671,0.24981683995574713
BM3DFilter,poisson_16_gauss_0.1,16.0,0.1,sticks_082.tif,22.38042930908295,0.18778242191165828,0.8763279318809509,0.07298927009105682,0.2556167282164097
BM3DFilter,poisson_16_gauss_0.1,16.0,0.1,sticks_084.tif,23.122399286313076,0.1881701918763257,0.880616307258606,0.06660466641187668,0.2522686215117574
BM3DFilter,poisson_16_gauss_0.1,16.0,0.1,sticks_083.tif,21.589171059380106,0.157461265422865,0.8383370637893677,0.08103077858686447,0.23239387795329094
BM3DFilter,poisson_16_gauss_0.1,16.0,0.1,sticks_085.tif,22.665841404377268,0.1596067388145437,0.8690939545631409,0.07048650830984116,0.22834092248231172
BM3DFilter,poisson_16_gauss_0.1,16.0,0.1,sticks_086.tif,22.3520598456569,0.16676671558432754,0.8681811690330505,0.07340794056653976,0.22970847543329
BM3DFilter,poisson_16_gauss_0.1,16.0,0.1,sticks_088.tif,21.115385634638724,0.1522859435016418,0.8408315777778625,0.08566810935735703,0.21932822559028864
BM3DFilter,poisson_16_gauss_0.1,16.0,0.1,sticks_087.tif,21.956046856816517,0.16718246372392984,0.8656148314476013,0.07722119987010956,0.24375654440373182
BM3DFilter,poisson_16_gauss_0.1,16.0,0.1,sticks_089.tif,22.124897789589912,0.16255959960653907,0.848555862903595,0.07572748512029648,0.23743959795683622
BM3DFilter,poisson_16_gauss_0.1,16.0,0.1,sticks_090.tif,19.73074103087814,0.15200149405838573,0.8479539155960083,0.10085879266262054,0.2305082954466343
BM3DFilter,poisson_16_gauss_0.1,16.0,0.1,sticks_091.tif,20.870724688021205,0.14151387318261052,0.8295255303382874,0.08838056027889252,0.2187889527529478
BM3DFilter,poisson_16_gauss_0.1,16.0,0.1,sticks_092.tif,19.684926762671886,0.14137331487779264,0.8283821940422058,0.10148952901363373,0.24635212514549493
BM3DFilter,poisson_16_gauss_0.1,16.0,0.1,sticks_093.tif,23.422479323788327,0.2083871532151759,0.8796485066413879,0.06394246965646744,0.25284326933324336
BM3DFilter,poisson_16_gauss_0.1,16.0,0.1,sticks_095.tif,22.74971476893132,0.2051246980206732,0.8875722289085388,0.06892509013414383,0.2500366451218724
BM3DFilter,poisson_16_gauss_0.1,16.0,0.1,sticks_096.tif,22.195141142278423,0.18259888126890464,0.8590169548988342,0.07467753440141678,0.24123576581478118
BM3DFilter,poisson_16_gauss_0.1,16.0,0.1,sticks_097.tif,21.487940578775813,0.16766794344492708,0.861576497554779,0.08170390874147415,0.24333299994468688
BM3DFilter,poisson_16_gauss_0.1,16.0,0.1,sticks_098.tif,21.801159439405737,0.18034907628710284,0.8700317144393921,0.07813089340925217,0.24476016871631145
BM3DFilter,poisson_16_gauss_0.1,16.0,0.1,sticks_099.tif,21.640874902836885,0.1680743783855599,0.8648887872695923,0.08003846555948257,0.25061935298144816
BM3DFilter,poisson_16_gauss_0.1,16.0,0.1,sticks_094.tif,21.82392441055574,0.1640439493467809,0.8458366394042969,0.07841155678033829,0.22230632342398166
BM3DFilter,poisson_16_gauss_0.2,16.0,0.2,sticks_000.tif,14.557221157242488,0.06912825535180783,0.6650882959365845,0.17587873339653015,0.7723540097475052
BM3DFilter,poisson_16_gauss_0.2,16.0,0.2,sticks_001.tif,15.369346314447746,0.09472920546725445,0.7015781998634338,0.15730802714824677,0.7689671754837036
BM3DFilter,poisson_16_gauss_0.2,16.0,0.2,sticks_002.tif,14.210344232364827,0.054022139090723856,0.6531322002410889,0.18476465344429016,0.769628718495369
BM3DFilter,poisson_16_gauss_0.2,16.0,0.2,sticks_003.tif,14.424681033830755,0.07280746920476495,0.6651046276092529,0.17889678478240967,0.7612621113657951
BM3DFilter,poisson_16_gauss_0.2,16.0,0.2,sticks_004.tif,15.627900544293238,0.08473292838353533,0.6914147734642029,0.15207527577877045,0.777116759121418
BM3DFilter,poisson_16_gauss_0.2,16.0,0.2,sticks_005.tif,14.980982570000032,0.06190268109461656,0.6495595574378967,0.16626349091529846,0.7842477664351464
BM3DFilter,poisson_16_gauss_0.2,16.0,0.2,sticks_007.tif,14.155982671340512,0.07776411544189829,0.6877009868621826,0.18491539359092712,0.7701231822371483
BM3DFilter,poisson_16_gauss_0.2,16.0,0.2,sticks_009.tif,15.582947657222752,0.0615540405889881,0.6640543937683105,0.15355978906154633,0.7825625032186508
BM3DFilter,poisson_16_gauss_0.2,16.0,0.2,sticks_008.tif,14.771153935605131,0.08181016801892176,0.6791786551475525,0.1705809086561203,0.7778916105628013
BM3DFilter,poisson_16_gauss_0.2,16.0,0.2,sticks_011.tif,15.409806258053898,0.086006107670193,0.698868453502655,0.15687918663024902,0.7720029577612877
BM3DFilter,poisson_16_gauss_0.2,16.0,0.2,sticks_006.tif,14.680644894245695,0.06112777565934629,0.6478836536407471,0.17351362109184265,0.7755189836025238
BM3DFilter,poisson_16_gauss_0.2,16.0,0.2,sticks_010.tif,14.913942196384298,0.07318838850424969,0.6722405552864075,0.167626291513443,0.7751557096838951
BM3DFilter,poisson_16_gauss_0.2,16.0,0.2,sticks_012.tif,14.552202877072046,0.07353991033680819,0.6745976209640503,0.175805002450943,0.7728037089109421
BM3DFilter,poisson_16_gauss_0.2,16.0,0.2,sticks_016.tif,15.18546548050059,0.07625514691106465,0.6751819849014282,0.1619945466518402,0.7664007395505905
BM3DFilter,poisson_16_gauss_0.2,16.0,0.2,sticks_013.tif,14.411513048959968,0.07960090259022348,0.6798657774925232,0.1793530285358429,0.7423278898000717
BM3DFilter,poisson_16_gauss_0.2,16.0,0.2,sticks_014.tif,14.193197642740474,0.05332199767916279,0.6516724824905396,0.1843920201063156,0.7882508769631386
BM3DFilter,poisson_16_gauss_0.2,16.0,0.2,sticks_015.tif,14.747108644015007,0.07236343389997105,0.6769995093345642,0.1713583618402481,0.7668856725096702
BM3DFilter,poisson_16_gauss_0.2,16.0,0.2,sticks_018.tif,14.749978386726802,0.07642255662301793,0.6838369965553284,0.17135819792747498,0.7638216912746429
BM3DFilter,poisson_16_gauss_0.2,16.0,0.2,sticks_020.tif,15.422806905325732,0.08038538998386743,0.6800143122673035,0.15689757466316223,0.7673494100570679
BM3DFilter,poisson_16_gauss_0.2,16.0,0.2,sticks_017.tif,14.540996245902916,0.06826296388084656,0.6674741506576538,0.1761969029903412,0.7740876585245132
BM3DFilter,poisson_16_gauss_0.2,16.0,0.2,sticks_019.tif,15.267419945760448,0.08412679169560804,0.6923104524612427,0.16026386618614197,0.760053800046444
BM3DFilter,poisson_16_gauss_0.2,16.0,0.2,sticks_021.tif,15.034627822236487,0.07730751098079833,0.6735417246818542,0.16508063673973083,0.7686729565262794
BM3DFilter,poisson_16_gauss_0.2,16.0,0.2,sticks_022.tif,14.54199722156714,0.06670458448124741,0.6627813577651978,0.1759490668773651,0.7763246253132821
BM3DFilter,poisson_16_gauss_0.2,16.0,0.2,sticks_023.tif,14.432130029982755,0.08757578286997778,0.6950031518936157,0.17863182723522186,0.7566701292991638
BM3DFilter,poisson_16_gauss_0.2,16.0,0.2,sticks_024.tif,15.125658643409036,0.06828399470148293,0.6643544435501099,0.16318342089653015,0.7840112969279289
BM3DFilter,poisson_16_gauss_0.2,16.0,0.2,sticks_025.tif,15.526341064484107,0.08815190659297223,0.6999589800834656,0.15503409504890442,0.757048673927784
BM3DFilter,poisson_16_gauss_0.2,16.0,0.2,sticks_026.tif,15.552454555310419,0.07165635578804046,0.6690760254859924,0.15361279249191284,0.791888527572155
BM3DFilter,poisson_16_gauss_0.2,16.0,0.2,sticks_027.tif,14.285543433800482,0.09146025682517997,0.7007468342781067,0.18118426203727722,0.7653451323509216
BM3DFilter,poisson_16_gauss_0.2,16.0,0.2,sticks_028.tif,15.02348072974467,0.06777177365402678,0.6640187501907349,0.16510392725467682,0.790618634223938
BM3DFilter,poisson_16_gauss_0.2,16.0,0.2,sticks_029.tif,15.282462511650245,0.08641118460348093,0.6905073523521423,0.15960635244846344,0.7740292966365814
BM3DFilter,poisson_16_gauss_0.2,16.0,0.2,sticks_030.tif,13.225273747075445,0.07222784446633197,0.6665771007537842,0.2086794376373291,0.7448448270559311
BM3DFilter,poisson_16_gauss_0.2,16.0,0.2,sticks_032.tif,15.384906755670613,0.08597058949973124,0.6914406418800354,0.15735946595668793,0.7650171607732773
BM3DFilter,poisson_16_gauss_0.2,16.0,0.2,sticks_031.tif,15.66736558154435,0.0707567957783112,0.6733656525611877,0.15082207322120667,0.7951829358935356
BM3DFilter,poisson_16_gauss_0.2,16.0,0.2,sticks_033.tif,14.33708712164583,0.0816650353015734,0.6677877306938171,0.18085183203220367,0.7657073244452477
BM3DFilter,poisson_16_gauss_0.2,16.0,0.2,sticks_034.tif,14.285453973800603,0.06759075584823081,0.6597984433174133,0.1820310652256012,0.7658611863851548
BM3DFilter,poisson_16_gauss_0.2,16.0,0.2,sticks_035.tif,14.888044505028386,0.08094425796635918,0.6892170310020447,0.16860288381576538,0.7568384349346161
BM3DFilter,poisson_16_gauss_0.2,16.0,0.2,sticks_036.tif,15.280411594359105,0.06245413986187757,0.6504412293434143,0.1600751131772995,0.7795676797628402
BM3DFilter,poisson_16_gauss_0.2,16.0,0.2,sticks_037.tif,15.177029434824465,0.0735011712405489,0.6610553860664368,0.16154387593269348,0.7815393075346947
BM3DFilter,poisson_16_gauss_0.2,16.0,0.2,sticks_038.tif,15.714635237753011,0.05827448884005377,0.6607446670532227,0.15033826231956482,0.8014973297715187
BM3DFilter,poisson_16_gauss_0.2,16.0,0.2,sticks_040.tif,14.949719908919857,0.08428567723111983,0.6901261210441589,0.16680288314819336,0.7673933371901512
BM3DFilter,poisson_16_gauss_0.2,16.0,0.2,sticks_039.tif,15.36614140850279,0.07928145896558768,0.6941483616828918,0.1578812599182129,0.7747321739792824
BM3DFilter,poisson_16_gauss_0.2,16.0,0.2,sticks_041.tif,14.269319574812108,0.059762239253180194,0.6637217402458191,0.18320332467556,0.7636033803224563
BM3DFilter,poisson_16_gauss_0.2,16.0,0.2,sticks_042.tif,14.580466469874834,0.05490579811980438,0.6470059156417847,0.17546509206295013,0.7793026342988014
BM3DFilter,poisson_16_gauss_0.2,16.0,0.2,sticks_043.tif,14.24508834821777,0.08473060714098109,0.6935291290283203,0.18335050344467163,0.748777262866497
BM3DFilter,poisson_16_gauss_0.2,16.0,0.2,sticks_044.tif,14.762651129480965,0.08589536934423862,0.6811845302581787,0.17123177647590637,0.757920679450035
BM3DFilter,poisson_16_gauss_0.2,16.0,0.2,sticks_045.tif,15.18387441451061,0.06348547351693834,0.6719652414321899,0.16172441840171814,0.7822741523385048
BM3DFilter,poisson_16_gauss_0.2,16.0,0.2,sticks_046.tif,15.579671238136111,0.059459585438680136,0.6550941467285156,0.1538877785205841,0.7877234563231468
BM3DFilter,poisson_16_gauss_0.2,16.0,0.2,sticks_047.tif,15.20421027275409,0.05753811513989271,0.6455743908882141,0.1612955629825592,0.796192866563797
BM3DFilter,poisson_16_gauss_0.2,16.0,0.2,sticks_049.tif,15.461665377128638,0.07436375124693306,0.6796765327453613,0.15641993284225464,0.7748958110809326
BM3DFilter,poisson_16_gauss_0.2,16.0,0.2,sticks_048.tif,13.427051805616145,0.06587566304284759,0.6629421710968018,0.20316854119300842,0.7665779456496239
BM3DFilter,poisson_16_gauss_0.2,16.0,0.2,sticks_050.tif,14.537180706422255,0.05537190388653262,0.6470357775688171,0.17611758410930634,0.7877216428518296
BM3DFilter,poisson_16_gauss_0.2,16.0,0.2,sticks_051.tif,15.919581124904113,0.09273874121982258,0.702190101146698,0.14629770815372467,0.7643859446048736
BM3DFilter,poisson_16_gauss_0.2,16.0,0.2,sticks_053.tif,15.374091642732248,0.08856024569327448,0.6910465955734253,0.1584002673625946,0.7575985088944435
BM3DFilter,poisson_16_gauss_0.2,16.0,0.2,sticks_052.tif,14.802856567612446,0.07912963178633471,0.6880494952201843,0.17046619951725006,0.7557169318199157
BM3DFilter,poisson_16_gauss_0.2,16.0,0.2,sticks_054.tif,14.413431431767066,0.05840140919319482,0.6530376076698303,0.17897172272205353,0.7823762103915215
BM3DFilter,poisson_16_gauss_0.2,16.0,0.2,sticks_055.tif,15.87687802569905,0.08817211434894605,0.7129201292991638,0.14791151881217957,0.7629457339644432
BM3DFilter,poisson_16_gauss_0.2,16.0,0.2,sticks_056.tif,15.074769154356089,0.07281309154575452,0.6729495525360107,0.16433897614479065,0.7776786714792252
BM3DFilter,poisson_16_gauss_0.2,16.0,0.2,sticks_059.tif,15.074246381791054,0.06141812075209946,0.65030837059021,0.16408611834049225,0.7917474508285522
BM3DFilter,poisson_16_gauss_0.2,16.0,0.2,sticks_058.tif,14.933527310632277,0.07636386964232841,0.6785288453102112,0.16743160784244537,0.7625673845410347
BM3DFilter,poisson_16_gauss_0.2,16.0,0.2,sticks_057.tif,15.900425388415107,0.09105872628604163,0.7001251578330994,0.14700567722320557,0.7656483545899391
BM3DFilter,poisson_16_gauss_0.2,16.0,0.2,sticks_060.tif,15.712006220690107,0.06201859297673251,0.6637967228889465,0.1505969613790512,0.7929083496332169
BM3DFilter,poisson_16_gauss_0.2,16.0,0.2,sticks_063.tif,15.37897223605352,0.07771773881528349,0.6854627728462219,0.15714046359062195,0.7865931078791618
BM3DFilter,poisson_16_gauss_0.2,16.0,0.2,sticks_061.tif,14.833055890658764,0.09150033395599792,0.702583372592926,0.16950637102127075,0.7573866158723831
BM3DFilter,poisson_16_gauss_0.2,16.0,0.2,sticks_062.tif,15.269420924405692,0.06260246053641946,0.6751331686973572,0.15990465879440308,0.7835461392998695
BM3DFilter,poisson_16_gauss_0.2,16.0,0.2,sticks_067.tif,15.511452312492462,0.08686286253497044,0.6952282786369324,0.1543639451265335,0.777955387532711
BM3DFilter,poisson_16_gauss_0.2,16.0,0.2,sticks_066.tif,14.816530681869079,0.07863188457678597,0.6744645237922668,0.16991892457008362,0.7630860179662704
BM3DFilter,poisson_16_gauss_0.2,16.0,0.2,sticks_065.tif,15.308146549566183,0.07499192489164501,0.6882245540618896,0.1591992825269699,0.7683495789766311
BM3DFilter,poisson_16_gauss_0.2,16.0,0.2,sticks_068.tif,15.358564510043266,0.06576659066034547,0.6616342067718506,0.1582251489162445,0.7923816353082657
BM3DFilter,poisson_16_gauss_0.2,16.0,0.2,sticks_069.tif,15.611140543503637,0.08179451824180838,0.6945791244506836,0.15233883261680603,0.7783883154392243
BM3DFilter,poisson_16_gauss_0.2,16.0,0.2,sticks_064.tif,14.930062536524773,0.06687197190628925,0.6733001470565796,0.16700895130634308,0.7852767825126648
BM3DFilter,poisson_16_gauss_0.2,16.0,0.2,sticks_070.tif,14.206813333105504,0.0710515727632173,0.6656379103660583,0.18394377827644348,0.7744109123945236
BM3DFilter,poisson_16_gauss_0.2,16.0,0.2,sticks_071.tif,15.307873073772114,0.081269520840447,0.6834185719490051,0.15908223390579224,0.776127265393734
BM3DFilter,poisson_16_gauss_0.2,16.0,0.2,sticks_072.tif,15.552042445401046,0.06300190128178242,0.6637544631958008,0.15398450195789337,0.7959256529808044
BM3DFilter,poisson_16_gauss_0.2,16.0,0.2,sticks_073.tif,14.15823468089278,0.06224681635315328,0.6594750881195068,0.18517595529556274,0.77261573523283
BM3DFilter,poisson_16_gauss_0.2,16.0,0.2,sticks_074.tif,14.214457166927087,0.06531678332560059,0.655368983745575,0.18395893275737762,0.7729469671845436
BM3DFilter,poisson_16_gauss_0.2,16.0,0.2,sticks_075.tif,14.817113437405983,0.08310467881611852,0.684007465839386,0.17004087567329407,0.7519722029566764
BM3DFilter,poisson_16_gauss_0.2,16.0,0.2,sticks_076.tif,14.81497518885286,0.07749039327310772,0.6829380989074707,0.16948673129081726,0.7829904660582543
BM3DFilter,poisson_16_gauss_0.2,16.0,0.2,sticks_077.tif,15.632546954787417,0.09104497850687662,0.7051886320114136,0.15194468200206757,0.7658314824104309
BM3DFilter,poisson_16_gauss_0.2,16.0,0.2,sticks_078.tif,15.460917623088132,0.07540405133290735,0.6835679411888123,0.15645229816436768,0.7635523349046707
BM3DFilter,poisson_16_gauss_0.2,16.0,0.2,sticks_079.tif,13.525324833488687,0.07106615498894302,0.6674699783325195,0.20074281096458435,0.7592701867222786
BM3DFilter,poisson_16_gauss_0.2,16.0,0.2,sticks_080.tif,15.248261410171127,0.09432663887695035,0.696171760559082,0.16041667759418488,0.7570267245173454
BM3DFilter,poisson_16_gauss_0.2,16.0,0.2,sticks_081.tif,15.273224213292881,0.09034523163993388,0.6920709609985352,0.15961582958698273,0.7729441285133362
BM3DFilter,poisson_16_gauss_0.2,16.0,0.2,sticks_082.tif,14.77934871621711,0.08432443908541239,0.6937485933303833,0.17052754759788513,0.7676710531115531
BM3DFilter,poisson_16_gauss_0.2,16.0,0.2,sticks_084.tif,15.28901074787456,0.0802174000299161,0.6918735504150391,0.15917876362800598,0.7762749463319778
BM3DFilter,poisson_16_gauss_0.2,16.0,0.2,sticks_083.tif,14.525911486424143,0.06692424822499118,0.6600072979927063,0.17701414227485657,0.767388105392456
BM3DFilter,poisson_16_gauss_0.2,16.0,0.2,sticks_085.tif,15.07394951797359,0.07219595690791011,0.6819182634353638,0.16501100361347198,0.7546458467841148
BM3DFilter,poisson_16_gauss_0.2,16.0,0.2,sticks_086.tif,15.08085664296951,0.07868865297112246,0.6868036985397339,0.1642490178346634,0.7587619841098785
BM3DFilter,poisson_16_gauss_0.2,16.0,0.2,sticks_088.tif,15.040927817312411,0.07515752884245004,0.6739983558654785,0.1653357446193695,0.7651900738477707
BM3DFilter,poisson_16_gauss_0.2,16.0,0.2,sticks_087.tif,14.291928780537145,0.07135887018973582,0.6781603693962097,0.18183499574661255,0.7627190932631492
BM3DFilter,poisson_16_gauss_0.2,16.0,0.2,sticks_089.tif,15.70149371365426,0.07259815243635781,0.6754764914512634,0.15097306668758392,0.7889408767223358
BM3DFilter,poisson_16_gauss_0.2,16.0,0.2,sticks_090.tif,15.338294129368053,0.08672442429242157,0.7000061273574829,0.15838851034641266,0.7638701274991035
BM3DFilter,poisson_16_gauss_0.2,16.0,0.2,sticks_091.tif,14.170614339117666,0.06190121552947834,0.6547610759735107,0.1852264255285263,0.761409567296505
BM3DFilter,poisson_16_gauss_0.2,16.0,0.2,sticks_092.tif,15.468837815276315,0.07444664936847126,0.6800550222396851,0.15536484122276306,0.7803094431757926
BM3DFilter,poisson_16_gauss_0.2,16.0,0.2,sticks_093.tif,14.560481896284895,0.08604512515110782,0.6857619285583496,0.175327330827713,0.7695317730307579
BM3DFilter,poisson_16_gauss_0.2,16.0,0.2,sticks_095.tif,14.650415018361596,0.09619921768432013,0.6993423104286194,0.17358385026454926,0.7428016513586044
BM3DFilter,poisson_16_gauss_0.2,16.0,0.2,sticks_096.tif,14.13725147103448,0.07836107922017765,0.6712468862533569,0.18576090037822723,0.7555099740624428
BM3DFilter,poisson_16_gauss_0.2,16.0,0.2,sticks_097.tif,14.180260248461474,0.0716164579628072,0.6796143651008606,0.18450544774532318,0.771369731426239
BM3DFilter,poisson_16_gauss_0.2,16.0,0.2,sticks_098.tif,15.457681830567157,0.09114303947432344,0.6988372802734375,0.1557575911283493,0.7678123384714126
BM3DFilter,poisson_16_gauss_0.2,16.0,0.2,sticks_099.tif,15.166785921090334,0.07752163175320409,0.6879901885986328,0.16182759404182434,0.7793008372187614
BM3DFilter,poisson_16_gauss_0.2,16.0,0.2,sticks_094.tif,15.4546796455395,0.08050031869649454,0.6777464747428894,0.15653100609779358,0.7581209406256676
BM3DFilter,poisson_1_gauss_0.05,1.0,0.05,sticks_000.tif,16.368336821061902,0.05352138886065588,0.7654186487197876,0.13730445504188538,0.36001963063608855
BM3DFilter,poisson_1_gauss_0.05,1.0,0.05,sticks_001.tif,15.448643806448935,0.06356275473863779,0.7711421251296997,0.15414683520793915,0.40250446945428847
BM3DFilter,poisson_1_gauss_0.05,1.0,0.05,sticks_002.tif,15.999542411275778,0.04242576872189343,0.75424724817276,0.14727208018302917,0.3176463637966663
BM3DFilter,poisson_1_gauss_0.05,1.0,0.05,sticks_003.tif,14.807405086329402,0.050796444706239514,0.739341676235199,0.17096586525440216,0.35556038897484543
BM3DFilter,poisson_1_gauss_0.05,1.0,0.05,sticks_004.tif,15.508231374247202,0.0568422197668365,0.7577013969421387,0.15443506836891174,0.365068665985018
BM3DFilter,poisson_1_gauss_0.05,1.0,0.05,sticks_005.tif,13.80917245620051,0.03833301473742996,0.7043413519859314,0.19473710656166077,0.3467393172904849
BM3DFilter,poisson_1_gauss_0.05,1.0,0.05,sticks_007.tif,13.937286301716952,0.051580969268085836,0.749982476234436,0.19079861044883728,0.37512404094450175
BM3DFilter,poisson_1_gauss_0.05,1.0,0.05,sticks_009.tif,13.302472761362818,0.03511383430362453,0.7134307622909546,0.20770052075386047,0.3485558797605336
BM3DFilter,poisson_1_gauss_0.05,1.0,0.05,sticks_008.tif,15.51480531013922,0.05658600926636877,0.7525712251663208,0.1530255377292633,0.36740370602346956
BM3DFilter,poisson_1_gauss_0.05,1.0,0.05,sticks_011.tif,14.80258217847772,0.055630422778063626,0.7619678378105164,0.1699313223361969,0.363901179144159
BM3DFilter,poisson_1_gauss_0.05,1.0,0.05,sticks_006.tif,15.94867410265511,0.046129641202128424,0.7415865063667297,0.14785251021385193,0.34352953219786286
BM3DFilter,poisson_1_gauss_0.05,1.0,0.05,sticks_010.tif,15.689929630094085,0.05259468078370526,0.7563988566398621,0.15179994702339172,0.3498190040234476
BM3DFilter,poisson_1_gauss_0.05,1.0,0.05,sticks_012.tif,15.62146954621748,0.05339282385431041,0.7610074877738953,0.15206149220466614,0.37667840509675443
BM3DFilter,poisson_1_gauss_0.05,1.0,0.05,sticks_016.tif,14.380754782862176,0.04939410632489762,0.7359389066696167,0.1813463568687439,0.3500084192957729
BM3DFilter,poisson_1_gauss_0.05,1.0,0.05,sticks_013.tif,13.906965643623174,0.05332130708928073,0.7378298044204712,0.19295939803123474,0.35298768025822935
BM3DFilter,poisson_1_gauss_0.05,1.0,0.05,sticks_014.tif,15.9165874027358,0.0421113115667435,0.7469739317893982,0.14823171496391296,0.3752256706357002
BM3DFilter,poisson_1_gauss_0.05,1.0,0.05,sticks_015.tif,15.194689359246023,0.051010116986723954,0.7520188689231873,0.16248521208763123,0.3568571765441447
BM3DFilter,poisson_1_gauss_0.05,1.0,0.05,sticks_018.tif,13.588146002048733,0.04707430015832867,0.7396837472915649,0.19937221705913544,0.3687907220795751
BM3DFilter,poisson_1_gauss_0.05,1.0,0.05,sticks_020.tif,15.677749159967082,0.05631864533971901,0.7565455436706543,0.1522018164396286,0.3536935015115887
BM3DFilter,poisson_1_gauss_0.05,1.0,0.05,sticks_017.tif,15.156502556863709,0.04773744761998709,0.7458046078681946,0.1625334620475769,0.37447798387147485
BM3DFilter,poisson_1_gauss_0.05,1.0,0.05,sticks_019.tif,15.430186784743507,0.058145724939190686,0.7631819248199463,0.1570802479982376,0.3460279590450227
BM3DFilter,poisson_1_gauss_0.05,1.0,0.05,sticks_021.tif,13.950436115955489,0.049129363178914975,0.7245306372642517,0.19197124242782593,0.34180605011060833
BM3DFilter,poisson_1_gauss_0.05,1.0,0.05,sticks_022.tif,15.355133567917331,0.0484217760498974,0.7484138011932373,0.1591244637966156,0.3572385142557323
BM3DFilter,poisson_1_gauss_0.05,1.0,0.05,sticks_023.tif,15.446515432885414,0.06299694851081342,0.77561354637146,0.15495850145816803,0.360632948577404
BM3DFilter,poisson_1_gauss_0.05,1.0,0.05,sticks_024.tif,15.331709200528538,0.046751458870668526,0.7402043342590332,0.15902595221996307,0.358976207440719
BM3DFilter,poisson_1_gauss_0.05,1.0,0.05,sticks_025.tif,15.600859012642479,0.061233610182051146,0.7712727189064026,0.15342654287815094,0.3589652007445693
BM3DFilter,poisson_1_gauss_0.05,1.0,0.05,sticks_026.tif,15.70978015396991,0.04851519100986742,0.7512216567993164,0.1503540575504303,0.3582022016402334
BM3DFilter,poisson_1_gauss_0.05,1.0,0.05,sticks_027.tif,15.09059508584237,0.06369892396251264,0.776028573513031,0.16053082048892975,0.41139538516290486
BM3DFilter,poisson_1_gauss_0.05,1.0,0.05,sticks_028.tif,14.678028056972598,0.04438414345677512,0.7325040102005005,0.17330273985862732,0.3521168888080865
BM3DFilter,poisson_1_gauss_0.05,1.0,0.05,sticks_029.tif,14.711648513564352,0.05547118737734617,0.7508895397186279,0.1715761423110962,0.3593229319900274
BM3DFilter,poisson_1_gauss_0.05,1.0,0.05,sticks_030.tif,15.779716530075918,0.05886933349171447,0.7641236782073975,0.14932101964950562,0.360439321026206
BM3DFilter,poisson_1_gauss_0.05,1.0,0.05,sticks_032.tif,14.453834752572403,0.055192029198047915,0.7417736649513245,0.1792687475681305,0.34404813521541655
BM3DFilter,poisson_1_gauss_0.05,1.0,0.05,sticks_031.tif,14.981791806338139,0.04533608835984633,0.746194064617157,0.16594333946704865,0.3676525644492358
BM3DFilter,poisson_1_gauss_0.05,1.0,0.05,sticks_033.tif,15.363758390124678,0.05931099078336642,0.7409834861755371,0.15851035714149475,0.34455028432421386
BM3DFilter,poisson_1_gauss_0.05,1.0,0.05,sticks_034.tif,15.21164352843188,0.04863327837270275,0.747593343257904,0.16166740655899048,0.3661046165507287
BM3DFilter,poisson_1_gauss_0.05,1.0,0.05,sticks_035.tif,14.924811469705528,0.055856652875946516,0.7558404803276062,0.16835755109786987,0.35108578302897514
BM3DFilter,poisson_1_gauss_0.05,1.0,0.05,sticks_036.tif,13.672788545949597,0.03773281782963268,0.7063391208648682,0.19898036122322083,0.3317087186966091
BM3DFilter,poisson_1_gauss_0.05,1.0,0.05,sticks_037.tif,15.220877290398217,0.0494235266465675,0.7339784502983093,0.16123110055923462,0.36618976811878384
BM3DFilter,poisson_1_gauss_0.05,1.0,0.05,sticks_038.tif,15.620474580498353,0.039437200107299175,0.7465201616287231,0.15328779816627502,0.36166349137201903
BM3DFilter,poisson_1_gauss_0.05,1.0,0.05,sticks_040.tif,14.924179580334327,0.05652356400535918,0.7570337653160095,0.1676204949617386,0.3488092218525708
BM3DFilter,poisson_1_gauss_0.05,1.0,0.05,sticks_039.tif,14.821931638226982,0.051890394904127335,0.7618231773376465,0.17071658372879028,0.3534053306095302
BM3DFilter,poisson_1_gauss_0.05,1.0,0.05,sticks_041.tif,13.81481618674712,0.03921198256771155,0.732211709022522,0.1949278712272644,0.35232882024720313
BM3DFilter,poisson_1_gauss_0.05,1.0,0.05,sticks_042.tif,15.55627374932338,0.04153951829744517,0.7334809899330139,0.15657305717468262,0.3635509555228055
BM3DFilter,poisson_1_gauss_0.05,1.0,0.05,sticks_043.tif,15.802983097900976,0.06391740012876776,0.7848926186561584,0.14780965447425842,0.35583559311926366
BM3DFilter,poisson_1_gauss_0.05,1.0,0.05,sticks_044.tif,15.41816683958773,0.061803490579381996,0.7528986930847168,0.15721245110034943,0.3502790418919176
BM3DFilter,poisson_1_gauss_0.05,1.0,0.05,sticks_045.tif,14.415607806051334,0.04095680811430204,0.7386728525161743,0.1805441528558731,0.34524185401387514
BM3DFilter,poisson_1_gauss_0.05,1.0,0.05,sticks_046.tif,14.5880209585736,0.03686452986945648,0.7211370468139648,0.17576076090335846,0.3601317297201604
BM3DFilter,poisson_1_gauss_0.05,1.0,0.05,sticks_047.tif,16.607719114267553,0.04468216129122144,0.7417171001434326,0.13522669672966003,0.3494057401549071
BM3DFilter,poisson_1_gauss_0.05,1.0,0.05,sticks_049.tif,14.241250245783332,0.04656113269933715,0.7376857995986938,0.18487834930419922,0.3356076954863966
BM3DFilter,poisson_1_gauss_0.05,1.0,0.05,sticks_048.tif,15.996102689445195,0.05356380357653738,0.7664144039154053,0.14410099387168884,0.3674415233079344
BM3DFilter,poisson_1_gauss_0.05,1.0,0.05,sticks_050.tif,15.2914811941876,0.03946010640438728,0.7374740242958069,0.1610255390405655,0.34243216761387885
BM3DFilter,poisson_1_gauss_0.05,1.0,0.05,sticks_051.tif,16.070502257388522,0.06471879067353745,0.7762460112571716,0.14249752461910248,0.3862373656127602
BM3DFilter,poisson_1_gauss_0.05,1.0,0.05,sticks_053.tif,15.264043671993301,0.05919745341328334,0.7609959244728088,0.16029132902622223,0.36473561157472434
BM3DFilter,poisson_1_gauss_0.05,1.0,0.05,sticks_052.tif,13.21149100904514,0.04853857928076313,0.7385362982749939,0.2103821337223053,0.3357741540297866
BM3DFilter,poisson_1_gauss_0.05,1.0,0.05,sticks_054.tif,15.81598597010382,0.04437063650745947,0.7451480031013489,0.14992734789848328,0.33900991254486146
BM3DFilter,poisson_1_gauss_0.05,1.0,0.05,sticks_055.tif,13.69994171691481,0.050946711735568924,0.7595947980880737,0.19636498391628265,0.36480709607712924
BM3DFilter,poisson_1_gauss_0.05,1.0,0.05,sticks_056.tif,14.04459857060215,0.04526633481988588,0.7329878807067871,0.18835830688476562,0.35038160406984387
BM3DFilter,poisson_1_gauss_0.05,1.0,0.05,sticks_059.tif,15.785488948860598,0.044289222530308724,0.7318708896636963,0.15056201815605164,0.3488738305866718
BM3DFilter,poisson_1_gauss_0.05,1.0,0.05,sticks_058.tif,14.501046667088865,0.04986195364429865,0.7448582649230957,0.17760157585144043,0.36685753483325245
BM3DFilter,poisson_1_gauss_0.05,1.0,0.05,sticks_057.tif,15.2705181473089,0.05933578239478019,0.7594636082649231,0.16010969877243042,0.35963320834562185
BM3DFilter,poisson_1_gauss_0.05,1.0,0.05,sticks_060.tif,15.629317262829016,0.04199517179578944,0.7478643655776978,0.15309062600135803,0.36182810915634034
BM3DFilter,poisson_1_gauss_0.05,1.0,0.05,sticks_063.tif,14.013427594783327,0.04631978124592155,0.7436611652374268,0.1877569854259491,0.3725498182699084
BM3DFilter,poisson_1_gauss_0.05,1.0,0.05,sticks_061.tif,15.647502801716278,0.06657937762702637,0.7803436517715454,0.1520008146762848,0.3445763288065791
BM3DFilter,poisson_1_gauss_0.05,1.0,0.05,sticks_062.tif,15.249927603195792,0.04335177336573145,0.7632107734680176,0.16233238577842712,0.33872797270305455
BM3DFilter,poisson_1_gauss_0.05,1.0,0.05,sticks_067.tif,13.456054524028797,0.04989337746655313,0.7356576919555664,0.20240285992622375,0.3561865733005106
BM3DFilter,poisson_1_gauss_0.05,1.0,0.05,sticks_066.tif,15.682817339427155,0.05799766113316941,0.7548826932907104,0.15286046266555786,0.33526436467655
BM3DFilter,poisson_1_gauss_0.05,1.0,0.05,sticks_065.tif,14.976719195497285,0.05084106421761748,0.7570772171020508,0.16755840182304382,0.364360989863053
BM3DFilter,poisson_1_gauss_0.05,1.0,0.05,sticks_068.tif,14.870660794197033,0.04228818969106069,0.7370936274528503,0.16896361112594604,0.3660915665794164
BM3DFilter,poisson_1_gauss_0.05,1.0,0.05,sticks_069.tif,14.874091480245122,0.052593460976236475,0.7573849558830261,0.16884441673755646,0.37481465605087577
BM3DFilter,poisson_1_gauss_0.05,1.0,0.05,sticks_064.tif,15.802395753701525,0.04818222656206606,0.7619813084602356,0.14821600914001465,0.3637078975327313
BM3DFilter,poisson_1_gauss_0.05,1.0,0.05,sticks_070.tif,14.261724836422276,0.04721241215455332,0.7330622673034668,0.18262287974357605,0.3590620045084506
BM3DFilter,poisson_1_gauss_0.05,1.0,0.05,sticks_071.tif,16.29203282077221,0.059974639268523276,0.7660099267959595,0.13941028714179993,0.35773685744497924
BM3DFilter,poisson_1_gauss_0.05,1.0,0.05,sticks_072.tif,14.870583049830428,0.040026472886792334,0.7366294264793396,0.1692684143781662,0.3471385829616338
BM3DFilter,poisson_1_gauss_0.05,1.0,0.05,sticks_073.tif,15.708899566567563,0.04663696666483559,0.7520299553871155,0.1511463075876236,0.3579951792024076
BM3DFilter,poisson_1_gauss_0.05,1.0,0.05,sticks_074.tif,14.992446544785366,0.046673266976793186,0.7325131297111511,0.16733917593955994,0.33370590205304324
BM3DFilter,poisson_1_gauss_0.05,1.0,0.05,sticks_075.tif,15.503870395292871,0.061341289229498365,0.756314218044281,0.1573297083377838,0.33694470934569837
BM3DFilter,poisson_1_gauss_0.05,1.0,0.05,sticks_076.tif,15.078808017579856,0.052131036403867896,0.754492461681366,0.16282282769680023,0.38417213284410534
BM3DFilter,poisson_1_gauss_0.05,1.0,0.05,sticks_077.tif,14.342545887823256,0.0576638883857621,0.7544573545455933,0.18234965205192566,0.34942014287225903
BM3DFilter,poisson_1_gauss_0.05,1.0,0.05,sticks_078.tif,15.041969940364408,0.05088964092503479,0.7561473846435547,0.16692902147769928,0.33658456793054936
BM3DFilter,poisson_1_gauss_0.05,1.0,0.05,sticks_079.tif,13.999867035068455,0.04820290223489773,0.7371547818183899,0.18804004788398743,0.38373176897875966
BM3DFilter,poisson_1_gauss_0.05,1.0,0.05,sticks_080.tif,14.906206237043051,0.06273154119558877,0.7561618089675903,0.16815637052059174,0.36772513748146596
BM3DFilter,poisson_1_gauss_0.05,1.0,0.05,sticks_081.tif,13.992697178856641,0.055443218400042474,0.7371658682823181,0.18901440501213074,0.3663349008187652
BM3DFilter,poisson_1_gauss_0.05,1.0,0.05,sticks_082.tif,14.1376393566891,0.05352220063405178,0.752993106842041,0.18513652682304382,0.3811459756456316
BM3DFilter,poisson_1_gauss_0.05,1.0,0.05,sticks_084.tif,14.949274487666779,0.05277335504401433,0.7592973113059998,0.16684453189373016,0.3792446127627045
BM3DFilter,poisson_1_gauss_0.05,1.0,0.05,sticks_083.tif,14.72776521277678,0.04605773552476672,0.7316605448722839,0.1732112467288971,0.3481991247739643
BM3DFilter,poisson_1_gauss_0.05,1.0,0.05,sticks_085.tif,15.196396939601438,0.05091361694712296,0.7598893642425537,0.1643695831298828,0.3337108989711851
BM3DFilter,poisson_1_gauss_0.05,1.0,0.05,sticks_086.tif,14.664179974247656,0.053157201223909406,0.7544093728065491,0.17520621418952942,0.34201302505098286
BM3DFilter,poisson_1_gauss_0.05,1.0,0.05,sticks_088.tif,15.080922270266367,0.05285817911825652,0.7444964647293091,0.1670203059911728,0.32272904394194485
BM3DFilter,poisson_1_gauss_0.05,1.0,0.05,sticks_087.tif,15.160215739959872,0.05142421383093488,0.7643985748291016,0.1626175045967102,0.37469978793524206
BM3DFilter,poisson_1_gauss_0.05,1.0,0.05,sticks_089.tif,14.795868936394099,0.04547247035340178,0.7383661866188049,0.1707930564880371,0.3485833619255573
BM3DFilter,poisson_1_gauss_0.05,1.0,0.05,sticks_090.tif,13.904135971259095,0.05355336802034685,0.7512165904045105,0.19259054958820343,0.34163006558083
BM3DFilter,poisson_1_gauss_0.05,1.0,0.05,sticks_091.tif,15.117194795997637,0.046635460141687526,0.7363350987434387,0.16601917147636414,0.31728252531029283
BM3DFilter,poisson_1_gauss_0.05,1.0,0.05,sticks_092.tif,15.616032229898607,0.050565780256271654,0.760205864906311,0.15212740004062653,0.37244644849561154
BM3DFilter,poisson_1_gauss_0.05,1.0,0.05,sticks_093.tif,15.497122336614575,0.06111177252005606,0.7655265927314758,0.1533469706773758,0.3777731346897781
BM3DFilter,poisson_1_gauss_0.05,1.0,0.05,sticks_095.tif,15.462801230925415,0.06971251330456114,0.7782821655273438,0.15429845452308655,0.3869238382205367
BM3DFilter,poisson_1_gauss_0.05,1.0,0.05,sticks_096.tif,14.623891886968284,0.05498324739337267,0.7438899278640747,0.17453236877918243,0.35931681259535253
BM3DFilter,poisson_1_gauss_0.05,1.0,0.05,sticks_097.tif,15.147719672712363,0.051061736260532634,0.7630888819694519,0.16174453496932983,0.36735991621389985
BM3DFilter,poisson_1_gauss_0.05,1.0,0.05,sticks_098.tif,15.041676479155013,0.06042886550926055,0.7659240365028381,0.16480472683906555,0.3627207679208368
BM3DFilter,poisson_1_gauss_0.05,1.0,0.05,sticks_099.tif,14.509055632425769,0.05022074407349125,0.7555556893348694,0.17720676958560944,0.3733540640678257
BM3DFilter,poisson_1_gauss_0.05,1.0,0.05,sticks_094.tif,15.50687965168881,0.057247203867537504,0.7462329268455505,0.15736959874629974,0.3241929636336863
BM3DFilter,poisson_1_gauss_0.1,1.0,0.1,sticks_000.tif,14.819060404265386,0.04796208849746096,0.7382081747055054,0.17110799252986908,0.3873597990721464
BM3DFilter,poisson_1_gauss_0.1,1.0,0.1,sticks_001.tif,15.09161662014538,0.062340586949729694,0.7616994380950928,0.16277465224266052,0.42819856759160757
BM3DFilter,poisson_1_gauss_0.1,1.0,0.1,sticks_002.tif,15.264420390563476,0.04050570666490892,0.7411419749259949,0.16313518583774567,0.35170499235391617
BM3DFilter,poisson_1_gauss_0.1,1.0,0.1,sticks_003.tif,15.175363891200927,0.05301084821069488,0.7416239380836487,0.16343124210834503,0.3831596659496427
BM3DFilter,poisson_1_gauss_0.1,1.0,0.1,sticks_004.tif,14.998294519271385,0.05569625033429482,0.7466082572937012,0.16661691665649414,0.39002893287688495
BM3DFilter,poisson_1_gauss_0.1,1.0,0.1,sticks_005.tif,15.429773166565408,0.0445042545864555,0.7233741283416748,0.15878720581531525,0.3750303406268358
BM3DFilter,poisson_1_gauss_0.1,1.0,0.1,sticks_007.tif,15.236463045773165,0.057300903829661895,0.7672039270401001,0.16120503842830658,0.4019501326605678
BM3DFilter,poisson_1_gauss_0.1,1.0,0.1,sticks_009.tif,15.649087433566947,0.04349151055678444,0.7419924139976501,0.15453645586967468,0.37555870972573757
BM3DFilter,poisson_1_gauss_0.1,1.0,0.1,sticks_008.tif,14.685212501662361,0.054156741796612395,0.7364526987075806,0.1727166473865509,0.39338297210633755
BM3DFilter,poisson_1_gauss_0.1,1.0,0.1,sticks_011.tif,16.45321972789953,0.06513587289763896,0.782431960105896,0.13639160990715027,0.3902822034433484
BM3DFilter,poisson_1_gauss_0.1,1.0,0.1,sticks_006.tif,14.774148321407662,0.04270026432017318,0.7221020460128784,0.17353682219982147,0.37235998902469875
BM3DFilter,poisson_1_gauss_0.1,1.0,0.1,sticks_010.tif,14.58746312607289,0.04876209747781152,0.7379688620567322,0.17630049586296082,0.37946338281035424
BM3DFilter,poisson_1_gauss_0.1,1.0,0.1,sticks_012.tif,15.186675968091748,0.05200252975149382,0.7513564825057983,0.16196788847446442,0.40483264457434415
BM3DFilter,poisson_1_gauss_0.1,1.0,0.1,sticks_016.tif,14.735283879589304,0.051817676733447955,0.7366541624069214,0.1741824448108673,0.37400619257241485
BM3DFilter,poisson_1_gauss_0.1,1.0,0.1,sticks_013.tif,14.633347565240076,0.05637344733707679,0.7476722598075867,0.17584744095802307,0.379215307161212
BM3DFilter,poisson_1_gauss_0.1,1.0,0.1,sticks_014.tif,14.968587853088797,0.038083177908009955,0.7360356450080872,0.16694627702236176,0.40702992063015697
BM3DFilter,poisson_1_gauss_0.1,1.0,0.1,sticks_015.tif,14.956843845710779,0.051085042349035464,0.7459025382995605,0.1685640662908554,0.382957024499774
BM3DFilter,poisson_1_gauss_0.1,1.0,0.1,sticks_018.tif,15.61042377613705,0.05608873291188903,0.7646860480308533,0.1539030820131302,0.3939597109332681
BM3DFilter,poisson_1_gauss_0.1,1.0,0.1,sticks_020.tif,15.799865239477073,0.05802540353775553,0.7537293434143066,0.15103702247142792,0.3789710519835353
BM3DFilter,poisson_1_gauss_0.1,1.0,0.1,sticks_017.tif,15.213081228442922,0.04850383063385425,0.743660032749176,0.16205795109272003,0.3994711911305785
BM3DFilter,poisson_1_gauss_0.1,1.0,0.1,sticks_019.tif,15.314690632134838,0.05817984561419309,0.757355809211731,0.1602799892425537,0.37397769596427677
BM3DFilter,poisson_1_gauss_0.1,1.0,0.1,sticks_021.tif,15.779354623916735,0.05667787736950978,0.7501285672187805,0.1512313187122345,0.3721886513754725
BM3DFilter,poisson_1_gauss_0.1,1.0,0.1,sticks_022.tif,14.042470106522805,0.043924756459030705,0.7278255820274353,0.18908676505088806,0.38643583096563816
BM3DFilter,poisson_1_gauss_0.1,1.0,0.1,sticks_023.tif,15.252668427454479,0.06339903105532929,0.7665874361991882,0.1609370857477188,0.3848325090482831
BM3DFilter,poisson_1_gauss_0.1,1.0,0.1,sticks_024.tif,15.131288715959872,0.04678513955407233,0.7343469262123108,0.16422989964485168,0.388360745087266
BM3DFilter,poisson_1_gauss_0.1,1.0,0.1,sticks_025.tif,15.156178932275129,0.05973595845464582,0.7624914050102234,0.1635301560163498,0.38802481088787316
BM3DFilter,poisson_1_gauss_0.1,1.0,0.1,sticks_026.tif,14.644019537663295,0.04548375870895113,0.7330787777900696,0.174556702375412,0.3839112376794219
BM3DFilter,poisson_1_gauss_0.1,1.0,0.1,sticks_027.tif,15.72624762584268,0.06824417282779949,0.7811763882637024,0.1481286585330963,0.4331862200051546
BM3DFilter,poisson_1_gauss_0.1,1.0,0.1,sticks_028.tif,15.126486386879188,0.046218033208242464,0.7364798784255981,0.1636727899312973,0.3837097309529781
BM3DFilter,poisson_1_gauss_0.1,1.0,0.1,sticks_029.tif,15.625473044877944,0.06057647555872756,0.7593091726303101,0.15272243320941925,0.38800170216709373
BM3DFilter,poisson_1_gauss_0.1,1.0,0.1,sticks_030.tif,14.717840593419487,0.05475163298761133,0.7465117573738098,0.1728830188512802,0.38735398557037115
BM3DFilter,poisson_1_gauss_0.1,1.0,0.1,sticks_032.tif,16.28728732582645,0.06477889199234244,0.7648172974586487,0.1408180296421051,0.3744868280366063
BM3DFilter,poisson_1_gauss_0.1,1.0,0.1,sticks_031.tif,14.447488788421687,0.04385240971965806,0.7362540364265442,0.17861784994602203,0.39418328162282706
BM3DFilter,poisson_1_gauss_0.1,1.0,0.1,sticks_033.tif,14.762674463854948,0.056524108464625474,0.7327402830123901,0.17142127454280853,0.37685703989118335
BM3DFilter,poisson_1_gauss_0.1,1.0,0.1,sticks_034.tif,13.109488855008575,0.042053704932220895,0.7164920568466187,0.21229188144207,0.38835311848670245
BM3DFilter,poisson_1_gauss_0.1,1.0,0.1,sticks_035.tif,14.83752417959205,0.055788841167013756,0.7525840401649475,0.17055031657218933,0.37949582766741513
BM3DFilter,poisson_1_gauss_0.1,1.0,0.1,sticks_036.tif,15.494973141852977,0.044448310949216634,0.7279316782951355,0.15828531980514526,0.3610699223354459
BM3DFilter,poisson_1_gauss_0.1,1.0,0.1,sticks_037.tif,15.23475721400988,0.05026724371019898,0.7314804792404175,0.16170814633369446,0.392535250261426
BM3DFilter,poisson_1_gauss_0.1,1.0,0.1,sticks_038.tif,15.005918209493615,0.03803854181983527,0.7358629703521729,0.16709882020950317,0.39108427371829746
BM3DFilter,poisson_1_gauss_0.1,1.0,0.1,sticks_040.tif,14.750891230950316,0.0563286395691534,0.7518922686576843,0.17203307151794434,0.37789470739662645
BM3DFilter,poisson_1_gauss_0.1,1.0,0.1,sticks_039.tif,15.674672950013218,0.056190939956656645,0.7720428705215454,0.15276837348937988,0.38392668813467024
BM3DFilter,poisson_1_gauss_0.1,1.0,0.1,sticks_041.tif,15.919677035948652,0.0463085659440981,0.759338915348053,0.14782869815826416,0.385869312658906
BM3DFilter,poisson_1_gauss_0.1,1.0,0.1,sticks_042.tif,15.674223629119293,0.04147288219527657,0.7368096113204956,0.15332144498825073,0.39608481284230945
BM3DFilter,poisson_1_gauss_0.1,1.0,0.1,sticks_043.tif,14.11148416230498,0.057336735741940495,0.753632128238678,0.18742379546165466,0.3790827775374055
BM3DFilter,poisson_1_gauss_0.1,1.0,0.1,sticks_044.tif,15.72820946931059,0.06375868082457767,0.7555944323539734,0.1508600413799286,0.38201759811490776
BM3DFilter,poisson_1_gauss_0.1,1.0,0.1,sticks_045.tif,15.155226652226869,0.044035496236574254,0.7461458444595337,0.16452324390411377,0.3745492842048407
BM3DFilter,poisson_1_gauss_0.1,1.0,0.1,sticks_046.tif,16.33807850445725,0.04393945097195812,0.7414131164550781,0.14026257395744324,0.38880822956562044
BM3DFilter,poisson_1_gauss_0.1,1.0,0.1,sticks_047.tif,15.623139183421715,0.04059926396801831,0.7281914353370667,0.15386316180229187,0.3854259878396988
BM3DFilter,poisson_1_gauss_0.1,1.0,0.1,sticks_049.tif,15.491300287062604,0.05200952582313002,0.7516942024230957,0.15786859393119812,0.36329077295958995
BM3DFilter,poisson_1_gauss_0.1,1.0,0.1,sticks_048.tif,14.815748221517344,0.04919706359451239,0.746997594833374,0.17012067139148712,0.3944549631327391
BM3DFilter,poisson_1_gauss_0.1,1.0,0.1,sticks_050.tif,16.345873628339135,0.044050935476060246,0.7485357522964478,0.14058497548103333,0.3759151019155979
BM3DFilter,poisson_1_gauss_0.1,1.0,0.1,sticks_051.tif,15.615262855481163,0.06261476470585087,0.7671208381652832,0.15237632393836975,0.412280035763979
BM3DFilter,poisson_1_gauss_0.1,1.0,0.1,sticks_053.tif,16.05006563829438,0.0637949543505275,0.7713657021522522,0.14417167007923126,0.39255545251071455
BM3DFilter,poisson_1_gauss_0.1,1.0,0.1,sticks_052.tif,15.972955168894902,0.06109415018162389,0.7733803391456604,0.14820891618728638,0.36135873980820177
BM3DFilter,poisson_1_gauss_0.1,1.0,0.1,sticks_054.tif,15.822726905765439,0.044616916724052144,0.7438846230506897,0.14976350963115692,0.37470684442669155
BM3DFilter,poisson_1_gauss_0.1,1.0,0.1,sticks_055.tif,15.85658724144733,0.060659664567453433,0.7884024977684021,0.14761772751808167,0.3928323397412896
BM3DFilter,poisson_1_gauss_0.1,1.0,0.1,sticks_056.tif,15.392601266929852,0.05098302275588342,0.7492535710334778,0.1585521697998047,0.37891371790319683
BM3DFilter,poisson_1_gauss_0.1,1.0,0.1,sticks_059.tif,15.100811548766185,0.04208734438827882,0.719824492931366,0.16543076932430267,0.38063305281102655
BM3DFilter,poisson_1_gauss_0.1,1.0,0.1,sticks_058.tif,14.292864626245423,0.049715384805671954,0.7384442687034607,0.18315355479717255,0.3903874833136797
BM3DFilter,poisson_1_gauss_0.1,1.0,0.1,sticks_057.tif,14.551154318250015,0.057102999041780796,0.745440661907196,0.1770607829093933,0.385772954672575
BM3DFilter,poisson_1_gauss_0.1,1.0,0.1,sticks_060.tif,15.517463736824642,0.04241774459950176,0.7437778115272522,0.15625686943531036,0.39201668184250593
BM3DFilter,poisson_1_gauss_0.1,1.0,0.1,sticks_063.tif,15.641765737726496,0.05348549860490268,0.7648673057556152,0.15151776373386383,0.39998834766447544
BM3DFilter,poisson_1_gauss_0.1,1.0,0.1,sticks_061.tif,15.439534925470044,0.06653095440335853,0.7735100984573364,0.15756788849830627,0.37328527923673394
BM3DFilter,poisson_1_gauss_0.1,1.0,0.1,sticks_062.tif,16.149462599234372,0.04729775694131138,0.7732147574424744,0.1441478133201599,0.3722072347998619
BM3DFilter,poisson_1_gauss_0.1,1.0,0.1,sticks_067.tif,16.091822259873073,0.061756630976503836,0.7725289463996887,0.14274758100509644,0.38742829523980615
BM3DFilter,poisson_1_gauss_0.1,1.0,0.1,sticks_066.tif,15.11329250774657,0.055852373757180045,0.7443559765815735,0.16531133651733398,0.3661937462165952
BM3DFilter,poisson_1_gauss_0.1,1.0,0.1,sticks_065.tif,15.160820494912233,0.05164590989737911,0.7584213614463806,0.16355453431606293,0.3901117783039808
BM3DFilter,poisson_1_gauss_0.1,1.0,0.1,sticks_068.tif,15.050327542701092,0.04322451523704214,0.736754834651947,0.1654612123966217,0.39695110693573954
BM3DFilter,poisson_1_gauss_0.1,1.0,0.1,sticks_069.tif,15.56374668051484,0.05621393138664829,0.764906108379364,0.15445120632648468,0.4006787985563278
BM3DFilter,poisson_1_gauss_0.1,1.0,0.1,sticks_064.tif,15.816755285552663,0.04913922743991112,0.758579671382904,0.1491357982158661,0.39320118315517905
BM3DFilter,poisson_1_gauss_0.1,1.0,0.1,sticks_070.tif,15.659283419251441,0.05357351298022391,0.7504691481590271,0.15244531631469727,0.38830816056579354
BM3DFilter,poisson_1_gauss_0.1,1.0,0.1,sticks_071.tif,15.70653997959257,0.057609161386198544,0.75429368019104,0.15194422006607056,0.3871479319408536
BM3DFilter,poisson_1_gauss_0.1,1.0,0.1,sticks_072.tif,15.258852058194917,0.0419725279433127,0.7384857535362244,0.16168825328350067,0.3781652783975005
BM3DFilter,poisson_1_gauss_0.1,1.0,0.1,sticks_073.tif,15.398712076848238,0.04620312883238629,0.7446894645690918,0.15851300954818726,0.38501629158854483
BM3DFilter,poisson_1_gauss_0.1,1.0,0.1,sticks_074.tif,15.001669235886348,0.04738171194630805,0.7293766140937805,0.16786395013332367,0.36461262572556735
BM3DFilter,poisson_1_gauss_0.1,1.0,0.1,sticks_075.tif,14.93477255544166,0.05862004881180097,0.7476014494895935,0.16938088834285736,0.36533508021384475
BM3DFilter,poisson_1_gauss_0.1,1.0,0.1,sticks_076.tif,15.609454878424627,0.055246934351836086,0.7586737275123596,0.15227696299552917,0.4115072937682271
BM3DFilter,poisson_1_gauss_0.1,1.0,0.1,sticks_077.tif,16.048842752265642,0.06626379465624278,0.7787418961524963,0.1451859325170517,0.3788962347432971
BM3DFilter,poisson_1_gauss_0.1,1.0,0.1,sticks_078.tif,14.996485944100876,0.05122064024728167,0.7524399757385254,0.1684395670890808,0.36514996383339166
BM3DFilter,poisson_1_gauss_0.1,1.0,0.1,sticks_079.tif,14.940647327605198,0.05249542052032943,0.7474738955497742,0.16685065627098083,0.40838346593081953
BM3DFilter,poisson_1_gauss_0.1,1.0,0.1,sticks_080.tif,14.676470736573021,0.062132815464229586,0.7507727146148682,0.17369167506694794,0.39500077702105046
BM3DFilter,poisson_1_gauss_0.1,1.0,0.1,sticks_081.tif,15.888862057926389,0.06461333984787415,0.7631006240844727,0.14672645926475525,0.3961922373622656
BM3DFilter,poisson_1_gauss_0.1,1.0,0.1,sticks_082.tif,15.440205168774888,0.059359830098194455,0.769771933555603,0.15589365363121033,0.40840563755482434
BM3DFilter,poisson_1_gauss_0.1,1.0,0.1,sticks_084.tif,13.60633979218399,0.04830579517880486,0.7378983497619629,0.19911696016788483,0.40479244720190766
BM3DFilter,poisson_1_gauss_0.1,1.0,0.1,sticks_083.tif,15.95984560938257,0.05124337413909471,0.7471410632133484,0.14729927480220795,0.3808408327400684
BM3DFilter,poisson_1_gauss_0.1,1.0,0.1,sticks_085.tif,15.730017390969165,0.05320518519220082,0.7652167081832886,0.15326514840126038,0.36378284748643636
BM3DFilter,poisson_1_gauss_0.1,1.0,0.1,sticks_086.tif,15.648359995936769,0.05835402227571626,0.7636551856994629,0.1548776477575302,0.3687309466302395
BM3DFilter,poisson_1_gauss_0.1,1.0,0.1,sticks_088.tif,15.860728600290944,0.055918320268407706,0.754412055015564,0.15025556087493896,0.35929851327091455
BM3DFilter,poisson_1_gauss_0.1,1.0,0.1,sticks_087.tif,15.619736535866606,0.05386388030164954,0.7689753770828247,0.15311850607395172,0.4020232405513525
BM3DFilter,poisson_1_gauss_0.1,1.0,0.1,sticks_089.tif,14.597316743490092,0.045570029890867725,0.7322436571121216,0.17613142728805542,0.3770106088370085
BM3DFilter,poisson_1_gauss_0.1,1.0,0.1,sticks_090.tif,15.283789542543246,0.06011935915870634,0.7687665224075317,0.16150906682014465,0.3689824029803276
BM3DFilter,poisson_1_gauss_0.1,1.0,0.1,sticks_091.tif,15.066439349332912,0.047252508345981235,0.7317942380905151,0.16789010167121887,0.346240502409637
BM3DFilter,poisson_1_gauss_0.1,1.0,0.1,sticks_092.tif,16.124848314763646,0.05335001260014843,0.7639294862747192,0.14247041940689087,0.40240720342844727
BM3DFilter,poisson_1_gauss_0.1,1.0,0.1,sticks_093.tif,15.44672000394944,0.06223484791886063,0.7595985531806946,0.15612776577472687,0.4027697488665581
BM3DFilter,poisson_1_gauss_0.1,1.0,0.1,sticks_095.tif,13.46100509346202,0.06107927661954835,0.7429544925689697,0.20272450149059296,0.40673572551459075
BM3DFilter,poisson_1_gauss_0.1,1.0,0.1,sticks_096.tif,15.075031784684539,0.057957562700914324,0.7455535531044006,0.16558367013931274,0.381501979008317
BM3DFilter,poisson_1_gauss_0.1,1.0,0.1,sticks_097.tif,14.870403652351555,0.05109171562679555,0.755596935749054,0.16917240619659424,0.39121481366455557
BM3DFilter,poisson_1_gauss_0.1,1.0,0.1,sticks_098.tif,15.026735697961957,0.06126933331717604,0.7620512247085571,0.16607508063316345,0.38792343214154246
BM3DFilter,poisson_1_gauss_0.1,1.0,0.1,sticks_099.tif,14.977991435282954,0.052763137711622804,0.7582129240036011,0.1674996316432953,0.3968842264264822
BM3DFilter,poisson_1_gauss_0.1,1.0,0.1,sticks_094.tif,15.474556137104427,0.057733756740246146,0.7422400116920471,0.15874189138412476,0.3538203317672014
BM3DFilter,poisson_1_gauss_0.2,1.0,0.2,sticks_000.tif,14.183276585062814,0.04018783103557547,0.6471982598304749,0.17839299142360687,0.7803042620420456
BM3DFilter,poisson_1_gauss_0.2,1.0,0.2,sticks_001.tif,13.913371501389857,0.052381478904902676,0.6664772033691406,0.18447187542915344,0.7726377442479133
BM3DFilter,poisson_1_gauss_0.2,1.0,0.2,sticks_002.tif,13.933417581418846,0.031945525370399706,0.6382774710655212,0.18645426630973816,0.7766634613275528
BM3DFilter,poisson_1_gauss_0.2,1.0,0.2,sticks_003.tif,14.451124205992931,0.04548481497682182,0.6511030793190002,0.17319044470787048,0.7658408537507058
BM3DFilter,poisson_1_gauss_0.2,1.0,0.2,sticks_004.tif,13.742378419017847,0.04534824075815073,0.6529956459999084,0.18969504535198212,0.766378453373909
BM3DFilter,poisson_1_gauss_0.2,1.0,0.2,sticks_005.tif,14.629358162480901,0.03639963914058085,0.6324409246444702,0.16864946484565735,0.7852295577526093
BM3DFilter,poisson_1_gauss_0.2,1.0,0.2,sticks_007.tif,14.437893297837823,0.048991233221876325,0.674188494682312,0.17271144688129425,0.7790179640054703
BM3DFilter,poisson_1_gauss_0.2,1.0,0.2,sticks_009.tif,14.810389568660646,0.03497974576115858,0.6442728042602539,0.164058655500412,0.7844167441129685
BM3DFilter,poisson_1_gauss_0.2,1.0,0.2,sticks_008.tif,14.62521544009818,0.04827846322892242,0.6589070558547974,0.1661311537027359,0.7943228781223297
BM3DFilter,poisson_1_gauss_0.2,1.0,0.2,sticks_011.tif,14.395690228142254,0.04954722535542944,0.6699175238609314,0.17259278893470764,0.7809449270367622
BM3DFilter,poisson_1_gauss_0.2,1.0,0.2,sticks_006.tif,14.409899630923908,0.03601031254530408,0.6326422691345215,0.17383745312690735,0.7831293508410454
BM3DFilter,poisson_1_gauss_0.2,1.0,0.2,sticks_010.tif,14.289203311149537,0.042403653533560064,0.6518604755401611,0.1761695146560669,0.777041257917881
BM3DFilter,poisson_1_gauss_0.2,1.0,0.2,sticks_012.tif,14.470217359585506,0.04453126790497033,0.6593959331512451,0.17196503281593323,0.7757265627384186
BM3DFilter,poisson_1_gauss_0.2,1.0,0.2,sticks_016.tif,14.190596189191861,0.04404224504952781,0.6487516760826111,0.17883546650409698,0.7680881917476654
BM3DFilter,poisson_1_gauss_0.2,1.0,0.2,sticks_013.tif,14.37658318038153,0.04990994973642168,0.6620992422103882,0.17402656376361847,0.7600577205419541
BM3DFilter,poisson_1_gauss_0.2,1.0,0.2,sticks_014.tif,14.531679486345064,0.03175666087693126,0.644691526889801,0.16983303427696228,0.7966911777853966
BM3DFilter,poisson_1_gauss_0.2,1.0,0.2,sticks_015.tif,15.145760228765845,0.046654114070183,0.6667120456695557,0.15672317147254944,0.7718056365847588
BM3DFilter,poisson_1_gauss_0.2,1.0,0.2,sticks_018.tif,14.407374684234888,0.04589511827653854,0.6653560400009155,0.17327295243740082,0.7700664728879929
BM3DFilter,poisson_1_gauss_0.2,1.0,0.2,sticks_020.tif,14.344322493455845,0.04651376014975212,0.6519885063171387,0.17527754604816437,0.7652641400694847
BM3DFilter,poisson_1_gauss_0.2,1.0,0.2,sticks_017.tif,14.385237059698813,0.0401680990736685,0.6503097414970398,0.173156276345253,0.7864171847701072
BM3DFilter,poisson_1_gauss_0.2,1.0,0.2,sticks_019.tif,14.688140386584958,0.05072527168170693,0.6676934957504272,0.16730912029743195,0.7619250878691674
BM3DFilter,poisson_1_gauss_0.2,1.0,0.2,sticks_021.tif,14.177288702748942,0.04504701486394425,0.6490896940231323,0.17972490191459656,0.7648410409688949
BM3DFilter,poisson_1_gauss_0.2,1.0,0.2,sticks_022.tif,14.393159031907867,0.0400758359400891,0.6484506130218506,0.1735878735780716,0.7798863321542739
BM3DFilter,poisson_1_gauss_0.2,1.0,0.2,sticks_023.tif,14.28451846677494,0.0535045860733545,0.6740135550498962,0.17547959089279175,0.7726639583706856
BM3DFilter,poisson_1_gauss_0.2,1.0,0.2,sticks_024.tif,14.694447625517293,0.03965506518192123,0.6457513570785522,0.16587147116661072,0.7924803152680397
BM3DFilter,poisson_1_gauss_0.2,1.0,0.2,sticks_025.tif,13.834201027016523,0.04951279889014877,0.6628589034080505,0.1886577308177948,0.7552253067493438
BM3DFilter,poisson_1_gauss_0.2,1.0,0.2,sticks_026.tif,14.50316420648161,0.039735607815349384,0.64732426404953,0.17033645510673523,0.7850209131836892
BM3DFilter,poisson_1_gauss_0.2,1.0,0.2,sticks_027.tif,13.897394129480308,0.05400655335868296,0.6766308546066284,0.18403345346450806,0.7699821755290032
BM3DFilter,poisson_1_gauss_0.2,1.0,0.2,sticks_028.tif,14.109801468240853,0.03813821419667603,0.6417485475540161,0.18062645196914673,0.7849316224455833
BM3DFilter,poisson_1_gauss_0.2,1.0,0.2,sticks_029.tif,14.31730516331848,0.04899173069173486,0.6624893546104431,0.17395348846912384,0.785136865079403
BM3DFilter,poisson_1_gauss_0.2,1.0,0.2,sticks_030.tif,13.296511185807232,0.04491077817241587,0.6490976810455322,0.20188121497631073,0.7576315075159072
BM3DFilter,poisson_1_gauss_0.2,1.0,0.2,sticks_032.tif,14.012881781781275,0.049197552973282516,0.6566157341003418,0.18413017690181732,0.7594436496496201
BM3DFilter,poisson_1_gauss_0.2,1.0,0.2,sticks_031.tif,13.811411110135573,0.03711134634580142,0.6435813307762146,0.18796603381633759,0.7767138808965683
BM3DFilter,poisson_1_gauss_0.2,1.0,0.2,sticks_033.tif,14.387025835314041,0.05050799325479636,0.6493887305259705,0.17398586869239807,0.7736776307225227
BM3DFilter,poisson_1_gauss_0.2,1.0,0.2,sticks_034.tif,14.503896002013953,0.04203484290220575,0.6500197649002075,0.17147067189216614,0.7696042150259018
BM3DFilter,poisson_1_gauss_0.2,1.0,0.2,sticks_035.tif,13.422093137261854,0.04561246132505255,0.6537159085273743,0.1986653059720993,0.7593587964773179
BM3DFilter,poisson_1_gauss_0.2,1.0,0.2,sticks_036.tif,14.979648155579582,0.03711740554897377,0.6354593634605408,0.16030310094356537,0.7858861565589905
BM3DFilter,poisson_1_gauss_0.2,1.0,0.2,sticks_037.tif,14.38044559762857,0.042206144527590195,0.6392533779144287,0.17417892813682556,0.7745552435517311
BM3DFilter,poisson_1_gauss_0.2,1.0,0.2,sticks_038.tif,14.339916259484056,0.031162507296153556,0.6378371715545654,0.175066739320755,0.791368481516838
BM3DFilter,poisson_1_gauss_0.2,1.0,0.2,sticks_040.tif,14.723986479856084,0.050854087927246244,0.6701143383979797,0.164742112159729,0.7800011232495307
BM3DFilter,poisson_1_gauss_0.2,1.0,0.2,sticks_039.tif,14.271286685874273,0.04512563410656634,0.6657528281211853,0.17615891993045807,0.7815381348133087
BM3DFilter,poisson_1_gauss_0.2,1.0,0.2,sticks_041.tif,14.28587041727073,0.035655468734409904,0.6498208045959473,0.17635588347911835,0.7819246262311935
BM3DFilter,poisson_1_gauss_0.2,1.0,0.2,sticks_042.tif,14.0406835527283,0.03147077229306583,0.6321262121200562,0.18313612043857574,0.7759013757109642
BM3DFilter,poisson_1_gauss_0.2,1.0,0.2,sticks_043.tif,14.082113139047589,0.051776701063889805,0.6727267503738403,0.1807432770729065,0.7663657903671265
BM3DFilter,poisson_1_gauss_0.2,1.0,0.2,sticks_044.tif,13.84007932409897,0.05049953398824061,0.6513371467590332,0.18758626282215118,0.7662269651889801
BM3DFilter,poisson_1_gauss_0.2,1.0,0.2,sticks_045.tif,14.864837491810245,0.03778507108750775,0.6558007001876831,0.16293910145759583,0.780841264128685
BM3DFilter,poisson_1_gauss_0.2,1.0,0.2,sticks_046.tif,14.477567372888275,0.03202846830655421,0.6330943703651428,0.1718577742576599,0.7832688182592392
BM3DFilter,poisson_1_gauss_0.2,1.0,0.2,sticks_047.tif,14.720267263909431,0.03275854245914298,0.630484402179718,0.16594478487968445,0.7909625977277756
BM3DFilter,poisson_1_gauss_0.2,1.0,0.2,sticks_049.tif,14.332830797987095,0.042340470783188276,0.6530371308326721,0.17605724930763245,0.7722553089261055
BM3DFilter,poisson_1_gauss_0.2,1.0,0.2,sticks_048.tif,13.9726709247324,0.04109989944088106,0.6531755328178406,0.18300959467887878,0.7852289527654648
BM3DFilter,poisson_1_gauss_0.2,1.0,0.2,sticks_050.tif,14.830320308394667,0.03357856559174748,0.6396994590759277,0.16426467895507812,0.7864183962345124
BM3DFilter,poisson_1_gauss_0.2,1.0,0.2,sticks_051.tif,14.323864226785103,0.05139507152834038,0.6671739220619202,0.17429478466510773,0.7701961770653725
BM3DFilter,poisson_1_gauss_0.2,1.0,0.2,sticks_053.tif,14.705755004921885,0.05202958375621692,0.6666913032531738,0.16526994109153748,0.774983461201191
BM3DFilter,poisson_1_gauss_0.2,1.0,0.2,sticks_052.tif,13.22150347834636,0.04508715090883655,0.6561018228530884,0.2053256779909134,0.7473112672567368
BM3DFilter,poisson_1_gauss_0.2,1.0,0.2,sticks_054.tif,14.129826831284525,0.03433299204050008,0.6385562419891357,0.1805126965045929,0.7786435484886169
BM3DFilter,poisson_1_gauss_0.2,1.0,0.2,sticks_055.tif,14.621046580456138,0.04993412385648326,0.6829187870025635,0.16718557476997375,0.7699312582612038
BM3DFilter,poisson_1_gauss_0.2,1.0,0.2,sticks_056.tif,14.024872095588394,0.040867199972283524,0.6476426720619202,0.182665154337883,0.7769842579960823
BM3DFilter,poisson_1_gauss_0.2,1.0,0.2,sticks_059.tif,14.392807059581951,0.03457454217392324,0.6307156682014465,0.1735839992761612,0.7879597544670105
BM3DFilter,poisson_1_gauss_0.2,1.0,0.2,sticks_058.tif,13.732194874434175,0.04317381075864577,0.6511953473091125,0.19088353216648102,0.7584400281310082
BM3DFilter,poisson_1_gauss_0.2,1.0,0.2,sticks_057.tif,14.86437114745385,0.05325978875269073,0.6701850891113281,0.16247250139713287,0.7715979754924774
BM3DFilter,poisson_1_gauss_0.2,1.0,0.2,sticks_060.tif,14.87324231211531,0.03523345331878165,0.6471087336540222,0.16303718090057373,0.7858576446771621
BM3DFilter,poisson_1_gauss_0.2,1.0,0.2,sticks_063.tif,14.055799645320938,0.04255578976243098,0.6574544906616211,0.18112269043922424,0.7792709454894066
BM3DFilter,poisson_1_gauss_0.2,1.0,0.2,sticks_061.tif,14.646888469777345,0.05761821226825385,0.6802647113800049,0.16806693375110626,0.7684238240122795
BM3DFilter,poisson_1_gauss_0.2,1.0,0.2,sticks_062.tif,14.611653840159748,0.0369449789967675,0.6597576141357422,0.16931982338428497,0.7782747954130173
BM3DFilter,poisson_1_gauss_0.2,1.0,0.2,sticks_067.tif,14.387190438256926,0.04938339311254686,0.6661534905433655,0.17350392043590546,0.775996308028698
BM3DFilter,poisson_1_gauss_0.2,1.0,0.2,sticks_066.tif,14.740841935733666,0.04975304631384939,0.658071756362915,0.16722284257411957,0.760999608039856
BM3DFilter,poisson_1_gauss_0.2,1.0,0.2,sticks_065.tif,14.762423383066096,0.044731468712966856,0.6667319536209106,0.16456881165504456,0.7723345309495926
BM3DFilter,poisson_1_gauss_0.2,1.0,0.2,sticks_068.tif,13.183724873188021,0.032872991052309695,0.6294171214103699,0.20445939898490906,0.7807331755757332
BM3DFilter,poisson_1_gauss_0.2,1.0,0.2,sticks_069.tif,14.330657504345865,0.04574150591428689,0.6649373769760132,0.17448565363883972,0.7773485913872719
BM3DFilter,poisson_1_gauss_0.2,1.0,0.2,sticks_064.tif,13.357853012863895,0.035963212489798405,0.6437790393829346,0.19990278780460358,0.7763847276568413
BM3DFilter,poisson_1_gauss_0.2,1.0,0.2,sticks_070.tif,14.163269531966902,0.04243516509300992,0.6487525701522827,0.17878824472427368,0.7848884195089341
BM3DFilter,poisson_1_gauss_0.2,1.0,0.2,sticks_071.tif,14.23552090917369,0.04610928660847453,0.6543766856193542,0.17718413472175598,0.7774714812636375
BM3DFilter,poisson_1_gauss_0.2,1.0,0.2,sticks_072.tif,14.921734079038984,0.03586777743886585,0.6473518013954163,0.1615179479122162,0.788853494822979
BM3DFilter,poisson_1_gauss_0.2,1.0,0.2,sticks_073.tif,14.448119816055009,0.03774621285480012,0.6486644148826599,0.17240022122859955,0.7802841320633889
BM3DFilter,poisson_1_gauss_0.2,1.0,0.2,sticks_074.tif,13.654134078998549,0.03830980961680944,0.6339960694313049,0.19295629858970642,0.7755241096019745
BM3DFilter,poisson_1_gauss_0.2,1.0,0.2,sticks_075.tif,14.538311716462385,0.05150700810439444,0.6620043516159058,0.17078056931495667,0.7610434532165528
BM3DFilter,poisson_1_gauss_0.2,1.0,0.2,sticks_076.tif,14.670182084766505,0.04641374345197632,0.6651678085327148,0.1666702777147293,0.782296921312809
BM3DFilter,poisson_1_gauss_0.2,1.0,0.2,sticks_077.tif,14.45619157379403,0.05332003302309639,0.6726469397544861,0.17217585444450378,0.7662842825055123
BM3DFilter,poisson_1_gauss_0.2,1.0,0.2,sticks_078.tif,14.437481375725913,0.044288858423482826,0.6584799885749817,0.17386236786842346,0.7632522463798523
BM3DFilter,poisson_1_gauss_0.2,1.0,0.2,sticks_079.tif,14.111301016605445,0.044079851353886576,0.6569337844848633,0.17916759848594666,0.782699254155159
BM3DFilter,poisson_1_gauss_0.2,1.0,0.2,sticks_080.tif,13.839839665114614,0.053859473725879355,0.6608026623725891,0.18759086728096008,0.7596055701375007
BM3DFilter,poisson_1_gauss_0.2,1.0,0.2,sticks_081.tif,12.621719975347743,0.04714589418520666,0.6436417102813721,0.2212085723876953,0.7463414952158928
BM3DFilter,poisson_1_gauss_0.2,1.0,0.2,sticks_082.tif,13.653598093653843,0.047265305618271816,0.6627234220504761,0.19167199730873108,0.7692095145583153
BM3DFilter,poisson_1_gauss_0.2,1.0,0.2,sticks_084.tif,14.272953691356864,0.04594108537892111,0.6654201149940491,0.1762322038412094,0.774401992559433
BM3DFilter,poisson_1_gauss_0.2,1.0,0.2,sticks_083.tif,14.029422667210856,0.038880837897111685,0.6400955319404602,0.1827823668718338,0.7753240928053856
BM3DFilter,poisson_1_gauss_0.2,1.0,0.2,sticks_085.tif,14.399714928824238,0.04306223858354269,0.6583221554756165,0.17489580810070038,0.7618403136730194
BM3DFilter,poisson_1_gauss_0.2,1.0,0.2,sticks_086.tif,14.900476080868186,0.05014568585931755,0.6685265302658081,0.16338664293289185,0.7603876397013665
BM3DFilter,poisson_1_gauss_0.2,1.0,0.2,sticks_088.tif,13.562043783780101,0.04254227317915511,0.6420385241508484,0.19581234455108643,0.7628655508160591
BM3DFilter,poisson_1_gauss_0.2,1.0,0.2,sticks_087.tif,14.681296159480405,0.0450612839220238,0.6679718494415283,0.1666187196969986,0.7722831562161445
BM3DFilter,poisson_1_gauss_0.2,1.0,0.2,sticks_089.tif,14.486889471429143,0.040006806631090054,0.6481289863586426,0.1713983416557312,0.786578293144703
BM3DFilter,poisson_1_gauss_0.2,1.0,0.2,sticks_090.tif,14.6949273309812,0.05195532288495327,0.6747888922691345,0.16617421805858612,0.774541187286377
BM3DFilter,poisson_1_gauss_0.2,1.0,0.2,sticks_091.tif,14.768958738070204,0.040419969940730535,0.647038459777832,0.16605640947818756,0.7706949651241303
BM3DFilter,poisson_1_gauss_0.2,1.0,0.2,sticks_092.tif,14.41900624141125,0.0420194939825218,0.6555541157722473,0.17315024137496948,0.7736444652080536
BM3DFilter,poisson_1_gauss_0.2,1.0,0.2,sticks_093.tif,13.717776724699933,0.049634455217620645,0.6578165292739868,0.1897956281900406,0.7729644343256951
BM3DFilter,poisson_1_gauss_0.2,1.0,0.2,sticks_095.tif,13.807689740923855,0.05757149877928537,0.6687408685684204,0.18770019710063934,0.7533486068248749
BM3DFilter,poisson_1_gauss_0.2,1.0,0.2,sticks_096.tif,14.175626163762061,0.04831895516647717,0.6540195345878601,0.1784416288137436,0.7713648438453674
BM3DFilter,poisson_1_gauss_0.2,1.0,0.2,sticks_097.tif,14.51132446052853,0.04411258682206496,0.6673122644424438,0.16933833062648773,0.7897658526897431
BM3DFilter,poisson_1_gauss_0.2,1.0,0.2,sticks_098.tif,14.793277371420652,0.05453887481253372,0.6737349033355713,0.1628580540418625,0.7785290688276291
BM3DFilter,poisson_1_gauss_0.2,1.0,0.2,sticks_099.tif,14.370034011697147,0.044762525718266805,0.6662644743919373,0.17395266890525818,0.77581677287817
BM3DFilter,poisson_1_gauss_0.2,1.0,0.2,sticks_094.tif,13.813997592570251,0.04585686792590549,0.6413140892982483,0.18928596377372742,0.7557274684309959
BM3DFilter,poisson_4_gauss_0.05,4.0,0.05,sticks_000.tif,19.037372339287188,0.11410173686946848,0.8193346261978149,0.10678334534168243,0.2504501957911998
BM3DFilter,poisson_4_gauss_0.05,4.0,0.05,sticks_001.tif,17.164536191328374,0.12063906508057792,0.8184056282043457,0.13351862132549286,0.28974880783353
BM3DFilter,poisson_4_gauss_0.05,4.0,0.05,sticks_002.tif,18.896699809147677,0.09418734152364525,0.8088310360908508,0.10974081605672836,0.2113179271342233
BM3DFilter,poisson_4_gauss_0.05,4.0,0.05,sticks_003.tif,20.19920264555845,0.13046606282000964,0.8314914107322693,0.09215594828128815,0.245154202519916
BM3DFilter,poisson_4_gauss_0.05,4.0,0.05,sticks_004.tif,19.89494702954236,0.1355615757980846,0.8397258520126343,0.09532877057790756,0.25603864854201674
BM3DFilter,poisson_4_gauss_0.05,4.0,0.05,sticks_005.tif,18.556729388597493,0.10049316033509594,0.7895890474319458,0.1140809878706932,0.23303910142276435
BM3DFilter,poisson_4_gauss_0.05,4.0,0.05,sticks_007.tif,19.80080472823377,0.13407321014586926,0.8533276319503784,0.09594087302684784,0.26761750581208615
BM3DFilter,poisson_4_gauss_0.05,4.0,0.05,sticks_009.tif,18.038188005821205,0.09249690263334365,0.7968049049377441,0.12159578502178192,0.23386344262398778
BM3DFilter,poisson_4_gauss_0.05,4.0,0.05,sticks_008.tif,18.732690084718254,0.125485929950957,0.817859947681427,0.11028065532445908,0.2605177625082433
BM3DFilter,poisson_4_gauss_0.05,4.0,0.05,sticks_011.tif,18.194911239343714,0.11963453580368073,0.8291188478469849,0.11827202886343002,0.2553399332333356
BM3DFilter,poisson_4_gauss_0.05,4.0,0.05,sticks_006.tif,18.04927939401933,0.09549489696247014,0.7878502011299133,0.1215367466211319,0.23476465200074018
BM3DFilter,poisson_4_gauss_0.05,4.0,0.05,sticks_010.tif,19.23427509575219,0.11878517991675631,0.8250365853309631,0.10404572635889053,0.2457342480774969
BM3DFilter,poisson_4_gauss_0.05,4.0,0.05,sticks_012.tif,17.965251259415936,0.11035187821820483,0.8145741820335388,0.12165325880050659,0.2620019719004631
BM3DFilter,poisson_4_gauss_0.05,4.0,0.05,sticks_016.tif,16.526753675274534,0.0979959881026978,0.7871953845024109,0.1456054449081421,0.24262176170013844
BM3DFilter,poisson_4_gauss_0.05,4.0,0.05,sticks_013.tif,19.09567513900602,0.12524799103671921,0.8337569832801819,0.10541728883981705,0.24636458582244813
BM3DFilter,poisson_4_gauss_0.05,4.0,0.05,sticks_014.tif,17.319488096492663,0.08779974343251497,0.7919429540634155,0.13242080807685852,0.2587729978375137
BM3DFilter,poisson_4_gauss_0.05,4.0,0.05,sticks_015.tif,19.88288933613418,0.12536824855597384,0.8371642231941223,0.09606896340847015,0.24471430131234229
BM3DFilter,poisson_4_gauss_0.05,4.0,0.05,sticks_018.tif,17.03698902504923,0.10431525498391453,0.8109371662139893,0.13641585409641266,0.2585795511957258
BM3DFilter,poisson_4_gauss_0.05,4.0,0.05,sticks_020.tif,19.50738782064144,0.12356025598993566,0.8285591006278992,0.10022713243961334,0.24432007286231966
BM3DFilter,poisson_4_gauss_0.05,4.0,0.05,sticks_017.tif,19.208871122182614,0.11555195788909003,0.8192970156669617,0.10483933985233307,0.2586446209345013
BM3DFilter,poisson_4_gauss_0.05,4.0,0.05,sticks_019.tif,18.69171304804552,0.121745324452687,0.8295016884803772,0.11113212257623672,0.23903193683363497
BM3DFilter,poisson_4_gauss_0.05,4.0,0.05,sticks_021.tif,19.014587782581177,0.12021445098551856,0.8135524988174438,0.10783766210079193,0.23229444932658225
BM3DFilter,poisson_4_gauss_0.05,4.0,0.05,sticks_022.tif,19.31127533492306,0.11355657655364658,0.8220383524894714,0.10323093086481094,0.2421973573975265
BM3DFilter,poisson_4_gauss_0.05,4.0,0.05,sticks_023.tif,18.60382536971577,0.13091792572694505,0.8399328589439392,0.11179356276988983,0.25577662645373495
BM3DFilter,poisson_4_gauss_0.05,4.0,0.05,sticks_024.tif,19.45287836725925,0.11313777527925942,0.815140962600708,0.10144592821598053,0.2521003175759688
BM3DFilter,poisson_4_gauss_0.05,4.0,0.05,sticks_025.tif,18.695719182600424,0.12581562049751696,0.8344292640686035,0.11114244163036346,0.25129628758877515
BM3DFilter,poisson_4_gauss_0.05,4.0,0.05,sticks_026.tif,18.238603190532658,0.10464282084230353,0.8048256635665894,0.11787880957126617,0.24667820385657252
BM3DFilter,poisson_4_gauss_0.05,4.0,0.05,sticks_027.tif,18.134531722895865,0.1363585523152426,0.8419778943061829,0.11807998269796371,0.29763820266816765
BM3DFilter,poisson_4_gauss_0.05,4.0,0.05,sticks_028.tif,19.332002820109725,0.11470781269116583,0.8152343034744263,0.10321060568094254,0.24315551032777877
BM3DFilter,poisson_4_gauss_0.05,4.0,0.05,sticks_029.tif,19.407786171549393,0.1318064516493086,0.8355011343955994,0.10070595890283585,0.25691249209921807
BM3DFilter,poisson_4_gauss_0.05,4.0,0.05,sticks_030.tif,18.67647246593698,0.1217884078289025,0.8262128829956055,0.11128561198711395,0.2505068124039099
BM3DFilter,poisson_4_gauss_0.05,4.0,0.05,sticks_032.tif,18.430240258435525,0.12249426320289843,0.8192891478538513,0.11519414186477661,0.24269829366821796
BM3DFilter,poisson_4_gauss_0.05,4.0,0.05,sticks_031.tif,18.76672233734235,0.1095499764592568,0.8170849680900574,0.11047665029764175,0.2529239188414067
BM3DFilter,poisson_4_gauss_0.05,4.0,0.05,sticks_033.tif,19.291097623300463,0.13050196196097547,0.8173183798789978,0.10259409248828888,0.24601914486847817
BM3DFilter,poisson_4_gauss_0.05,4.0,0.05,sticks_034.tif,18.215689354463006,0.10576310152114643,0.8082005977630615,0.11832169443368912,0.24779335099738092
BM3DFilter,poisson_4_gauss_0.05,4.0,0.05,sticks_035.tif,18.50470513377943,0.1193984383369247,0.8266611695289612,0.11398337036371231,0.24063743648584932
BM3DFilter,poisson_4_gauss_0.05,4.0,0.05,sticks_036.tif,19.15235623007535,0.10146738898069405,0.7973087430000305,0.10607143491506577,0.2176406951388344
BM3DFilter,poisson_4_gauss_0.05,4.0,0.05,sticks_037.tif,17.274362687147775,0.10154095213077663,0.7831637263298035,0.13284605741500854,0.2516487664077431
BM3DFilter,poisson_4_gauss_0.05,4.0,0.05,sticks_038.tif,19.464600002961955,0.10094825438940185,0.8148496150970459,0.10199262201786041,0.24153033790644257
BM3DFilter,poisson_4_gauss_0.05,4.0,0.05,sticks_040.tif,17.886040104479918,0.11821898443058408,0.8208373188972473,0.12294866889715195,0.24452495221048592
BM3DFilter,poisson_4_gauss_0.05,4.0,0.05,sticks_039.tif,16.176248973490136,0.09705741227647731,0.803065299987793,0.1517041176557541,0.24568176777102052
BM3DFilter,poisson_4_gauss_0.05,4.0,0.05,sticks_041.tif,19.079850089705754,0.1044797790786916,0.8214392066001892,0.10679714381694794,0.23678448281716555
BM3DFilter,poisson_4_gauss_0.05,4.0,0.05,sticks_042.tif,18.89932755789737,0.09859861840227005,0.8007585406303406,0.10957352817058563,0.24535394427366555
BM3DFilter,poisson_4_gauss_0.05,4.0,0.05,sticks_043.tif,18.800210470574214,0.13036974848092128,0.8445591330528259,0.1093868836760521,0.24845018927007914
BM3DFilter,poisson_4_gauss_0.05,4.0,0.05,sticks_044.tif,19.23484393894065,0.1337491230987228,0.824501097202301,0.10394804179668427,0.24512060307897626
BM3DFilter,poisson_4_gauss_0.05,4.0,0.05,sticks_045.tif,18.803047782708763,0.10139107879384404,0.8187320828437805,0.11047220230102539,0.23390276692807674
BM3DFilter,poisson_4_gauss_0.05,4.0,0.05,sticks_046.tif,16.44126566962197,0.08075308835094844,0.7676902413368225,0.14729544520378113,0.2471610986161977
BM3DFilter,poisson_4_gauss_0.05,4.0,0.05,sticks_047.tif,18.334461155173987,0.09257269262060952,0.7855424880981445,0.11729425191879272,0.23776373430155218
BM3DFilter,poisson_4_gauss_0.05,4.0,0.05,sticks_049.tif,19.68979854551656,0.11752563206315027,0.8324853181838989,0.09809078276157379,0.23175224380102008
BM3DFilter,poisson_4_gauss_0.05,4.0,0.05,sticks_048.tif,19.28933418649574,0.12087674849929914,0.8298355340957642,0.10327279567718506,0.25360665884800254
BM3DFilter,poisson_4_gauss_0.05,4.0,0.05,sticks_050.tif,19.074846122260873,0.09753696096175035,0.8042430877685547,0.10718599706888199,0.23263202130328864
BM3DFilter,poisson_4_gauss_0.05,4.0,0.05,sticks_051.tif,18.943963046376503,0.13235762678802543,0.836922824382782,0.10728497803211212,0.2712774308864027
BM3DFilter,poisson_4_gauss_0.05,4.0,0.05,sticks_053.tif,19.49992383156783,0.13354298368641382,0.8385174870491028,0.10028687864542007,0.25270263410639016
BM3DFilter,poisson_4_gauss_0.05,4.0,0.05,sticks_052.tif,19.28358297924084,0.12315641818864324,0.8413150310516357,0.10326667875051498,0.2286449270322919
BM3DFilter,poisson_4_gauss_0.05,4.0,0.05,sticks_054.tif,16.864417382428037,0.08760054412185853,0.7808550000190735,0.1400160789489746,0.23228476457297803
BM3DFilter,poisson_4_gauss_0.05,4.0,0.05,sticks_055.tif,19.846268917255777,0.1332486611210182,0.8627302646636963,0.09525599330663681,0.25591977247968317
BM3DFilter,poisson_4_gauss_0.05,4.0,0.05,sticks_056.tif,18.216860274068285,0.10702779071919945,0.8112232089042664,0.11818180978298187,0.2444269557017833
BM3DFilter,poisson_4_gauss_0.05,4.0,0.05,sticks_059.tif,19.65670737035944,0.10830612798886902,0.8038222789764404,0.09954245388507843,0.2353743783896789
BM3DFilter,poisson_4_gauss_0.05,4.0,0.05,sticks_058.tif,17.979849398571538,0.11067941860786407,0.8138185143470764,0.1217682808637619,0.252233088389039
BM3DFilter,poisson_4_gauss_0.05,4.0,0.05,sticks_057.tif,17.913754408162646,0.1197398124028693,0.8195105195045471,0.12250739336013794,0.2542443839367479
BM3DFilter,poisson_4_gauss_0.05,4.0,0.05,sticks_060.tif,18.09798724414137,0.0943409348081586,0.7989813089370728,0.12064900249242783,0.24588662837632
BM3DFilter,poisson_4_gauss_0.05,4.0,0.05,sticks_063.tif,18.971901881169483,0.11934851786866549,0.8332678079605103,0.10715880244970322,0.25911959721706807
BM3DFilter,poisson_4_gauss_0.05,4.0,0.05,sticks_061.tif,18.19646067237839,0.12831346495698517,0.8362206816673279,0.11813037097454071,0.24533938504755498
BM3DFilter,poisson_4_gauss_0.05,4.0,0.05,sticks_062.tif,20.30341307706541,0.11056181297768802,0.8432292342185974,0.09116029739379883,0.23106396328657866
BM3DFilter,poisson_4_gauss_0.05,4.0,0.05,sticks_067.tif,17.82378575081233,0.11789878928285291,0.8194212317466736,0.12383730709552765,0.25063430645968765
BM3DFilter,poisson_4_gauss_0.05,4.0,0.05,sticks_066.tif,17.96490523346838,0.11287284454644078,0.8070319294929504,0.12226761877536774,0.23333829732146114
BM3DFilter,poisson_4_gauss_0.05,4.0,0.05,sticks_065.tif,16.19930892839993,0.09433268329534852,0.7980416417121887,0.15133008360862732,0.25482797282747927
BM3DFilter,poisson_4_gauss_0.05,4.0,0.05,sticks_068.tif,16.020462073179353,0.08536122977863973,0.7722105979919434,0.15473034977912903,0.2558917587623
BM3DFilter,poisson_4_gauss_0.05,4.0,0.05,sticks_069.tif,18.462720940404974,0.11773391816608349,0.8291875720024109,0.11455827951431274,0.2635012533282861
BM3DFilter,poisson_4_gauss_0.05,4.0,0.05,sticks_064.tif,19.414953235535297,0.1140434806106672,0.8304461240768433,0.10161175578832626,0.25229981865268203
BM3DFilter,poisson_4_gauss_0.05,4.0,0.05,sticks_070.tif,20.759403078484695,0.13686298198864688,0.8423469662666321,0.08533160388469696,0.249008296628017
BM3DFilter,poisson_4_gauss_0.05,4.0,0.05,sticks_071.tif,20.495468401828315,0.13587967104298,0.8434669971466064,0.08766864240169525,0.24946839184267447
BM3DFilter,poisson_4_gauss_0.05,4.0,0.05,sticks_072.tif,20.706633676920166,0.11708101335753941,0.8321689963340759,0.0866713598370552,0.23631286165909843
BM3DFilter,poisson_4_gauss_0.05,4.0,0.05,sticks_073.tif,18.15398434958364,0.10106050254281206,0.8064931035041809,0.11941802501678467,0.24730498960707337
BM3DFilter,poisson_4_gauss_0.05,4.0,0.05,sticks_074.tif,19.0745370154874,0.11045756287449401,0.8060033321380615,0.10677230358123779,0.22644051660317926
BM3DFilter,poisson_4_gauss_0.05,4.0,0.05,sticks_075.tif,18.16762769569649,0.11892483100328387,0.8183940649032593,0.11885030567646027,0.23539792133960874
BM3DFilter,poisson_4_gauss_0.05,4.0,0.05,sticks_076.tif,19.339314835386865,0.1279727627764819,0.8331180214881897,0.10254736244678497,0.26693076223600654
BM3DFilter,poisson_4_gauss_0.05,4.0,0.05,sticks_077.tif,18.971975657779872,0.12855110543278478,0.8429567217826843,0.10689753293991089,0.24674213810358198
BM3DFilter,poisson_4_gauss_0.05,4.0,0.05,sticks_078.tif,19.61407719184075,0.11872285077740961,0.8354718685150146,0.09988442808389664,0.22786419782787562
BM3DFilter,poisson_4_gauss_0.05,4.0,0.05,sticks_079.tif,19.278622919151342,0.1259532431374304,0.832137942314148,0.10290777683258057,0.2656885649310425
BM3DFilter,poisson_4_gauss_0.05,4.0,0.05,sticks_080.tif,18.35588254878822,0.1305558841247991,0.8274301290512085,0.11551918089389801,0.26045050751417875
BM3DFilter,poisson_4_gauss_0.05,4.0,0.05,sticks_081.tif,19.426485537415836,0.13726034062620454,0.8356792330741882,0.1007145494222641,0.259440742013976
BM3DFilter,poisson_4_gauss_0.05,4.0,0.05,sticks_082.tif,16.994078305226616,0.11239586341201935,0.8163241147994995,0.13697032630443573,0.2709474729374051
BM3DFilter,poisson_4_gauss_0.05,4.0,0.05,sticks_084.tif,17.930081466386028,0.11279179846585335,0.8238752484321594,0.12215467542409897,0.2676821363857016
BM3DFilter,poisson_4_gauss_0.05,4.0,0.05,sticks_083.tif,17.629471342051275,0.10068520350243883,0.7933589220046997,0.1275266408920288,0.23955386425368488
BM3DFilter,poisson_4_gauss_0.05,4.0,0.05,sticks_085.tif,16.797347134539585,0.09312265005368582,0.8017600774765015,0.14119544625282288,0.2305425694677979
BM3DFilter,poisson_4_gauss_0.05,4.0,0.05,sticks_086.tif,18.566096275699703,0.11321506555720533,0.8272919654846191,0.11321856826543808,0.23616199006792157
BM3DFilter,poisson_4_gauss_0.05,4.0,0.05,sticks_088.tif,18.331051401858637,0.10926519135696824,0.8086678385734558,0.11721769720315933,0.2194370438111946
BM3DFilter,poisson_4_gauss_0.05,4.0,0.05,sticks_087.tif,19.270771360324158,0.11971456468336783,0.8386440277099609,0.10361738502979279,0.2586925379000604
BM3DFilter,poisson_4_gauss_0.05,4.0,0.05,sticks_089.tif,19.41339704752147,0.1142103154721763,0.8200123310089111,0.10191450268030167,0.2374838049057871
BM3DFilter,poisson_4_gauss_0.05,4.0,0.05,sticks_090.tif,17.43400512265285,0.11248732380742389,0.8229870796203613,0.13014306128025055,0.23819394665770233
BM3DFilter,poisson_4_gauss_0.05,4.0,0.05,sticks_091.tif,19.381050177764827,0.10908785410204304,0.8149840831756592,0.10283128917217255,0.21443111274857074
BM3DFilter,poisson_4_gauss_0.05,4.0,0.05,sticks_092.tif,18.703887913070268,0.11132707612360229,0.8213270306587219,0.11115886270999908,0.2616644869092852
BM3DFilter,poisson_4_gauss_0.05,4.0,0.05,sticks_093.tif,18.61613050531539,0.13039930876870523,0.8289222121238708,0.11173070967197418,0.2656617102213204
BM3DFilter,poisson_4_gauss_0.05,4.0,0.05,sticks_095.tif,18.93301385771322,0.1409906315265348,0.8481716513633728,0.10630524158477783,0.272075997130014
BM3DFilter,poisson_4_gauss_0.05,4.0,0.05,sticks_096.tif,19.099373910168392,0.12804251224407356,0.8260474801063538,0.10536477714776993,0.24924307267647236
BM3DFilter,poisson_4_gauss_0.05,4.0,0.05,sticks_097.tif,19.160724950661944,0.12111934726115751,0.8393493890762329,0.10457583516836166,0.25320953084155917
BM3DFilter,poisson_4_gauss_0.05,4.0,0.05,sticks_098.tif,17.634993507434654,0.11885060698018965,0.8233644962310791,0.126441091299057,0.2566399495350197
BM3DFilter,poisson_4_gauss_0.05,4.0,0.05,sticks_099.tif,18.437148965721274,0.11494402224383528,0.8313144445419312,0.11470542848110199,0.2610292828409001
BM3DFilter,poisson_4_gauss_0.05,4.0,0.05,sticks_094.tif,17.432654940860278,0.10598152458357554,0.7956088781356812,0.13055114448070526,0.22601551411207765
BM3DFilter,poisson_4_gauss_0.1,4.0,0.1,sticks_000.tif,18.29889873265085,0.10392874376751235,0.8045011162757874,0.116719089448452,0.30600237641483546
BM3DFilter,poisson_4_gauss_0.1,4.0,0.1,sticks_001.tif,17.688702399032202,0.12080244331245628,0.8196991086006165,0.12464890629053116,0.33667193856090305
BM3DFilter,poisson_4_gauss_0.1,4.0,0.1,sticks_002.tif,16.938215908312483,0.07799552488112525,0.7799005508422852,0.13890023529529572,0.2688822763040662
BM3DFilter,poisson_4_gauss_0.1,4.0,0.1,sticks_003.tif,16.597696906624734,0.09611141267586791,0.7810159921646118,0.1439201831817627,0.29884107913821933
BM3DFilter,poisson_4_gauss_0.1,4.0,0.1,sticks_004.tif,18.882588380868967,0.12122437451770852,0.8218390345573425,0.10806115716695786,0.3106643771752715
BM3DFilter,poisson_4_gauss_0.1,4.0,0.1,sticks_005.tif,18.259514542047523,0.09429525806383894,0.7802636623382568,0.11791767925024033,0.2916191941127181
BM3DFilter,poisson_4_gauss_0.1,4.0,0.1,sticks_007.tif,17.738415666166727,0.11134527726008037,0.8228058815002441,0.12447909265756607,0.3202381877228618
BM3DFilter,poisson_4_gauss_0.1,4.0,0.1,sticks_009.tif,17.78050204986185,0.08723239968360928,0.7869225144386292,0.12524619698524475,0.2894836911931634
BM3DFilter,poisson_4_gauss_0.1,4.0,0.1,sticks_008.tif,16.82992151979613,0.10590939170307377,0.7882788181304932,0.1393686980009079,0.3131903259083629
BM3DFilter,poisson_4_gauss_0.1,4.0,0.1,sticks_011.tif,18.784862359024316,0.12049359057859582,0.832672119140625,0.10901926457881927,0.3104829663410783
BM3DFilter,poisson_4_gauss_0.1,4.0,0.1,sticks_006.tif,19.10985253000151,0.09956055683432474,0.7966740131378174,0.10615937411785126,0.29348469730466603
BM3DFilter,poisson_4_gauss_0.1,4.0,0.1,sticks_010.tif,18.116730658397387,0.10548318996157625,0.8045703172683716,0.11946864426136017,0.3013899719342589
BM3DFilter,poisson_4_gauss_0.1,4.0,0.1,sticks_012.tif,17.16049084300399,0.10057458122110524,0.7980111241340637,0.13408300280570984,0.3111248629167676
BM3DFilter,poisson_4_gauss_0.1,4.0,0.1,sticks_016.tif,17.857923811337383,0.10406413870466934,0.7994217276573181,0.12340297549962997,0.29422596339136364
BM3DFilter,poisson_4_gauss_0.1,4.0,0.1,sticks_013.tif,18.795375403112235,0.11903015367693315,0.8232985734939575,0.10936689376831055,0.29684150833636525
BM3DFilter,poisson_4_gauss_0.1,4.0,0.1,sticks_014.tif,19.06615756243373,0.09636792684626551,0.808007538318634,0.10650283098220825,0.31612413711845877
BM3DFilter,poisson_4_gauss_0.1,4.0,0.1,sticks_015.tif,18.562719060244316,0.10896870132768367,0.8152755498886108,0.11296600103378296,0.29942583609372375
BM3DFilter,poisson_4_gauss_0.1,4.0,0.1,sticks_018.tif,17.469002922588615,0.10410454839602266,0.8111120462417603,0.12910433113574982,0.3078294903039932
BM3DFilter,poisson_4_gauss_0.1,4.0,0.1,sticks_020.tif,16.441430207579252,0.09563171598335271,0.7839654088020325,0.14648011326789856,0.29521224144846203
BM3DFilter,poisson_4_gauss_0.1,4.0,0.1,sticks_017.tif,18.276439118658253,0.1029757589249023,0.8048932552337646,0.11692285537719727,0.3139768671244383
BM3DFilter,poisson_4_gauss_0.1,4.0,0.1,sticks_019.tif,18.469687250485535,0.11609716856064459,0.8205868005752563,0.11402298510074615,0.2913715299218893
BM3DFilter,poisson_4_gauss_0.1,4.0,0.1,sticks_021.tif,17.131127256228382,0.10067899735410646,0.7866566777229309,0.13508066534996033,0.2865859016776085
BM3DFilter,poisson_4_gauss_0.1,4.0,0.1,sticks_022.tif,18.416900091956595,0.1026346054359768,0.8033223152160645,0.11542308330535889,0.2954863470047712
BM3DFilter,poisson_4_gauss_0.1,4.0,0.1,sticks_023.tif,18.534864878694243,0.12583848896303484,0.8337655663490295,0.11218778043985367,0.30848237238824366
BM3DFilter,poisson_4_gauss_0.1,4.0,0.1,sticks_024.tif,17.171500656832105,0.09197626279144593,0.7804583311080933,0.13440006971359253,0.3043047932907939
BM3DFilter,poisson_4_gauss_0.1,4.0,0.1,sticks_025.tif,15.831433113924069,0.09897358887888574,0.7935780882835388,0.15753313899040222,0.3016621027141809
BM3DFilter,poisson_4_gauss_0.1,4.0,0.1,sticks_026.tif,16.55737780824566,0.08912351862295996,0.7782117128372192,0.14443176984786987,0.29906391091644763
BM3DFilter,poisson_4_gauss_0.1,4.0,0.1,sticks_027.tif,18.015351888423123,0.1302032526404379,0.8354860544204712,0.11926976591348648,0.34546778090298175
BM3DFilter,poisson_4_gauss_0.1,4.0,0.1,sticks_028.tif,17.75473470390319,0.09764045126224118,0.7897707223892212,0.12509313225746155,0.3009126454591751
BM3DFilter,poisson_4_gauss_0.1,4.0,0.1,sticks_029.tif,15.317499740004836,0.09605492757582365,0.7767892479896545,0.1674228459596634,0.3060796894133091
BM3DFilter,poisson_4_gauss_0.1,4.0,0.1,sticks_030.tif,15.665512140492241,0.09519194005877356,0.7813370823860168,0.16079460084438324,0.3002306934446096
BM3DFilter,poisson_4_gauss_0.1,4.0,0.1,sticks_032.tif,17.698315316133982,0.11217709887500195,0.8058377504348755,0.12559305131435394,0.29467516094446183
BM3DFilter,poisson_4_gauss_0.1,4.0,0.1,sticks_031.tif,18.152646318585326,0.10053751301176042,0.8032244443893433,0.1188969761133194,0.30763674452900885
BM3DFilter,poisson_4_gauss_0.1,4.0,0.1,sticks_033.tif,18.325680960158625,0.11781332769045309,0.800229012966156,0.11566261947154999,0.30058361422270535
BM3DFilter,poisson_4_gauss_0.1,4.0,0.1,sticks_034.tif,19.004379719844543,0.10817280803795273,0.8134379982948303,0.10673400014638901,0.30018321666866543
BM3DFilter,poisson_4_gauss_0.1,4.0,0.1,sticks_035.tif,18.678402091597572,0.11692145938427194,0.8255107998847961,0.11080124229192734,0.2948460130020976
BM3DFilter,poisson_4_gauss_0.1,4.0,0.1,sticks_036.tif,18.21229877840164,0.0908126544516567,0.780372679233551,0.1187744140625,0.276828527636826
BM3DFilter,poisson_4_gauss_0.1,4.0,0.1,sticks_037.tif,17.15514707194271,0.09727008957051697,0.7757135629653931,0.13456937670707703,0.30228485558182
BM3DFilter,poisson_4_gauss_0.1,4.0,0.1,sticks_038.tif,17.916931667011436,0.08578576211808116,0.7892715930938721,0.12315930426120758,0.29830158594995737
BM3DFilter,poisson_4_gauss_0.1,4.0,0.1,sticks_040.tif,15.466597154443333,0.09671753757391706,0.7834201455116272,0.16465452313423157,0.29331476539373397
BM3DFilter,poisson_4_gauss_0.1,4.0,0.1,sticks_039.tif,18.05251680855784,0.10738349759506238,0.8210399746894836,0.12043227255344391,0.2962795920670033
BM3DFilter,poisson_4_gauss_0.1,4.0,0.1,sticks_041.tif,15.589121453001486,0.07674457812217317,0.7737104892730713,0.1627129167318344,0.2911032835021615
BM3DFilter,poisson_4_gauss_0.1,4.0,0.1,sticks_042.tif,17.135194275568217,0.08183790918605269,0.7736451029777527,0.1353081315755844,0.29977032244205476
BM3DFilter,poisson_4_gauss_0.1,4.0,0.1,sticks_043.tif,17.851136271328954,0.11767926967776807,0.8289735913276672,0.1226164922118187,0.30098972767591475
BM3DFilter,poisson_4_gauss_0.1,4.0,0.1,sticks_044.tif,18.135288492255484,0.11908750619652746,0.8082378506660461,0.11854231357574463,0.3013802828267217
BM3DFilter,poisson_4_gauss_0.1,4.0,0.1,sticks_045.tif,18.410774004952547,0.09469355926812326,0.8083479404449463,0.11558171361684799,0.2914288448169827
BM3DFilter,poisson_4_gauss_0.1,4.0,0.1,sticks_046.tif,19.310636769608955,0.0968676634129098,0.7986761331558228,0.10342223942279816,0.3046462554484606
BM3DFilter,poisson_4_gauss_0.1,4.0,0.1,sticks_047.tif,18.062057910944635,0.08693621762342789,0.7761936783790588,0.12093617022037506,0.29356590658426285
BM3DFilter,poisson_4_gauss_0.1,4.0,0.1,sticks_049.tif,18.709986769527333,0.10593507581358654,0.8133637309074402,0.1111428290605545,0.28611770179122686
BM3DFilter,poisson_4_gauss_0.1,4.0,0.1,sticks_048.tif,18.324218146650747,0.10805156805201178,0.8129481077194214,0.11608868837356567,0.3080235987901688
BM3DFilter,poisson_4_gauss_0.1,4.0,0.1,sticks_050.tif,17.84189661065264,0.08468641361746121,0.7846866846084595,0.12414219230413437,0.29226868581026794
BM3DFilter,poisson_4_gauss_0.1,4.0,0.1,sticks_051.tif,16.037487499366133,0.1036950763839588,0.7946118116378784,0.15329119563102722,0.31934547871351243
BM3DFilter,poisson_4_gauss_0.1,4.0,0.1,sticks_053.tif,17.422068837267844,0.1113339845799142,0.8075662851333618,0.12972788512706757,0.30543717443943025
BM3DFilter,poisson_4_gauss_0.1,4.0,0.1,sticks_052.tif,18.30916399135723,0.11107432952529814,0.8242999911308289,0.11647041141986847,0.28300088476389645
BM3DFilter,poisson_4_gauss_0.1,4.0,0.1,sticks_054.tif,17.935580895157262,0.0912519616569788,0.7884806394577026,0.12261177599430084,0.2887190209701657
BM3DFilter,poisson_4_gauss_0.1,4.0,0.1,sticks_055.tif,17.47746601602334,0.10844285480889689,0.8283976912498474,0.12867261469364166,0.30716855097562074
BM3DFilter,poisson_4_gauss_0.1,4.0,0.1,sticks_056.tif,17.584706217851235,0.0983274273497093,0.7979708909988403,0.12733007967472076,0.29926653262227776
BM3DFilter,poisson_4_gauss_0.1,4.0,0.1,sticks_059.tif,18.368266715656212,0.09368869413348936,0.7825613021850586,0.1162559762597084,0.29566993452608586
BM3DFilter,poisson_4_gauss_0.1,4.0,0.1,sticks_058.tif,15.298466990046784,0.08829435963044979,0.7733049988746643,0.16821490228176117,0.2987931905314326
BM3DFilter,poisson_4_gauss_0.1,4.0,0.1,sticks_057.tif,18.667704326594325,0.1222945871015317,0.8229684233665466,0.11106811463832855,0.30627825316041707
BM3DFilter,poisson_4_gauss_0.1,4.0,0.1,sticks_060.tif,17.743370078835397,0.08809098176070841,0.7898501753807068,0.1255567967891693,0.3017858095467091
BM3DFilter,poisson_4_gauss_0.1,4.0,0.1,sticks_063.tif,18.6375195174112,0.11280855709375795,0.8208944201469421,0.11181040853261948,0.30941638313233855
BM3DFilter,poisson_4_gauss_0.1,4.0,0.1,sticks_061.tif,18.320678866096767,0.12500334272873495,0.8354378342628479,0.11535978317260742,0.3002387758344412
BM3DFilter,poisson_4_gauss_0.1,4.0,0.1,sticks_062.tif,18.618001349033598,0.09330554993273656,0.8182784914970398,0.11261037737131119,0.28769529704004526
BM3DFilter,poisson_4_gauss_0.1,4.0,0.1,sticks_067.tif,16.53032988292353,0.10452242819144328,0.7956408262252808,0.14499883353710175,0.29676914364099505
BM3DFilter,poisson_4_gauss_0.1,4.0,0.1,sticks_066.tif,17.037010815692042,0.10195815031001176,0.7906051278114319,0.13644731044769287,0.28604505620896814
BM3DFilter,poisson_4_gauss_0.1,4.0,0.1,sticks_065.tif,16.662283911191732,0.09399095828981943,0.7994020581245422,0.14274278283119202,0.3030011309310794
BM3DFilter,poisson_4_gauss_0.1,4.0,0.1,sticks_068.tif,17.602989999664594,0.09220077073204576,0.7873715758323669,0.12750235199928284,0.3090606158599257
BM3DFilter,poisson_4_gauss_0.1,4.0,0.1,sticks_069.tif,18.01908964935708,0.10991240761784193,0.8182395100593567,0.12061291933059692,0.31551272571086886
BM3DFilter,poisson_4_gauss_0.1,4.0,0.1,sticks_064.tif,18.00840820581426,0.09828489782632328,0.8071653246879578,0.1208765059709549,0.30865088030695914
BM3DFilter,poisson_4_gauss_0.1,4.0,0.1,sticks_070.tif,18.238480912689624,0.10870524993947075,0.8039079904556274,0.1176348477602005,0.3052870571613312
BM3DFilter,poisson_4_gauss_0.1,4.0,0.1,sticks_071.tif,18.137712088163447,0.11034130854691106,0.8066708445549011,0.1188812404870987,0.3026467114686966
BM3DFilter,poisson_4_gauss_0.1,4.0,0.1,sticks_072.tif,18.124187423031266,0.0912502455241357,0.7940090894699097,0.11970647424459457,0.29374213665723803
BM3DFilter,poisson_4_gauss_0.1,4.0,0.1,sticks_073.tif,18.43541078110144,0.09901455879364926,0.80499666929245,0.11486144363880157,0.30131929405033586
BM3DFilter,poisson_4_gauss_0.1,4.0,0.1,sticks_074.tif,19.201682768660927,0.10740483952375361,0.8032711148262024,0.10446319729089737,0.2860959867015481
BM3DFilter,poisson_4_gauss_0.1,4.0,0.1,sticks_075.tif,18.52306793140341,0.11856479449519333,0.8173377513885498,0.11334900557994843,0.28659478221088647
BM3DFilter,poisson_4_gauss_0.1,4.0,0.1,sticks_076.tif,18.075951168421224,0.111987224294615,0.812742292881012,0.11957307159900665,0.32076171282678845
BM3DFilter,poisson_4_gauss_0.1,4.0,0.1,sticks_077.tif,17.22892209368024,0.11060274187491993,0.8152638077735901,0.1329219490289688,0.29775770045816896
BM3DFilter,poisson_4_gauss_0.1,4.0,0.1,sticks_078.tif,18.964818260071826,0.10886544486345406,0.823663592338562,0.10760464519262314,0.28494343627244234
BM3DFilter,poisson_4_gauss_0.1,4.0,0.1,sticks_079.tif,17.786576416784563,0.10880809122087694,0.807619035243988,0.12387565523386002,0.3190017707645893
BM3DFilter,poisson_4_gauss_0.1,4.0,0.1,sticks_080.tif,18.17933995986212,0.12511476260929047,0.8191642761230469,0.11777102947235107,0.3107036627829075
BM3DFilter,poisson_4_gauss_0.1,4.0,0.1,sticks_081.tif,17.632669862446757,0.11673340056176562,0.8067699670791626,0.1261613965034485,0.3104511311277747
BM3DFilter,poisson_4_gauss_0.1,4.0,0.1,sticks_082.tif,19.026169708689853,0.1246098716099732,0.8376049399375916,0.10544183105230331,0.3226060442626476
BM3DFilter,poisson_4_gauss_0.1,4.0,0.1,sticks_084.tif,17.254081173606576,0.10350359939466039,0.8102100491523743,0.1323247253894806,0.31865903846919535
BM3DFilter,poisson_4_gauss_0.1,4.0,0.1,sticks_083.tif,18.86625744942035,0.10641982404034692,0.8043674230575562,0.109066441655159,0.2952042181044817
BM3DFilter,poisson_4_gauss_0.1,4.0,0.1,sticks_085.tif,18.903657898469287,0.10411762255617607,0.8249756693840027,0.10808688402175903,0.2841632114723325
BM3DFilter,poisson_4_gauss_0.1,4.0,0.1,sticks_086.tif,18.182959381457476,0.10714238540760242,0.8166565895080566,0.11860527843236923,0.28600703813135625
BM3DFilter,poisson_4_gauss_0.1,4.0,0.1,sticks_088.tif,17.825394539659587,0.10184740689518362,0.7979581356048584,0.12432485818862915,0.2756478164345026
BM3DFilter,poisson_4_gauss_0.1,4.0,0.1,sticks_087.tif,19.03795531050172,0.11318893231004158,0.8318136930465698,0.10590706020593643,0.31326367426663637
BM3DFilter,poisson_4_gauss_0.1,4.0,0.1,sticks_089.tif,18.528137330911356,0.1031683446192576,0.8028912544250488,0.11372081935405731,0.2926449406892061
BM3DFilter,poisson_4_gauss_0.1,4.0,0.1,sticks_090.tif,18.859665553378164,0.11995091633162322,0.8367564082145691,0.10813945531845093,0.2919362874701619
BM3DFilter,poisson_4_gauss_0.1,4.0,0.1,sticks_091.tif,18.02783988870547,0.09499285820994104,0.7914165258407593,0.12145080417394638,0.2720596518367529
BM3DFilter,poisson_4_gauss_0.1,4.0,0.1,sticks_092.tif,17.187852039082326,0.0963437965511211,0.7946485877037048,0.13392162322998047,0.3100126814097166
BM3DFilter,poisson_4_gauss_0.1,4.0,0.1,sticks_093.tif,19.251848011523432,0.1321935105225917,0.8305642604827881,0.10266506671905518,0.3181793330237269
BM3DFilter,poisson_4_gauss_0.1,4.0,0.1,sticks_095.tif,17.866302027900197,0.12718554756128886,0.8291423320770264,0.1216936707496643,0.3192647388204932
BM3DFilter,poisson_4_gauss_0.1,4.0,0.1,sticks_096.tif,17.72860347577225,0.1122357785993358,0.8032273054122925,0.1249193400144577,0.29964837692677976
BM3DFilter,poisson_4_gauss_0.1,4.0,0.1,sticks_097.tif,18.68671696384398,0.11280775034985363,0.8270303010940552,0.11077151447534561,0.3088749287649989
BM3DFilter,poisson_4_gauss_0.1,4.0,0.1,sticks_098.tif,18.07011244090808,0.11852269368061037,0.8239288330078125,0.1192544475197792,0.3075241394340992
BM3DFilter,poisson_4_gauss_0.1,4.0,0.1,sticks_099.tif,18.13976364994613,0.10839918517668638,0.8218796253204346,0.11861717700958252,0.3140624649822712
BM3DFilter,poisson_4_gauss_0.1,4.0,0.1,sticks_094.tif,17.611088215288078,0.10369641155212178,0.7931257486343384,0.12721066176891327,0.2804033985361457
BM3DFilter,poisson_4_gauss_0.2,4.0,0.2,sticks_000.tif,14.790000704564383,0.06099275482277194,0.6694262623786926,0.16933466494083405,0.7734493345022202
BM3DFilter,poisson_4_gauss_0.2,4.0,0.2,sticks_001.tif,14.0241643991804,0.07531502312762417,0.6869221925735474,0.18705680966377258,0.7538481011986733
BM3DFilter,poisson_4_gauss_0.2,4.0,0.2,sticks_002.tif,15.495565241559937,0.051363241185258826,0.6652125716209412,0.15406961739063263,0.7881892338395119
BM3DFilter,poisson_4_gauss_0.2,4.0,0.2,sticks_003.tif,14.783928061657253,0.06540814485915657,0.6701939105987549,0.16962456703186035,0.7612350821495056
BM3DFilter,poisson_4_gauss_0.2,4.0,0.2,sticks_004.tif,14.998725803482724,0.07071088498916833,0.6855540871620178,0.1640741378068924,0.7705847933888436
BM3DFilter,poisson_4_gauss_0.2,4.0,0.2,sticks_005.tif,15.620059943001408,0.05652783740907911,0.6577394604682922,0.1510370671749115,0.7891436040401458
BM3DFilter,poisson_4_gauss_0.2,4.0,0.2,sticks_007.tif,14.228635001717112,0.06777409889053275,0.689050018787384,0.18184497952461243,0.7715015441179276
BM3DFilter,poisson_4_gauss_0.2,4.0,0.2,sticks_009.tif,14.04311706068738,0.04753591188877473,0.6504508256912231,0.18680496513843536,0.7735608994960785
BM3DFilter,poisson_4_gauss_0.2,4.0,0.2,sticks_008.tif,15.014225398486815,0.07213712639792473,0.6821339726448059,0.16387802362442017,0.7799156859517098
BM3DFilter,poisson_4_gauss_0.2,4.0,0.2,sticks_011.tif,15.297955834138246,0.07463827191278775,0.6985598206520081,0.15764915943145752,0.7736026540398597
BM3DFilter,poisson_4_gauss_0.2,4.0,0.2,sticks_006.tif,15.10837051016264,0.054990280283787524,0.6547313928604126,0.16279077529907227,0.7778545647859574
BM3DFilter,poisson_4_gauss_0.2,4.0,0.2,sticks_010.tif,15.241545629057603,0.06521305245802632,0.6776003241539001,0.15915070474147797,0.7758862540125847
BM3DFilter,poisson_4_gauss_0.2,4.0,0.2,sticks_012.tif,14.78862259598516,0.06479928445024158,0.6787540316581726,0.16889700293540955,0.7745273128151894
BM3DFilter,poisson_4_gauss_0.2,4.0,0.2,sticks_016.tif,14.623392864314916,0.06415223934480264,0.6699835658073425,0.17334678769111633,0.757565188407898
BM3DFilter,poisson_4_gauss_0.2,4.0,0.2,sticks_013.tif,15.040355902241206,0.07267094982494594,0.6867086887359619,0.16326609253883362,0.7540261790156364
BM3DFilter,poisson_4_gauss_0.2,4.0,0.2,sticks_014.tif,14.711719862377514,0.04811182846043217,0.6603022813796997,0.17117564380168915,0.7891996815800667
BM3DFilter,poisson_4_gauss_0.2,4.0,0.2,sticks_015.tif,14.908840570235471,0.06423957283328836,0.6803075075149536,0.1667506992816925,0.7622670590877533
BM3DFilter,poisson_4_gauss_0.2,4.0,0.2,sticks_018.tif,14.362584569308686,0.06462368957959315,0.6819829344749451,0.1788550764322281,0.7622977495193481
BM3DFilter,poisson_4_gauss_0.2,4.0,0.2,sticks_020.tif,14.764105389844307,0.06696545156240938,0.6735698580741882,0.16969671845436096,0.7631223186850548
BM3DFilter,poisson_4_gauss_0.2,4.0,0.2,sticks_017.tif,14.57924106663839,0.059125507516546404,0.6691851019859314,0.1738554686307907,0.7754581987857818
BM3DFilter,poisson_4_gauss_0.2,4.0,0.2,sticks_019.tif,13.519902586839756,0.06531489114434082,0.6742913126945496,0.20011921226978302,0.7442389488220215
BM3DFilter,poisson_4_gauss_0.2,4.0,0.2,sticks_021.tif,15.119611662937729,0.06802449134375706,0.6758591532707214,0.16212554275989532,0.7634298279881477
BM3DFilter,poisson_4_gauss_0.2,4.0,0.2,sticks_022.tif,14.880138172348683,0.05982224641194783,0.6684316992759705,0.16744008660316467,0.7713203608989716
BM3DFilter,poisson_4_gauss_0.2,4.0,0.2,sticks_023.tif,14.58411049724068,0.07707959253622002,0.696640133857727,0.17368552088737488,0.7593811422586441
BM3DFilter,poisson_4_gauss_0.2,4.0,0.2,sticks_024.tif,14.386473611083312,0.056355580281306064,0.6586628556251526,0.17862370610237122,0.7791079998016357
BM3DFilter,poisson_4_gauss_0.2,4.0,0.2,sticks_025.tif,14.881086150814355,0.07415235748447073,0.6933969855308533,0.16754767298698425,0.7542313069105149
BM3DFilter,poisson_4_gauss_0.2,4.0,0.2,sticks_026.tif,14.336409640301117,0.056865144470125036,0.6593276858329773,0.17945954203605652,0.7770940124988556
BM3DFilter,poisson_4_gauss_0.2,4.0,0.2,sticks_027.tif,14.420058727800662,0.07976107471556883,0.7033741474151611,0.17636150121688843,0.7656846731901169
BM3DFilter,poisson_4_gauss_0.2,4.0,0.2,sticks_028.tif,14.341349765322155,0.056222364392204516,0.6595284938812256,0.1797509342432022,0.7794855609536171
BM3DFilter,poisson_4_gauss_0.2,4.0,0.2,sticks_029.tif,14.712627777119405,0.0718425374695085,0.6852719187736511,0.17019256949424744,0.7751047819852829
BM3DFilter,poisson_4_gauss_0.2,4.0,0.2,sticks_030.tif,15.112190529828997,0.07153279544258753,0.6873305439949036,0.1613585501909256,0.7664287224411964
BM3DFilter,poisson_4_gauss_0.2,4.0,0.2,sticks_032.tif,14.252298993385256,0.06948858908053404,0.6790481209754944,0.1817893087863922,0.7538403868675232
BM3DFilter,poisson_4_gauss_0.2,4.0,0.2,sticks_031.tif,14.921468234477857,0.05831338052665268,0.6693131923675537,0.1658869832754135,0.7796585932374
BM3DFilter,poisson_4_gauss_0.2,4.0,0.2,sticks_033.tif,15.527461809067844,0.07697578567841157,0.6805197596549988,0.1529303789138794,0.7732026427984238
BM3DFilter,poisson_4_gauss_0.2,4.0,0.2,sticks_034.tif,14.401402361524532,0.059016440907742704,0.662613570690155,0.1778731495141983,0.7667631447315216
BM3DFilter,poisson_4_gauss_0.2,4.0,0.2,sticks_035.tif,14.917728699234827,0.07099629084842646,0.6894837021827698,0.16617733240127563,0.7610166966915131
BM3DFilter,poisson_4_gauss_0.2,4.0,0.2,sticks_036.tif,14.88529354873373,0.05285125064226474,0.6479102969169617,0.16753248870372772,0.7747611358761788
BM3DFilter,poisson_4_gauss_0.2,4.0,0.2,sticks_037.tif,14.648772560946679,0.061787448324957285,0.657472550868988,0.1726858913898468,0.7681167259812355
BM3DFilter,poisson_4_gauss_0.2,4.0,0.2,sticks_038.tif,15.370952452716297,0.04958761953793206,0.6607468128204346,0.15638920664787292,0.7947586745023727
BM3DFilter,poisson_4_gauss_0.2,4.0,0.2,sticks_040.tif,14.789643379735388,0.07260327186547874,0.6892071962356567,0.16912201046943665,0.7648378819227218
BM3DFilter,poisson_4_gauss_0.2,4.0,0.2,sticks_039.tif,15.715137153828618,0.07097272688594247,0.6985011100769043,0.14880239963531494,0.7797901213169098
BM3DFilter,poisson_4_gauss_0.2,4.0,0.2,sticks_041.tif,15.23957299383328,0.05530339207274982,0.6737459301948547,0.15939386188983917,0.780146113038063
BM3DFilter,poisson_4_gauss_0.2,4.0,0.2,sticks_042.tif,15.449697553660029,0.051163413349347965,0.6582297086715698,0.1549682468175888,0.7859118610620499
BM3DFilter,poisson_4_gauss_0.2,4.0,0.2,sticks_043.tif,15.309443664185808,0.07942221510459342,0.7056236267089844,0.15754523873329163,0.7612052693963051
BM3DFilter,poisson_4_gauss_0.2,4.0,0.2,sticks_044.tif,13.883743985514252,0.07071223309261947,0.6723555326461792,0.19054467976093292,0.7544210836291313
BM3DFilter,poisson_4_gauss_0.2,4.0,0.2,sticks_045.tif,14.7519364722442,0.05387133440636587,0.6702015995979309,0.17062222957611084,0.7694798380136489
BM3DFilter,poisson_4_gauss_0.2,4.0,0.2,sticks_046.tif,14.875214876610713,0.048444200144905775,0.6498562693595886,0.16736668348312378,0.7847342625260353
BM3DFilter,poisson_4_gauss_0.2,4.0,0.2,sticks_047.tif,15.048354729906215,0.049221766376315805,0.6468657851219177,0.16341161727905273,0.7887421071529388
BM3DFilter,poisson_4_gauss_0.2,4.0,0.2,sticks_049.tif,14.153216728285752,0.059084451939329805,0.6674599051475525,0.1843513399362564,0.7649831905961036
BM3DFilter,poisson_4_gauss_0.2,4.0,0.2,sticks_048.tif,15.584766758673664,0.06674153305292703,0.6858116388320923,0.15109416842460632,0.7878018021583557
BM3DFilter,poisson_4_gauss_0.2,4.0,0.2,sticks_050.tif,14.135505344616826,0.04656852667583085,0.6459375023841858,0.18480470776557922,0.7785037234425545
BM3DFilter,poisson_4_gauss_0.2,4.0,0.2,sticks_051.tif,15.337161628758187,0.07894857449023253,0.6974552273750305,0.15798303484916687,0.7498281672596931
BM3DFilter,poisson_4_gauss_0.2,4.0,0.2,sticks_053.tif,15.764978889984715,0.08024890501823546,0.6972084641456604,0.14940069615840912,0.7530636698007583
BM3DFilter,poisson_4_gauss_0.2,4.0,0.2,sticks_052.tif,15.117086351873084,0.07081789025648254,0.6913798451423645,0.16193072497844696,0.7610213026404381
BM3DFilter,poisson_4_gauss_0.2,4.0,0.2,sticks_054.tif,14.144733807784032,0.05002832945130868,0.6532192826271057,0.18452493846416473,0.7721674323081971
BM3DFilter,poisson_4_gauss_0.2,4.0,0.2,sticks_055.tif,15.036026908233213,0.07252874041418166,0.704874575138092,0.1635664403438568,0.7600630506873131
BM3DFilter,poisson_4_gauss_0.2,4.0,0.2,sticks_056.tif,14.753524839452156,0.06151751642835919,0.6702207922935486,0.1696864664554596,0.7777548745274544
BM3DFilter,poisson_4_gauss_0.2,4.0,0.2,sticks_059.tif,13.821492246062984,0.04860692179000416,0.6402667760848999,0.1924724578857422,0.7727497220039368
BM3DFilter,poisson_4_gauss_0.2,4.0,0.2,sticks_058.tif,14.393519375944624,0.06396297744579897,0.67415452003479,0.17853477597236633,0.7572100564837456
BM3DFilter,poisson_4_gauss_0.2,4.0,0.2,sticks_057.tif,15.325746365089826,0.07691997352758273,0.6937633156776428,0.15780258178710938,0.7593523785471916
BM3DFilter,poisson_4_gauss_0.2,4.0,0.2,sticks_060.tif,14.8088880649495,0.05089560314544091,0.6593475937843323,0.16934950649738312,0.7784257605671883
BM3DFilter,poisson_4_gauss_0.2,4.0,0.2,sticks_063.tif,14.935347276176302,0.06523350086247783,0.6827617883682251,0.16542981564998627,0.7794084832072258
BM3DFilter,poisson_4_gauss_0.2,4.0,0.2,sticks_061.tif,15.207718903436314,0.08192711311790231,0.7063056826591492,0.15935799479484558,0.7645363554358482
BM3DFilter,poisson_4_gauss_0.2,4.0,0.2,sticks_062.tif,14.738303975968032,0.05275164377573822,0.6726916432380676,0.17075666785240173,0.7718007937073708
BM3DFilter,poisson_4_gauss_0.2,4.0,0.2,sticks_067.tif,14.521847623365653,0.07073250415636893,0.6854750514030457,0.17517802119255066,0.7661285698413849
BM3DFilter,poisson_4_gauss_0.2,4.0,0.2,sticks_066.tif,14.641852873532454,0.06818255743584246,0.6735841631889343,0.17293843626976013,0.7574311882257462
BM3DFilter,poisson_4_gauss_0.2,4.0,0.2,sticks_065.tif,14.78913646002881,0.06325908461350979,0.6847270131111145,0.16928042471408844,0.7607978984713555
BM3DFilter,poisson_4_gauss_0.2,4.0,0.2,sticks_068.tif,14.657787452039841,0.053711109557168284,0.6565567255020142,0.17202988266944885,0.7882537409663201
BM3DFilter,poisson_4_gauss_0.2,4.0,0.2,sticks_069.tif,15.307924514755864,0.06989590226975488,0.693053662776947,0.15737806260585785,0.7732606142759323
BM3DFilter,poisson_4_gauss_0.2,4.0,0.2,sticks_064.tif,14.010731600758671,0.05432688229077372,0.6664182543754578,0.18719720840454102,0.774823009967804
BM3DFilter,poisson_4_gauss_0.2,4.0,0.2,sticks_070.tif,15.247151844795203,0.06609738178110079,0.6774019598960876,0.15841111540794373,0.7873930111527443
BM3DFilter,poisson_4_gauss_0.2,4.0,0.2,sticks_071.tif,14.382794763895767,0.06625026126397328,0.6742858290672302,0.17858517169952393,0.7682278737425804
BM3DFilter,poisson_4_gauss_0.2,4.0,0.2,sticks_072.tif,14.663626337036291,0.050874399485248065,0.6573495864868164,0.1720094531774521,0.7862307861447334
BM3DFilter,poisson_4_gauss_0.2,4.0,0.2,sticks_073.tif,15.7792907109022,0.060104807231785295,0.6774886250495911,0.1472155749797821,0.7880244418978691
BM3DFilter,poisson_4_gauss_0.2,4.0,0.2,sticks_074.tif,14.991091245510502,0.05987725969577246,0.663250207901001,0.16475287079811096,0.7818658500909805
BM3DFilter,poisson_4_gauss_0.2,4.0,0.2,sticks_075.tif,15.106630600884879,0.07421706485089676,0.6869773268699646,0.16181586682796478,0.7586789786815643
BM3DFilter,poisson_4_gauss_0.2,4.0,0.2,sticks_076.tif,14.882545049547112,0.06727135345236092,0.6848218441009521,0.166447252035141,0.7820488095283509
BM3DFilter,poisson_4_gauss_0.2,4.0,0.2,sticks_077.tif,14.737266776261539,0.07571483503571165,0.695412278175354,0.1708429753780365,0.7510755449533463
BM3DFilter,poisson_4_gauss_0.2,4.0,0.2,sticks_078.tif,15.073484318996384,0.06435087636748003,0.6805018782615662,0.16312703490257263,0.7635649427771568
BM3DFilter,poisson_4_gauss_0.2,4.0,0.2,sticks_079.tif,14.27837107450565,0.06477018587495595,0.676814615726471,0.18070970475673676,0.7696288019418717
BM3DFilter,poisson_4_gauss_0.2,4.0,0.2,sticks_080.tif,14.377430663728061,0.0777626460901801,0.6867603659629822,0.17852605879306793,0.7537475913763046
BM3DFilter,poisson_4_gauss_0.2,4.0,0.2,sticks_081.tif,14.355422657103855,0.07391642695308571,0.6822399497032166,0.17888544499874115,0.7642750889062881
BM3DFilter,poisson_4_gauss_0.2,4.0,0.2,sticks_082.tif,13.939853440992183,0.06891900615903351,0.6854963898658752,0.18880243599414825,0.7631895303726196
BM3DFilter,poisson_4_gauss_0.2,4.0,0.2,sticks_084.tif,15.019717465043133,0.06844564457327576,0.690193772315979,0.16365161538124084,0.7711401879787445
BM3DFilter,poisson_4_gauss_0.2,4.0,0.2,sticks_083.tif,15.833624997111961,0.0641559467062005,0.6756226420402527,0.14701668918132782,0.7788675755262375
BM3DFilter,poisson_4_gauss_0.2,4.0,0.2,sticks_085.tif,15.256658479210262,0.06365540070098767,0.6839422583580017,0.1590958684682846,0.7610200554132461
BM3DFilter,poisson_4_gauss_0.2,4.0,0.2,sticks_086.tif,14.587246273451838,0.06699741838383874,0.6814837455749512,0.17423668503761292,0.7540607646107673
BM3DFilter,poisson_4_gauss_0.2,4.0,0.2,sticks_088.tif,13.810847246014415,0.06039108265160299,0.6614967584609985,0.1930510699748993,0.7557766780257225
BM3DFilter,poisson_4_gauss_0.2,4.0,0.2,sticks_087.tif,14.796054996499365,0.0644809250332027,0.6848398447036743,0.16899333894252777,0.7656788155436516
BM3DFilter,poisson_4_gauss_0.2,4.0,0.2,sticks_089.tif,14.693701128675883,0.05839075460305824,0.6664238572120667,0.17122326791286469,0.783085510134697
BM3DFilter,poisson_4_gauss_0.2,4.0,0.2,sticks_090.tif,14.918574974225907,0.07381092991074242,0.6957318782806396,0.16649684309959412,0.7590951457619667
BM3DFilter,poisson_4_gauss_0.2,4.0,0.2,sticks_091.tif,14.455069712637156,0.05555314739140842,0.6589487195014954,0.17751093208789825,0.7627750530838966
BM3DFilter,poisson_4_gauss_0.2,4.0,0.2,sticks_092.tif,15.427415181294435,0.06537274760205013,0.6827245354652405,0.15607532858848572,0.7650500193238259
BM3DFilter,poisson_4_gauss_0.2,4.0,0.2,sticks_093.tif,14.790488335965705,0.07573836308286068,0.6890974044799805,0.16828429698944092,0.773369950056076
BM3DFilter,poisson_4_gauss_0.2,4.0,0.2,sticks_095.tif,14.99658882730099,0.0859624546215073,0.7041398286819458,0.16370582580566406,0.7500335440039635
BM3DFilter,poisson_4_gauss_0.2,4.0,0.2,sticks_096.tif,14.217593481723853,0.06857119653317777,0.6729445457458496,0.18230807781219482,0.7590328559279442
BM3DFilter,poisson_4_gauss_0.2,4.0,0.2,sticks_097.tif,15.1921291828877,0.06669325667325117,0.6911531090736389,0.15970253944396973,0.7834085777401925
BM3DFilter,poisson_4_gauss_0.2,4.0,0.2,sticks_098.tif,14.42772635259459,0.07452614290728343,0.6878930926322937,0.17748048901557922,0.7580522641539573
BM3DFilter,poisson_4_gauss_0.2,4.0,0.2,sticks_099.tif,15.081916469125288,0.06708652853619433,0.6894226670265198,0.16225934028625488,0.7753263965249062
BM3DFilter,poisson_4_gauss_0.2,4.0,0.2,sticks_094.tif,14.121257249532608,0.06491035204208766,0.6641362309455872,0.1855330467224121,0.7466388002038002
GaussianFilter,poisson_01_gauss_0.05,1.0,0.05,sticks_000.tif,24.333647168733986,0.2682423406901902,0.7845004796981812,0.04031671956181526,0.3154010888189077
GaussianFilter,poisson_01_gauss_0.05,1.0,0.05,sticks_001.tif,20.89187906292765,0.26320133445303184,0.7047337293624878,0.05577913671731949,0.35943550914525985
GaussianFilter,poisson_01_gauss_0.05,1.0,0.05,sticks_002.tif,22.67810708171126,0.24459026594967795,0.7186293601989746,0.044683270156383514,0.32105606980621815
GaussianFilter,poisson_01_gauss_0.05,1.0,0.05,sticks_003.tif,22.21578254282391,0.25959431978535824,0.7201812863349915,0.04795427247881889,0.34667446874082086
GaussianFilter,poisson_01_gauss_0.05,1.0,0.05,sticks_004.tif,22.4558634808275,0.26491756017125356,0.7250470519065857,0.047640930861234665,0.34505199193954467
GaussianFilter,poisson_01_gauss_0.05,1.0,0.05,sticks_005.tif,22.874426810431522,0.23014773771014363,0.7282385230064392,0.04563780874013901,0.32371202297508717
GaussianFilter,poisson_01_gauss_0.05,1.0,0.05,sticks_007.tif,21.421999103591098,0.23110007559746604,0.7214500308036804,0.05398249626159668,0.3503022566437721
GaussianFilter,poisson_01_gauss_0.05,1.0,0.05,sticks_009.tif,25.236343405742648,0.27638673036204414,0.7953400611877441,0.03610782325267792,0.3071365229785442
GaussianFilter,poisson_01_gauss_0.05,1.0,0.05,sticks_008.tif,23.222975864156467,0.27629410463036264,0.760155975818634,0.04372028261423111,0.3045433284714818
GaussianFilter,poisson_01_gauss_0.05,1.0,0.05,sticks_011.tif,23.171294736068514,0.30118248857081636,0.7760580778121948,0.0429481640458107,0.3335082374513149
GaussianFilter,poisson_01_gauss_0.05,1.0,0.05,sticks_006.tif,22.33976948001686,0.22998381358218,0.6946011781692505,0.048014573752880096,0.35299120992422106
GaussianFilter,poisson_01_gauss_0.05,1.0,0.05,sticks_010.tif,22.926439364883922,0.2783097905586759,0.746713399887085,0.04418506845831871,0.3321743208914995
GaussianFilter,poisson_01_gauss_0.05,1.0,0.05,sticks_012.tif,22.045032813074954,0.2676629756437693,0.7316369414329529,0.04828038439154625,0.33581832349300383
GaussianFilter,poisson_01_gauss_0.05,1.0,0.05,sticks_016.tif,21.695338964922144,0.22165551205131492,0.7050085663795471,0.05174769088625908,0.3576235879212618
GaussianFilter,poisson_01_gauss_0.05,1.0,0.05,sticks_013.tif,23.13606015036855,0.3007542845099607,0.7576201558113098,0.04265793412923813,0.3527649961411953
GaussianFilter,poisson_01_gauss_0.05,1.0,0.05,sticks_014.tif,23.15922541497878,0.25351286737969464,0.7257601022720337,0.04438341036438942,0.31945446208119394
GaussianFilter,poisson_01_gauss_0.05,1.0,0.05,sticks_015.tif,23.531800098268064,0.2504862725460894,0.7529242634773254,0.04335831105709076,0.34021946899592875
GaussianFilter,poisson_01_gauss_0.05,1.0,0.05,sticks_018.tif,20.854863453494787,0.21539434092198398,0.6842560768127441,0.05687214806675911,0.3574021004140377
GaussianFilter,poisson_01_gauss_0.05,1.0,0.05,sticks_020.tif,22.730229572419525,0.2708167701840902,0.7537187337875366,0.044873349368572235,0.3379188943654299
GaussianFilter,poisson_01_gauss_0.05,1.0,0.05,sticks_017.tif,21.488298264973366,0.19549840157504647,0.7064992189407349,0.05486566945910454,0.32548250183463096
GaussianFilter,poisson_01_gauss_0.05,1.0,0.05,sticks_019.tif,22.10932689751307,0.27661342254482113,0.7417087554931641,0.04693274945020676,0.33894808664917947
GaussianFilter,poisson_01_gauss_0.05,1.0,0.05,sticks_021.tif,22.953330846842043,0.27432115145709535,0.7437400221824646,0.043940022587776184,0.3317853234708309
GaussianFilter,poisson_01_gauss_0.05,1.0,0.05,sticks_022.tif,23.09647771016852,0.25142792165514627,0.7513362765312195,0.044246502220630646,0.3317137908190489
GaussianFilter,poisson_01_gauss_0.05,1.0,0.05,sticks_023.tif,22.587572749251294,0.2989887502341258,0.7584322690963745,0.045390017330646515,0.33410127051174643
GaussianFilter,poisson_01_gauss_0.05,1.0,0.05,sticks_024.tif,23.711464304601684,0.29161037022215275,0.7682140469551086,0.04041989892721176,0.3180255081504583
GaussianFilter,poisson_01_gauss_0.05,1.0,0.05,sticks_025.tif,22.337786755020762,0.2767572620899002,0.7442108392715454,0.046833716332912445,0.36091511733829973
GaussianFilter,poisson_01_gauss_0.05,1.0,0.05,sticks_026.tif,23.575458752644508,0.28519459825762644,0.7614158391952515,0.04175624996423721,0.3334870055317879
GaussianFilter,poisson_01_gauss_0.05,1.0,0.05,sticks_027.tif,21.559269564567206,0.23759814830772044,0.7307124733924866,0.05549032241106033,0.350150191038847
GaussianFilter,poisson_01_gauss_0.05,1.0,0.05,sticks_028.tif,22.080777055256263,0.2417630382929974,0.7157542705535889,0.04957222193479538,0.325630171969533
GaussianFilter,poisson_01_gauss_0.05,1.0,0.05,sticks_029.tif,21.186302242474415,0.23922058612784095,0.7035307884216309,0.05421409755945206,0.34995297342538834
GaussianFilter,poisson_01_gauss_0.05,1.0,0.05,sticks_030.tif,22.418763360552752,0.23184875751057793,0.7498986721038818,0.048491884022951126,0.3302794016897678
GaussianFilter,poisson_01_gauss_0.05,1.0,0.05,sticks_032.tif,22.10282820480218,0.22614961039608095,0.7293351292610168,0.0501180961728096,0.3414444584399462
GaussianFilter,poisson_01_gauss_0.05,1.0,0.05,sticks_031.tif,22.76065558408684,0.2447482498035528,0.7322238683700562,0.04702283814549446,0.33323301672935485
GaussianFilter,poisson_01_gauss_0.05,1.0,0.05,sticks_033.tif,21.777451817513438,0.25148950097514855,0.7280657291412354,0.05020219087600708,0.3209955271333456
GaussianFilter,poisson_01_gauss_0.05,1.0,0.05,sticks_034.tif,21.257159733402716,0.20513409255193646,0.7001591920852661,0.05542159825563431,0.35160582028329374
GaussianFilter,poisson_01_gauss_0.05,1.0,0.05,sticks_035.tif,22.928641781652974,0.3038753615829919,0.7585235238075256,0.0429617241024971,0.3403158139437437
GaussianFilter,poisson_01_gauss_0.05,1.0,0.05,sticks_036.tif,22.99660190960831,0.23553645909972853,0.7367997169494629,0.04450434073805809,0.32008601538836956
GaussianFilter,poisson_01_gauss_0.05,1.0,0.05,sticks_037.tif,22.379923114792675,0.2467187762853641,0.7275921106338501,0.04792964830994606,0.33865780420601366
GaussianFilter,poisson_01_gauss_0.05,1.0,0.05,sticks_038.tif,23.11294821149433,0.226900576603452,0.7255434989929199,0.04552404209971428,0.3293295308947563
GaussianFilter,poisson_01_gauss_0.05,1.0,0.05,sticks_040.tif,23.32087601421566,0.3097676829928821,0.7759339213371277,0.04156253859400749,0.31858945451676846
GaussianFilter,poisson_01_gauss_0.05,1.0,0.05,sticks_039.tif,22.79858033432606,0.2610804131915797,0.7490084767341614,0.045300260186195374,0.34129161164164545
GaussianFilter,poisson_01_gauss_0.05,1.0,0.05,sticks_041.tif,24.15589571171505,0.28754584498144453,0.7655304074287415,0.039050303399562836,0.3252752382308245
GaussianFilter,poisson_01_gauss_0.05,1.0,0.05,sticks_042.tif,24.34797475674529,0.26421023936981647,0.7573816776275635,0.03948235139250755,0.3136099845170975
GaussianFilter,poisson_01_gauss_0.05,1.0,0.05,sticks_043.tif,23.61801338999556,0.3272923958441339,0.7862869501113892,0.040623921900987625,0.33051970787346363
GaussianFilter,poisson_01_gauss_0.05,1.0,0.05,sticks_044.tif,23.33087822133691,0.29790548731480526,0.7677857279777527,0.04225612431764603,0.3343096125870943
GaussianFilter,poisson_01_gauss_0.05,1.0,0.05,sticks_045.tif,22.392215904833392,0.2014620427911,0.7206339836120605,0.0494360588490963,0.32467443160712717
GaussianFilter,poisson_01_gauss_0.05,1.0,0.05,sticks_046.tif,26.51696976130319,0.3384455507582844,0.8207271099090576,0.03100944682955742,0.28222279287874696
GaussianFilter,poisson_01_gauss_0.05,1.0,0.05,sticks_047.tif,24.940584882198632,0.3087920214430476,0.7847512364387512,0.035538285970687866,0.29681955352425576
GaussianFilter,poisson_01_gauss_0.05,1.0,0.05,sticks_049.tif,22.4826870788089,0.24305172076525158,0.7400208115577698,0.04672104865312576,0.3388565246015787
GaussianFilter,poisson_01_gauss_0.05,1.0,0.05,sticks_048.tif,21.56558945970331,0.24934979062771256,0.704434871673584,0.051612913608551025,0.34332429654896257
GaussianFilter,poisson_01_gauss_0.05,1.0,0.05,sticks_050.tif,22.73434542506496,0.23806396677503464,0.7247532606124878,0.045640431344509125,0.30761324875056745
GaussianFilter,poisson_01_gauss_0.05,1.0,0.05,sticks_051.tif,22.15578473754966,0.26061165191279323,0.7449226975440979,0.04913424327969551,0.34806612730026243
GaussianFilter,poisson_01_gauss_0.05,1.0,0.05,sticks_053.tif,21.158307190269724,0.22311201888106566,0.7128499746322632,0.0556357204914093,0.3539763614535332
GaussianFilter,poisson_01_gauss_0.05,1.0,0.05,sticks_052.tif,21.76189916729588,0.21965010307299562,0.7244247794151306,0.051925890147686005,0.34911676235496997
GaussianFilter,poisson_01_gauss_0.05,1.0,0.05,sticks_054.tif,25.670398575705082,0.3407337894867151,0.7986891865730286,0.03278143331408501,0.28711239993572235
GaussianFilter,poisson_01_gauss_0.05,1.0,0.05,sticks_055.tif,22.381651213824,0.2808843117707086,0.7525678873062134,0.04648652300238609,0.3488011557608843
GaussianFilter,poisson_01_gauss_0.05,1.0,0.05,sticks_056.tif,22.30674710185226,0.2632392871300551,0.7368949055671692,0.04706989973783493,0.334228215739131
GaussianFilter,poisson_01_gauss_0.05,1.0,0.05,sticks_059.tif,23.583795233119904,0.25890719434709386,0.7396477460861206,0.04212596267461777,0.31528262607753277
GaussianFilter,poisson_01_gauss_0.05,1.0,0.05,sticks_058.tif,21.23550689046716,0.2333613822457539,0.6895978450775146,0.054039280861616135,0.3622292771935463
GaussianFilter,poisson_01_gauss_0.05,1.0,0.05,sticks_057.tif,23.238001204007716,0.28141378724542115,0.7613298892974854,0.04374587908387184,0.3404649693518877
GaussianFilter,poisson_01_gauss_0.05,1.0,0.05,sticks_060.tif,23.971071775177993,0.2714794468369899,0.7494811415672302,0.04090333357453346,0.33852808736264706
GaussianFilter,poisson_01_gauss_0.05,1.0,0.05,sticks_063.tif,22.70768340378885,0.3012973874618141,0.7490223050117493,0.04477037116885185,0.32422173880040644
GaussianFilter,poisson_01_gauss_0.05,1.0,0.05,sticks_061.tif,21.93719765569017,0.27487234893930507,0.7389943599700928,0.048642463982105255,0.34789511151611807
GaussianFilter,poisson_01_gauss_0.05,1.0,0.05,sticks_062.tif,23.00477676170992,0.22264485813572094,0.7524240016937256,0.045151226222515106,0.3194339506328106
GaussianFilter,poisson_01_gauss_0.05,1.0,0.05,sticks_067.tif,22.28076843843779,0.2775425784171247,0.7336310148239136,0.04739416390657425,0.3418147251009941
GaussianFilter,poisson_01_gauss_0.05,1.0,0.05,sticks_066.tif,22.673115889684436,0.2465164042445577,0.749526858329773,0.04637766256928444,0.3410116843879223
GaussianFilter,poisson_01_gauss_0.05,1.0,0.05,sticks_065.tif,23.231706888590256,0.3103141715458618,0.756482720375061,0.04143119603395462,0.3467937149107456
GaussianFilter,poisson_01_gauss_0.05,1.0,0.05,sticks_068.tif,23.068821066012966,0.2598690379781101,0.728165864944458,0.04479699581861496,0.3314866326749325
GaussianFilter,poisson_01_gauss_0.05,1.0,0.05,sticks_069.tif,22.757429816823056,0.2880210928965996,0.7474989295005798,0.044717613607645035,0.34437329322099686
GaussianFilter,poisson_01_gauss_0.05,1.0,0.05,sticks_064.tif,22.606322135828645,0.25539550111454395,0.7468079328536987,0.0462072491645813,0.31652814969420434
GaussianFilter,poisson_01_gauss_0.05,1.0,0.05,sticks_070.tif,23.21801317569917,0.2812810191432419,0.7507102489471436,0.04310905933380127,0.3146609300747514
GaussianFilter,poisson_01_gauss_0.05,1.0,0.05,sticks_071.tif,22.333576007380216,0.2549550873551652,0.7316790223121643,0.04788803681731224,0.33180459775030613
GaussianFilter,poisson_01_gauss_0.05,1.0,0.05,sticks_072.tif,23.797720788585906,0.28461198699335405,0.7494521737098694,0.040017589926719666,0.3050502113997936
GaussianFilter,poisson_01_gauss_0.05,1.0,0.05,sticks_073.tif,22.289500283514606,0.24394578079299387,0.7180655598640442,0.047900453209877014,0.32513281516730785
GaussianFilter,poisson_01_gauss_0.05,1.0,0.05,sticks_074.tif,23.02691176808199,0.26021797045429534,0.7444897890090942,0.04326564446091652,0.30716896913945674
GaussianFilter,poisson_01_gauss_0.05,1.0,0.05,sticks_075.tif,22.708447390819465,0.2781716827466801,0.7514366507530212,0.045072585344314575,0.33795904032886026
GaussianFilter,poisson_01_gauss_0.05,1.0,0.05,sticks_076.tif,22.018610736238557,0.21865259139394316,0.7153502702713013,0.052913736552000046,0.3306364580988884
GaussianFilter,poisson_01_gauss_0.05,1.0,0.05,sticks_077.tif,21.916550351454568,0.24742900130559103,0.737625777721405,0.049762122333049774,0.355788205191493
GaussianFilter,poisson_01_gauss_0.05,1.0,0.05,sticks_078.tif,22.13372377657994,0.24524307693909322,0.7277593612670898,0.047885797917842865,0.35914626121521
GaussianFilter,poisson_01_gauss_0.05,1.0,0.05,sticks_079.tif,22.071939251996298,0.26204568076524626,0.7213343381881714,0.04909834638237953,0.34217961952090264
GaussianFilter,poisson_01_gauss_0.05,1.0,0.05,sticks_080.tif,21.946555809253518,0.2869170683863608,0.7321972846984863,0.048693589866161346,0.3566923439502716
GaussianFilter,poisson_01_gauss_0.05,1.0,0.05,sticks_081.tif,21.507422517588456,0.2545028293341274,0.7149055004119873,0.05204353854060173,0.3461265038698912
GaussianFilter,poisson_01_gauss_0.05,1.0,0.05,sticks_082.tif,21.465461542325045,0.24920381968235386,0.723675012588501,0.05245316028594971,0.3412153322249651
GaussianFilter,poisson_01_gauss_0.05,1.0,0.05,sticks_084.tif,21.834099783286508,0.23807605500128967,0.7245311737060547,0.0509491041302681,0.34732493609189985
GaussianFilter,poisson_01_gauss_0.05,1.0,0.05,sticks_083.tif,22.610897968892715,0.23790778135686197,0.7193412780761719,0.04699905961751938,0.33025751635432243
GaussianFilter,poisson_01_gauss_0.05,1.0,0.05,sticks_085.tif,23.918697351461415,0.3487787546239992,0.7982308864593506,0.036429207772016525,0.30958848297595976
GaussianFilter,poisson_01_gauss_0.05,1.0,0.05,sticks_086.tif,23.150523872091874,0.3062070209495956,0.7686490416526794,0.0410100482404232,0.33899816423654555
GaussianFilter,poisson_01_gauss_0.05,1.0,0.05,sticks_088.tif,23.80072613578563,0.2886256752407257,0.775117814540863,0.040024932473897934,0.3186968471854925
GaussianFilter,poisson_01_gauss_0.05,1.0,0.05,sticks_087.tif,21.997113674480865,0.24567477177240313,0.7243085503578186,0.04937040060758591,0.34558515027165415
GaussianFilter,poisson_01_gauss_0.05,1.0,0.05,sticks_089.tif,22.82206359476204,0.2644740720735036,0.7334352135658264,0.044446513056755066,0.3169874746352434
GaussianFilter,poisson_01_gauss_0.05,1.0,0.05,sticks_090.tif,22.47061895289025,0.3012852906709031,0.7511800527572632,0.04470223933458328,0.34386683590710165
GaussianFilter,poisson_01_gauss_0.05,1.0,0.05,sticks_091.tif,24.16933260921835,0.27214890338523395,0.7722150087356567,0.03921479359269142,0.32266051806509494
GaussianFilter,poisson_01_gauss_0.05,1.0,0.05,sticks_092.tif,21.94217914503396,0.2415901559223452,0.726768434047699,0.04984302446246147,0.335659547150135
GaussianFilter,poisson_01_gauss_0.05,1.0,0.05,sticks_093.tif,22.398502164119773,0.2651810121529948,0.7421950101852417,0.04824408143758774,0.3439842689782381
GaussianFilter,poisson_01_gauss_0.05,1.0,0.05,sticks_095.tif,21.18694287610119,0.29272603313188095,0.7405552864074707,0.05226185917854309,0.3690403953194618
GaussianFilter,poisson_01_gauss_0.05,1.0,0.05,sticks_096.tif,22.480632476952685,0.2698583437379039,0.7492397427558899,0.046752240508794785,0.33303080275654795
GaussianFilter,poisson_01_gauss_0.05,1.0,0.05,sticks_097.tif,22.127646924465573,0.23232112652416595,0.7328413128852844,0.050280410796403885,0.3231996413320303
GaussianFilter,poisson_01_gauss_0.05,1.0,0.05,sticks_098.tif,22.110945604774304,0.2724220421668089,0.7506011724472046,0.04813779145479202,0.3497773014008999
GaussianFilter,poisson_01_gauss_0.05,1.0,0.05,sticks_099.tif,21.962808386886046,0.2731713652993203,0.7211738228797913,0.04903585463762283,0.3477507635951042
GaussianFilter,poisson_01_gauss_0.05,1.0,0.05,sticks_094.tif,21.718145289927293,0.2525329949480302,0.7127557992935181,0.048424895852804184,0.34944700710475446
GaussianFilter,poisson_01_gauss_0.1,1.0,0.1,sticks_000.tif,22.952371376089047,0.16699862305186025,0.753126323223114,0.054328154772520065,0.3294437970966101
GaussianFilter,poisson_01_gauss_0.1,1.0,0.1,sticks_001.tif,19.459260918422345,0.14300854687469156,0.6764819025993347,0.07988546043634415,0.3755197573453188
GaussianFilter,poisson_01_gauss_0.1,1.0,0.1,sticks_002.tif,20.568444266433524,0.10489005076318378,0.6779669523239136,0.07441725581884384,0.3418517641723156
GaussianFilter,poisson_01_gauss_0.1,1.0,0.1,sticks_003.tif,20.938040424809337,0.14017677057480035,0.690938413143158,0.06712101399898529,0.3609818357974291
GaussianFilter,poisson_01_gauss_0.1,1.0,0.1,sticks_004.tif,21.32590943583661,0.1588704680485578,0.7022640109062195,0.06323911249637604,0.36042518392205236
GaussianFilter,poisson_01_gauss_0.1,1.0,0.1,sticks_005.tif,22.09213158962017,0.14181228349228348,0.7090442180633545,0.05949050188064575,0.3354097422212362
GaussianFilter,poisson_01_gauss_0.1,1.0,0.1,sticks_007.tif,21.19381797319797,0.15313678086552074,0.7328261137008667,0.0659661740064621,0.3527158983051777
GaussianFilter,poisson_01_gauss_0.1,1.0,0.1,sticks_009.tif,23.631194254362462,0.14941019993079468,0.7652683854103088,0.052442871034145355,0.3181531477719545
GaussianFilter,poisson_01_gauss_0.1,1.0,0.1,sticks_008.tif,22.09062429344252,0.1719521904426383,0.7348252534866333,0.05836062505841255,0.3198025610297918
GaussianFilter,poisson_01_gauss_0.1,1.0,0.1,sticks_011.tif,21.66887411302953,0.1664022893609975,0.7401811480522156,0.05991153046488762,0.35065823011100294
GaussianFilter,poisson_01_gauss_0.1,1.0,0.1,sticks_006.tif,20.68186764845725,0.11814981005639125,0.6593502759933472,0.0722484439611435,0.3702362634241581
GaussianFilter,poisson_01_gauss_0.1,1.0,0.1,sticks_010.tif,20.839359277650665,0.14268917269931553,0.6904929280281067,0.06781987845897675,0.357815757393837
GaussianFilter,poisson_01_gauss_0.1,1.0,0.1,sticks_012.tif,21.055782817663427,0.15556641747954952,0.7094547748565674,0.0641179084777832,0.3510420501232147
GaussianFilter,poisson_01_gauss_0.1,1.0,0.1,sticks_016.tif,20.324647501569146,0.13354526945501305,0.6713410019874573,0.07056532055139542,0.37646457329392435
GaussianFilter,poisson_01_gauss_0.1,1.0,0.1,sticks_013.tif,21.704271657667974,0.16021776511551858,0.72246253490448,0.05954394489526749,0.36770493909716606
GaussianFilter,poisson_01_gauss_0.1,1.0,0.1,sticks_014.tif,20.7642823887201,0.11964734539848959,0.6809147000312805,0.074153833091259,0.33985585123300555
GaussianFilter,poisson_01_gauss_0.1,1.0,0.1,sticks_015.tif,22.053237542739055,0.16141999402684593,0.7162013649940491,0.05773337930440903,0.36105151772499083
GaussianFilter,poisson_01_gauss_0.1,1.0,0.1,sticks_018.tif,20.336565695298265,0.147320851348512,0.6785911917686462,0.06881318241357803,0.36893997713923454
GaussianFilter,poisson_01_gauss_0.1,1.0,0.1,sticks_020.tif,21.346923571345915,0.15706233780524378,0.7152614593505859,0.0610506646335125,0.35849606022238734
GaussianFilter,poisson_01_gauss_0.1,1.0,0.1,sticks_017.tif,21.213299939472066,0.15362301307882173,0.6994304656982422,0.06231848523020744,0.34118285588920116
GaussianFilter,poisson_01_gauss_0.1,1.0,0.1,sticks_019.tif,20.61226014826845,0.13626249492810516,0.7102212309837341,0.06992049515247345,0.35397353023290634
GaussianFilter,poisson_01_gauss_0.1,1.0,0.1,sticks_021.tif,22.39779556535129,0.16258038078783993,0.7357399463653564,0.05610521882772446,0.3390459418296814
GaussianFilter,poisson_01_gauss_0.1,1.0,0.1,sticks_022.tif,21.91933590743343,0.14819396937190216,0.7257171869277954,0.060507677495479584,0.344890758767724
GaussianFilter,poisson_01_gauss_0.1,1.0,0.1,sticks_023.tif,21.445281290216585,0.1712099455109647,0.7351787686347961,0.06132740527391434,0.34705394729971883
GaussianFilter,poisson_01_gauss_0.1,1.0,0.1,sticks_024.tif,22.644482020814998,0.15702350414671254,0.7450661063194275,0.055734314024448395,0.32702084369957446
GaussianFilter,poisson_01_gauss_0.1,1.0,0.1,sticks_025.tif,20.839795036344277,0.15247123552626093,0.7088018655776978,0.06586409360170364,0.3764066442847252
GaussianFilter,poisson_01_gauss_0.1,1.0,0.1,sticks_026.tif,22.421664834067656,0.15636237854127533,0.7380227446556091,0.05817832425236702,0.3407476279884577
GaussianFilter,poisson_01_gauss_0.1,1.0,0.1,sticks_027.tif,20.337103076950434,0.16627629161052557,0.7059416770935059,0.0717221274971962,0.36452957466244695
GaussianFilter,poisson_01_gauss_0.1,1.0,0.1,sticks_028.tif,20.60268395759301,0.14091050483622228,0.6729123592376709,0.0686756893992424,0.3515998341143131
GaussianFilter,poisson_01_gauss_0.1,1.0,0.1,sticks_029.tif,20.502962416883026,0.16321020918250426,0.6885093450546265,0.06631053984165192,0.3650072067975998
GaussianFilter,poisson_01_gauss_0.1,1.0,0.1,sticks_030.tif,21.30068725193857,0.15089317046386977,0.7242132425308228,0.06334351003170013,0.34730219952762126
GaussianFilter,poisson_01_gauss_0.1,1.0,0.1,sticks_032.tif,21.53340202264262,0.15585867208364285,0.7199958562850952,0.06131463497877121,0.3527939062565565
GaussianFilter,poisson_01_gauss_0.1,1.0,0.1,sticks_031.tif,21.215692701286986,0.1438256926012433,0.6988818049430847,0.06623673439025879,0.35255598574876784
GaussianFilter,poisson_01_gauss_0.1,1.0,0.1,sticks_033.tif,20.603631864331756,0.15687726237942293,0.6910346150398254,0.06631768494844437,0.34431836009025574
GaussianFilter,poisson_01_gauss_0.1,1.0,0.1,sticks_034.tif,19.86665677698648,0.13326214933732122,0.6596214175224304,0.07361121475696564,0.3771816812455654
GaussianFilter,poisson_01_gauss_0.1,1.0,0.1,sticks_035.tif,21.570159444988555,0.15235703412145774,0.7305977940559387,0.06181741878390312,0.35296853445470333
GaussianFilter,poisson_01_gauss_0.1,1.0,0.1,sticks_036.tif,20.670447819117097,0.1190491190882774,0.6686187982559204,0.06970993429422379,0.35457649976015093
GaussianFilter,poisson_01_gauss_0.1,1.0,0.1,sticks_037.tif,20.677939750459974,0.13891372643324654,0.6817401647567749,0.06909915059804916,0.36118946224451065
GaussianFilter,poisson_01_gauss_0.1,1.0,0.1,sticks_038.tif,22.493426355458517,0.15037575032733996,0.718368411064148,0.05670775845646858,0.34221082031726835
GaussianFilter,poisson_01_gauss_0.1,1.0,0.1,sticks_040.tif,21.712629425086938,0.16165584522287718,0.7394569516181946,0.0606040433049202,0.3354142468422651
GaussianFilter,poisson_01_gauss_0.1,1.0,0.1,sticks_039.tif,21.824536358833704,0.15739702202874037,0.7328054308891296,0.059541892260313034,0.3535871490836143
GaussianFilter,poisson_01_gauss_0.1,1.0,0.1,sticks_041.tif,22.602307963556623,0.1476921161771737,0.7362117171287537,0.057201337069272995,0.3378731980919838
GaussianFilter,poisson_01_gauss_0.1,1.0,0.1,sticks_042.tif,22.205048224259155,0.1441665000797457,0.7035521268844604,0.059247784316539764,0.3404952634125948
GaussianFilter,poisson_01_gauss_0.1,1.0,0.1,sticks_043.tif,22.24853186255959,0.18897930009171457,0.7529459595680237,0.054774533957242966,0.3472324315458536
GaussianFilter,poisson_01_gauss_0.1,1.0,0.1,sticks_044.tif,22.364428377093862,0.1830755450646866,0.7419621348381042,0.05466533452272415,0.34647362045943736
GaussianFilter,poisson_01_gauss_0.1,1.0,0.1,sticks_045.tif,20.967990810310347,0.11892997225091363,0.6978350877761841,0.07036708295345306,0.341106329485774
GaussianFilter,poisson_01_gauss_0.1,1.0,0.1,sticks_046.tif,24.397286384344703,0.18002264971951584,0.7715616226196289,0.04624437540769577,0.30145536474883555
GaussianFilter,poisson_01_gauss_0.1,1.0,0.1,sticks_047.tif,22.267361477460472,0.135178191081135,0.7189273834228516,0.06119220703840256,0.3191419932991266
GaussianFilter,poisson_01_gauss_0.1,1.0,0.1,sticks_049.tif,21.562925696673226,0.14636510956541776,0.7198681235313416,0.06185384467244148,0.35146122202277186
GaussianFilter,poisson_01_gauss_0.1,1.0,0.1,sticks_048.tif,20.29223944681292,0.13820708278960978,0.6762714385986328,0.07183098047971725,0.35974201261997224
GaussianFilter,poisson_01_gauss_0.1,1.0,0.1,sticks_050.tif,21.611631941530693,0.13424560091305934,0.6968063712120056,0.06288038194179535,0.325596334785223
GaussianFilter,poisson_01_gauss_0.1,1.0,0.1,sticks_051.tif,21.572270367591408,0.16652609527139767,0.736962616443634,0.06116825342178345,0.35398264080286024
GaussianFilter,poisson_01_gauss_0.1,1.0,0.1,sticks_053.tif,20.148275462315457,0.1431574403695462,0.689532458782196,0.07246600091457367,0.3688721925020218
GaussianFilter,poisson_01_gauss_0.1,1.0,0.1,sticks_052.tif,20.92286834373607,0.14748689690617153,0.7072334289550781,0.0647016316652298,0.3664251290261745
GaussianFilter,poisson_01_gauss_0.1,1.0,0.1,sticks_054.tif,23.844319568104403,0.17431621382800944,0.757321834564209,0.04851887375116348,0.30624814331531525
GaussianFilter,poisson_01_gauss_0.1,1.0,0.1,sticks_055.tif,20.727780073523284,0.15200503132441198,0.7157343626022339,0.06661054491996765,0.36702939346432684
GaussianFilter,poisson_01_gauss_0.1,1.0,0.1,sticks_056.tif,22.092312142709037,0.16654732339511438,0.7354215979576111,0.05683382600545883,0.3381010938435793
GaussianFilter,poisson_01_gauss_0.1,1.0,0.1,sticks_059.tif,21.311419688286314,0.12422547828598214,0.6894850730895996,0.06847041100263596,0.3385151043534279
GaussianFilter,poisson_01_gauss_0.1,1.0,0.1,sticks_058.tif,20.618696609159237,0.1382834908288023,0.685049831867218,0.06959836184978485,0.3698802597820759
GaussianFilter,poisson_01_gauss_0.1,1.0,0.1,sticks_057.tif,22.429023445080652,0.17159234048296595,0.7475640177726746,0.0559469535946846,0.35072682052850723
GaussianFilter,poisson_01_gauss_0.1,1.0,0.1,sticks_060.tif,22.27287842253412,0.14501696150408644,0.7179980278015137,0.0601043626666069,0.355887808278203
GaussianFilter,poisson_01_gauss_0.1,1.0,0.1,sticks_063.tif,21.218025058535286,0.15310328505861542,0.7199928164482117,0.06545919179916382,0.33804520443081854
GaussianFilter,poisson_01_gauss_0.1,1.0,0.1,sticks_061.tif,20.711288073564646,0.1608151434810001,0.711540699005127,0.06580697000026703,0.3638147499412298
GaussianFilter,poisson_01_gauss_0.1,1.0,0.1,sticks_062.tif,21.750384895563467,0.1475344168502088,0.7199663519859314,0.05850815027952194,0.34132810197770597
GaussianFilter,poisson_01_gauss_0.1,1.0,0.1,sticks_067.tif,21.147982388127883,0.16078188464735796,0.7125194668769836,0.06452228128910065,0.35512390322983267
GaussianFilter,poisson_01_gauss_0.1,1.0,0.1,sticks_066.tif,21.878553222680125,0.1559959500901538,0.7329046726226807,0.05920751020312309,0.35128211304545404
GaussianFilter,poisson_01_gauss_0.1,1.0,0.1,sticks_065.tif,21.567251137290555,0.14767970829717328,0.7232624292373657,0.062105484306812286,0.36104789674282073
GaussianFilter,poisson_01_gauss_0.1,1.0,0.1,sticks_068.tif,20.89078061313654,0.13790852978770066,0.6728504300117493,0.06837442517280579,0.35969257801771165
GaussianFilter,poisson_01_gauss_0.1,1.0,0.1,sticks_069.tif,20.84660317930833,0.1425090005681187,0.7066575288772583,0.06869606673717499,0.36368265822529794
GaussianFilter,poisson_01_gauss_0.1,1.0,0.1,sticks_064.tif,21.827628115285993,0.15987371373200596,0.7296554446220398,0.05896895378828049,0.33113291300833225
GaussianFilter,poisson_01_gauss_0.1,1.0,0.1,sticks_070.tif,22.10067251647043,0.16300801372108614,0.7279515862464905,0.058554280549287796,0.3302466731518507
GaussianFilter,poisson_01_gauss_0.1,1.0,0.1,sticks_071.tif,20.746269478543688,0.14336729301116805,0.6930498480796814,0.06831036508083344,0.35407153852283957
GaussianFilter,poisson_01_gauss_0.1,1.0,0.1,sticks_072.tif,23.29977476726477,0.16925162885179687,0.7458003759384155,0.05141898989677429,0.312452707439661
GaussianFilter,poisson_01_gauss_0.1,1.0,0.1,sticks_073.tif,20.90289583498962,0.13608910683252334,0.6882882118225098,0.06798858940601349,0.34295472763478757
GaussianFilter,poisson_01_gauss_0.1,1.0,0.1,sticks_074.tif,22.59848424890679,0.1612301587681703,0.7347202301025391,0.05438249558210373,0.3176621675491333
GaussianFilter,poisson_01_gauss_0.1,1.0,0.1,sticks_075.tif,21.857443961936855,0.17248538580167988,0.727300763130188,0.056965332478284836,0.35213532485067844
GaussianFilter,poisson_01_gauss_0.1,1.0,0.1,sticks_076.tif,20.32461859123904,0.14166813769786946,0.6758683323860168,0.07329746335744858,0.3543978877365589
GaussianFilter,poisson_01_gauss_0.1,1.0,0.1,sticks_077.tif,21.011926314944915,0.15016992316423505,0.7235156297683716,0.06558388471603394,0.3661620900034904
GaussianFilter,poisson_01_gauss_0.1,1.0,0.1,sticks_078.tif,20.37292231560364,0.12630583567087295,0.6843722462654114,0.07098056375980377,0.3806654870510101
GaussianFilter,poisson_01_gauss_0.1,1.0,0.1,sticks_079.tif,21.013972343036052,0.15033903658707246,0.7040498852729797,0.06709684431552887,0.35524751991033554
GaussianFilter,poisson_01_gauss_0.1,1.0,0.1,sticks_080.tif,20.804587005646198,0.15313542029024185,0.708911120891571,0.06716970354318619,0.3695585958659649
GaussianFilter,poisson_01_gauss_0.1,1.0,0.1,sticks_081.tif,21.298213648045525,0.1622528780175906,0.7176416516304016,0.06351205706596375,0.35072117261588576
GaussianFilter,poisson_01_gauss_0.1,1.0,0.1,sticks_082.tif,21.35652773395129,0.17589596069035607,0.7262656688690186,0.06034023314714432,0.3508221313357353
GaussianFilter,poisson_01_gauss_0.1,1.0,0.1,sticks_084.tif,21.105905939331024,0.15351878055086476,0.7131898999214172,0.06436936557292938,0.3587122671306133
GaussianFilter,poisson_01_gauss_0.1,1.0,0.1,sticks_083.tif,20.927555778470634,0.1305165445351394,0.6819954514503479,0.06951838731765747,0.3479293778538704
GaussianFilter,poisson_01_gauss_0.1,1.0,0.1,sticks_085.tif,22.167840055576065,0.1633934973381695,0.7512908577919006,0.054498545825481415,0.32940262109041213
GaussianFilter,poisson_01_gauss_0.1,1.0,0.1,sticks_086.tif,22.4897177086433,0.17851524252850284,0.7544376254081726,0.05212597921490669,0.3495849870145321
GaussianFilter,poisson_01_gauss_0.1,1.0,0.1,sticks_088.tif,22.595042685999648,0.15557932173202932,0.7459948062896729,0.055116087198257446,0.333086297288537
GaussianFilter,poisson_01_gauss_0.1,1.0,0.1,sticks_087.tif,20.49023820919317,0.1356240333928629,0.6920414566993713,0.07046090811491013,0.3632263407111168
GaussianFilter,poisson_01_gauss_0.1,1.0,0.1,sticks_089.tif,20.718010558981913,0.1332379416637385,0.6811985373497009,0.06952758133411407,0.3438595894724131
GaussianFilter,poisson_01_gauss_0.1,1.0,0.1,sticks_090.tif,21.041639861373376,0.15584050718832063,0.7180606722831726,0.06363485753536224,0.3618463099002838
GaussianFilter,poisson_01_gauss_0.1,1.0,0.1,sticks_091.tif,23.10091065296608,0.14188720944880523,0.7556006908416748,0.05541902035474777,0.32673548683524134
GaussianFilter,poisson_01_gauss_0.1,1.0,0.1,sticks_092.tif,20.053442608768695,0.1279614350584389,0.6821067333221436,0.07523614168167114,0.3554768435657024
GaussianFilter,poisson_01_gauss_0.1,1.0,0.1,sticks_093.tif,21.214768740345562,0.1650559061936771,0.7159391045570374,0.06422580778598785,0.3583125211298466
GaussianFilter,poisson_01_gauss_0.1,1.0,0.1,sticks_095.tif,20.97353439257523,0.17675564801073104,0.74152010679245,0.06317608058452606,0.3718378856778145
GaussianFilter,poisson_01_gauss_0.1,1.0,0.1,sticks_096.tif,21.292463448444778,0.1653037204137989,0.7181627750396729,0.06157165765762329,0.35074689984321594
GaussianFilter,poisson_01_gauss_0.1,1.0,0.1,sticks_097.tif,21.040728557169565,0.14929702304181225,0.7119195461273193,0.06623417884111404,0.3394457682967186
GaussianFilter,poisson_01_gauss_0.1,1.0,0.1,sticks_098.tif,21.475792235936012,0.16726119349552243,0.7408970594406128,0.06106945872306824,0.35764011442661287
GaussianFilter,poisson_01_gauss_0.1,1.0,0.1,sticks_099.tif,20.739967947588426,0.15286454494859,0.6972112655639648,0.06698697060346603,0.3648414522409439
GaussianFilter,poisson_01_gauss_0.1,1.0,0.1,sticks_094.tif,21.11619713924227,0.14403158261917764,0.6995456218719482,0.06295397132635117,0.35951563976705075
GaussianFilter,poisson_01_gauss_0.2,1.0,0.2,sticks_000.tif,19.64310623572867,0.10567677500308534,0.683399498462677,0.09168525040149689,0.38620361089706423
GaussianFilter,poisson_01_gauss_0.2,1.0,0.2,sticks_001.tif,18.046787893634722,0.11393411475172154,0.6556207537651062,0.10652226209640503,0.4171190641820431
GaussianFilter,poisson_01_gauss_0.2,1.0,0.2,sticks_002.tif,18.71057046800431,0.0796691296522002,0.6388158798217773,0.10234712064266205,0.4085316874086857
GaussianFilter,poisson_01_gauss_0.2,1.0,0.2,sticks_003.tif,18.918806881034087,0.09842628119979839,0.66417396068573,0.09930036962032318,0.401020760089159
GaussianFilter,poisson_01_gauss_0.2,1.0,0.2,sticks_004.tif,18.645135436626393,0.10418981469542687,0.6612523198127747,0.10248938947916031,0.4097839280962944
GaussianFilter,poisson_01_gauss_0.2,1.0,0.2,sticks_005.tif,19.11210346841228,0.0910023143712915,0.6414862871170044,0.09740962088108063,0.40691441744565965
GaussianFilter,poisson_01_gauss_0.2,1.0,0.2,sticks_007.tif,18.67905871377556,0.11084838559989221,0.6722121834754944,0.09879977256059647,0.41385876312851905
GaussianFilter,poisson_01_gauss_0.2,1.0,0.2,sticks_009.tif,21.275959694660532,0.10373615091894312,0.7186777591705322,0.07612974941730499,0.36536983400583267
GaussianFilter,poisson_01_gauss_0.2,1.0,0.2,sticks_008.tif,19.601936697068467,0.11769855115230954,0.6927027702331543,0.09141611307859421,0.36882847398519514
GaussianFilter,poisson_01_gauss_0.2,1.0,0.2,sticks_011.tif,19.756847235100288,0.11489967396507109,0.7062538862228394,0.0869484543800354,0.3914289899170399
GaussianFilter,poisson_01_gauss_0.2,1.0,0.2,sticks_006.tif,17.835730508917177,0.08118379281902971,0.6032443642616272,0.11481600999832153,0.4378172062337399
GaussianFilter,poisson_01_gauss_0.2,1.0,0.2,sticks_010.tif,18.781199463412094,0.10079910023544883,0.659000039100647,0.10077010095119476,0.40444289669394495
GaussianFilter,poisson_01_gauss_0.2,1.0,0.2,sticks_012.tif,19.026944405073454,0.1066575633969852,0.6712331175804138,0.0955360159277916,0.40062348544597626
GaussianFilter,poisson_01_gauss_0.2,1.0,0.2,sticks_016.tif,18.450347517446776,0.09342297377422198,0.6469398736953735,0.10373073816299438,0.41968285143375395
GaussianFilter,poisson_01_gauss_0.2,1.0,0.2,sticks_013.tif,18.142952449563204,0.09305018190320184,0.6665647029876709,0.11024335771799088,0.41182580813765524
GaussianFilter,poisson_01_gauss_0.2,1.0,0.2,sticks_014.tif,19.13707495436213,0.0942101455102313,0.6689011454582214,0.09987182170152664,0.38471008464694023
GaussianFilter,poisson_01_gauss_0.2,1.0,0.2,sticks_015.tif,19.307065867915174,0.1017569660756849,0.6688429117202759,0.09426169842481613,0.41311375722289084
GaussianFilter,poisson_01_gauss_0.2,1.0,0.2,sticks_018.tif,18.33677275271278,0.10103120251147786,0.6450297832489014,0.10289851576089859,0.4191498696804047
GaussianFilter,poisson_01_gauss_0.2,1.0,0.2,sticks_020.tif,19.37402425577897,0.10359057055985697,0.6800673007965088,0.09162111580371857,0.39761407375335694
GaussianFilter,poisson_01_gauss_0.2,1.0,0.2,sticks_017.tif,17.920675249420214,0.09092895280105276,0.6390213370323181,0.1119900494813919,0.4026020564138889
GaussianFilter,poisson_01_gauss_0.2,1.0,0.2,sticks_019.tif,18.577621795363232,0.10048309575782151,0.6686413884162903,0.10084893554449081,0.4072577692568302
GaussianFilter,poisson_01_gauss_0.2,1.0,0.2,sticks_021.tif,20.159588818205982,0.10950287328703298,0.689370334148407,0.08422406762838364,0.3867784194648266
GaussianFilter,poisson_01_gauss_0.2,1.0,0.2,sticks_022.tif,19.664523076601895,0.10326224185463549,0.6811325550079346,0.0901452898979187,0.39453371465206144
GaussianFilter,poisson_01_gauss_0.2,1.0,0.2,sticks_023.tif,19.54303427410946,0.12173358536009754,0.7004304528236389,0.08846171945333481,0.390594893693924
GaussianFilter,poisson_01_gauss_0.2,1.0,0.2,sticks_024.tif,19.47288559080228,0.09863750171341268,0.6792852282524109,0.09339170157909393,0.38682098910212515
GaussianFilter,poisson_01_gauss_0.2,1.0,0.2,sticks_025.tif,18.494024474216943,0.10193335695082006,0.673432469367981,0.10310343652963638,0.41915117725729945
GaussianFilter,poisson_01_gauss_0.2,1.0,0.2,sticks_026.tif,20.49435600062047,0.11247124071520001,0.7049643397331238,0.0825735479593277,0.37748402655124663
GaussianFilter,poisson_01_gauss_0.2,1.0,0.2,sticks_027.tif,18.922288452646498,0.12906056824260914,0.6907541155815125,0.096409372985363,0.3997977413237095
GaussianFilter,poisson_01_gauss_0.2,1.0,0.2,sticks_028.tif,18.084954052052368,0.09307814020210332,0.6319597363471985,0.11049040406942368,0.4090309150516987
GaussianFilter,poisson_01_gauss_0.2,1.0,0.2,sticks_029.tif,18.90275522535609,0.11323516886833182,0.6660973429679871,0.09589339792728424,0.4056108295917511
GaussianFilter,poisson_01_gauss_0.2,1.0,0.2,sticks_030.tif,18.33315471148207,0.09973735347471166,0.6546562910079956,0.103365957736969,0.4115334004163742
GaussianFilter,poisson_01_gauss_0.2,1.0,0.2,sticks_032.tif,19.084679576436237,0.10345292608906291,0.6795520782470703,0.09643808007240295,0.39950610175728796
GaussianFilter,poisson_01_gauss_0.2,1.0,0.2,sticks_031.tif,19.34325679834267,0.10377032240823275,0.6779441833496094,0.0952969640493393,0.39109682738780976
GaussianFilter,poisson_01_gauss_0.2,1.0,0.2,sticks_033.tif,17.786116980032958,0.10000688140827423,0.6441192626953125,0.1133679524064064,0.39719351530075075
GaussianFilter,poisson_01_gauss_0.2,1.0,0.2,sticks_034.tif,17.829507452185325,0.09103266648272258,0.6354056000709534,0.11273364722728729,0.4193311110138893
GaussianFilter,poisson_01_gauss_0.2,1.0,0.2,sticks_035.tif,18.885988046818888,0.10090761552172166,0.6825647354125977,0.09890760481357574,0.3993274360895157
GaussianFilter,poisson_01_gauss_0.2,1.0,0.2,sticks_036.tif,17.601150626259194,0.07566814062889402,0.6137271523475647,0.11892452090978622,0.4192899979650974
GaussianFilter,poisson_01_gauss_0.2,1.0,0.2,sticks_037.tif,17.615443530812257,0.0907331936516615,0.6284096240997314,0.11759182065725327,0.4192666821181774
GaussianFilter,poisson_01_gauss_0.2,1.0,0.2,sticks_038.tif,18.758318813899507,0.0867078321465715,0.6497467160224915,0.10372743755578995,0.4058893404901028
GaussianFilter,poisson_01_gauss_0.2,1.0,0.2,sticks_040.tif,19.480095802490563,0.11425342726924084,0.6908830404281616,0.08974634110927582,0.3900044158101082
GaussianFilter,poisson_01_gauss_0.2,1.0,0.2,sticks_039.tif,19.530955687079242,0.1052165046015023,0.6940615177154541,0.09099237620830536,0.40002911984920503
GaussianFilter,poisson_01_gauss_0.2,1.0,0.2,sticks_041.tif,19.505319383428244,0.09440419682208295,0.680677592754364,0.09418248385190964,0.3916400261223316
GaussianFilter,poisson_01_gauss_0.2,1.0,0.2,sticks_042.tif,18.74672586414169,0.08647191662705248,0.6568137407302856,0.10528449714183807,0.3917179279029369
GaussianFilter,poisson_01_gauss_0.2,1.0,0.2,sticks_043.tif,19.983970985832155,0.12012691029204388,0.7153173685073853,0.08499257266521454,0.3873576134443283
GaussianFilter,poisson_01_gauss_0.2,1.0,0.2,sticks_044.tif,19.681265435625328,0.11614983858435032,0.6863743662834167,0.08816741406917572,0.39603833928704263
GaussianFilter,poisson_01_gauss_0.2,1.0,0.2,sticks_045.tif,19.2274010954562,0.09161403817883827,0.660435140132904,0.09483331441879272,0.4009276136755943
GaussianFilter,poisson_01_gauss_0.2,1.0,0.2,sticks_046.tif,20.98356916722601,0.10606244276160341,0.7011916637420654,0.07899288833141327,0.35827431827783585
GaussianFilter,poisson_01_gauss_0.2,1.0,0.2,sticks_047.tif,19.999735460761265,0.09774336179213432,0.670948326587677,0.08843123912811279,0.37809411361813544
GaussianFilter,poisson_01_gauss_0.2,1.0,0.2,sticks_049.tif,19.060520180125515,0.09894163960182777,0.6656283140182495,0.0957680493593216,0.409914967417717
GaussianFilter,poisson_01_gauss_0.2,1.0,0.2,sticks_048.tif,18.543706008498773,0.10032592780040195,0.6524755954742432,0.10261867195367813,0.4061578907072544
GaussianFilter,poisson_01_gauss_0.2,1.0,0.2,sticks_050.tif,17.622646548096647,0.07782743497487024,0.6151224374771118,0.1189294084906578,0.405926376581192
GaussianFilter,poisson_01_gauss_0.2,1.0,0.2,sticks_051.tif,18.943488462252972,0.11284379933887004,0.6766865253448486,0.09494007378816605,0.40728301256895066
GaussianFilter,poisson_01_gauss_0.2,1.0,0.2,sticks_053.tif,17.90829498533981,0.10193614369573453,0.6423546075820923,0.10872070491313934,0.4223863981664181
GaussianFilter,poisson_01_gauss_0.2,1.0,0.2,sticks_052.tif,18.501858330596708,0.09433278654117673,0.6762838959693909,0.10407347977161407,0.40719635635614393
GaussianFilter,poisson_01_gauss_0.2,1.0,0.2,sticks_054.tif,21.023779358892583,0.10774625536878478,0.7056258916854858,0.07820145040750504,0.36073894277215
GaussianFilter,poisson_01_gauss_0.2,1.0,0.2,sticks_055.tif,19.304774382584156,0.11098053806392473,0.6994622945785522,0.0912649855017662,0.40141748264431953
GaussianFilter,poisson_01_gauss_0.2,1.0,0.2,sticks_056.tif,18.978882753651135,0.10057383498523213,0.6708488464355469,0.09782226383686066,0.3935186669230461
GaussianFilter,poisson_01_gauss_0.2,1.0,0.2,sticks_059.tif,19.311711475375205,0.09393361947042103,0.6517277359962463,0.09605956077575684,0.3931827150285244
GaussianFilter,poisson_01_gauss_0.2,1.0,0.2,sticks_058.tif,18.05247999759416,0.09403406257466901,0.6409425139427185,0.10975871235132217,0.4204975992441177
GaussianFilter,poisson_01_gauss_0.2,1.0,0.2,sticks_057.tif,19.923406534433557,0.11228440606192197,0.7004906535148621,0.08646108210086823,0.3962603874504566
GaussianFilter,poisson_01_gauss_0.2,1.0,0.2,sticks_060.tif,18.83601626889672,0.08978299860763676,0.6779200434684753,0.10521452128887177,0.3936517536640167
GaussianFilter,poisson_01_gauss_0.2,1.0,0.2,sticks_063.tif,18.7248370033656,0.10566157374704432,0.6815696954727173,0.1021798625588417,0.38360323682427405
GaussianFilter,poisson_01_gauss_0.2,1.0,0.2,sticks_061.tif,18.290682628634045,0.10676493744510232,0.6804261803627014,0.10574562847614288,0.4076906703412533
GaussianFilter,poisson_01_gauss_0.2,1.0,0.2,sticks_062.tif,18.16423729498345,0.08032610919264754,0.6682868003845215,0.11065150797367096,0.3892639346420765
GaussianFilter,poisson_01_gauss_0.2,1.0,0.2,sticks_067.tif,19.16711228492832,0.11656251756657343,0.6753877997398376,0.09350967407226562,0.4097129203379154
GaussianFilter,poisson_01_gauss_0.2,1.0,0.2,sticks_066.tif,18.83745052566978,0.09917746243770849,0.6682013273239136,0.09892182052135468,0.40738613307476046
GaussianFilter,poisson_01_gauss_0.2,1.0,0.2,sticks_065.tif,19.517269786774744,0.10271893979018297,0.6918378472328186,0.09105751663446426,0.39949910864233973
GaussianFilter,poisson_01_gauss_0.2,1.0,0.2,sticks_068.tif,19.036583699873614,0.0994596441779201,0.6479132175445557,0.09840788692235947,0.4105013348162174
GaussianFilter,poisson_01_gauss_0.2,1.0,0.2,sticks_069.tif,19.948544801029488,0.11549567073910856,0.6980600953102112,0.08513837307691574,0.39841159880161287
GaussianFilter,poisson_01_gauss_0.2,1.0,0.2,sticks_064.tif,18.65543544073448,0.09564176447620153,0.6802039742469788,0.10391291230916977,0.38093086555600164
GaussianFilter,poisson_01_gauss_0.2,1.0,0.2,sticks_070.tif,19.210268336051428,0.10624562228409148,0.6745312213897705,0.09613201022148132,0.3882969103753567
GaussianFilter,poisson_01_gauss_0.2,1.0,0.2,sticks_071.tif,17.881066244069427,0.09695832988154718,0.6322326064109802,0.11072713136672974,0.41758799701929095
GaussianFilter,poisson_01_gauss_0.2,1.0,0.2,sticks_072.tif,19.70458420572013,0.09996105421061476,0.6759691834449768,0.09175782650709152,0.37495648860931396
GaussianFilter,poisson_01_gauss_0.2,1.0,0.2,sticks_073.tif,19.041169448462497,0.09953281875006893,0.6565007567405701,0.09710928052663803,0.396597933024168
GaussianFilter,poisson_01_gauss_0.2,1.0,0.2,sticks_074.tif,19.6614734478783,0.1021130143070493,0.6642727851867676,0.08880402892827988,0.39236497282981875
GaussianFilter,poisson_01_gauss_0.2,1.0,0.2,sticks_075.tif,19.18481313229461,0.10327281291888354,0.6741916537284851,0.09411300718784332,0.402329620718956
GaussianFilter,poisson_01_gauss_0.2,1.0,0.2,sticks_076.tif,17.89473815903559,0.10198777111780882,0.6286360025405884,0.11126027256250381,0.41659124121069907
GaussianFilter,poisson_01_gauss_0.2,1.0,0.2,sticks_077.tif,18.19263829926683,0.10154102832568766,0.6680557131767273,0.10594016313552856,0.4196409873664379
GaussianFilter,poisson_01_gauss_0.2,1.0,0.2,sticks_078.tif,18.320812081974623,0.08895494823649294,0.645279586315155,0.10433139652013779,0.43124640360474586
GaussianFilter,poisson_01_gauss_0.2,1.0,0.2,sticks_079.tif,18.73768665421084,0.10750996328034537,0.6667307615280151,0.10090446472167969,0.40167519450187683
GaussianFilter,poisson_01_gauss_0.2,1.0,0.2,sticks_080.tif,18.784810326320343,0.10934935289368732,0.674809455871582,0.09854427725076675,0.41085772663354875
GaussianFilter,poisson_01_gauss_0.2,1.0,0.2,sticks_081.tif,19.05829780039055,0.11518754455895595,0.6711030602455139,0.09462246298789978,0.40354236885905265
GaussianFilter,poisson_01_gauss_0.2,1.0,0.2,sticks_082.tif,19.20008538485515,0.11712442872408899,0.6838051080703735,0.09145859628915787,0.40160882845520973
GaussianFilter,poisson_01_gauss_0.2,1.0,0.2,sticks_084.tif,18.195113775288224,0.09946685075993623,0.6609111428260803,0.1070994958281517,0.41245711743831637
GaussianFilter,poisson_01_gauss_0.2,1.0,0.2,sticks_083.tif,18.011865552410498,0.08918934517356583,0.6295915246009827,0.11244632303714752,0.41122183203697205
GaussianFilter,poisson_01_gauss_0.2,1.0,0.2,sticks_085.tif,20.556480818747747,0.10804833879946178,0.7183924317359924,0.0779218077659607,0.3712438106536865
GaussianFilter,poisson_01_gauss_0.2,1.0,0.2,sticks_086.tif,19.26143231044793,0.09669355793671076,0.6936360001564026,0.09403873980045319,0.3938220664858818
GaussianFilter,poisson_01_gauss_0.2,1.0,0.2,sticks_088.tif,19.748790328258437,0.09537303554586986,0.6929399371147156,0.09037147462368011,0.3815122440457344
GaussianFilter,poisson_01_gauss_0.2,1.0,0.2,sticks_087.tif,18.0911577232684,0.09503244756558445,0.640673816204071,0.10686945915222168,0.41930894255638124
GaussianFilter,poisson_01_gauss_0.2,1.0,0.2,sticks_089.tif,18.903756849180148,0.09833773905528519,0.6552315950393677,0.09928251802921295,0.395899448543787
GaussianFilter,poisson_01_gauss_0.2,1.0,0.2,sticks_090.tif,18.411569426038646,0.10078719575698714,0.6754774451255798,0.10401050001382828,0.41084508076310156
GaussianFilter,poisson_01_gauss_0.2,1.0,0.2,sticks_091.tif,19.891480249005042,0.089918057195429,0.7011865973472595,0.09150369465351105,0.3715429052710533
GaussianFilter,poisson_01_gauss_0.2,1.0,0.2,sticks_092.tif,18.661934839275474,0.10011087552664079,0.6566637754440308,0.09998974204063416,0.4062096230685711
GaussianFilter,poisson_01_gauss_0.2,1.0,0.2,sticks_093.tif,18.628942255788957,0.11427604745575679,0.6641412377357483,0.10043451935052872,0.4127029232680798
GaussianFilter,poisson_01_gauss_0.2,1.0,0.2,sticks_095.tif,18.447286677011853,0.11785503940799288,0.6832550168037415,0.09915457665920258,0.4178590953350067
GaussianFilter,poisson_01_gauss_0.2,1.0,0.2,sticks_096.tif,19.576353692217737,0.1123646033009279,0.6936643719673157,0.08976444602012634,0.3873506627976894
GaussianFilter,poisson_01_gauss_0.2,1.0,0.2,sticks_097.tif,18.21854210700369,0.10021503028256554,0.6638201475143433,0.10796777904033661,0.39559112936258317
GaussianFilter,poisson_01_gauss_0.2,1.0,0.2,sticks_098.tif,18.94151995467552,0.11341578631133256,0.6839759349822998,0.09453670680522919,0.40958001390099524
GaussianFilter,poisson_01_gauss_0.2,1.0,0.2,sticks_099.tif,18.201587362755884,0.10115151781449942,0.6563800573348999,0.1070629209280014,0.4141148552298546
GaussianFilter,poisson_01_gauss_0.2,1.0,0.2,sticks_094.tif,18.018809076847095,0.08823054348622825,0.636914849281311,0.1092497929930687,0.41961421966552737
GaussianFilter,poisson_04_gauss_0.05,4.0,0.05,sticks_000.tif,24.899118141870368,0.35378942109120975,0.8016352653503418,0.03516218438744545,0.3063137408345938
GaussianFilter,poisson_04_gauss_0.05,4.0,0.05,sticks_001.tif,21.429296863130226,0.24372200025882876,0.7273467183113098,0.05411088466644287,0.34223451763391494
GaussianFilter,poisson_04_gauss_0.05,4.0,0.05,sticks_002.tif,23.088761432558943,0.24654496282924782,0.7375808954238892,0.04293745011091232,0.30596889592707155
GaussianFilter,poisson_04_gauss_0.05,4.0,0.05,sticks_003.tif,22.7980190530401,0.3000338932465846,0.7433720231056213,0.04363086447119713,0.3317760307341814
GaussianFilter,poisson_04_gauss_0.05,4.0,0.05,sticks_004.tif,23.00229305120844,0.28720511795167436,0.7473072409629822,0.04427744448184967,0.3307577300816774
GaussianFilter,poisson_04_gauss_0.05,4.0,0.05,sticks_005.tif,23.899334936409137,0.27127966624877936,0.7645334005355835,0.03973344713449478,0.302970601990819
GaussianFilter,poisson_04_gauss_0.05,4.0,0.05,sticks_007.tif,22.956480401855117,0.3122319645368982,0.7710149884223938,0.043158166110515594,0.32718220800161363
GaussianFilter,poisson_04_gauss_0.05,4.0,0.05,sticks_009.tif,26.274733796876,0.37600889036726376,0.8259548544883728,0.03008076548576355,0.29320002123713496
GaussianFilter,poisson_04_gauss_0.05,4.0,0.05,sticks_008.tif,24.491988471538107,0.3470137995034493,0.796699047088623,0.0365711934864521,0.2855646129697561
GaussianFilter,poisson_04_gauss_0.05,4.0,0.05,sticks_011.tif,23.544992131845607,0.343295945723215,0.7911193370819092,0.03991910070180893,0.3225381445139647
GaussianFilter,poisson_04_gauss_0.05,4.0,0.05,sticks_006.tif,23.4793698240087,0.21924780961669207,0.7359613180160522,0.04464944824576378,0.32564669065177443
GaussianFilter,poisson_04_gauss_0.05,4.0,0.05,sticks_010.tif,23.139360620854,0.2885945753112829,0.7563925981521606,0.04278825223445892,0.32081252820789813
GaussianFilter,poisson_04_gauss_0.05,4.0,0.05,sticks_012.tif,22.951808021619,0.31186949775162986,0.7639130353927612,0.04257304593920708,0.31712164357304573
GaussianFilter,poisson_04_gauss_0.05,4.0,0.05,sticks_016.tif,22.423367940037192,0.26325465429939593,0.7321507930755615,0.04611640423536301,0.34196901209652425
GaussianFilter,poisson_04_gauss_0.05,4.0,0.05,sticks_013.tif,23.541839336816786,0.29306085577855945,0.774619996547699,0.0414874367415905,0.33866495415568354
GaussianFilter,poisson_04_gauss_0.05,4.0,0.05,sticks_014.tif,24.387402086983876,0.2759357958212538,0.7683666348457336,0.0390717014670372,0.29454189315438273
GaussianFilter,poisson_04_gauss_0.05,4.0,0.05,sticks_015.tif,23.87183098724762,0.2610371387551173,0.7664551734924316,0.04156374931335449,0.32767681665718557
GaussianFilter,poisson_04_gauss_0.05,4.0,0.05,sticks_018.tif,21.906088021754545,0.2600052071594844,0.7220720648765564,0.048991017043590546,0.3363537687808275
GaussianFilter,poisson_04_gauss_0.05,4.0,0.05,sticks_020.tif,22.482146437020802,0.2444091396721104,0.7512446045875549,0.04699645936489105,0.3309441164135933
GaussianFilter,poisson_04_gauss_0.05,4.0,0.05,sticks_017.tif,22.237790464486636,0.22823415999014304,0.7321316599845886,0.04894585162401199,0.31062506027519704
GaussianFilter,poisson_04_gauss_0.05,4.0,0.05,sticks_019.tif,22.872472376189748,0.31373332908932156,0.7685055732727051,0.04227659851312637,0.3230558164417744
GaussianFilter,poisson_04_gauss_0.05,4.0,0.05,sticks_021.tif,23.754342813371228,0.32676160299300666,0.7714483737945557,0.03897200897336006,0.31638037152588366
GaussianFilter,poisson_04_gauss_0.05,4.0,0.05,sticks_022.tif,23.5829524011802,0.3104118066720876,0.7682977914810181,0.03971511498093605,0.31983739472925665
GaussianFilter,poisson_04_gauss_0.05,4.0,0.05,sticks_023.tif,23.25434799427034,0.3306396475221281,0.7812243700027466,0.04155651852488518,0.32071357741951945
GaussianFilter,poisson_04_gauss_0.05,4.0,0.05,sticks_024.tif,24.646852637154804,0.322047616235337,0.8001697063446045,0.03627057373523712,0.29946381598711014
GaussianFilter,poisson_04_gauss_0.05,4.0,0.05,sticks_025.tif,22.466771683094322,0.29425565791249464,0.7531216144561768,0.04532856121659279,0.3499917592853308
GaussianFilter,poisson_04_gauss_0.05,4.0,0.05,sticks_026.tif,24.722566036204636,0.29671409374252744,0.7970097064971924,0.037527091801166534,0.3121236965060234
GaussianFilter,poisson_04_gauss_0.05,4.0,0.05,sticks_027.tif,22.50915811784008,0.30775204533154715,0.7584564089775085,0.047103021293878555,0.33528069853782655
GaussianFilter,poisson_04_gauss_0.05,4.0,0.05,sticks_028.tif,23.11861073899356,0.25150719479682065,0.7518442273139954,0.044868104159832,0.30450878813862803
GaussianFilter,poisson_04_gauss_0.05,4.0,0.05,sticks_029.tif,22.045103926804344,0.30644386391085404,0.733951210975647,0.046663813292980194,0.3328298706561327
GaussianFilter,poisson_04_gauss_0.05,4.0,0.05,sticks_030.tif,23.579514694364736,0.32207693848119034,0.7856090068817139,0.0398147776722908,0.31541897915303707
GaussianFilter,poisson_04_gauss_0.05,4.0,0.05,sticks_032.tif,23.133461483004897,0.31795445264847505,0.7637075185775757,0.04148375242948532,0.3263426713645458
GaussianFilter,poisson_04_gauss_0.05,4.0,0.05,sticks_031.tif,23.64967111182354,0.3104459775534492,0.762454628944397,0.040464136749506,0.317439378798008
GaussianFilter,poisson_04_gauss_0.05,4.0,0.05,sticks_033.tif,22.36034482873694,0.31022907116819237,0.7490473389625549,0.04475634545087814,0.30925456546247004
GaussianFilter,poisson_04_gauss_0.05,4.0,0.05,sticks_034.tif,21.973163586457783,0.25292955829669694,0.725265383720398,0.04887062683701515,0.3365009482949972
GaussianFilter,poisson_04_gauss_0.05,4.0,0.05,sticks_035.tif,23.2015663335382,0.31330724985468256,0.7715557813644409,0.04140499606728554,0.3296913348138332
GaussianFilter,poisson_04_gauss_0.05,4.0,0.05,sticks_036.tif,23.81151950477387,0.2816405628226107,0.766863226890564,0.03930613026022911,0.3013187225908041
GaussianFilter,poisson_04_gauss_0.05,4.0,0.05,sticks_037.tif,23.322825626812037,0.27585776263842626,0.7604343295097351,0.04265469312667847,0.31841510646045207
GaussianFilter,poisson_04_gauss_0.05,4.0,0.05,sticks_038.tif,24.723587434415307,0.2930155402556781,0.7775598168373108,0.03668562322854996,0.3049635335803032
GaussianFilter,poisson_04_gauss_0.05,4.0,0.05,sticks_040.tif,23.86342139037186,0.3604775835452588,0.793616771697998,0.03787263482809067,0.3071818843483925
GaussianFilter,poisson_04_gauss_0.05,4.0,0.05,sticks_039.tif,23.605665644707457,0.3158251330749734,0.7764637470245361,0.03993169590830803,0.32571802791208027
GaussianFilter,poisson_04_gauss_0.05,4.0,0.05,sticks_041.tif,24.758616872111034,0.31963920879320445,0.7876413464546204,0.03585300222039223,0.3106199823319912
GaussianFilter,poisson_04_gauss_0.05,4.0,0.05,sticks_042.tif,25.490207047528727,0.33583144264322495,0.793515145778656,0.03335438668727875,0.29331899955868723
GaussianFilter,poisson_04_gauss_0.05,4.0,0.05,sticks_043.tif,22.970108003956696,0.28024061407408823,0.7716647982597351,0.04455030709505081,0.32667168602347374
GaussianFilter,poisson_04_gauss_0.05,4.0,0.05,sticks_044.tif,23.334331891247583,0.3119093122716988,0.7715650200843811,0.041403140872716904,0.32652481012046336
GaussianFilter,poisson_04_gauss_0.05,4.0,0.05,sticks_045.tif,24.03007820274363,0.33103254850065705,0.7687851786613464,0.0369756743311882,0.3057229399681091
GaussianFilter,poisson_04_gauss_0.05,4.0,0.05,sticks_046.tif,27.05454788768746,0.38412148888478104,0.837370753288269,0.02847548946738243,0.2724090306088328
GaussianFilter,poisson_04_gauss_0.05,4.0,0.05,sticks_047.tif,25.10261617441067,0.3512465882856115,0.7933366894721985,0.03347540646791458,0.2871945042163134
GaussianFilter,poisson_04_gauss_0.05,4.0,0.05,sticks_049.tif,23.820130174272034,0.31144141104892986,0.7826929688453674,0.03857668116688728,0.31591388285160066
GaussianFilter,poisson_04_gauss_0.05,4.0,0.05,sticks_048.tif,22.90215335462897,0.29232778227405404,0.7514909505844116,0.043783701956272125,0.31760806664824487
GaussianFilter,poisson_04_gauss_0.05,4.0,0.05,sticks_050.tif,23.955434570388334,0.30086602106643684,0.7642590999603271,0.038395512849092484,0.2867089226841927
GaussianFilter,poisson_04_gauss_0.05,4.0,0.05,sticks_051.tif,22.838911084453777,0.3230396117564803,0.7681504487991333,0.043453700840473175,0.3343546975404024
GaussianFilter,poisson_04_gauss_0.05,4.0,0.05,sticks_053.tif,21.854894474365402,0.2711938969228294,0.7374997735023499,0.04939229041337967,0.3408855229616165
GaussianFilter,poisson_04_gauss_0.05,4.0,0.05,sticks_052.tif,23.15386575914551,0.2867275416954671,0.7710099816322327,0.04280794411897659,0.3281725101172924
GaussianFilter,poisson_04_gauss_0.05,4.0,0.05,sticks_054.tif,26.048700109146765,0.36418560292986557,0.8132835626602173,0.031050439924001694,0.2761228787712753
GaussianFilter,poisson_04_gauss_0.05,4.0,0.05,sticks_055.tif,22.672910164165337,0.3233336208510197,0.7641578316688538,0.04336460307240486,0.3379555854946375
GaussianFilter,poisson_04_gauss_0.05,4.0,0.05,sticks_056.tif,22.7840938016144,0.299881384860371,0.755233883857727,0.04335285723209381,0.32006569392979145
GaussianFilter,poisson_04_gauss_0.05,4.0,0.05,sticks_059.tif,25.048395327091157,0.33835300511191035,0.7865322232246399,0.03426206484436989,0.29375753179192543
GaussianFilter,poisson_04_gauss_0.05,4.0,0.05,sticks_058.tif,22.782140801426994,0.3056059459982236,0.7424507737159729,0.043753404170274734,0.33692281879484653
GaussianFilter,poisson_04_gauss_0.05,4.0,0.05,sticks_057.tif,24.24240722378964,0.3817371860893681,0.7931970357894897,0.03693361580371857,0.32614597752690316
GaussianFilter,poisson_04_gauss_0.05,4.0,0.05,sticks_060.tif,25.660593741188762,0.35401219367641423,0.8018619418144226,0.03285173326730728,0.31499998159706594
GaussianFilter,poisson_04_gauss_0.05,4.0,0.05,sticks_063.tif,23.81114985962173,0.34653438050706886,0.7857102155685425,0.03891199827194214,0.3046772379428148
GaussianFilter,poisson_04_gauss_0.05,4.0,0.05,sticks_061.tif,22.16116267218493,0.3203774591685209,0.7489068508148193,0.04554114490747452,0.3381345247849822
GaussianFilter,poisson_04_gauss_0.05,4.0,0.05,sticks_062.tif,24.107191760351682,0.32264340605975594,0.7858423590660095,0.03664030879735947,0.30391368754208087
GaussianFilter,poisson_04_gauss_0.05,4.0,0.05,sticks_067.tif,23.495339918684298,0.3316897638623796,0.7725446224212646,0.040350235998630524,0.3220533046871424
GaussianFilter,poisson_04_gauss_0.05,4.0,0.05,sticks_066.tif,23.728029422260505,0.32981100683863124,0.785168468952179,0.038918573409318924,0.3243735458701849
GaussianFilter,poisson_04_gauss_0.05,4.0,0.05,sticks_065.tif,23.7378990015159,0.28678253644458684,0.7788364887237549,0.04055320471525192,0.33060011379420756
GaussianFilter,poisson_04_gauss_0.05,4.0,0.05,sticks_068.tif,24.574494161477972,0.32361290382692204,0.7749228477478027,0.036826636642217636,0.3084472965449095
GaussianFilter,poisson_04_gauss_0.05,4.0,0.05,sticks_069.tif,23.207934410174094,0.29432466919915873,0.7652902603149414,0.042638231068849564,0.3314516726881266
GaussianFilter,poisson_04_gauss_0.05,4.0,0.05,sticks_064.tif,23.818500231313323,0.32460809121867334,0.7852225303649902,0.03863151744008064,0.2980255499482155
GaussianFilter,poisson_04_gauss_0.05,4.0,0.05,sticks_070.tif,24.454219086707567,0.36066683582380776,0.7895698547363281,0.03592247515916824,0.2980177463963628
GaussianFilter,poisson_04_gauss_0.05,4.0,0.05,sticks_071.tif,22.87903980556363,0.31285559440317967,0.7509223222732544,0.042931679636240005,0.32029594145715234
GaussianFilter,poisson_04_gauss_0.05,4.0,0.05,sticks_072.tif,25.21703092397752,0.3477866500149839,0.7927498817443848,0.033335112035274506,0.284700508415699
GaussianFilter,poisson_04_gauss_0.05,4.0,0.05,sticks_073.tif,23.785667660310523,0.2853435985143899,0.7661031484603882,0.040152959525585175,0.3014480475336313
GaussianFilter,poisson_04_gauss_0.05,4.0,0.05,sticks_074.tif,23.709698131088267,0.28551210426551576,0.7694119811058044,0.039605095982551575,0.29162914734333756
GaussianFilter,poisson_04_gauss_0.05,4.0,0.05,sticks_075.tif,23.434453843044373,0.33784050253585746,0.7772607803344727,0.040093567222356796,0.3244611032307148
GaussianFilter,poisson_04_gauss_0.05,4.0,0.05,sticks_076.tif,23.629735183715347,0.31533323947916914,0.7630887031555176,0.04107970744371414,0.30832696706056595
GaussianFilter,poisson_04_gauss_0.05,4.0,0.05,sticks_077.tif,22.292875914381504,0.30657545855636525,0.7516456842422485,0.045114196836948395,0.34691896550357343
GaussianFilter,poisson_04_gauss_0.05,4.0,0.05,sticks_078.tif,22.540518120281444,0.26040634707532667,0.7461250424385071,0.04530353844165802,0.3452809970825911
GaussianFilter,poisson_04_gauss_0.05,4.0,0.05,sticks_079.tif,23.153403035005724,0.30662367842207094,0.757566511631012,0.04253394156694412,0.3230032607913017
GaussianFilter,poisson_04_gauss_0.05,4.0,0.05,sticks_080.tif,22.75185989015322,0.32444057797773995,0.7597208619117737,0.043911684304475784,0.3408629152923822
GaussianFilter,poisson_04_gauss_0.05,4.0,0.05,sticks_081.tif,22.8148869845781,0.279777641402309,0.757541298866272,0.045215003192424774,0.3241592328995466
GaussianFilter,poisson_04_gauss_0.05,4.0,0.05,sticks_082.tif,22.383125758803786,0.3037314553518404,0.7540850043296814,0.045632362365722656,0.3252856906503439
GaussianFilter,poisson_04_gauss_0.05,4.0,0.05,sticks_084.tif,22.37308388573469,0.29241433695127017,0.743402898311615,0.045701563358306885,0.3341139778494835
GaussianFilter,poisson_04_gauss_0.05,4.0,0.05,sticks_083.tif,23.6685087056074,0.3038964988605851,0.7543789744377136,0.039785705506801605,0.3118606932461262
GaussianFilter,poisson_04_gauss_0.05,4.0,0.05,sticks_085.tif,24.626270796609052,0.41608984783210984,0.8220266699790955,0.03248745948076248,0.29705196246504784
GaussianFilter,poisson_04_gauss_0.05,4.0,0.05,sticks_086.tif,23.93100624292729,0.35648765006471717,0.7975313067436218,0.03671298176050186,0.3241364572197199
GaussianFilter,poisson_04_gauss_0.05,4.0,0.05,sticks_088.tif,24.47969557811444,0.3258123344748828,0.7983981966972351,0.036589108407497406,0.30635945945978166
GaussianFilter,poisson_04_gauss_0.05,4.0,0.05,sticks_087.tif,22.45064116794171,0.2867805162960466,0.742291271686554,0.04524572938680649,0.3318399965763092
GaussianFilter,poisson_04_gauss_0.05,4.0,0.05,sticks_089.tif,23.078153170148955,0.2960702711392169,0.7442471981048584,0.041877876967191696,0.30586349666118623
GaussianFilter,poisson_04_gauss_0.05,4.0,0.05,sticks_090.tif,22.7512687153841,0.3075198245625323,0.7641963958740234,0.043134141713380814,0.3317879498004913
GaussianFilter,poisson_04_gauss_0.05,4.0,0.05,sticks_091.tif,25.42102173160429,0.3670926728458323,0.8124296069145203,0.03237587586045265,0.30309919752180575
GaussianFilter,poisson_04_gauss_0.05,4.0,0.05,sticks_092.tif,22.535204898261693,0.2839199512978106,0.7492606043815613,0.045074112713336945,0.3198823120445013
GaussianFilter,poisson_04_gauss_0.05,4.0,0.05,sticks_093.tif,23.170610553473317,0.33923772334749136,0.7664262056350708,0.041933950036764145,0.3307905375957489
GaussianFilter,poisson_04_gauss_0.05,4.0,0.05,sticks_095.tif,21.741430064717573,0.3136231793091549,0.7619061470031738,0.04866396635770798,0.3555885720998049
GaussianFilter,poisson_04_gauss_0.05,4.0,0.05,sticks_096.tif,23.425099964813086,0.3517313571894873,0.781558632850647,0.039978012442588806,0.3183244798332453
GaussianFilter,poisson_04_gauss_0.05,4.0,0.05,sticks_097.tif,23.10124580416918,0.3320259500253752,0.7605392336845398,0.041409898549318314,0.30870819203555583
GaussianFilter,poisson_04_gauss_0.05,4.0,0.05,sticks_098.tif,22.667877292873968,0.33462887965982757,0.7705124616622925,0.04310784116387367,0.33926587291061877
GaussianFilter,poisson_04_gauss_0.05,4.0,0.05,sticks_099.tif,22.48071003237548,0.28818967790408573,0.7418752908706665,0.0460183210670948,0.3332877688109875
GaussianFilter,poisson_04_gauss_0.05,4.0,0.05,sticks_094.tif,22.6703970933282,0.2950428235315853,0.7473028898239136,0.042568404227495193,0.332077307254076
GaussianFilter,poisson_04_gauss_0.1,4.0,0.1,sticks_000.tif,23.563240341462446,0.19471428270490226,0.7685450911521912,0.04837261885404587,0.31909277364611627
GaussianFilter,poisson_04_gauss_0.1,4.0,0.1,sticks_001.tif,20.63648473962892,0.16386097564292929,0.7140888571739197,0.06802847236394882,0.3533105760812759
GaussianFilter,poisson_04_gauss_0.1,4.0,0.1,sticks_002.tif,22.114912075625735,0.14320727405059422,0.7150596380233765,0.05687200278043747,0.32213228605687616
GaussianFilter,poisson_04_gauss_0.1,4.0,0.1,sticks_003.tif,21.351033250116913,0.1420028055994248,0.7141885161399841,0.06502287834882736,0.3412692818790674
GaussianFilter,poisson_04_gauss_0.1,4.0,0.1,sticks_004.tif,21.854030346996545,0.16562680153306064,0.7251769304275513,0.05978664010763168,0.34221483021974564
GaussianFilter,poisson_04_gauss_0.1,4.0,0.1,sticks_005.tif,22.824250415554665,0.16188362019820085,0.7334794998168945,0.05295339971780777,0.31833489127457143
GaussianFilter,poisson_04_gauss_0.1,4.0,0.1,sticks_007.tif,21.70594671125815,0.1758302409404035,0.7448906898498535,0.05895579606294632,0.3420101337134838
GaussianFilter,poisson_04_gauss_0.1,4.0,0.1,sticks_009.tif,24.78254003532104,0.1980803037978312,0.7895495891571045,0.042527832090854645,0.30652347952127457
GaussianFilter,poisson_04_gauss_0.1,4.0,0.1,sticks_008.tif,23.80371532898267,0.20876961920304943,0.7813888788223267,0.04706257954239845,0.2928655918687582
GaussianFilter,poisson_04_gauss_0.1,4.0,0.1,sticks_011.tif,22.753784352796913,0.19626483512362378,0.7747752070426941,0.05147131532430649,0.3307562168687582
GaussianFilter,poisson_04_gauss_0.1,4.0,0.1,sticks_006.tif,21.957492279873577,0.1420946344565295,0.6972809433937073,0.06025050953030586,0.34730838127434255
GaussianFilter,poisson_04_gauss_0.1,4.0,0.1,sticks_010.tif,21.90590988295256,0.16266932041912271,0.7258872389793396,0.058879315853118896,0.33507176078855994
GaussianFilter,poisson_04_gauss_0.1,4.0,0.1,sticks_012.tif,22.225308253074804,0.18695129214622747,0.7461572885513306,0.054043449461460114,0.32941534705460074
GaussianFilter,poisson_04_gauss_0.1,4.0,0.1,sticks_016.tif,20.880879682396994,0.13991433587554727,0.6970101594924927,0.06643669307231903,0.3574024047702551
GaussianFilter,poisson_04_gauss_0.1,4.0,0.1,sticks_013.tif,22.788329916528028,0.19146092228624909,0.7565361857414246,0.05103934928774834,0.34821110740303995
GaussianFilter,poisson_04_gauss_0.1,4.0,0.1,sticks_014.tif,23.085814288094923,0.1678344058886661,0.7408158183097839,0.052812058478593826,0.3123713944107294
GaussianFilter,poisson_04_gauss_0.1,4.0,0.1,sticks_015.tif,23.119912886456227,0.1837240394632292,0.7506187558174133,0.05057552456855774,0.3393305916339159
GaussianFilter,poisson_04_gauss_0.1,4.0,0.1,sticks_018.tif,21.090094590567425,0.15843652619650228,0.7081355452537537,0.06302519142627716,0.34829340800642966
GaussianFilter,poisson_04_gauss_0.1,4.0,0.1,sticks_020.tif,21.805862007037668,0.1530333220488683,0.7388185262680054,0.060043543577194214,0.33770640641450883
GaussianFilter,poisson_04_gauss_0.1,4.0,0.1,sticks_017.tif,21.719441410022924,0.15846431922749532,0.7224868535995483,0.059384673833847046,0.32251276932656764
GaussianFilter,poisson_04_gauss_0.1,4.0,0.1,sticks_019.tif,22.286239598623826,0.18373647799197024,0.7554545998573303,0.0534290187060833,0.3327375750988722
GaussianFilter,poisson_04_gauss_0.1,4.0,0.1,sticks_021.tif,22.178091962917183,0.15464130998009232,0.7366777062416077,0.058480240404605865,0.32842783629894257
GaussianFilter,poisson_04_gauss_0.1,4.0,0.1,sticks_022.tif,22.460952830886335,0.16336997819907909,0.7426071763038635,0.055408161133527756,0.33159272000193596
GaussianFilter,poisson_04_gauss_0.1,4.0,0.1,sticks_023.tif,22.577162266607424,0.19030138451647619,0.770376443862915,0.053822942078113556,0.32565141953527926
GaussianFilter,poisson_04_gauss_0.1,4.0,0.1,sticks_024.tif,23.665493449628382,0.1862852074042428,0.7755627632141113,0.04794707149267197,0.3098688989877701
GaussianFilter,poisson_04_gauss_0.1,4.0,0.1,sticks_025.tif,21.575314643138057,0.17184941039269125,0.7335056662559509,0.05890202522277832,0.359898979216814
GaussianFilter,poisson_04_gauss_0.1,4.0,0.1,sticks_026.tif,24.142009758030518,0.20790488060602788,0.7829037308692932,0.04503284767270088,0.3188608318567276
GaussianFilter,poisson_04_gauss_0.1,4.0,0.1,sticks_027.tif,21.75319749447706,0.2003279540679203,0.746837854385376,0.058563731610774994,0.34451031051576136
GaussianFilter,poisson_04_gauss_0.1,4.0,0.1,sticks_028.tif,21.081980983689128,0.1356321687210877,0.7036716341972351,0.06896155327558517,0.32598404213786125
GaussianFilter,poisson_04_gauss_0.1,4.0,0.1,sticks_029.tif,21.01662142214686,0.16661505532078047,0.711098313331604,0.06326881051063538,0.345226352289319
GaussianFilter,poisson_04_gauss_0.1,4.0,0.1,sticks_030.tif,22.410433281685492,0.1858252139269981,0.7557425498962402,0.052899401634931564,0.3297296814620495
GaussianFilter,poisson_04_gauss_0.1,4.0,0.1,sticks_032.tif,22.439463089109083,0.17642827524940227,0.7499138116836548,0.05420659855008125,0.3340272054076195
GaussianFilter,poisson_04_gauss_0.1,4.0,0.1,sticks_031.tif,22.36770759974916,0.17293735592486087,0.7337571382522583,0.05567731335759163,0.33128258511424064
GaussianFilter,poisson_04_gauss_0.1,4.0,0.1,sticks_033.tif,21.544278082301194,0.17145595269765618,0.7244590520858765,0.05936140567064285,0.3210082396864891
GaussianFilter,poisson_04_gauss_0.1,4.0,0.1,sticks_034.tif,21.34331807978114,0.1564006068844491,0.7134178876876831,0.06157589703798294,0.34666000083088877
GaussianFilter,poisson_04_gauss_0.1,4.0,0.1,sticks_035.tif,22.946748459484137,0.19379951580430527,0.7699173092842102,0.05011575669050217,0.3337148126214743
GaussianFilter,poisson_04_gauss_0.1,4.0,0.1,sticks_036.tif,22.91451532495795,0.16453407459606137,0.7384726405143738,0.05146680399775505,0.3169054828584194
GaussianFilter,poisson_04_gauss_0.1,4.0,0.1,sticks_037.tif,22.618812546422372,0.18104666439995393,0.7413715124130249,0.05295853689312935,0.33081962950527666
GaussianFilter,poisson_04_gauss_0.1,4.0,0.1,sticks_038.tif,23.028919677499005,0.16620608802770476,0.7374207377433777,0.05210565775632858,0.3249265395104885
GaussianFilter,poisson_04_gauss_0.1,4.0,0.1,sticks_040.tif,22.618359492265654,0.18755996143556963,0.7646522521972656,0.052797622978687286,0.31957792639732363
GaussianFilter,poisson_04_gauss_0.1,4.0,0.1,sticks_039.tif,22.770271178488578,0.18625908572184569,0.7603427767753601,0.051468055695295334,0.3365112416446209
GaussianFilter,poisson_04_gauss_0.1,4.0,0.1,sticks_041.tif,22.974959054224353,0.15441761074283736,0.7514183521270752,0.054579831659793854,0.32415964603424074
GaussianFilter,poisson_04_gauss_0.1,4.0,0.1,sticks_042.tif,24.47705705506161,0.1927680136052394,0.7737624645233154,0.044452693313360214,0.3039309836924076
GaussianFilter,poisson_04_gauss_0.1,4.0,0.1,sticks_043.tif,22.74292816882806,0.20450958298846078,0.7701319456100464,0.05102291703224182,0.3330067854374647
GaussianFilter,poisson_04_gauss_0.1,4.0,0.1,sticks_044.tif,22.570890806813285,0.19279313658130237,0.7507369518280029,0.052474647760391235,0.33586202636361123
GaussianFilter,poisson_04_gauss_0.1,4.0,0.1,sticks_045.tif,22.054943875364785,0.13321884060274897,0.7338926196098328,0.06173340231180191,0.31895028203725817
GaussianFilter,poisson_04_gauss_0.1,4.0,0.1,sticks_046.tif,25.89319670012866,0.20986616738069952,0.8132103681564331,0.03931784629821777,0.2797672674059868
GaussianFilter,poisson_04_gauss_0.1,4.0,0.1,sticks_047.tif,24.22022519839707,0.1852283072552353,0.7711843848228455,0.04572511091828346,0.29633624106645584
GaussianFilter,poisson_04_gauss_0.1,4.0,0.1,sticks_049.tif,23.117421556425768,0.18834136444057537,0.7651054859161377,0.04911811649799347,0.32593443244695663
GaussianFilter,poisson_04_gauss_0.1,4.0,0.1,sticks_048.tif,21.71271171539047,0.16276891596896637,0.7240931987762451,0.05994129180908203,0.3314672462642193
GaussianFilter,poisson_04_gauss_0.1,4.0,0.1,sticks_050.tif,22.6447594407423,0.15765047943088417,0.7285589575767517,0.054284077137708664,0.3045618385076523
GaussianFilter,poisson_04_gauss_0.1,4.0,0.1,sticks_051.tif,22.43421808651728,0.19830508342640163,0.7617182731628418,0.05298659950494766,0.3396738305687904
GaussianFilter,poisson_04_gauss_0.1,4.0,0.1,sticks_053.tif,22.053135119900148,0.19418432207815828,0.7462745904922485,0.05460298806428909,0.3419866904616356
GaussianFilter,poisson_04_gauss_0.1,4.0,0.1,sticks_052.tif,22.01903962257507,0.17431688865814413,0.7425162196159363,0.05552864074707031,0.3436318263411522
GaussianFilter,poisson_04_gauss_0.1,4.0,0.1,sticks_054.tif,25.307029920883974,0.2207423741519545,0.7948185801506042,0.039686623960733414,0.285297542065382
GaussianFilter,poisson_04_gauss_0.1,4.0,0.1,sticks_055.tif,21.693555587005264,0.16271028373029534,0.7521782517433167,0.06019244343042374,0.3440378807485104
GaussianFilter,poisson_04_gauss_0.1,4.0,0.1,sticks_056.tif,21.916060426636903,0.16402793417088726,0.7350902557373047,0.057907961308956146,0.3307832334190607
GaussianFilter,poisson_04_gauss_0.1,4.0,0.1,sticks_059.tif,23.736554850507975,0.1762786441337229,0.7553826570510864,0.04855560138821602,0.30709675662219527
GaussianFilter,poisson_04_gauss_0.1,4.0,0.1,sticks_058.tif,21.83906237779641,0.1621363309680747,0.7245416045188904,0.05911737680435181,0.34667071923613546
GaussianFilter,poisson_04_gauss_0.1,4.0,0.1,sticks_057.tif,22.812820252827166,0.17516045080138457,0.7639613747596741,0.054020028561353683,0.33576986379921436
GaussianFilter,poisson_04_gauss_0.1,4.0,0.1,sticks_060.tif,23.428353823114207,0.16243184090561646,0.7579482197761536,0.052637528628110886,0.32997307628393174
GaussianFilter,poisson_04_gauss_0.1,4.0,0.1,sticks_063.tif,22.910457634985146,0.2025548180972148,0.766137957572937,0.050525180995464325,0.316959411278367
GaussianFilter,poisson_04_gauss_0.1,4.0,0.1,sticks_061.tif,20.82048875892021,0.1648056554023715,0.7192606329917908,0.0644553154706955,0.352203156799078
GaussianFilter,poisson_04_gauss_0.1,4.0,0.1,sticks_062.tif,23.405689775515377,0.18168869179893912,0.772046685218811,0.04765082150697708,0.31175870783627035
GaussianFilter,poisson_04_gauss_0.1,4.0,0.1,sticks_067.tif,22.724339460473292,0.20136671919322477,0.7569760084152222,0.05156569927930832,0.33143481351435183
GaussianFilter,poisson_04_gauss_0.1,4.0,0.1,sticks_066.tif,22.59863634891035,0.1852727738636605,0.7541083097457886,0.05190085247159004,0.3379522949457169
GaussianFilter,poisson_04_gauss_0.1,4.0,0.1,sticks_065.tif,22.608574975371305,0.18520091664728341,0.7516413927078247,0.051769472658634186,0.3448955699801445
GaussianFilter,poisson_04_gauss_0.1,4.0,0.1,sticks_068.tif,22.83426324566143,0.16591210697532463,0.7379979491233826,0.054841142147779465,0.3236158061772585
GaussianFilter,poisson_04_gauss_0.1,4.0,0.1,sticks_069.tif,22.634839095509673,0.1795144639757361,0.7590351700782776,0.0538882315158844,0.33758466616272925
GaussianFilter,poisson_04_gauss_0.1,4.0,0.1,sticks_064.tif,22.91180569722443,0.18177658854262171,0.7647305727005005,0.051471877843141556,0.3089126944541931
GaussianFilter,poisson_04_gauss_0.1,4.0,0.1,sticks_070.tif,23.502183925827357,0.19745217233396908,0.7690460085868835,0.04842834174633026,0.30695981774479153
GaussianFilter,poisson_04_gauss_0.1,4.0,0.1,sticks_071.tif,21.767852083419985,0.17057803409160338,0.7239314913749695,0.05816379934549332,0.333664758130908
GaussianFilter,poisson_04_gauss_0.1,4.0,0.1,sticks_072.tif,23.796014267010822,0.1816698503699718,0.7635281682014465,0.04806682839989662,0.2972691643983126
GaussianFilter,poisson_04_gauss_0.1,4.0,0.1,sticks_073.tif,22.527175381981603,0.16478434427953467,0.7391519546508789,0.055257879197597504,0.31563014499843123
GaussianFilter,poisson_04_gauss_0.1,4.0,0.1,sticks_074.tif,22.773795824243685,0.16069042695890767,0.7460409998893738,0.053894221782684326,0.30206363685429094
GaussianFilter,poisson_04_gauss_0.1,4.0,0.1,sticks_075.tif,22.37569066912944,0.17257408454979614,0.7499499320983887,0.0549250952899456,0.333809132874012
GaussianFilter,poisson_04_gauss_0.1,4.0,0.1,sticks_076.tif,22.079270206155517,0.17827314645926673,0.7273256778717041,0.05747806280851364,0.3260078735649586
GaussianFilter,poisson_04_gauss_0.1,4.0,0.1,sticks_077.tif,21.867893643267983,0.18514758610282284,0.7452288866043091,0.05557062476873398,0.35355059131979943
GaussianFilter,poisson_04_gauss_0.1,4.0,0.1,sticks_078.tif,21.59190343113004,0.15280386999195894,0.7242966890335083,0.05942223593592644,0.3573192022740841
GaussianFilter,poisson_04_gauss_0.1,4.0,0.1,sticks_079.tif,21.936594796758783,0.17130701321284988,0.732723593711853,0.05862293392419815,0.3353012602776289
GaussianFilter,poisson_04_gauss_0.1,4.0,0.1,sticks_080.tif,21.91570962891757,0.17379362152922329,0.7440541386604309,0.05836544558405876,0.34723687656223773
GaussianFilter,poisson_04_gauss_0.1,4.0,0.1,sticks_081.tif,22.142115848892587,0.17933217977706573,0.7448646426200867,0.05685734748840332,0.3326050225645304
GaussianFilter,poisson_04_gauss_0.1,4.0,0.1,sticks_082.tif,21.217675249766366,0.16562790764412583,0.7310736775398254,0.06282232701778412,0.3374764729291201
GaussianFilter,poisson_04_gauss_0.1,4.0,0.1,sticks_084.tif,21.803973858206067,0.177731871439379,0.7343398928642273,0.056960441172122955,0.3439014293253422
GaussianFilter,poisson_04_gauss_0.1,4.0,0.1,sticks_083.tif,22.684169841481953,0.17030334363605087,0.7310543656349182,0.053579289466142654,0.3241130854934454
GaussianFilter,poisson_04_gauss_0.1,4.0,0.1,sticks_085.tif,23.641572639545828,0.20655869773154917,0.7946712374687195,0.044669635593891144,0.30646917298436166
GaussianFilter,poisson_04_gauss_0.1,4.0,0.1,sticks_086.tif,23.304776666520496,0.2019062202246468,0.7823516726493835,0.046807579696178436,0.33125003762543204
GaussianFilter,poisson_04_gauss_0.1,4.0,0.1,sticks_088.tif,23.352691942436774,0.1744765031405814,0.7703743577003479,0.04978906363248825,0.3159254912286997
GaussianFilter,poisson_04_gauss_0.1,4.0,0.1,sticks_087.tif,21.68729497452176,0.1775676781254073,0.7238337993621826,0.056726377457380295,0.34553377479314806
GaussianFilter,poisson_04_gauss_0.1,4.0,0.1,sticks_089.tif,22.130811724566794,0.1549099317022688,0.7280389070510864,0.058463335037231445,0.3149493936449289
GaussianFilter,poisson_04_gauss_0.1,4.0,0.1,sticks_090.tif,21.64634517052646,0.1593762861559878,0.7440280318260193,0.06039583683013916,0.340788634121418
GaussianFilter,poisson_04_gauss_0.1,4.0,0.1,sticks_091.tif,24.286204035161756,0.18620463984497249,0.7841504812240601,0.045004088431596756,0.3123358853161335
GaussianFilter,poisson_04_gauss_0.1,4.0,0.1,sticks_092.tif,21.877301951127887,0.17658249140303522,0.7333132028579712,0.05620703846216202,0.3321971170604229
GaussianFilter,poisson_04_gauss_0.1,4.0,0.1,sticks_093.tif,22.176446117766634,0.19019637726231806,0.7446187734603882,0.055805753916502,0.3398826509714127
GaussianFilter,poisson_04_gauss_0.1,4.0,0.1,sticks_095.tif,21.23368977941876,0.19294355714843497,0.7504598498344421,0.05952601507306099,0.3616145458072424
GaussianFilter,poisson_04_gauss_0.1,4.0,0.1,sticks_096.tif,22.541912842468562,0.19769237215289648,0.7583326697349548,0.05198984593153,0.32884250655770303
GaussianFilter,poisson_04_gauss_0.1,4.0,0.1,sticks_097.tif,22.389340689472284,0.1699111701501544,0.755244255065918,0.05643948167562485,0.31264854222536087
GaussianFilter,poisson_04_gauss_0.1,4.0,0.1,sticks_098.tif,22.01168297490321,0.1977377080592774,0.7560189366340637,0.054219115525484085,0.3474676012992859
GaussianFilter,poisson_04_gauss_0.1,4.0,0.1,sticks_099.tif,21.371275054208468,0.16561047519298266,0.7202527523040771,0.06164500117301941,0.3473553940653801
GaussianFilter,poisson_04_gauss_0.1,4.0,0.1,sticks_094.tif,21.72885166054874,0.1675711870183916,0.7192370295524597,0.05601721256971359,0.3458562076091766
GaussianFilter,poisson_04_gauss_0.2,4.0,0.2,sticks_000.tif,21.182533697928125,0.11862382307936759,0.7324780225753784,0.0764399841427803,0.3515951596200466
GaussianFilter,poisson_04_gauss_0.2,4.0,0.2,sticks_001.tif,19.58468369085034,0.12945879946299574,0.6997532844543457,0.08706854283809662,0.386985245347023
GaussianFilter,poisson_04_gauss_0.2,4.0,0.2,sticks_002.tif,19.715496329673748,0.08827860072963124,0.6711278557777405,0.0899195745587349,0.3813680037856102
GaussianFilter,poisson_04_gauss_0.2,4.0,0.2,sticks_003.tif,19.4780419369939,0.10550351918858422,0.6738212704658508,0.09059814363718033,0.3888449802994728
GaussianFilter,poisson_04_gauss_0.2,4.0,0.2,sticks_004.tif,19.80450064490801,0.11541047755490395,0.6932352185249329,0.08801291882991791,0.384037671983242
GaussianFilter,poisson_04_gauss_0.2,4.0,0.2,sticks_005.tif,20.81392483294039,0.1061826055752767,0.694021999835968,0.07883069664239883,0.36521979197859766
GaussianFilter,poisson_04_gauss_0.2,4.0,0.2,sticks_007.tif,19.85574930092345,0.12261555112282291,0.7107377052307129,0.08499035984277725,0.3845569506287575
GaussianFilter,poisson_04_gauss_0.2,4.0,0.2,sticks_009.tif,21.706802419268243,0.10611006427374796,0.7398073673248291,0.07323235273361206,0.34270288348197936
GaussianFilter,poisson_04_gauss_0.2,4.0,0.2,sticks_008.tif,21.898400630721095,0.14295731023319463,0.7430173754692078,0.06751630455255508,0.33516406677663324
GaussianFilter,poisson_04_gauss_0.2,4.0,0.2,sticks_011.tif,20.1769387643569,0.1195345782099677,0.7229037284851074,0.08227793127298355,0.3719728149473667
GaussianFilter,poisson_04_gauss_0.2,4.0,0.2,sticks_006.tif,19.071130312885206,0.09056122818884753,0.6476603746414185,0.0992112085223198,0.3994116514921188
GaussianFilter,poisson_04_gauss_0.2,4.0,0.2,sticks_010.tif,19.533955907608426,0.10701430169656424,0.6890427470207214,0.09240187704563141,0.376762555539608
GaussianFilter,poisson_04_gauss_0.2,4.0,0.2,sticks_012.tif,20.39103976407197,0.1214865197139262,0.7103396654129028,0.07964053750038147,0.3720044918358326
GaussianFilter,poisson_04_gauss_0.2,4.0,0.2,sticks_016.tif,18.910433664938616,0.09733687699538202,0.6688109040260315,0.0981944277882576,0.3950638771057129
GaussianFilter,poisson_04_gauss_0.2,4.0,0.2,sticks_013.tif,21.179299010703016,0.12369449609179876,0.7260642647743225,0.0725284218788147,0.37975421324372294
GaussianFilter,poisson_04_gauss_0.2,4.0,0.2,sticks_014.tif,19.959569354333585,0.1009052116522944,0.7010608315467834,0.0910157635807991,0.3548148117959499
GaussianFilter,poisson_04_gauss_0.2,4.0,0.2,sticks_015.tif,20.076429161679023,0.10640330086505133,0.7046930193901062,0.08733397722244263,0.37847990691661837
GaussianFilter,poisson_04_gauss_0.2,4.0,0.2,sticks_018.tif,18.985403968833204,0.10766619656918315,0.668127715587616,0.09435317665338516,0.3954867847263813
GaussianFilter,poisson_04_gauss_0.2,4.0,0.2,sticks_020.tif,20.522019964172284,0.11582359768353048,0.7111093401908875,0.07834004610776901,0.37322336435317993
GaussianFilter,poisson_04_gauss_0.2,4.0,0.2,sticks_017.tif,19.134963457654518,0.10074537345883508,0.6794419884681702,0.09664285182952881,0.37008757144212723
GaussianFilter,poisson_04_gauss_0.2,4.0,0.2,sticks_019.tif,20.25295530435498,0.11766083612838471,0.7114279270172119,0.08016075193881989,0.3775777481496334
GaussianFilter,poisson_04_gauss_0.2,4.0,0.2,sticks_021.tif,20.0440308268034,0.10806932828130947,0.6972939372062683,0.08616293221712112,0.3712267972528934
GaussianFilter,poisson_04_gauss_0.2,4.0,0.2,sticks_022.tif,21.19704677435358,0.12110271430096248,0.717388927936554,0.07280171662569046,0.37145729884505274
GaussianFilter,poisson_04_gauss_0.2,4.0,0.2,sticks_023.tif,20.25174080323954,0.1253891744795877,0.7336410880088806,0.0830407589673996,0.35920300111174586
GaussianFilter,poisson_04_gauss_0.2,4.0,0.2,sticks_024.tif,21.581456674680073,0.1210052619941138,0.7294636964797974,0.07051931321620941,0.3565719544887543
GaussianFilter,poisson_04_gauss_0.2,4.0,0.2,sticks_025.tif,20.377764666106508,0.12263150528900991,0.7156087756156921,0.07893025130033493,0.3913078136742115
GaussianFilter,poisson_04_gauss_0.2,4.0,0.2,sticks_026.tif,21.149106275549695,0.12126647605297187,0.7191996574401855,0.07502139359712601,0.36427264362573625
GaussianFilter,poisson_04_gauss_0.2,4.0,0.2,sticks_027.tif,19.82637010009616,0.13731814155707397,0.7246102690696716,0.08683101087808609,0.3729357846081257
GaussianFilter,poisson_04_gauss_0.2,4.0,0.2,sticks_028.tif,19.79065235847113,0.10951284817983381,0.6757375597953796,0.08789338916540146,0.37804063856601716
GaussianFilter,poisson_04_gauss_0.2,4.0,0.2,sticks_029.tif,18.496896438567624,0.10953748720239546,0.6676246523857117,0.1019531711935997,0.3896811202168465
GaussianFilter,poisson_04_gauss_0.2,4.0,0.2,sticks_030.tif,20.138361852495173,0.1167561527881836,0.7074719071388245,0.08167527616024017,0.3740186356008053
GaussianFilter,poisson_04_gauss_0.2,4.0,0.2,sticks_032.tif,20.07889446114926,0.11389687244096564,0.7041394114494324,0.08398468792438507,0.37782993391156194
GaussianFilter,poisson_04_gauss_0.2,4.0,0.2,sticks_031.tif,20.28388466885699,0.11573574286799841,0.6954714059829712,0.08260185271501541,0.37623120471835136
GaussianFilter,poisson_04_gauss_0.2,4.0,0.2,sticks_033.tif,19.416103494834065,0.11691376989688387,0.6757990121841431,0.08910850435495377,0.3723136506974697
GaussianFilter,poisson_04_gauss_0.2,4.0,0.2,sticks_034.tif,18.873666078294864,0.10098869361211278,0.6626504063606262,0.09750528633594513,0.3974199652671814
GaussianFilter,poisson_04_gauss_0.2,4.0,0.2,sticks_035.tif,20.29258578813057,0.11504004163196563,0.7173839807510376,0.08155980706214905,0.37434381172060965
GaussianFilter,poisson_04_gauss_0.2,4.0,0.2,sticks_036.tif,20.010477237878966,0.09414778336008961,0.680098831653595,0.08760116994380951,0.3711853392422199
GaussianFilter,poisson_04_gauss_0.2,4.0,0.2,sticks_037.tif,20.023137410480466,0.1112187455439579,0.6921148300170898,0.0863884836435318,0.37572467401623727
GaussianFilter,poisson_04_gauss_0.2,4.0,0.2,sticks_038.tif,20.06211845918302,0.09838652828575493,0.6859946250915527,0.08778420090675354,0.3770156644284725
GaussianFilter,poisson_04_gauss_0.2,4.0,0.2,sticks_040.tif,20.531369718497604,0.12192208832535369,0.728866457939148,0.08005614578723907,0.3548376880586147
GaussianFilter,poisson_04_gauss_0.2,4.0,0.2,sticks_039.tif,21.261257623008575,0.12458990088209766,0.7362400889396667,0.07194484025239944,0.37029247283935546
GaussianFilter,poisson_04_gauss_0.2,4.0,0.2,sticks_041.tif,21.138479193734728,0.11212216031777014,0.7137867212295532,0.0749831348657608,0.369525521248579
GaussianFilter,poisson_04_gauss_0.2,4.0,0.2,sticks_042.tif,21.373677724749424,0.10883372644887562,0.7216721177101135,0.07573438435792923,0.3482408463954926
GaussianFilter,poisson_04_gauss_0.2,4.0,0.2,sticks_043.tif,20.81197829540862,0.13190936299488848,0.7336328029632568,0.07502195239067078,0.37149661853909494
GaussianFilter,poisson_04_gauss_0.2,4.0,0.2,sticks_044.tif,20.891320025520635,0.1280904153272752,0.7193897366523743,0.07565947622060776,0.3663758408278227
GaussianFilter,poisson_04_gauss_0.2,4.0,0.2,sticks_045.tif,20.035846352073854,0.09833343695427567,0.6923037767410278,0.08629950135946274,0.37138194441795347
GaussianFilter,poisson_04_gauss_0.2,4.0,0.2,sticks_046.tif,23.47511191599249,0.1326181685522443,0.7647058963775635,0.058446258306503296,0.32134675830602644
GaussianFilter,poisson_04_gauss_0.2,4.0,0.2,sticks_047.tif,21.588282338325534,0.1134022286615769,0.7167240381240845,0.07247396558523178,0.343636192381382
GaussianFilter,poisson_04_gauss_0.2,4.0,0.2,sticks_049.tif,20.587769406111555,0.1121495873536011,0.7144047617912292,0.07953407615423203,0.37004076689481735
GaussianFilter,poisson_04_gauss_0.2,4.0,0.2,sticks_048.tif,19.19228105991507,0.1065427758504322,0.6783693432807922,0.09449870139360428,0.3798179805278778
GaussianFilter,poisson_04_gauss_0.2,4.0,0.2,sticks_050.tif,20.343240463105865,0.10178074853212322,0.6765022277832031,0.08278808742761612,0.366444555670023
GaussianFilter,poisson_04_gauss_0.2,4.0,0.2,sticks_051.tif,19.132691595379537,0.11024678437721347,0.7096295952796936,0.09657052159309387,0.37349317595362663
GaussianFilter,poisson_04_gauss_0.2,4.0,0.2,sticks_053.tif,19.258380217216068,0.11300797088511202,0.6904172301292419,0.09246109426021576,0.38383090794086455
GaussianFilter,poisson_04_gauss_0.2,4.0,0.2,sticks_052.tif,19.728053008646913,0.10650926799372765,0.7020736336708069,0.08738210797309875,0.3853100143373013
GaussianFilter,poisson_04_gauss_0.2,4.0,0.2,sticks_054.tif,21.72635085921275,0.11314198660227476,0.7327455878257751,0.07261110842227936,0.3322325747460127
GaussianFilter,poisson_04_gauss_0.2,4.0,0.2,sticks_055.tif,20.05043045438637,0.11721600641437502,0.728600025177002,0.08370596915483475,0.3757952727377415
GaussianFilter,poisson_04_gauss_0.2,4.0,0.2,sticks_056.tif,18.92012182218577,0.09991036346608358,0.682540774345398,0.0996609553694725,0.37476066052913665
GaussianFilter,poisson_04_gauss_0.2,4.0,0.2,sticks_059.tif,21.319611108843834,0.11252223399004257,0.7080341577529907,0.0748051255941391,0.3549080602824688
GaussianFilter,poisson_04_gauss_0.2,4.0,0.2,sticks_058.tif,18.943219394366448,0.10092057602847036,0.677121639251709,0.09904791414737701,0.3914601497352123
GaussianFilter,poisson_04_gauss_0.2,4.0,0.2,sticks_057.tif,21.095407088733545,0.1209507796601179,0.7387441396713257,0.0760967880487442,0.3644233286380768
GaussianFilter,poisson_04_gauss_0.2,4.0,0.2,sticks_060.tif,21.422913573736917,0.11459464350022122,0.7250341773033142,0.07457849383354187,0.36858458891510965
GaussianFilter,poisson_04_gauss_0.2,4.0,0.2,sticks_063.tif,20.251756880625212,0.12061141021816243,0.7206602692604065,0.08349217474460602,0.3584848538041115
GaussianFilter,poisson_04_gauss_0.2,4.0,0.2,sticks_061.tif,19.407576817304882,0.12011880803016338,0.6983621716499329,0.08867750316858292,0.39096456542611124
GaussianFilter,poisson_04_gauss_0.2,4.0,0.2,sticks_062.tif,21.44394110938169,0.11421423175902531,0.7286467552185059,0.06968695670366287,0.3574072793126106
GaussianFilter,poisson_04_gauss_0.2,4.0,0.2,sticks_067.tif,21.029937661279654,0.13647168960023012,0.7269636988639832,0.0736442431807518,0.3701761484146118
GaussianFilter,poisson_04_gauss_0.2,4.0,0.2,sticks_066.tif,20.86853550637867,0.11976460628702511,0.7198215126991272,0.07527676969766617,0.3722494669258595
GaussianFilter,poisson_04_gauss_0.2,4.0,0.2,sticks_065.tif,20.673350172736022,0.11734956696464291,0.7149535417556763,0.07659243047237396,0.3820305548608303
GaussianFilter,poisson_04_gauss_0.2,4.0,0.2,sticks_068.tif,20.27347288472182,0.10998017233322631,0.6938202381134033,0.08538516610860825,0.37137641459703447
GaussianFilter,poisson_04_gauss_0.2,4.0,0.2,sticks_069.tif,20.43797541942272,0.11843348423518653,0.7244030237197876,0.08154087513685226,0.3725097022950649
GaussianFilter,poisson_04_gauss_0.2,4.0,0.2,sticks_064.tif,20.25122282073889,0.11452584521506816,0.7027139067649841,0.08131779730319977,0.3677690356969833
GaussianFilter,poisson_04_gauss_0.2,4.0,0.2,sticks_070.tif,20.690244030540434,0.12097542847102863,0.714966356754303,0.07932379841804504,0.355805180221796
GaussianFilter,poisson_04_gauss_0.2,4.0,0.2,sticks_071.tif,19.563672798676524,0.110706644641426,0.6872161030769348,0.0902518630027771,0.37569801658391955
GaussianFilter,poisson_04_gauss_0.2,4.0,0.2,sticks_072.tif,21.606390488510947,0.11775115456045931,0.7278435230255127,0.07267189770936966,0.33877964951097966
GaussianFilter,poisson_04_gauss_0.2,4.0,0.2,sticks_073.tif,18.947741889627327,0.0969093397202369,0.6858580708503723,0.10192219913005829,0.36163690164685247
GaussianFilter,poisson_04_gauss_0.2,4.0,0.2,sticks_074.tif,18.90380544168358,0.09296763529931366,0.6795424222946167,0.10222188383340836,0.35695065930485725
GaussianFilter,poisson_04_gauss_0.2,4.0,0.2,sticks_075.tif,19.658875258973335,0.1055820188654804,0.7013750076293945,0.09025755524635315,0.37310809418559077
GaussianFilter,poisson_04_gauss_0.2,4.0,0.2,sticks_076.tif,20.236836389598565,0.12346214345887206,0.6996753215789795,0.08327134698629379,0.3662315934896469
GaussianFilter,poisson_04_gauss_0.2,4.0,0.2,sticks_077.tif,19.330994040244125,0.11244436210059726,0.6982171535491943,0.09055541455745697,0.39356912672519684
GaussianFilter,poisson_04_gauss_0.2,4.0,0.2,sticks_078.tif,19.929740818556457,0.10460427123932921,0.6888460516929626,0.0836249589920044,0.4009549617767334
GaussianFilter,poisson_04_gauss_0.2,4.0,0.2,sticks_079.tif,19.878827563302927,0.11825784984451275,0.7013644576072693,0.08736924827098846,0.37475592494010923
GaussianFilter,poisson_04_gauss_0.2,4.0,0.2,sticks_080.tif,20.71090702582104,0.1297384210204179,0.7217554450035095,0.07613453269004822,0.37971244677901267
GaussianFilter,poisson_04_gauss_0.2,4.0,0.2,sticks_081.tif,20.524055683477506,0.13240021578198502,0.7082768678665161,0.07719255238771439,0.3770936496555805
GaussianFilter,poisson_04_gauss_0.2,4.0,0.2,sticks_082.tif,19.022588367898532,0.11322684265177584,0.7014975547790527,0.09654586017131805,0.3760355800390244
GaussianFilter,poisson_04_gauss_0.2,4.0,0.2,sticks_084.tif,19.16565045641201,0.1078907259977929,0.6914679408073425,0.09469805657863617,0.3861072823405266
GaussianFilter,poisson_04_gauss_0.2,4.0,0.2,sticks_083.tif,19.81991855130198,0.10414460643554996,0.68047034740448,0.08960460126399994,0.3746373154222965
GaussianFilter,poisson_04_gauss_0.2,4.0,0.2,sticks_085.tif,21.719922388253188,0.11844895985009075,0.7563717365264893,0.06827030330896378,0.34080801606178285
GaussianFilter,poisson_04_gauss_0.2,4.0,0.2,sticks_086.tif,21.384398195344083,0.12000397394432766,0.7415985465049744,0.0699537992477417,0.3649675749242306
GaussianFilter,poisson_04_gauss_0.2,4.0,0.2,sticks_088.tif,20.869389465677017,0.10333821416322357,0.7282607555389404,0.07959822565317154,0.3495843417942524
GaussianFilter,poisson_04_gauss_0.2,4.0,0.2,sticks_087.tif,19.48292485554635,0.10688353104953865,0.6880574822425842,0.09006825089454651,0.38528411984443667
GaussianFilter,poisson_04_gauss_0.2,4.0,0.2,sticks_089.tif,19.7926754913346,0.10672910861618923,0.6843891143798828,0.08869238197803497,0.36802583187818527
GaussianFilter,poisson_04_gauss_0.2,4.0,0.2,sticks_090.tif,20.31100497570908,0.12102402580568347,0.7165461182594299,0.07931496202945709,0.3804387547075748
GaussianFilter,poisson_04_gauss_0.2,4.0,0.2,sticks_091.tif,21.32636624757207,0.10659737346203876,0.7204357981681824,0.07402218878269196,0.36037468537688255
GaussianFilter,poisson_04_gauss_0.2,4.0,0.2,sticks_092.tif,18.933308406757888,0.10136677605802961,0.6841490864753723,0.09880481660366058,0.3753759369254112
GaussianFilter,poisson_04_gauss_0.2,4.0,0.2,sticks_093.tif,20.12804457514278,0.1268337162863602,0.713726282119751,0.08426275104284286,0.3739266350865364
GaussianFilter,poisson_04_gauss_0.2,4.0,0.2,sticks_095.tif,19.673981846477773,0.1314777866382756,0.7193678617477417,0.08382493257522583,0.3921394102275372
GaussianFilter,poisson_04_gauss_0.2,4.0,0.2,sticks_096.tif,20.965817326545334,0.1278259908551438,0.7300218343734741,0.07457435131072998,0.36123581081628797
GaussianFilter,poisson_04_gauss_0.2,4.0,0.2,sticks_097.tif,19.740489526034825,0.11444599420170218,0.7031012773513794,0.08828262984752655,0.3659325405955315
GaussianFilter,poisson_04_gauss_0.2,4.0,0.2,sticks_098.tif,19.23827339838582,0.1145714316837691,0.7063316106796265,0.09280083328485489,0.3849021688103676
GaussianFilter,poisson_04_gauss_0.2,4.0,0.2,sticks_099.tif,19.363213602399306,0.11269480062516396,0.6883519887924194,0.09148193895816803,0.3892720744013786
GaussianFilter,poisson_04_gauss_0.2,4.0,0.2,sticks_094.tif,19.76476421347742,0.10415166518589027,0.6808941960334778,0.08595948666334152,0.3862710610032082
GaussianFilter,poisson_16_gauss_0.05,16.0,0.05,sticks_000.tif,25.655083482195202,0.35941710787432557,0.8243259191513062,0.03306840732693672,0.2971733469516039
GaussianFilter,poisson_16_gauss_0.05,16.0,0.05,sticks_001.tif,22.514314961473406,0.2986124184618443,0.760185718536377,0.04622352868318558,0.33222500383853915
GaussianFilter,poisson_16_gauss_0.05,16.0,0.05,sticks_002.tif,23.763648580169367,0.2826447173964668,0.7594411969184875,0.03886311501264572,0.29737562462687495
GaussianFilter,poisson_16_gauss_0.05,16.0,0.05,sticks_003.tif,23.28275023171186,0.2807070229833403,0.7614923119544983,0.04259680584073067,0.3218946296721697
GaussianFilter,poisson_16_gauss_0.05,16.0,0.05,sticks_004.tif,23.91046421134422,0.33332860143020654,0.7749568819999695,0.03920891135931015,0.3207372024655342
GaussianFilter,poisson_16_gauss_0.05,16.0,0.05,sticks_005.tif,24.663104479981737,0.3078651595196426,0.7877551913261414,0.03583516553044319,0.2940589001402259
GaussianFilter,poisson_16_gauss_0.05,16.0,0.05,sticks_007.tif,23.758969689983083,0.34075563978215717,0.7965104579925537,0.03923015668988228,0.3189249824732542
GaussianFilter,poisson_16_gauss_0.05,16.0,0.05,sticks_009.tif,27.024339106795736,0.4517908276667298,0.8472447395324707,0.026570335030555725,0.28635522462427615
GaussianFilter,poisson_16_gauss_0.05,16.0,0.05,sticks_008.tif,25.247694229121098,0.37940495348774594,0.817069947719574,0.033465124666690826,0.2773097480647266
GaussianFilter,poisson_16_gauss_0.05,16.0,0.05,sticks_011.tif,23.489987204267216,0.30473214607462146,0.7925756573677063,0.041384123265743256,0.31883035637438295
GaussianFilter,poisson_16_gauss_0.05,16.0,0.05,sticks_006.tif,24.374893668963185,0.30726153373829873,0.7610480785369873,0.03710274398326874,0.3197218284010887
GaussianFilter,poisson_16_gauss_0.05,16.0,0.05,sticks_010.tif,24.043484278403085,0.31368286404801476,0.7839950919151306,0.03863998502492905,0.30997163951396944
GaussianFilter,poisson_16_gauss_0.05,16.0,0.05,sticks_012.tif,23.78152017917136,0.33779417439465437,0.7892646789550781,0.038628194481134415,0.30734008811414243
GaussianFilter,poisson_16_gauss_0.05,16.0,0.05,sticks_016.tif,22.51026118252622,0.22309733881223523,0.7405818700790405,0.0481041818857193,0.33514100685715675
GaussianFilter,poisson_16_gauss_0.05,16.0,0.05,sticks_013.tif,24.07421945088464,0.3742530317336331,0.7916520237922668,0.03692590072751045,0.3333683453500271
GaussianFilter,poisson_16_gauss_0.05,16.0,0.05,sticks_014.tif,24.89049553681387,0.259394515799544,0.7866277098655701,0.03837909549474716,0.28504791744053365
GaussianFilter,poisson_16_gauss_0.05,16.0,0.05,sticks_015.tif,24.603958159859516,0.3411970732179134,0.7870502471923828,0.035925816744565964,0.32169154696166513
GaussianFilter,poisson_16_gauss_0.05,16.0,0.05,sticks_018.tif,22.807005057192093,0.28904547183839013,0.7517006397247314,0.043807998299598694,0.3256842900067568
GaussianFilter,poisson_16_gauss_0.05,16.0,0.05,sticks_020.tif,23.674940287395366,0.35100899001751057,0.7884204387664795,0.03820005804300308,0.3197080411016941
GaussianFilter,poisson_16_gauss_0.05,16.0,0.05,sticks_017.tif,23.32564912636097,0.2843138495787664,0.7651635408401489,0.04163195937871933,0.30006018057465556
GaussianFilter,poisson_16_gauss_0.05,16.0,0.05,sticks_019.tif,23.151554337247006,0.2846691284526841,0.7789498567581177,0.04238179698586464,0.31712506860494616
GaussianFilter,poisson_16_gauss_0.05,16.0,0.05,sticks_021.tif,24.106691362701937,0.3380287989256795,0.7833974361419678,0.03742632269859314,0.3105637479573488
GaussianFilter,poisson_16_gauss_0.05,16.0,0.05,sticks_022.tif,24.709147325815977,0.3312091782751104,0.8018910884857178,0.0354878306388855,0.30754016153514385
GaussianFilter,poisson_16_gauss_0.05,16.0,0.05,sticks_023.tif,23.850360664155236,0.3552574963838858,0.798997700214386,0.03871767967939377,0.3132238704711199
GaussianFilter,poisson_16_gauss_0.05,16.0,0.05,sticks_024.tif,25.60067598653493,0.39483591868045126,0.8272754549980164,0.03152745962142944,0.2900492239743471
GaussianFilter,poisson_16_gauss_0.05,16.0,0.05,sticks_025.tif,22.960328477276505,0.29478541732676194,0.7702314257621765,0.0433780774474144,0.34138769581913947
GaussianFilter,poisson_16_gauss_0.05,16.0,0.05,sticks_026.tif,25.526550715729712,0.3783179105349566,0.8194133043289185,0.03251402825117111,0.30473367013037206
GaussianFilter,poisson_16_gauss_0.05,16.0,0.05,sticks_027.tif,23.693375200016508,0.3730929044128824,0.792522668838501,0.04026196151971817,0.3240954507142305
GaussianFilter,poisson_16_gauss_0.05,16.0,0.05,sticks_028.tif,23.573974464486668,0.2736104011493326,0.7669479846954346,0.041900306940078735,0.29864820279181004
GaussianFilter,poisson_16_gauss_0.05,16.0,0.05,sticks_029.tif,22.512572658914923,0.3195873682987578,0.7495812177658081,0.044018808752298355,0.3256494656205177
GaussianFilter,poisson_16_gauss_0.05,16.0,0.05,sticks_030.tif,23.934334437022564,0.368449876193244,0.7971140742301941,0.03705053776502609,0.3105299364775419
GaussianFilter,poisson_16_gauss_0.05,16.0,0.05,sticks_032.tif,23.739633153514404,0.2857296109394554,0.7842479944229126,0.040835268795490265,0.3167428826913238
GaussianFilter,poisson_16_gauss_0.05,16.0,0.05,sticks_031.tif,24.257983950983743,0.3240701563817637,0.7830135822296143,0.03781675547361374,0.30854224376380446
GaussianFilter,poisson_16_gauss_0.05,16.0,0.05,sticks_033.tif,22.849383455250845,0.33257120112815075,0.7642232179641724,0.04186335951089859,0.30302597959525884
GaussianFilter,poisson_16_gauss_0.05,16.0,0.05,sticks_034.tif,22.599783301588307,0.25937155632928255,0.7473755478858948,0.04581321403384209,0.32622799202799796
GaussianFilter,poisson_16_gauss_0.05,16.0,0.05,sticks_035.tif,23.55803177062601,0.32729384412575374,0.7842701077461243,0.03957903012633324,0.3241497728973627
GaussianFilter,poisson_16_gauss_0.05,16.0,0.05,sticks_036.tif,24.763353732890167,0.3148579384708914,0.7954245209693909,0.035142745822668076,0.2895744673907757
GaussianFilter,poisson_16_gauss_0.05,16.0,0.05,sticks_037.tif,23.962972339196217,0.3078996888698488,0.7803177237510681,0.03900112211704254,0.3104800511151552
GaussianFilter,poisson_16_gauss_0.05,16.0,0.05,sticks_038.tif,24.549986330966426,0.271619439708835,0.7759807705879211,0.03805604949593544,0.30265622995793817
GaussianFilter,poisson_16_gauss_0.05,16.0,0.05,sticks_040.tif,24.300264197954643,0.3899940172828071,0.8068203330039978,0.035631515085697174,0.3011869862675667
GaussianFilter,poisson_16_gauss_0.05,16.0,0.05,sticks_039.tif,24.366751237286607,0.365390062852278,0.8002293705940247,0.03595149517059326,0.31797912120819094
GaussianFilter,poisson_16_gauss_0.05,16.0,0.05,sticks_041.tif,25.549847678260388,0.359099896812439,0.8113160133361816,0.032451920211315155,0.30100471526384354
GaussianFilter,poisson_16_gauss_0.05,16.0,0.05,sticks_042.tif,26.508801150798888,0.3471995722201397,0.8239458203315735,0.030643802136182785,0.2807914759963751
GaussianFilter,poisson_16_gauss_0.05,16.0,0.05,sticks_043.tif,23.850049399347697,0.3460967114688188,0.7971915006637573,0.03894665837287903,0.3185692522674799
GaussianFilter,poisson_16_gauss_0.05,16.0,0.05,sticks_044.tif,23.970750507502338,0.36522583142901754,0.7905054092407227,0.037431441247463226,0.31934148725122213
GaussianFilter,poisson_16_gauss_0.05,16.0,0.05,sticks_045.tif,24.913391727348476,0.31125650717939835,0.7969280481338501,0.03508652001619339,0.2939343608915806
GaussianFilter,poisson_16_gauss_0.05,16.0,0.05,sticks_046.tif,27.80734502615971,0.42610114035994734,0.8574193120002747,0.02598627470433712,0.26561067923903464
GaussianFilter,poisson_16_gauss_0.05,16.0,0.05,sticks_047.tif,25.985282972633236,0.3187103821447695,0.8184253573417664,0.03227058798074722,0.2742499358952045
GaussianFilter,poisson_16_gauss_0.05,16.0,0.05,sticks_049.tif,24.634168160066167,0.3378979395614566,0.8063908219337463,0.035144105553627014,0.3058600813150406
GaussianFilter,poisson_16_gauss_0.05,16.0,0.05,sticks_048.tif,23.67696850514821,0.32199968485179375,0.7757068872451782,0.03974531218409538,0.30808857679367063
GaussianFilter,poisson_16_gauss_0.05,16.0,0.05,sticks_050.tif,25.03819798019617,0.3386040970262621,0.7943638563156128,0.03382449224591255,0.2759630188345909
GaussianFilter,poisson_16_gauss_0.05,16.0,0.05,sticks_051.tif,23.892090168628904,0.38497846633996063,0.8005260825157166,0.037823889404535294,0.3238887440413237
GaussianFilter,poisson_16_gauss_0.05,16.0,0.05,sticks_053.tif,23.15181837995954,0.30332686346390814,0.7780542373657227,0.04283762350678444,0.3248824946582317
GaussianFilter,poisson_16_gauss_0.05,16.0,0.05,sticks_052.tif,23.22033419507838,0.3177903937269896,0.7734799385070801,0.04115709289908409,0.32661045491695406
GaussianFilter,poisson_16_gauss_0.05,16.0,0.05,sticks_054.tif,26.73672813624529,0.3816462527359007,0.8311921954154968,0.029044222086668015,0.26917391796596346
GaussianFilter,poisson_16_gauss_0.05,16.0,0.05,sticks_055.tif,23.77003332704568,0.374051437859444,0.7981643676757812,0.03791245073080063,0.325686552003026
GaussianFilter,poisson_16_gauss_0.05,16.0,0.05,sticks_056.tif,23.55449041391591,0.30898114026587425,0.7788943648338318,0.04006265476346016,0.3101591680198908
GaussianFilter,poisson_16_gauss_0.05,16.0,0.05,sticks_059.tif,25.844207659021517,0.33626984766886575,0.8096415400505066,0.03233521431684494,0.28385288938879966
GaussianFilter,poisson_16_gauss_0.05,16.0,0.05,sticks_058.tif,23.37843743884391,0.2891491246144945,0.763349711894989,0.042161352932453156,0.32761394828557966
GaussianFilter,poisson_16_gauss_0.05,16.0,0.05,sticks_057.tif,24.69255991147611,0.36481196902131385,0.8085946440696716,0.036108024418354034,0.3185402188450098
GaussianFilter,poisson_16_gauss_0.05,16.0,0.05,sticks_060.tif,26.014424954187668,0.33479973835133325,0.8147110342979431,0.03256853297352791,0.307867755740881
GaussianFilter,poisson_16_gauss_0.05,16.0,0.05,sticks_063.tif,24.18321056085274,0.33738701859068376,0.7988793849945068,0.03790537640452385,0.29855060279369355
GaussianFilter,poisson_16_gauss_0.05,16.0,0.05,sticks_061.tif,22.582520264493233,0.34675336193096995,0.7630588412284851,0.04277591407299042,0.3321405198425055
GaussianFilter,poisson_16_gauss_0.05,16.0,0.05,sticks_062.tif,25.005298853974995,0.39247339014678795,0.8124721050262451,0.03200758621096611,0.29448730051517485
GaussianFilter,poisson_16_gauss_0.05,16.0,0.05,sticks_067.tif,23.953224462356527,0.32582404279117444,0.7868780493736267,0.03902718424797058,0.31443964429199694
GaussianFilter,poisson_16_gauss_0.05,16.0,0.05,sticks_066.tif,23.87761046401954,0.29259990626685467,0.7918506860733032,0.03986012190580368,0.31892245076596737
GaussianFilter,poisson_16_gauss_0.05,16.0,0.05,sticks_065.tif,24.428764192808817,0.3098815991509125,0.8009017705917358,0.037525154650211334,0.32243389673531053
GaussianFilter,poisson_16_gauss_0.05,16.0,0.05,sticks_068.tif,25.282045903666077,0.35008181153425355,0.7961597442626953,0.03385712951421738,0.29972871877253054
GaussianFilter,poisson_16_gauss_0.05,16.0,0.05,sticks_069.tif,24.125837184153195,0.32920557598489325,0.7934714555740356,0.03824301436543465,0.3211482685059309
GaussianFilter,poisson_16_gauss_0.05,16.0,0.05,sticks_064.tif,24.33941520127203,0.3650491809783787,0.8009752035140991,0.035543300211429596,0.2919636156409979
GaussianFilter,poisson_16_gauss_0.05,16.0,0.05,sticks_070.tif,25.023404524100524,0.3636517848378809,0.8070719838142395,0.034177567809820175,0.28931529689580204
GaussianFilter,poisson_16_gauss_0.05,16.0,0.05,sticks_071.tif,23.28249754923164,0.29497385202527765,0.7652752995491028,0.0421132855117321,0.31294914335012436
GaussianFilter,poisson_16_gauss_0.05,16.0,0.05,sticks_072.tif,25.840726701268327,0.3582427339543122,0.8108042478561401,0.031429506838321686,0.2766736652702093
GaussianFilter,poisson_16_gauss_0.05,16.0,0.05,sticks_073.tif,24.281998644951692,0.3150750796656634,0.7815424203872681,0.037209782749414444,0.2956434838473797
GaussianFilter,poisson_16_gauss_0.05,16.0,0.05,sticks_074.tif,24.235437734697513,0.27557644890229926,0.7851083874702454,0.0384257473051548,0.28315664678812025
GaussianFilter,poisson_16_gauss_0.05,16.0,0.05,sticks_075.tif,23.55802088631342,0.28851400326211707,0.7832663655281067,0.041471928358078,0.31844454891979695
GaussianFilter,poisson_16_gauss_0.05,16.0,0.05,sticks_076.tif,24.030349220452347,0.3341206107611895,0.7761469483375549,0.03892717510461807,0.30229283552616837
GaussianFilter,poisson_16_gauss_0.05,16.0,0.05,sticks_077.tif,22.68907143901542,0.2783430578576094,0.7664631009101868,0.04478475823998451,0.33894478976726533
GaussianFilter,poisson_16_gauss_0.05,16.0,0.05,sticks_078.tif,23.222602180991068,0.3263925487604776,0.7685702443122864,0.03998885676264763,0.33775978423655034
GaussianFilter,poisson_16_gauss_0.05,16.0,0.05,sticks_079.tif,23.9828013816923,0.3166484185454255,0.7827295660972595,0.03921712562441826,0.31281483732163906
GaussianFilter,poisson_16_gauss_0.05,16.0,0.05,sticks_080.tif,23.419456252353484,0.3534082778226164,0.7812634110450745,0.040489282459020615,0.33231104351580143
GaussianFilter,poisson_16_gauss_0.05,16.0,0.05,sticks_081.tif,23.729348345914346,0.3310565371323422,0.7840982675552368,0.039919644594192505,0.31573365777730944
GaussianFilter,poisson_16_gauss_0.05,16.0,0.05,sticks_082.tif,22.859818706005704,0.31149189885259154,0.7701664566993713,0.04330461472272873,0.31790465787053107
GaussianFilter,poisson_16_gauss_0.05,16.0,0.05,sticks_084.tif,23.33122961345234,0.31733248517137314,0.7741619348526001,0.04097979888319969,0.32322045490145684
GaussianFilter,poisson_16_gauss_0.05,16.0,0.05,sticks_083.tif,24.345229822395314,0.3539270697194486,0.7751011848449707,0.035750288516283035,0.30512429103255273
GaussianFilter,poisson_16_gauss_0.05,16.0,0.05,sticks_085.tif,24.996963138004116,0.4182352590127445,0.8332754969596863,0.03144153207540512,0.29147506654262545
GaussianFilter,poisson_16_gauss_0.05,16.0,0.05,sticks_086.tif,24.44555905784227,0.430002577328058,0.8151748180389404,0.03314932435750961,0.31749393679201604
GaussianFilter,poisson_16_gauss_0.05,16.0,0.05,sticks_088.tif,25.14926171980497,0.3982100294739138,0.8191693425178528,0.032593198120594025,0.29881893657147884
GaussianFilter,poisson_16_gauss_0.05,16.0,0.05,sticks_087.tif,22.912034070365568,0.2870222186403639,0.7591882944107056,0.04335789009928703,0.3245323088020086
GaussianFilter,poisson_16_gauss_0.05,16.0,0.05,sticks_089.tif,23.61504997747889,0.3236554885698335,0.7631012201309204,0.038728583604097366,0.2983333520591259
GaussianFilter,poisson_16_gauss_0.05,16.0,0.05,sticks_090.tif,23.463925131301085,0.35153983866175587,0.785656750202179,0.03900914266705513,0.32343613393604753
GaussianFilter,poisson_16_gauss_0.05,16.0,0.05,sticks_091.tif,25.683568856990387,0.35889500424437787,0.8214831352233887,0.0319129079580307,0.2969369787722826
GaussianFilter,poisson_16_gauss_0.05,16.0,0.05,sticks_092.tif,23.151145928881395,0.31239376533929597,0.7692535519599915,0.04143077880144119,0.3126905158162117
GaussianFilter,poisson_16_gauss_0.05,16.0,0.05,sticks_093.tif,24.174672923401886,0.3558411874830187,0.7963080406188965,0.03803345933556557,0.31837325878441336
GaussianFilter,poisson_16_gauss_0.05,16.0,0.05,sticks_095.tif,22.501051497421024,0.3588953628235019,0.7866032123565674,0.043916553258895874,0.34702129699289797
GaussianFilter,poisson_16_gauss_0.05,16.0,0.05,sticks_096.tif,24.14485470079739,0.3541516406898787,0.8043766021728516,0.03760789334774017,0.307932136952877
GaussianFilter,poisson_16_gauss_0.05,16.0,0.05,sticks_097.tif,23.894617806389398,0.33452137889517247,0.7850534319877625,0.03847745805978775,0.2978506419807673
GaussianFilter,poisson_16_gauss_0.05,16.0,0.05,sticks_098.tif,22.897534833408443,0.3460668728696722,0.7792840003967285,0.04171648621559143,0.3348058622330427
GaussianFilter,poisson_16_gauss_0.05,16.0,0.05,sticks_099.tif,23.161311184196798,0.3133609987738305,0.7642145156860352,0.0421866811811924,0.32417504377663137
GaussianFilter,poisson_16_gauss_0.05,16.0,0.05,sticks_094.tif,22.807083289486894,0.2835920449671753,0.7537069320678711,0.04243118315935135,0.32809037156403065
GaussianFilter,poisson_16_gauss_0.1,16.0,0.1,sticks_000.tif,24.080968107510714,0.1762844582498353,0.7920404076576233,0.049402348697185516,0.3051472879946232
GaussianFilter,poisson_16_gauss_0.1,16.0,0.1,sticks_001.tif,21.86182059935028,0.20330236846628544,0.7455817461013794,0.05582458898425102,0.34403606243431567
GaussianFilter,poisson_16_gauss_0.1,16.0,0.1,sticks_002.tif,23.045127852248044,0.15239394793373123,0.746121883392334,0.05210825800895691,0.3092978931963444
GaussianFilter,poisson_16_gauss_0.1,16.0,0.1,sticks_003.tif,22.182924548025245,0.15822554263636215,0.7376103401184082,0.058011095970869064,0.33362866267561914
GaussianFilter,poisson_16_gauss_0.1,16.0,0.1,sticks_004.tif,23.071668087766923,0.19075826561572184,0.7600341439247131,0.05131985992193222,0.3294106502085924
GaussianFilter,poisson_16_gauss_0.1,16.0,0.1,sticks_005.tif,23.739508131395944,0.17752152193314563,0.7608587741851807,0.047767020761966705,0.3072837147861719
GaussianFilter,poisson_16_gauss_0.1,16.0,0.1,sticks_007.tif,22.94199124855328,0.1964473994774228,0.7819215655326843,0.05125417187809944,0.3279040388762951
GaussianFilter,poisson_16_gauss_0.1,16.0,0.1,sticks_009.tif,25.58669023743868,0.20164240250448132,0.8131235837936401,0.04022200405597687,0.29460819661617277
GaussianFilter,poisson_16_gauss_0.1,16.0,0.1,sticks_008.tif,24.59687555341913,0.24021728251016664,0.8003150224685669,0.041863806545734406,0.2859666723757982
GaussianFilter,poisson_16_gauss_0.1,16.0,0.1,sticks_011.tif,23.38377626361783,0.21378190976831246,0.7928363680839539,0.047495871782302856,0.3231803834438324
GaussianFilter,poisson_16_gauss_0.1,16.0,0.1,sticks_006.tif,23.241373941606476,0.15987775278664043,0.7374414801597595,0.05233282968401909,0.330321928858757
GaussianFilter,poisson_16_gauss_0.1,16.0,0.1,sticks_010.tif,22.7424360275768,0.16682531017985064,0.7553490996360779,0.0550839826464653,0.3214901857078075
GaussianFilter,poisson_16_gauss_0.1,16.0,0.1,sticks_012.tif,22.555344107871026,0.17404361328717563,0.7625950574874878,0.05471370369195938,0.31827037408947945
GaussianFilter,poisson_16_gauss_0.1,16.0,0.1,sticks_016.tif,21.961883809164405,0.15819356439441964,0.7314888834953308,0.05796055868268013,0.3447290673851967
GaussianFilter,poisson_16_gauss_0.1,16.0,0.1,sticks_013.tif,23.547142172591464,0.21126398444876837,0.7796104550361633,0.04656243696808815,0.3388501137495041
GaussianFilter,poisson_16_gauss_0.1,16.0,0.1,sticks_014.tif,24.558159854280994,0.19669408367854413,0.7826794981956482,0.044378213584423065,0.29504992105066774
GaussianFilter,poisson_16_gauss_0.1,16.0,0.1,sticks_015.tif,23.661300315082965,0.19184282047975895,0.768211841583252,0.04783248528838158,0.3312107637524605
GaussianFilter,poisson_16_gauss_0.1,16.0,0.1,sticks_018.tif,21.538335953112796,0.16260223928650816,0.7249245047569275,0.06030619889497757,0.34042858630418776
GaussianFilter,poisson_16_gauss_0.1,16.0,0.1,sticks_020.tif,22.8065484111386,0.17810040884073902,0.7659890651702881,0.05198147892951965,0.3267361268401146
GaussianFilter,poisson_16_gauss_0.1,16.0,0.1,sticks_017.tif,21.866503972220617,0.14224065869957886,0.7391942739486694,0.06298072636127472,0.31052101850509645
GaussianFilter,poisson_16_gauss_0.1,16.0,0.1,sticks_019.tif,22.26104047092823,0.17397102260497765,0.7581325769424438,0.054805152118206024,0.3289974004030228
GaussianFilter,poisson_16_gauss_0.1,16.0,0.1,sticks_021.tif,22.770106293500163,0.16451742878949566,0.754625141620636,0.054532963782548904,0.32060977108776567
GaussianFilter,poisson_16_gauss_0.1,16.0,0.1,sticks_022.tif,23.75632380107866,0.18573139084438833,0.780032217502594,0.04781503230333328,0.31648420691490176
GaussianFilter,poisson_16_gauss_0.1,16.0,0.1,sticks_023.tif,23.309699564324795,0.225309031957062,0.7873066663742065,0.04737400636076927,0.31988309808075427
GaussianFilter,poisson_16_gauss_0.1,16.0,0.1,sticks_024.tif,24.530361385413222,0.19812800451788606,0.8002910017967224,0.044142402708530426,0.2989741150289774
GaussianFilter,poisson_16_gauss_0.1,16.0,0.1,sticks_025.tif,21.246604426165646,0.14252343272325926,0.7397143840789795,0.06708360463380814,0.3505121175199747
GaussianFilter,poisson_16_gauss_0.1,16.0,0.1,sticks_026.tif,24.897638534387795,0.23085029425366535,0.8023650646209717,0.04095282033085823,0.3121181547641754
GaussianFilter,poisson_16_gauss_0.1,16.0,0.1,sticks_027.tif,22.65550005104049,0.20626868875020835,0.7765915989875793,0.05416523665189743,0.3322761245071888
GaussianFilter,poisson_16_gauss_0.1,16.0,0.1,sticks_028.tif,22.76750144867469,0.17247645528947586,0.7467963099479675,0.05387525632977486,0.31255303248763083
GaussianFilter,poisson_16_gauss_0.1,16.0,0.1,sticks_029.tif,21.40087655722692,0.17085459054399774,0.7248945832252502,0.06072927638888359,0.3369773756712675
GaussianFilter,poisson_16_gauss_0.1,16.0,0.1,sticks_030.tif,23.065414923960862,0.2030071495080586,0.7744860649108887,0.048629216849803925,0.32185198590159414
GaussianFilter,poisson_16_gauss_0.1,16.0,0.1,sticks_032.tif,23.19202446662763,0.19968120099190337,0.7703672647476196,0.048685722053050995,0.32622919995337724
GaussianFilter,poisson_16_gauss_0.1,16.0,0.1,sticks_031.tif,23.518287820529032,0.19028266519311818,0.770103394985199,0.04912899062037468,0.3170478045940399
GaussianFilter,poisson_16_gauss_0.1,16.0,0.1,sticks_033.tif,22.304720832998193,0.19884267664211389,0.7455031871795654,0.052337396889925,0.31410922594368457
GaussianFilter,poisson_16_gauss_0.1,16.0,0.1,sticks_034.tif,21.630780124140262,0.15295488570039054,0.7271507978439331,0.06113848835229874,0.3390954092144966
GaussianFilter,poisson_16_gauss_0.1,16.0,0.1,sticks_035.tif,22.64645648851859,0.17787821130724668,0.7652696967124939,0.05308421328663826,0.33236963525414465
GaussianFilter,poisson_16_gauss_0.1,16.0,0.1,sticks_036.tif,23.804463352638546,0.16949086222471207,0.7679949402809143,0.04803035408258438,0.30048153586685655
GaussianFilter,poisson_16_gauss_0.1,16.0,0.1,sticks_037.tif,23.286249736944168,0.18773285124348152,0.7632243633270264,0.04975786432623863,0.3197945863008499
GaussianFilter,poisson_16_gauss_0.1,16.0,0.1,sticks_038.tif,23.764713294242124,0.16932653223047794,0.7646908760070801,0.04923209547996521,0.3125270951539278
GaussianFilter,poisson_16_gauss_0.1,16.0,0.1,sticks_040.tif,23.222547713188128,0.19298905880448558,0.782310426235199,0.050069570541381836,0.30984755158424376
GaussianFilter,poisson_16_gauss_0.1,16.0,0.1,sticks_039.tif,23.677686394769715,0.2064752465137003,0.7871228456497192,0.04634764790534973,0.3253000099211931
GaussianFilter,poisson_16_gauss_0.1,16.0,0.1,sticks_041.tif,24.47480070092469,0.19500491945722737,0.7887051701545715,0.04425164312124252,0.3104902654886246
GaussianFilter,poisson_16_gauss_0.1,16.0,0.1,sticks_042.tif,25.578816463533656,0.21210132833090906,0.805111825466156,0.03983195126056671,0.2909201417118311
GaussianFilter,poisson_16_gauss_0.1,16.0,0.1,sticks_043.tif,23.532164842970012,0.23860682565073688,0.7908948063850403,0.04532744362950325,0.3260344661772251
GaussianFilter,poisson_16_gauss_0.1,16.0,0.1,sticks_044.tif,23.682448198720827,0.23546360975717773,0.7799875736236572,0.044626347720623016,0.3252976335585117
GaussianFilter,poisson_16_gauss_0.1,16.0,0.1,sticks_045.tif,24.359932588788993,0.2062011536762431,0.7855685353279114,0.04276755452156067,0.3050667904317379
GaussianFilter,poisson_16_gauss_0.1,16.0,0.1,sticks_046.tif,26.872342632269266,0.2456245920293635,0.8354752659797668,0.03458329662680626,0.2735455632209778
GaussianFilter,poisson_16_gauss_0.1,16.0,0.1,sticks_047.tif,24.797376758116357,0.188096742615953,0.7897665500640869,0.043738629668951035,0.28661973364651205
GaussianFilter,poisson_16_gauss_0.1,16.0,0.1,sticks_049.tif,23.669218452284344,0.18878080252003065,0.7828506231307983,0.04727550595998764,0.3158281002193689
GaussianFilter,poisson_16_gauss_0.1,16.0,0.1,sticks_048.tif,22.88861745419844,0.18825127879984288,0.7577372789382935,0.051405251026153564,0.31808287352323533
GaussianFilter,poisson_16_gauss_0.1,16.0,0.1,sticks_050.tif,24.112475298696197,0.18485704852245122,0.7694017291069031,0.04576357454061508,0.28844391778111456
GaussianFilter,poisson_16_gauss_0.1,16.0,0.1,sticks_051.tif,23.115276666517364,0.21149012615579246,0.7826162576675415,0.049114808440208435,0.3309753745794296
GaussianFilter,poisson_16_gauss_0.1,16.0,0.1,sticks_053.tif,22.373611431772634,0.1898237746502953,0.7590695023536682,0.05382593721151352,0.3350077956914902
GaussianFilter,poisson_16_gauss_0.1,16.0,0.1,sticks_052.tif,22.642357584953132,0.18677102998488426,0.762547492980957,0.05162528157234192,0.33522037900984286
GaussianFilter,poisson_16_gauss_0.1,16.0,0.1,sticks_054.tif,25.953858019461954,0.22819955739699338,0.8113101720809937,0.03764133155345917,0.2778492642566562
GaussianFilter,poisson_16_gauss_0.1,16.0,0.1,sticks_055.tif,23.049237317694736,0.2119035136703751,0.7846629619598389,0.048447735607624054,0.33402565978467463
GaussianFilter,poisson_16_gauss_0.1,16.0,0.1,sticks_056.tif,22.936239848458627,0.18838374719415615,0.7636318206787109,0.05048555135726929,0.3196129597723484
GaussianFilter,poisson_16_gauss_0.1,16.0,0.1,sticks_059.tif,25.103809439592297,0.20717147255518853,0.7921178340911865,0.04135412722826004,0.2937348995357752
GaussianFilter,poisson_16_gauss_0.1,16.0,0.1,sticks_058.tif,22.36159795929753,0.167713627729142,0.7435823082923889,0.056107860058546066,0.3387485757470131
GaussianFilter,poisson_16_gauss_0.1,16.0,0.1,sticks_057.tif,23.895374763826393,0.207893648796772,0.7921342849731445,0.046597521752119064,0.32597003914415834
GaussianFilter,poisson_16_gauss_0.1,16.0,0.1,sticks_060.tif,24.493002166672984,0.1788882712859406,0.7885115742683411,0.046922847628593445,0.3175128988921642
GaussianFilter,poisson_16_gauss_0.1,16.0,0.1,sticks_063.tif,23.41315017762073,0.19150345514705577,0.7870669364929199,0.05013156682252884,0.30534938909113407
GaussianFilter,poisson_16_gauss_0.1,16.0,0.1,sticks_061.tif,21.884095913476212,0.18851192423769364,0.7491320967674255,0.05585714057087898,0.34125505201518536
GaussianFilter,poisson_16_gauss_0.1,16.0,0.1,sticks_062.tif,24.404641969083,0.22087351726738647,0.797582745552063,0.041084837168455124,0.30269867442548276
GaussianFilter,poisson_16_gauss_0.1,16.0,0.1,sticks_067.tif,23.28323500125578,0.21115491760032132,0.7732869386672974,0.04849640280008316,0.3246740771457553
GaussianFilter,poisson_16_gauss_0.1,16.0,0.1,sticks_066.tif,23.148247294701243,0.19692355969823871,0.7724490761756897,0.04870167002081871,0.32968764640390874
GaussianFilter,poisson_16_gauss_0.1,16.0,0.1,sticks_065.tif,24.093880500578653,0.2182430374069819,0.7957895994186401,0.043793875724077225,0.3278170093894005
GaussianFilter,poisson_16_gauss_0.1,16.0,0.1,sticks_068.tif,24.33133421810573,0.19216627468207167,0.7800627946853638,0.046215642243623734,0.3074264325201511
GaussianFilter,poisson_16_gauss_0.1,16.0,0.1,sticks_069.tif,23.36243223899745,0.20854647688356898,0.77645343542099,0.047836922109127045,0.3319052644073963
GaussianFilter,poisson_16_gauss_0.1,16.0,0.1,sticks_064.tif,23.85656316772203,0.20160506940671163,0.7907935976982117,0.045922283083200455,0.2987691819667816
GaussianFilter,poisson_16_gauss_0.1,16.0,0.1,sticks_070.tif,24.21322761493531,0.2104082464481345,0.7892456650733948,0.04485198110342026,0.2983653452247381
GaussianFilter,poisson_16_gauss_0.1,16.0,0.1,sticks_071.tif,22.924895061824095,0.1884678038595515,0.7594638466835022,0.05124837905168533,0.31874835565686227
GaussianFilter,poisson_16_gauss_0.1,16.0,0.1,sticks_072.tif,24.14702700163012,0.1705154371957209,0.7800943851470947,0.0488119050860405,0.2868940711021423
GaussianFilter,poisson_16_gauss_0.1,16.0,0.1,sticks_073.tif,23.612567264710695,0.18667094968569103,0.7691923379898071,0.04826429858803749,0.3046006396412849
GaussianFilter,poisson_16_gauss_0.1,16.0,0.1,sticks_074.tif,23.29542000536533,0.17559847449631905,0.7596129775047302,0.049730319529771805,0.2978783901780844
GaussianFilter,poisson_16_gauss_0.1,16.0,0.1,sticks_075.tif,22.844697175675254,0.17557610101984553,0.7662160992622375,0.052824683487415314,0.32530812583863733
GaussianFilter,poisson_16_gauss_0.1,16.0,0.1,sticks_076.tif,23.107274872573257,0.1903656785411918,0.7597965598106384,0.051786936819553375,0.3109839528799057
GaussianFilter,poisson_16_gauss_0.1,16.0,0.1,sticks_077.tif,22.3846790826855,0.1884189940583253,0.763234555721283,0.05314113572239876,0.34494060575962066
GaussianFilter,poisson_16_gauss_0.1,16.0,0.1,sticks_078.tif,22.512416240940574,0.17363578043104183,0.7536222338676453,0.05255415290594101,0.34609885290265086
GaussianFilter,poisson_16_gauss_0.1,16.0,0.1,sticks_079.tif,23.11640663033866,0.18956637199340556,0.766735851764679,0.05140296742320061,0.32220747582614423
GaussianFilter,poisson_16_gauss_0.1,16.0,0.1,sticks_080.tif,23.045325410767333,0.2216886249456731,0.7725269198417664,0.04851781949400902,0.3384917974472046
GaussianFilter,poisson_16_gauss_0.1,16.0,0.1,sticks_081.tif,23.123070293308814,0.21864161191297948,0.768476665019989,0.04848439618945122,0.32588113732635976
GaussianFilter,poisson_16_gauss_0.1,16.0,0.1,sticks_082.tif,22.09017085115821,0.1841983193448666,0.7567377090454102,0.05594082921743393,0.32768771424889565
GaussianFilter,poisson_16_gauss_0.1,16.0,0.1,sticks_084.tif,22.43254343426702,0.18628805049781433,0.755118191242218,0.05329517647624016,0.3354498777538538
GaussianFilter,poisson_16_gauss_0.1,16.0,0.1,sticks_083.tif,22.941158546253895,0.16593031607554506,0.742938220500946,0.05344662070274353,0.3173864159733057
GaussianFilter,poisson_16_gauss_0.1,16.0,0.1,sticks_085.tif,24.409824346652155,0.23998111232018213,0.8154574036598206,0.039943259209394455,0.2990460507571697
GaussianFilter,poisson_16_gauss_0.1,16.0,0.1,sticks_086.tif,23.69203557846579,0.20873255612716926,0.7958794236183167,0.04488020017743111,0.32265976890921594
GaussianFilter,poisson_16_gauss_0.1,16.0,0.1,sticks_088.tif,24.44230592759968,0.2103961544030667,0.7994176745414734,0.04289522022008896,0.30467090792953966
GaussianFilter,poisson_16_gauss_0.1,16.0,0.1,sticks_087.tif,22.3511409249777,0.18130779535532388,0.7480320930480957,0.053554266691207886,0.33455080166459084
GaussianFilter,poisson_16_gauss_0.1,16.0,0.1,sticks_089.tif,22.21926313655092,0.1556360373204508,0.7328715324401855,0.05797266960144043,0.31234247162938117
GaussianFilter,poisson_16_gauss_0.1,16.0,0.1,sticks_090.tif,22.99029243414273,0.217636214104432,0.774807870388031,0.04760126397013664,0.3326511226594448
GaussianFilter,poisson_16_gauss_0.1,16.0,0.1,sticks_091.tif,24.79924712171842,0.20360591288691385,0.7990546822547913,0.04188528284430504,0.30538271404802797
GaussianFilter,poisson_16_gauss_0.1,16.0,0.1,sticks_092.tif,21.986444739523364,0.16106264062688586,0.7437331676483154,0.05836595967411995,0.3240507360547781
GaussianFilter,poisson_16_gauss_0.1,16.0,0.1,sticks_093.tif,23.318889820437928,0.20778763450758975,0.7780749201774597,0.04951957240700722,0.3258359242230654
GaussianFilter,poisson_16_gauss_0.1,16.0,0.1,sticks_095.tif,21.94693530113074,0.209802708231235,0.7736058831214905,0.05444693565368652,0.3530282508581877
GaussianFilter,poisson_16_gauss_0.1,16.0,0.1,sticks_096.tif,23.553001212594534,0.20804725293059967,0.7896158695220947,0.047525372356176376,0.3146472804248333
GaussianFilter,poisson_16_gauss_0.1,16.0,0.1,sticks_097.tif,23.18167049537923,0.19001317585153132,0.7747060060501099,0.05044279620051384,0.3051843296736479
GaussianFilter,poisson_16_gauss_0.1,16.0,0.1,sticks_098.tif,22.400801058860182,0.19209043598501332,0.7709729075431824,0.053376149386167526,0.33961583822965624
GaussianFilter,poisson_16_gauss_0.1,16.0,0.1,sticks_099.tif,22.29189147031223,0.17896516024588913,0.7500883936882019,0.05556788295507431,0.33521210923790934
GaussianFilter,poisson_16_gauss_0.1,16.0,0.1,sticks_094.tif,22.279373608617203,0.16905391931117317,0.7388162612915039,0.05372392386198044,0.3365033116191626
GaussianFilter,poisson_16_gauss_0.2,16.0,0.2,sticks_000.tif,21.333215406057864,0.11617044491615529,0.7446454763412476,0.07685230672359467,0.3443120144307613
GaussianFilter,poisson_16_gauss_0.2,16.0,0.2,sticks_001.tif,19.66658225513846,0.12714799921886202,0.7142733931541443,0.08856251835823059,0.37863058149814605
GaussianFilter,poisson_16_gauss_0.2,16.0,0.2,sticks_002.tif,19.85278744540733,0.08877945119403273,0.6787409782409668,0.08903404325246811,0.3775644309818745
GaussianFilter,poisson_16_gauss_0.2,16.0,0.2,sticks_003.tif,20.391652136397028,0.11294082067412596,0.7007532119750977,0.08135971426963806,0.37812510058283805
GaussianFilter,poisson_16_gauss_0.2,16.0,0.2,sticks_004.tif,20.66973943088597,0.12175350693551283,0.7189565300941467,0.07996816188097,0.37194712162017823
GaussianFilter,poisson_16_gauss_0.2,16.0,0.2,sticks_005.tif,21.6828045707793,0.1140292177753311,0.7149001955986023,0.07103662937879562,0.3568290531635284
GaussianFilter,poisson_16_gauss_0.2,16.0,0.2,sticks_007.tif,19.895749840703868,0.11778660898694555,0.7317079901695251,0.088070347905159,0.37015651240944863
GaussianFilter,poisson_16_gauss_0.2,16.0,0.2,sticks_009.tif,23.114962182148396,0.12050792158275611,0.7655254006385803,0.06166873499751091,0.33372500613331796
GaussianFilter,poisson_16_gauss_0.2,16.0,0.2,sticks_008.tif,22.18954112666879,0.1434608718668581,0.7524157762527466,0.06620776653289795,0.328799831867218
GaussianFilter,poisson_16_gauss_0.2,16.0,0.2,sticks_011.tif,20.602134240841092,0.1185521085179394,0.7450856566429138,0.08066573739051819,0.35827364176511767
GaussianFilter,poisson_16_gauss_0.2,16.0,0.2,sticks_006.tif,20.462833523561365,0.1019664959696171,0.6818103194236755,0.08344785869121552,0.38644307032227515
GaussianFilter,poisson_16_gauss_0.2,16.0,0.2,sticks_010.tif,20.47536535151005,0.11615652061731242,0.7066169381141663,0.08145172894001007,0.374983225017786
GaussianFilter,poisson_16_gauss_0.2,16.0,0.2,sticks_012.tif,20.448058235477788,0.1186662811714421,0.7206593155860901,0.08108298480510712,0.36519970968365667
GaussianFilter,poisson_16_gauss_0.2,16.0,0.2,sticks_016.tif,20.001094052782314,0.1076349083823132,0.6907973885536194,0.08459413796663284,0.38961906507611277
GaussianFilter,poisson_16_gauss_0.2,16.0,0.2,sticks_013.tif,21.32091397631163,0.12427998885452354,0.7318949103355408,0.07160879671573639,0.3767368160188198
GaussianFilter,poisson_16_gauss_0.2,16.0,0.2,sticks_014.tif,22.027743189838787,0.12100174273387111,0.7408824563026428,0.06977749615907669,0.3433808609843254
GaussianFilter,poisson_16_gauss_0.2,16.0,0.2,sticks_015.tif,20.72043000101331,0.11308565267693202,0.7145191431045532,0.07991960644721985,0.3780817240476608
GaussianFilter,poisson_16_gauss_0.2,16.0,0.2,sticks_018.tif,19.346343793834976,0.10809280228822656,0.6921017169952393,0.0927918329834938,0.38316523358225824
GaussianFilter,poisson_16_gauss_0.2,16.0,0.2,sticks_020.tif,20.904363599005407,0.11796691536522405,0.7243525385856628,0.07551299035549164,0.3663143411278725
GaussianFilter,poisson_16_gauss_0.2,16.0,0.2,sticks_017.tif,20.635507359507844,0.1151742984316324,0.7097824215888977,0.07913895696401596,0.36255796402692797
GaussianFilter,poisson_16_gauss_0.2,16.0,0.2,sticks_019.tif,19.74261683319928,0.10846262334121476,0.7139658331871033,0.08876233547925949,0.37050464376807213
GaussianFilter,poisson_16_gauss_0.2,16.0,0.2,sticks_021.tif,21.12074010289518,0.11859077873760303,0.7217333912849426,0.07501492649316788,0.3620067872107029
GaussianFilter,poisson_16_gauss_0.2,16.0,0.2,sticks_022.tif,21.9380092818337,0.12639812835088382,0.7404456734657288,0.06757013499736786,0.3597202353179455
GaussianFilter,poisson_16_gauss_0.2,16.0,0.2,sticks_023.tif,20.94235231947472,0.1318109523734039,0.7471304535865784,0.07621626555919647,0.3536126554012299
GaussianFilter,poisson_16_gauss_0.2,16.0,0.2,sticks_024.tif,22.68809194314706,0.13075208842699193,0.7587119340896606,0.06258668005466461,0.3404454167932272
GaussianFilter,poisson_16_gauss_0.2,16.0,0.2,sticks_025.tif,20.56782561596649,0.12186558205455086,0.7257629632949829,0.07836160063743591,0.3845558322966099
GaussianFilter,poisson_16_gauss_0.2,16.0,0.2,sticks_026.tif,21.767731270583134,0.12093724974187148,0.7464260458946228,0.0722241923213005,0.34674054607748983
GaussianFilter,poisson_16_gauss_0.2,16.0,0.2,sticks_027.tif,20.485194701451043,0.14104592466984478,0.7462659478187561,0.08130763471126556,0.36438669487833975
GaussianFilter,poisson_16_gauss_0.2,16.0,0.2,sticks_028.tif,20.56964130783851,0.1160880214147979,0.6998416185379028,0.08056177943944931,0.3689673088490963
GaussianFilter,poisson_16_gauss_0.2,16.0,0.2,sticks_029.tif,19.85947910164919,0.12112030169010814,0.7035417556762695,0.08600734919309616,0.3745064504444599
GaussianFilter,poisson_16_gauss_0.2,16.0,0.2,sticks_030.tif,20.777176640618883,0.11821116374075662,0.7329987287521362,0.0778561383485794,0.3578882161527872
GaussianFilter,poisson_16_gauss_0.2,16.0,0.2,sticks_032.tif,21.060141558102185,0.12185138838354219,0.729918897151947,0.07501805573701859,0.3651910353451967
GaussianFilter,poisson_16_gauss_0.2,16.0,0.2,sticks_031.tif,20.595239979697052,0.11311908655507076,0.7233941555023193,0.08277170360088348,0.35890007242560384
GaussianFilter,poisson_16_gauss_0.2,16.0,0.2,sticks_033.tif,20.07300603327738,0.11875322560182114,0.7041682004928589,0.08497145771980286,0.3533088143914938
GaussianFilter,poisson_16_gauss_0.2,16.0,0.2,sticks_034.tif,18.858573976947536,0.09860985969651871,0.680876612663269,0.10056845098733902,0.38520502746105195
GaussianFilter,poisson_16_gauss_0.2,16.0,0.2,sticks_035.tif,20.94124914701758,0.12132517160662575,0.7324706315994263,0.07512584328651428,0.36762628629803656
GaussianFilter,poisson_16_gauss_0.2,16.0,0.2,sticks_036.tif,20.045554791132506,0.09182384718655466,0.695280134677887,0.08949775248765945,0.3556560955941677
GaussianFilter,poisson_16_gauss_0.2,16.0,0.2,sticks_037.tif,20.801397406014868,0.1175912233785712,0.713120698928833,0.07891668379306793,0.3656185008585453
GaussianFilter,poisson_16_gauss_0.2,16.0,0.2,sticks_038.tif,20.776542206660412,0.10376361595428528,0.7068338990211487,0.08079137653112411,0.36960630789399146
GaussianFilter,poisson_16_gauss_0.2,16.0,0.2,sticks_040.tif,21.98986004643644,0.14283354984706878,0.7523177862167358,0.06486375629901886,0.3508767031133175
GaussianFilter,poisson_16_gauss_0.2,16.0,0.2,sticks_039.tif,21.756073546277648,0.12828806343699137,0.7520932555198669,0.06846246123313904,0.36277602836489675
GaussianFilter,poisson_16_gauss_0.2,16.0,0.2,sticks_041.tif,21.912649250894056,0.11520914287668,0.7450622916221619,0.07029611617326736,0.3503163047134876
GaussianFilter,poisson_16_gauss_0.2,16.0,0.2,sticks_042.tif,22.17573095149268,0.1157312361422985,0.7402414679527283,0.06895078718662262,0.3435928151011467
GaussianFilter,poisson_16_gauss_0.2,16.0,0.2,sticks_043.tif,21.19352953285528,0.13151735466978093,0.7499968409538269,0.07346510887145996,0.3597679793834686
GaussianFilter,poisson_16_gauss_0.2,16.0,0.2,sticks_044.tif,20.969331013190082,0.1270316246087189,0.7234858870506287,0.07577942311763763,0.36454574950039387
GaussianFilter,poisson_16_gauss_0.2,16.0,0.2,sticks_045.tif,21.730590386803094,0.11434745930623845,0.7329165935516357,0.06987111270427704,0.35469473004341123
GaussianFilter,poisson_16_gauss_0.2,16.0,0.2,sticks_046.tif,24.368162914669806,0.14078749294672388,0.7856283783912659,0.05346651002764702,0.31168613880872725
GaussianFilter,poisson_16_gauss_0.2,16.0,0.2,sticks_047.tif,22.252338576475644,0.11692886261328155,0.7408401370048523,0.0681120902299881,0.3300444267690182
GaussianFilter,poisson_16_gauss_0.2,16.0,0.2,sticks_049.tif,21.605825945261113,0.1222896734014225,0.7375941872596741,0.06993726640939713,0.3612248510122299
GaussianFilter,poisson_16_gauss_0.2,16.0,0.2,sticks_048.tif,20.502444548754404,0.1174504205122468,0.7125899791717529,0.08067701011896133,0.36530577912926676
GaussianFilter,poisson_16_gauss_0.2,16.0,0.2,sticks_050.tif,21.26615701820618,0.10633418211595758,0.7162577509880066,0.07658539712429047,0.3400440476834774
GaussianFilter,poisson_16_gauss_0.2,16.0,0.2,sticks_051.tif,20.71708668215515,0.12590613171875,0.738513171672821,0.07813256233930588,0.36612090170383454
GaussianFilter,poisson_16_gauss_0.2,16.0,0.2,sticks_053.tif,20.4641671909042,0.12469486097935947,0.718661904335022,0.07920578867197037,0.3730310261249542
GaussianFilter,poisson_16_gauss_0.2,16.0,0.2,sticks_052.tif,19.705062215259478,0.10428242114626333,0.7107460498809814,0.08916556090116501,0.379198157787323
GaussianFilter,poisson_16_gauss_0.2,16.0,0.2,sticks_054.tif,23.91493141908697,0.14136025472739816,0.7687849402427673,0.05475989729166031,0.32108047008514407
GaussianFilter,poisson_16_gauss_0.2,16.0,0.2,sticks_055.tif,20.75226707866356,0.12257166138564068,0.7475666403770447,0.07722007483243942,0.367476374655962
GaussianFilter,poisson_16_gauss_0.2,16.0,0.2,sticks_056.tif,20.464039328357085,0.11432736891350337,0.7126298546791077,0.0808720588684082,0.3653810754418373
GaussianFilter,poisson_16_gauss_0.2,16.0,0.2,sticks_059.tif,22.30536010928651,0.11968050297107465,0.7371275424957275,0.06751188635826111,0.33955613635480403
GaussianFilter,poisson_16_gauss_0.2,16.0,0.2,sticks_058.tif,19.093418576555475,0.10003307151223974,0.6951823234558105,0.09925906360149384,0.3794330686330795
GaussianFilter,poisson_16_gauss_0.2,16.0,0.2,sticks_057.tif,22.017821838359467,0.13188289506143203,0.7560287714004517,0.06749406456947327,0.3575422205030918
GaussianFilter,poisson_16_gauss_0.2,16.0,0.2,sticks_060.tif,22.331317825835413,0.12301773004416744,0.7473047375679016,0.06702982634305954,0.3617778353393078
GaussianFilter,poisson_16_gauss_0.2,16.0,0.2,sticks_063.tif,20.68323839214156,0.1220817070139328,0.7396476864814758,0.08058895170688629,0.3491839677095413
GaussianFilter,poisson_16_gauss_0.2,16.0,0.2,sticks_061.tif,20.04339661846524,0.1261664207514451,0.7144116759300232,0.08180002868175507,0.3832042522728443
GaussianFilter,poisson_16_gauss_0.2,16.0,0.2,sticks_062.tif,22.373795228998105,0.12115735934069162,0.7572062015533447,0.06345732510089874,0.34254134222865107
GaussianFilter,poisson_16_gauss_0.2,16.0,0.2,sticks_067.tif,20.77197733256166,0.13001902454284262,0.7294365167617798,0.07794199883937836,0.3684604424983263
GaussianFilter,poisson_16_gauss_0.2,16.0,0.2,sticks_066.tif,21.324712408923446,0.12331472452600685,0.733140230178833,0.07172887027263641,0.36638265401124953
GaussianFilter,poisson_16_gauss_0.2,16.0,0.2,sticks_065.tif,22.007910227486693,0.1289504890753314,0.7537829875946045,0.0661516860127449,0.36435410007834435
GaussianFilter,poisson_16_gauss_0.2,16.0,0.2,sticks_068.tif,21.696151193834986,0.12227164267739861,0.7316213846206665,0.07217478007078171,0.35418262556195257
GaussianFilter,poisson_16_gauss_0.2,16.0,0.2,sticks_069.tif,20.50796960728464,0.11769325055631312,0.7294072508811951,0.08162461966276169,0.3718710526823997
GaussianFilter,poisson_16_gauss_0.2,16.0,0.2,sticks_064.tif,20.853509451534503,0.11541720654230214,0.732723593711853,0.07840859889984131,0.3486069172620773
GaussianFilter,poisson_16_gauss_0.2,16.0,0.2,sticks_070.tif,21.994712116144733,0.1325989769999575,0.7476195096969604,0.06822569668292999,0.34009886607527734
GaussianFilter,poisson_16_gauss_0.2,16.0,0.2,sticks_071.tif,20.54850653681413,0.11936667166131402,0.7123031616210938,0.07991667091846466,0.36470910385251043
GaussianFilter,poisson_16_gauss_0.2,16.0,0.2,sticks_072.tif,22.33285614895561,0.12503709235070276,0.7438720464706421,0.06658412516117096,0.3329996459186077
GaussianFilter,poisson_16_gauss_0.2,16.0,0.2,sticks_073.tif,19.2185246374802,0.09750948407155982,0.7043372392654419,0.10003367811441422,0.351462946087122
GaussianFilter,poisson_16_gauss_0.2,16.0,0.2,sticks_074.tif,21.516722217967757,0.11901559733398148,0.7191639542579651,0.0711173564195633,0.3477746360003948
GaussianFilter,poisson_16_gauss_0.2,16.0,0.2,sticks_075.tif,21.092158575665245,0.12229440899501377,0.7249487638473511,0.07349476218223572,0.36719493940472603
GaussianFilter,poisson_16_gauss_0.2,16.0,0.2,sticks_076.tif,19.769298442814712,0.11484209700142971,0.7069198489189148,0.09137926995754242,0.35729287192225456
GaussianFilter,poisson_16_gauss_0.2,16.0,0.2,sticks_077.tif,20.162337736184718,0.1178633484817932,0.7243518233299255,0.08284514397382736,0.3804546982049942
GaussianFilter,poisson_16_gauss_0.2,16.0,0.2,sticks_078.tif,20.895675148624605,0.11297900779984199,0.7192114591598511,0.0746542364358902,0.3864723138511181
GaussianFilter,poisson_16_gauss_0.2,16.0,0.2,sticks_079.tif,20.811529021231642,0.12579764206214317,0.7262682914733887,0.07846374809741974,0.36442648619413376
GaussianFilter,poisson_16_gauss_0.2,16.0,0.2,sticks_080.tif,20.721921210035134,0.1262600600877331,0.7280965447425842,0.07776467502117157,0.3744463436305523
GaussianFilter,poisson_16_gauss_0.2,16.0,0.2,sticks_081.tif,20.80948196783939,0.13075901789143515,0.7234877347946167,0.07677601277828217,0.36650340631604195
GaussianFilter,poisson_16_gauss_0.2,16.0,0.2,sticks_082.tif,19.561526217138205,0.11683562465420769,0.7194293141365051,0.09093008935451508,0.36782380789518354
GaussianFilter,poisson_16_gauss_0.2,16.0,0.2,sticks_084.tif,19.701906865027958,0.11208725547374956,0.7070165276527405,0.08881908655166626,0.3818450219929218
GaussianFilter,poisson_16_gauss_0.2,16.0,0.2,sticks_083.tif,20.62853325965324,0.11088257759248343,0.7004084587097168,0.08114011585712433,0.3662556059658527
GaussianFilter,poisson_16_gauss_0.2,16.0,0.2,sticks_085.tif,22.162089657743984,0.12360934117486032,0.7663452625274658,0.06456681340932846,0.335917816311121
GaussianFilter,poisson_16_gauss_0.2,16.0,0.2,sticks_086.tif,21.59052374615966,0.11516296227350827,0.7575327157974243,0.07110530138015747,0.3519184604287148
GaussianFilter,poisson_16_gauss_0.2,16.0,0.2,sticks_088.tif,22.502469656851144,0.12741574472591402,0.7519368529319763,0.06243176385760307,0.3457017861306667
GaussianFilter,poisson_16_gauss_0.2,16.0,0.2,sticks_087.tif,20.089625814431457,0.11193028735670642,0.7067316174507141,0.08371391147375107,0.3782855324447155
GaussianFilter,poisson_16_gauss_0.2,16.0,0.2,sticks_089.tif,19.45224272801639,0.10234572442351052,0.6863470077514648,0.09413956105709076,0.3667152002453804
GaussianFilter,poisson_16_gauss_0.2,16.0,0.2,sticks_090.tif,21.321150112058696,0.13233451796992665,0.7414523959159851,0.06975104659795761,0.3701956011354923
GaussianFilter,poisson_16_gauss_0.2,16.0,0.2,sticks_091.tif,21.93034931380663,0.10929340263725172,0.7412542700767517,0.07015712559223175,0.34576397612690923
GaussianFilter,poisson_16_gauss_0.2,16.0,0.2,sticks_092.tif,19.781823038860807,0.10863490596096836,0.704517126083374,0.08864811062812805,0.3685855485498905
GaussianFilter,poisson_16_gauss_0.2,16.0,0.2,sticks_093.tif,21.814238744740948,0.14510805436127228,0.7501055002212524,0.06798785924911499,0.35904546529054643
GaussianFilter,poisson_16_gauss_0.2,16.0,0.2,sticks_095.tif,20.228975135090682,0.135781394931953,0.7365796566009521,0.07891643792390823,0.38617550730705263
GaussianFilter,poisson_16_gauss_0.2,16.0,0.2,sticks_096.tif,21.343841575378274,0.12788731867239927,0.7445113062858582,0.07287865877151489,0.3516201198101044
GaussianFilter,poisson_16_gauss_0.2,16.0,0.2,sticks_097.tif,20.58134799094548,0.12000172651118027,0.7298915982246399,0.08069945126771927,0.35099679678678514
GaussianFilter,poisson_16_gauss_0.2,16.0,0.2,sticks_098.tif,20.498636144854988,0.128282304829865,0.7313579320907593,0.07783271372318268,0.37700397297739985
GaussianFilter,poisson_16_gauss_0.2,16.0,0.2,sticks_099.tif,20.532276494410773,0.12457776433796086,0.716886579990387,0.07862585037946701,0.3794320307672024
GaussianFilter,poisson_16_gauss_0.2,16.0,0.2,sticks_094.tif,19.739107343153087,0.10450106195547593,0.6789239048957825,0.08569522202014923,0.3900150381028652
MedianFilter,poisson_01_gauss_0.05,1.0,0.05,sticks_000.tif,24.730928835266432,0.6237822076908529,0.698969841003418,0.017825191840529442,0.312600146047771
MedianFilter,poisson_01_gauss_0.05,1.0,0.05,sticks_001.tif,22.966390513878952,0.5965751915565523,0.6331276893615723,0.02263765223324299,0.34673996791243555
MedianFilter,poisson_01_gauss_0.05,1.0,0.05,sticks_002.tif,25.671380853668392,0.655907255518464,0.7394928336143494,0.01503570843487978,0.289222077652812
MedianFilter,poisson_01_gauss_0.05,1.0,0.05,sticks_003.tif,24.240524823695644,0.6183208392734164,0.6914721131324768,0.01833207532763481,0.31652562171220777
MedianFilter,poisson_01_gauss_0.05,1.0,0.05,sticks_004.tif,24.076624365181072,0.6010431516364277,0.6650780439376831,0.019123557955026627,0.3252005038782954
MedianFilter,poisson_01_gauss_0.05,1.0,0.05,sticks_005.tif,25.508953450260993,0.6347153341915037,0.7147384285926819,0.01586824469268322,0.29522019550204276
MedianFilter,poisson_01_gauss_0.05,1.0,0.05,sticks_007.tif,23.541617173954513,0.6095960450917229,0.6695278286933899,0.02060508355498314,0.3238467417657375
MedianFilter,poisson_01_gauss_0.05,1.0,0.05,sticks_009.tif,25.651379401499234,0.6406936335459091,0.7258044481277466,0.015633439645171165,0.30561611130833627
MedianFilter,poisson_01_gauss_0.05,1.0,0.05,sticks_008.tif,23.814889071185476,0.6024864167856113,0.6676182150840759,0.020153027027845383,0.3133445680141449
MedianFilter,poisson_01_gauss_0.05,1.0,0.05,sticks_011.tif,23.288251537734027,0.6115836296207171,0.669328510761261,0.0204857736825943,0.3230960987508297
MedianFilter,poisson_01_gauss_0.05,1.0,0.05,sticks_006.tif,25.48516360422687,0.6407700228640167,0.727741539478302,0.01568644307553768,0.303136982396245
MedianFilter,poisson_01_gauss_0.05,1.0,0.05,sticks_010.tif,24.451869390647992,0.6182823058145165,0.6920769810676575,0.018159836530685425,0.31005166843533516
MedianFilter,poisson_01_gauss_0.05,1.0,0.05,sticks_012.tif,24.110811471648827,0.6178063760060593,0.6821218132972717,0.01930208131670952,0.3247913897037506
MedianFilter,poisson_01_gauss_0.05,1.0,0.05,sticks_016.tif,23.967916637097538,0.6211223455980485,0.7018042802810669,0.01841851696372032,0.32087951954454186
MedianFilter,poisson_01_gauss_0.05,1.0,0.05,sticks_013.tif,23.33554198108198,0.6169914937218195,0.6783111095428467,0.01987185887992382,0.32582153752446175
MedianFilter,poisson_01_gauss_0.05,1.0,0.05,sticks_014.tif,26.21724673900541,0.6342930836508708,0.7188202738761902,0.01577541045844555,0.3099606031551957
MedianFilter,poisson_01_gauss_0.05,1.0,0.05,sticks_015.tif,24.42157430706097,0.6162804879092157,0.6805844306945801,0.017838971689343452,0.32037066835910083
MedianFilter,poisson_01_gauss_0.05,1.0,0.05,sticks_018.tif,23.85123376068483,0.6174639448629378,0.670358419418335,0.019421378150582314,0.32404275648295877
MedianFilter,poisson_01_gauss_0.05,1.0,0.05,sticks_020.tif,23.50143080255355,0.6253186294004882,0.6957231760025024,0.019598832353949547,0.31540973000228406
MedianFilter,poisson_01_gauss_0.05,1.0,0.05,sticks_017.tif,24.69112382716296,0.6228351470827036,0.6913979649543762,0.017963621765375137,0.32153445333242414
MedianFilter,poisson_01_gauss_0.05,1.0,0.05,sticks_019.tif,23.42671972223121,0.6165719934861478,0.6712895035743713,0.019755344837903976,0.3157314136624336
MedianFilter,poisson_01_gauss_0.05,1.0,0.05,sticks_021.tif,24.102516369054953,0.620805000227454,0.6897413730621338,0.01836114004254341,0.31381846964359283
MedianFilter,poisson_01_gauss_0.05,1.0,0.05,sticks_022.tif,24.57879093176709,0.6301571009827391,0.7076074481010437,0.017721213400363922,0.310481608659029
MedianFilter,poisson_01_gauss_0.05,1.0,0.05,sticks_023.tif,22.809293635160785,0.6017820718337223,0.6540104746818542,0.021942272782325745,0.3263615556061268
MedianFilter,poisson_01_gauss_0.05,1.0,0.05,sticks_024.tif,24.85666191666095,0.6288118072156758,0.7085573673248291,0.017346162348985672,0.30986908692866566
MedianFilter,poisson_01_gauss_0.05,1.0,0.05,sticks_025.tif,23.253808500270363,0.6075735641471807,0.6616573333740234,0.020332995802164078,0.3299651227891445
MedianFilter,poisson_01_gauss_0.05,1.0,0.05,sticks_026.tif,24.702584323420513,0.6271413271828694,0.708401620388031,0.01803218014538288,0.3132768524810672
MedianFilter,poisson_01_gauss_0.05,1.0,0.05,sticks_027.tif,23.00962077600643,0.5767762054992392,0.6136891841888428,0.023285415023565292,0.35773333050310613
MedianFilter,poisson_01_gauss_0.05,1.0,0.05,sticks_028.tif,25.063135767897936,0.6212341881604915,0.7084080576896667,0.017248503863811493,0.30707508474588396
MedianFilter,poisson_01_gauss_0.05,1.0,0.05,sticks_029.tif,23.347220652528588,0.6081949152623648,0.671829104423523,0.020959574729204178,0.3245849207043648
MedianFilter,poisson_01_gauss_0.05,1.0,0.05,sticks_030.tif,23.491740206396855,0.6136118251218038,0.6672197580337524,0.019965404644608498,0.3253488391637802
MedianFilter,poisson_01_gauss_0.05,1.0,0.05,sticks_032.tif,23.54064907036557,0.6093847961942107,0.665947437286377,0.019594870507717133,0.317680455930531
MedianFilter,poisson_01_gauss_0.05,1.0,0.05,sticks_031.tif,24.934028727790192,0.6213347397184283,0.7051993608474731,0.017653340473771095,0.3204302005469799
MedianFilter,poisson_01_gauss_0.05,1.0,0.05,sticks_033.tif,23.306937879181792,0.6118051970709241,0.6813321709632874,0.020593833178281784,0.31438676044344904
MedianFilter,poisson_01_gauss_0.05,1.0,0.05,sticks_034.tif,24.30080192207862,0.6309150721929981,0.7015473246574402,0.018465187400579453,0.3170980097725987
MedianFilter,poisson_01_gauss_0.05,1.0,0.05,sticks_035.tif,23.34662988539739,0.6186237944415202,0.6727667450904846,0.019797896966338158,0.3196548029780388
MedianFilter,poisson_01_gauss_0.05,1.0,0.05,sticks_036.tif,25.422603572445922,0.6460189327651429,0.7368516325950623,0.015572351403534412,0.29186806734651327
MedianFilter,poisson_01_gauss_0.05,1.0,0.05,sticks_037.tif,24.494612056311457,0.6242548166908038,0.7007175087928772,0.01822715997695923,0.3107536032795906
MedianFilter,poisson_01_gauss_0.05,1.0,0.05,sticks_038.tif,26.07481939417585,0.6417616156917914,0.7415724992752075,0.015344200655817986,0.29851348586380483
MedianFilter,poisson_01_gauss_0.05,1.0,0.05,sticks_040.tif,23.379381355114454,0.6115807843781763,0.6692942976951599,0.020456384867429733,0.31444072984158994
MedianFilter,poisson_01_gauss_0.05,1.0,0.05,sticks_039.tif,23.79271516420166,0.6249312742689693,0.6818289160728455,0.018973538652062416,0.3173451302573085
MedianFilter,poisson_01_gauss_0.05,1.0,0.05,sticks_041.tif,25.227434676626046,0.6357568204043949,0.7177048325538635,0.016450021415948868,0.306662561558187
MedianFilter,poisson_01_gauss_0.05,1.0,0.05,sticks_042.tif,26.167375266593496,0.6387186405693428,0.7339564561843872,0.01530812680721283,0.3034829908981919
MedianFilter,poisson_01_gauss_0.05,1.0,0.05,sticks_043.tif,22.98459089189234,0.6085737771109228,0.6587387919425964,0.021207431331276894,0.3236243769526482
MedianFilter,poisson_01_gauss_0.05,1.0,0.05,sticks_044.tif,23.005799436623153,0.6070754363787347,0.6727493405342102,0.020884456112980843,0.32121094185858967
MedianFilter,poisson_01_gauss_0.05,1.0,0.05,sticks_045.tif,25.13170269549068,0.6404711157567891,0.7073224782943726,0.01635858044028282,0.3061149515211582
MedianFilter,poisson_01_gauss_0.05,1.0,0.05,sticks_046.tif,26.249543172956518,0.6367689322515513,0.7271960377693176,0.015413044020533562,0.30764458067715167
MedianFilter,poisson_01_gauss_0.05,1.0,0.05,sticks_047.tif,26.01435522717005,0.6452982628346196,0.7325744032859802,0.015443270094692707,0.2963151751086116
MedianFilter,poisson_01_gauss_0.05,1.0,0.05,sticks_049.tif,24.06989370133006,0.6357703919651814,0.7111183404922485,0.018154000863432884,0.30367089435458183
MedianFilter,poisson_01_gauss_0.05,1.0,0.05,sticks_048.tif,24.307761613884043,0.6136065849469535,0.6902009844779968,0.018798358738422394,0.3223062790930271
MedianFilter,poisson_01_gauss_0.05,1.0,0.05,sticks_050.tif,25.892323890930548,0.650472735790895,0.7441379427909851,0.015386025421321392,0.294313083589077
MedianFilter,poisson_01_gauss_0.05,1.0,0.05,sticks_051.tif,23.1779818461984,0.5969766988961781,0.6546270847320557,0.021437808871269226,0.342738202214241
MedianFilter,poisson_01_gauss_0.05,1.0,0.05,sticks_053.tif,23.295649031225445,0.6125165806208851,0.6729379296302795,0.020595433190464973,0.3248018205165863
MedianFilter,poisson_01_gauss_0.05,1.0,0.05,sticks_052.tif,23.51890837192751,0.6255920275964505,0.6955394148826599,0.019143886864185333,0.31085021812468766
MedianFilter,poisson_01_gauss_0.05,1.0,0.05,sticks_054.tif,25.478705403030155,0.6325540344545748,0.723275899887085,0.016107559204101562,0.2988728556782007
MedianFilter,poisson_01_gauss_0.05,1.0,0.05,sticks_055.tif,23.177874072993923,0.6157667257245264,0.6603159308433533,0.02092750556766987,0.32969914227724073
MedianFilter,poisson_01_gauss_0.05,1.0,0.05,sticks_056.tif,24.25796209244046,0.6270840244115082,0.6969550251960754,0.018587321043014526,0.31394221596419813
MedianFilter,poisson_01_gauss_0.05,1.0,0.05,sticks_059.tif,25.827929714804682,0.6360038298874912,0.7188655138015747,0.01566462405025959,0.30379535257816315
MedianFilter,poisson_01_gauss_0.05,1.0,0.05,sticks_058.tif,24.196777813503022,0.6178156407712557,0.6791626811027527,0.018597126007080078,0.32370585538446905
MedianFilter,poisson_01_gauss_0.05,1.0,0.05,sticks_057.tif,23.530806323202373,0.6050026011573576,0.662398099899292,0.019843947142362595,0.3284197660163045
MedianFilter,poisson_01_gauss_0.05,1.0,0.05,sticks_060.tif,25.778858138277467,0.6364577854392969,0.7315147519111633,0.015870507806539536,0.3082998860627413
MedianFilter,poisson_01_gauss_0.05,1.0,0.05,sticks_063.tif,24.14858899293252,0.6144060193631983,0.6870333552360535,0.019306717440485954,0.32222106754779817
MedianFilter,poisson_01_gauss_0.05,1.0,0.05,sticks_061.tif,22.611099734482192,0.6051647812799137,0.6629459261894226,0.021761465817689896,0.31866683475673196
MedianFilter,poisson_01_gauss_0.05,1.0,0.05,sticks_062.tif,24.594775970185978,0.6518776677104638,0.7349836230278015,0.017113734036684036,0.30206655114889147
MedianFilter,poisson_01_gauss_0.05,1.0,0.05,sticks_067.tif,23.49998649286124,0.6058873400048624,0.6777189373970032,0.020361367613077164,0.3166206507012248
MedianFilter,poisson_01_gauss_0.05,1.0,0.05,sticks_066.tif,23.65595501370184,0.6218101936448852,0.6912171244621277,0.019087864086031914,0.3130535833537579
MedianFilter,poisson_01_gauss_0.05,1.0,0.05,sticks_065.tif,23.95666349882051,0.6218982569935594,0.675757646560669,0.01883666217327118,0.3284263126552105
MedianFilter,poisson_01_gauss_0.05,1.0,0.05,sticks_068.tif,25.44233981824672,0.6284676658518084,0.7208394408226013,0.016717728227376938,0.3053784415125847
MedianFilter,poisson_01_gauss_0.05,1.0,0.05,sticks_069.tif,23.88143114045198,0.612187656326143,0.6673439145088196,0.01939867064356804,0.329010746255517
MedianFilter,poisson_01_gauss_0.05,1.0,0.05,sticks_064.tif,24.58435355677914,0.6225201054536647,0.6963943839073181,0.018197987228631973,0.3175443455576897
MedianFilter,poisson_01_gauss_0.05,1.0,0.05,sticks_070.tif,24.48139105518964,0.612949636531142,0.6897656321525574,0.018260648474097252,0.3135643620043993
MedianFilter,poisson_01_gauss_0.05,1.0,0.05,sticks_071.tif,23.83757706123355,0.6198630103085333,0.6770725846290588,0.01943693682551384,0.3194539323449135
MedianFilter,poisson_01_gauss_0.05,1.0,0.05,sticks_072.tif,25.5385131481411,0.638866950490102,0.7276187539100647,0.016170302405953407,0.299605431035161
MedianFilter,poisson_01_gauss_0.05,1.0,0.05,sticks_073.tif,24.99021053153262,0.6332535876039386,0.6987097263336182,0.017269451171159744,0.31201807241886853
MedianFilter,poisson_01_gauss_0.05,1.0,0.05,sticks_074.tif,24.63102759510509,0.6325950050924664,0.7154223322868347,0.017129460349678993,0.29354504197835923
MedianFilter,poisson_01_gauss_0.05,1.0,0.05,sticks_075.tif,23.395572705006472,0.6130475476549954,0.6808691024780273,0.01952682062983513,0.3212858472019434
MedianFilter,poisson_01_gauss_0.05,1.0,0.05,sticks_076.tif,24.44984157629385,0.604080335483438,0.6640339493751526,0.019029907882213593,0.3274437442421913
MedianFilter,poisson_01_gauss_0.05,1.0,0.05,sticks_077.tif,22.815213072418025,0.616751511952268,0.6700963377952576,0.02096324786543846,0.3206591669470072
MedianFilter,poisson_01_gauss_0.05,1.0,0.05,sticks_078.tif,23.92654955256068,0.63476420960546,0.7077353000640869,0.01799716055393219,0.30969844814389946
MedianFilter,poisson_01_gauss_0.05,1.0,0.05,sticks_079.tif,24.1053594609158,0.6070216522259277,0.6691597700119019,0.01947820372879505,0.3278765622526407
MedianFilter,poisson_01_gauss_0.05,1.0,0.05,sticks_080.tif,22.895040554507954,0.6003271165778823,0.6539346575737,0.02147717773914337,0.3346229648217559
MedianFilter,poisson_01_gauss_0.05,1.0,0.05,sticks_081.tif,23.250839723570337,0.6006888447841819,0.6608789563179016,0.020940277725458145,0.33047538325190545
MedianFilter,poisson_01_gauss_0.05,1.0,0.05,sticks_082.tif,23.427496742607946,0.6102578205210215,0.6556776762008667,0.020843317732214928,0.3297650273889303
MedianFilter,poisson_01_gauss_0.05,1.0,0.05,sticks_084.tif,23.76879039702134,0.6143556136165956,0.6698077321052551,0.019792918115854263,0.3256401181221008
MedianFilter,poisson_01_gauss_0.05,1.0,0.05,sticks_083.tif,24.847366301720868,0.6258968721882625,0.7014527916908264,0.01706036739051342,0.31027291920036076
MedianFilter,poisson_01_gauss_0.05,1.0,0.05,sticks_085.tif,23.260893554279846,0.6507861156883546,0.7157405018806458,0.019230661913752556,0.3032939625903964
MedianFilter,poisson_01_gauss_0.05,1.0,0.05,sticks_086.tif,23.128023891196783,0.6391531780275809,0.709236741065979,0.019460175186395645,0.3133591268211603
MedianFilter,poisson_01_gauss_0.05,1.0,0.05,sticks_088.tif,24.001983839451228,0.6326786170303517,0.7059686779975891,0.017717119306325912,0.3078760504722595
MedianFilter,poisson_01_gauss_0.05,1.0,0.05,sticks_087.tif,23.978000938190405,0.6238837510709431,0.6785445809364319,0.019052457064390182,0.327714329957962
MedianFilter,poisson_01_gauss_0.05,1.0,0.05,sticks_089.tif,24.763431688637155,0.628683578412133,0.707374632358551,0.017406506463885307,0.3011425603181124
MedianFilter,poisson_01_gauss_0.05,1.0,0.05,sticks_090.tif,23.03953228999201,0.6234928101892181,0.682162344455719,0.02039370872080326,0.30694914534687995
MedianFilter,poisson_01_gauss_0.05,1.0,0.05,sticks_091.tif,24.872520122040594,0.6362455386087228,0.7156540155410767,0.01627751812338829,0.29670425206422807
MedianFilter,poisson_01_gauss_0.05,1.0,0.05,sticks_092.tif,24.273747917017545,0.6273254818655749,0.6857334971427917,0.018861379474401474,0.3218183469027281
MedianFilter,poisson_01_gauss_0.05,1.0,0.05,sticks_093.tif,23.34883523932405,0.5981349172958438,0.655302107334137,0.021128838881850243,0.3302463376894593
MedianFilter,poisson_01_gauss_0.05,1.0,0.05,sticks_095.tif,22.051763188157487,0.6003887885334648,0.6447718739509583,0.02420886419713497,0.34821115210652354
MedianFilter,poisson_01_gauss_0.05,1.0,0.05,sticks_096.tif,23.46813387561601,0.6079168388804624,0.6793188452720642,0.02033812366425991,0.32919665798544884
MedianFilter,poisson_01_gauss_0.05,1.0,0.05,sticks_097.tif,24.146764389116505,0.6135809433326009,0.6841034293174744,0.01909709721803665,0.31625072527676823
MedianFilter,poisson_01_gauss_0.05,1.0,0.05,sticks_098.tif,22.740609532420958,0.6122766836673603,0.6757619976997375,0.021722590550780296,0.3277877127751708
MedianFilter,poisson_01_gauss_0.05,1.0,0.05,sticks_099.tif,23.91060143417324,0.6159474941056976,0.6809679865837097,0.019642699509859085,0.32515134271234275
MedianFilter,poisson_01_gauss_0.05,1.0,0.05,sticks_094.tif,23.323197834989617,0.62509385900047,0.7012248039245605,0.018851684406399727,0.31490511260926723
MedianFilter,poisson_01_gauss_0.1,1.0,0.1,sticks_000.tif,25.05908989486396,0.42245703899686565,0.7229452133178711,0.02128124050796032,0.4186536595225334
MedianFilter,poisson_01_gauss_0.1,1.0,0.1,sticks_001.tif,23.402908890930224,0.40392026639925965,0.6711844801902771,0.025696709752082825,0.4385925270617008
MedianFilter,poisson_01_gauss_0.1,1.0,0.1,sticks_002.tif,25.9385769987337,0.43771355522213806,0.7554479241371155,0.018726732581853867,0.4053405076265335
MedianFilter,poisson_01_gauss_0.1,1.0,0.1,sticks_003.tif,24.588721122787746,0.41661813008615045,0.7176496982574463,0.02179892361164093,0.42085281684994696
MedianFilter,poisson_01_gauss_0.1,1.0,0.1,sticks_004.tif,24.45166443371667,0.40869619580145067,0.6962243318557739,0.02249358966946602,0.42760503590106963
MedianFilter,poisson_01_gauss_0.1,1.0,0.1,sticks_005.tif,25.77955591072164,0.42878614686285876,0.7327337265014648,0.019495025277137756,0.4086619086563587
MedianFilter,poisson_01_gauss_0.1,1.0,0.1,sticks_007.tif,23.944156006244235,0.4119478505297522,0.7038999795913696,0.023865627124905586,0.4275421924889088
MedianFilter,poisson_01_gauss_0.1,1.0,0.1,sticks_009.tif,25.913803160910017,0.4325552741013806,0.743318498134613,0.019257737323641777,0.4121125929057598
MedianFilter,poisson_01_gauss_0.1,1.0,0.1,sticks_008.tif,24.216077249059495,0.4107058316562861,0.6965791583061218,0.02334495820105076,0.4204529844224453
MedianFilter,poisson_01_gauss_0.1,1.0,0.1,sticks_011.tif,23.73297403793647,0.41328504241369746,0.7057695388793945,0.023724768310785294,0.4253924675285816
MedianFilter,poisson_01_gauss_0.1,1.0,0.1,sticks_006.tif,25.76230749467408,0.4313226768521493,0.7463064789772034,0.019342202693223953,0.4148054108023643
MedianFilter,poisson_01_gauss_0.1,1.0,0.1,sticks_010.tif,24.805928011944786,0.4205742924005491,0.7184396386146545,0.021552084013819695,0.41730154380202295
MedianFilter,poisson_01_gauss_0.1,1.0,0.1,sticks_012.tif,24.479655056484905,0.41843938700023764,0.7096308469772339,0.022609887644648552,0.4229475297033787
MedianFilter,poisson_01_gauss_0.1,1.0,0.1,sticks_016.tif,24.34830204297655,0.41807772401379495,0.7257305979728699,0.02188698574900627,0.4212115563452244
MedianFilter,poisson_01_gauss_0.1,1.0,0.1,sticks_013.tif,23.745897554878376,0.4143534809064741,0.7091341018676758,0.02325422875583172,0.4226589262485504
MedianFilter,poisson_01_gauss_0.1,1.0,0.1,sticks_014.tif,26.42816852563825,0.4308086761185171,0.7398114800453186,0.01933790184557438,0.41682023704051974
MedianFilter,poisson_01_gauss_0.1,1.0,0.1,sticks_015.tif,24.778758574935598,0.4178885400530382,0.7125190496444702,0.02130306139588356,0.42097130194306376
MedianFilter,poisson_01_gauss_0.1,1.0,0.1,sticks_018.tif,24.232173051628507,0.4168408620788035,0.703300952911377,0.022773677483201027,0.4227117381989956
MedianFilter,poisson_01_gauss_0.1,1.0,0.1,sticks_020.tif,23.910896503271832,0.41928262834990787,0.7202327847480774,0.02295212261378765,0.41874464228749275
MedianFilter,poisson_01_gauss_0.1,1.0,0.1,sticks_017.tif,25.027644187347082,0.4201987798514164,0.7159872651100159,0.021405186504125595,0.4219624511897564
MedianFilter,poisson_01_gauss_0.1,1.0,0.1,sticks_019.tif,23.8392351318708,0.41468219499983633,0.7030665278434753,0.023112351074814796,0.41986440122127533
MedianFilter,poisson_01_gauss_0.1,1.0,0.1,sticks_021.tif,24.461555937707754,0.41882783998710943,0.7168955206871033,0.021788546815514565,0.41807842552661895
MedianFilter,poisson_01_gauss_0.1,1.0,0.1,sticks_022.tif,24.915282037508252,0.42497736922369356,0.730863630771637,0.02120593562722206,0.41668798476457597
MedianFilter,poisson_01_gauss_0.1,1.0,0.1,sticks_023.tif,23.27718291597691,0.41065185272675964,0.690244197845459,0.025015732273459435,0.42678197994828226
MedianFilter,poisson_01_gauss_0.1,1.0,0.1,sticks_024.tif,25.18956191854513,0.42391448494046025,0.7306933999061584,0.02083546109497547,0.4181024290621281
MedianFilter,poisson_01_gauss_0.1,1.0,0.1,sticks_025.tif,23.677758248935813,0.41240823715190617,0.6961014866828918,0.0236115250736475,0.42580762058496474
MedianFilter,poisson_01_gauss_0.1,1.0,0.1,sticks_026.tif,25.04723969703649,0.4230020429794562,0.7300424575805664,0.021446047350764275,0.4176293283700943
MedianFilter,poisson_01_gauss_0.1,1.0,0.1,sticks_027.tif,23.43741573178101,0.39631850128083806,0.6582498550415039,0.026231538504362106,0.44423009604215624
MedianFilter,poisson_01_gauss_0.1,1.0,0.1,sticks_028.tif,25.367142027619195,0.42248115608342546,0.7289620637893677,0.020746003836393356,0.4170433968305588
MedianFilter,poisson_01_gauss_0.1,1.0,0.1,sticks_029.tif,23.771600438910742,0.4126814158705184,0.6985695362091064,0.024143263697624207,0.4274479873478413
MedianFilter,poisson_01_gauss_0.1,1.0,0.1,sticks_030.tif,23.904830260863804,0.41399289498741704,0.6979860067367554,0.02328336238861084,0.42413219064474106
MedianFilter,poisson_01_gauss_0.1,1.0,0.1,sticks_032.tif,23.922655326563827,0.41063561849439634,0.6945378184318542,0.02300664782524109,0.4218859180808067
MedianFilter,poisson_01_gauss_0.1,1.0,0.1,sticks_031.tif,25.248032389077597,0.42169243505240994,0.7298853993415833,0.021097032353281975,0.42103569209575653
MedianFilter,poisson_01_gauss_0.1,1.0,0.1,sticks_033.tif,23.74207515461537,0.41512550006490495,0.7042282819747925,0.023803718388080597,0.42089179456233977
MedianFilter,poisson_01_gauss_0.1,1.0,0.1,sticks_034.tif,24.656436240976483,0.42568035840086804,0.7272125482559204,0.02185007743537426,0.4191786885261536
MedianFilter,poisson_01_gauss_0.1,1.0,0.1,sticks_035.tif,23.76565590278537,0.4180164026824836,0.7049016952514648,0.02313498966395855,0.4213411517441273
MedianFilter,poisson_01_gauss_0.1,1.0,0.1,sticks_036.tif,25.688239401121216,0.43248461130504173,0.751029372215271,0.019271764904260635,0.4064739547669888
MedianFilter,poisson_01_gauss_0.1,1.0,0.1,sticks_037.tif,24.83653181648765,0.42177741005644664,0.7215892672538757,0.021629635244607925,0.417642542719841
MedianFilter,poisson_01_gauss_0.1,1.0,0.1,sticks_038.tif,26.30105806579781,0.4350222425842413,0.7592480182647705,0.0189676396548748,0.4102646507322788
MedianFilter,poisson_01_gauss_0.1,1.0,0.1,sticks_040.tif,23.793436822485823,0.41146198378382276,0.7002750039100647,0.02373122051358223,0.4202234819531441
MedianFilter,poisson_01_gauss_0.1,1.0,0.1,sticks_039.tif,24.18646961412655,0.4216462834874227,0.7149652242660522,0.022365955635905266,0.4214199990034103
MedianFilter,poisson_01_gauss_0.1,1.0,0.1,sticks_041.tif,25.50564814275694,0.4278757471282526,0.7392734885215759,0.020043790340423584,0.41490149050951003
MedianFilter,poisson_01_gauss_0.1,1.0,0.1,sticks_042.tif,26.3666072431823,0.43169685306440575,0.751526415348053,0.018956558778882027,0.4105191245675087
MedianFilter,poisson_01_gauss_0.1,1.0,0.1,sticks_043.tif,23.415851084243084,0.4121086180414378,0.6954907178878784,0.024396006017923355,0.42123619839549065
MedianFilter,poisson_01_gauss_0.1,1.0,0.1,sticks_044.tif,23.436630006014703,0.4123514690898391,0.6994662880897522,0.024132540449500084,0.4237638905644417
MedianFilter,poisson_01_gauss_0.1,1.0,0.1,sticks_045.tif,25.443007494032656,0.43168217252094515,0.7336354851722717,0.01994001306593418,0.41341147273778917
MedianFilter,poisson_01_gauss_0.1,1.0,0.1,sticks_046.tif,26.444673527790712,0.4306881660686469,0.7428573966026306,0.01904364861547947,0.4141484200954437
MedianFilter,poisson_01_gauss_0.1,1.0,0.1,sticks_047.tif,26.26122276694818,0.4384747809085205,0.7494891285896301,0.018988747149705887,0.4080554336309433
MedianFilter,poisson_01_gauss_0.1,1.0,0.1,sticks_049.tif,24.43899233501965,0.42543598444823677,0.7331088185310364,0.02165190689265728,0.41413201466202737
MedianFilter,poisson_01_gauss_0.1,1.0,0.1,sticks_048.tif,24.6578258628615,0.41763108544684535,0.7164939641952515,0.022173866629600525,0.42403064891695974
MedianFilter,poisson_01_gauss_0.1,1.0,0.1,sticks_050.tif,26.123448313486737,0.43454084885983985,0.7547045946121216,0.019063513725996017,0.4095293082296848
MedianFilter,poisson_01_gauss_0.1,1.0,0.1,sticks_051.tif,23.60680080154692,0.40566816893853674,0.6896126866340637,0.024610990658402443,0.4341366022825241
MedianFilter,poisson_01_gauss_0.1,1.0,0.1,sticks_053.tif,23.72259601682389,0.41325531015135025,0.7060158848762512,0.023829448968172073,0.42417061477899554
MedianFilter,poisson_01_gauss_0.1,1.0,0.1,sticks_052.tif,23.92506338850162,0.4209131000591373,0.7229809165000916,0.022550297901034355,0.4156131587922573
MedianFilter,poisson_01_gauss_0.1,1.0,0.1,sticks_054.tif,25.771578066597574,0.4277389901359742,0.7373636364936829,0.019666293635964394,0.40939277708530425
MedianFilter,poisson_01_gauss_0.1,1.0,0.1,sticks_055.tif,23.60871747633562,0.41494952256773965,0.6977842450141907,0.024142004549503326,0.4270268142223358
MedianFilter,poisson_01_gauss_0.1,1.0,0.1,sticks_056.tif,24.63681639353436,0.42271805302451154,0.7246807813644409,0.021942581981420517,0.41985210180282595
MedianFilter,poisson_01_gauss_0.1,1.0,0.1,sticks_059.tif,26.065397786726955,0.43055532877398056,0.73727947473526,0.019258836284279823,0.41308277696371076
MedianFilter,poisson_01_gauss_0.1,1.0,0.1,sticks_058.tif,24.563939794519314,0.4203560983935599,0.709647536277771,0.021940214559435844,0.42147885710000993
MedianFilter,poisson_01_gauss_0.1,1.0,0.1,sticks_057.tif,23.92537446056394,0.41148736250050644,0.6974663734436035,0.02314956858754158,0.42776656448841094
MedianFilter,poisson_01_gauss_0.1,1.0,0.1,sticks_060.tif,26.020529895090444,0.43236841046519364,0.7526345252990723,0.019454102963209152,0.4129573434591293
MedianFilter,poisson_01_gauss_0.1,1.0,0.1,sticks_063.tif,24.543055565714205,0.41861876671655485,0.718483567237854,0.022570708766579628,0.4229147545993328
MedianFilter,poisson_01_gauss_0.1,1.0,0.1,sticks_061.tif,23.087262885790206,0.4130851665021137,0.6988217234611511,0.02487926557660103,0.42084528133273125
MedianFilter,poisson_01_gauss_0.1,1.0,0.1,sticks_062.tif,24.926522482445918,0.4347086992112176,0.7520309090614319,0.020686546340584755,0.41227181553840636
MedianFilter,poisson_01_gauss_0.1,1.0,0.1,sticks_067.tif,23.912714716317254,0.414112426664372,0.709259033203125,0.023556295782327652,0.42068674936890604
MedianFilter,poisson_01_gauss_0.1,1.0,0.1,sticks_066.tif,24.053637099766107,0.4174896275163928,0.7189877033233643,0.02249978482723236,0.419529739767313
MedianFilter,poisson_01_gauss_0.1,1.0,0.1,sticks_065.tif,24.32523470772097,0.4204077547568427,0.7080506682395935,0.022231265902519226,0.4267262578010559
MedianFilter,poisson_01_gauss_0.1,1.0,0.1,sticks_068.tif,25.710441261086146,0.42746813268922346,0.7412468194961548,0.02021147683262825,0.4150835871696472
MedianFilter,poisson_01_gauss_0.1,1.0,0.1,sticks_069.tif,24.26610116156467,0.4170454642482956,0.6987520456314087,0.022702179849147797,0.42732674181461333
MedianFilter,poisson_01_gauss_0.1,1.0,0.1,sticks_064.tif,24.94003519294827,0.42272420659923593,0.723815381526947,0.021576035767793655,0.42300585433840754
MedianFilter,poisson_01_gauss_0.1,1.0,0.1,sticks_070.tif,24.834400862695194,0.41704691370097413,0.7162749767303467,0.021653300151228905,0.41962518766522405
MedianFilter,poisson_01_gauss_0.1,1.0,0.1,sticks_071.tif,24.230371362877356,0.4173402588609607,0.7066285610198975,0.022777481004595757,0.4206771321594715
MedianFilter,poisson_01_gauss_0.1,1.0,0.1,sticks_072.tif,25.813156820656914,0.43369924005007204,0.7470565438270569,0.019714241847395897,0.41179845482110977
MedianFilter,poisson_01_gauss_0.1,1.0,0.1,sticks_073.tif,25.31174442145584,0.42784987633645694,0.7238576412200928,0.020725306123495102,0.4147512808442116
MedianFilter,poisson_01_gauss_0.1,1.0,0.1,sticks_074.tif,24.98786255783724,0.42750291943898966,0.7309097647666931,0.02062530815601349,0.4077402263879776
MedianFilter,poisson_01_gauss_0.1,1.0,0.1,sticks_075.tif,23.79948584192828,0.41320819095771105,0.7104259729385376,0.022901562973856926,0.421225244551897
MedianFilter,poisson_01_gauss_0.1,1.0,0.1,sticks_076.tif,24.79747700101536,0.41214373087569606,0.6976121664047241,0.02233799919486046,0.42728611901402475
MedianFilter,poisson_01_gauss_0.1,1.0,0.1,sticks_077.tif,23.270697901137677,0.41843270114579595,0.7046814560890198,0.024174802005290985,0.42065076902508736
MedianFilter,poisson_01_gauss_0.1,1.0,0.1,sticks_078.tif,24.29573947293435,0.423591800914564,0.7322884202003479,0.021547896787524223,0.4169608786702156
MedianFilter,poisson_01_gauss_0.1,1.0,0.1,sticks_079.tif,24.476998545607913,0.4158723487352283,0.7009082436561584,0.022739339619874954,0.4264624588191509
MedianFilter,poisson_01_gauss_0.1,1.0,0.1,sticks_080.tif,23.339999148980212,0.4051282001667307,0.6878235340118408,0.024659791961312294,0.4312449261546135
MedianFilter,poisson_01_gauss_0.1,1.0,0.1,sticks_081.tif,23.66967506954232,0.4080562918896422,0.6921752095222473,0.024144036695361137,0.4293826766312122
MedianFilter,poisson_01_gauss_0.1,1.0,0.1,sticks_082.tif,23.839301712513933,0.4118483677385527,0.6897040009498596,0.02405344322323799,0.4270680382847786
MedianFilter,poisson_01_gauss_0.1,1.0,0.1,sticks_084.tif,24.173131874763328,0.4157955048462387,0.7040733098983765,0.023071594536304474,0.42616681978106496
MedianFilter,poisson_01_gauss_0.1,1.0,0.1,sticks_083.tif,25.15889854280692,0.4237977492241059,0.7250691652297974,0.020586933940649033,0.4161701835691929
MedianFilter,poisson_01_gauss_0.1,1.0,0.1,sticks_085.tif,23.709653750232505,0.4331951256354279,0.7403960227966309,0.02260909043252468,0.410407904535532
MedianFilter,poisson_01_gauss_0.1,1.0,0.1,sticks_086.tif,23.570476069472225,0.4272008214557985,0.7348188161849976,0.02286449633538723,0.4174706034362316
MedianFilter,poisson_01_gauss_0.1,1.0,0.1,sticks_088.tif,24.359352115267797,0.4249858572029341,0.7276962399482727,0.02125227265059948,0.41360381320118905
MedianFilter,poisson_01_gauss_0.1,1.0,0.1,sticks_087.tif,24.35639511006801,0.42135236698199163,0.7110903859138489,0.022410087287425995,0.42358816117048265
MedianFilter,poisson_01_gauss_0.1,1.0,0.1,sticks_089.tif,25.084083226716256,0.4263707978158241,0.7284234762191772,0.020865699276328087,0.4111871741712093
MedianFilter,poisson_01_gauss_0.1,1.0,0.1,sticks_090.tif,23.493909978862952,0.4209455335184571,0.7146291136741638,0.023620551452040672,0.414155163615942
MedianFilter,poisson_01_gauss_0.1,1.0,0.1,sticks_091.tif,25.17402339349441,0.4260947952360948,0.7380582690238953,0.019946912303566933,0.4099059090018272
MedianFilter,poisson_01_gauss_0.1,1.0,0.1,sticks_092.tif,24.629996482340175,0.4248323410253969,0.714113175868988,0.02217685803771019,0.4210750885307789
MedianFilter,poisson_01_gauss_0.1,1.0,0.1,sticks_093.tif,23.759845013796795,0.4063107562913847,0.6872460842132568,0.024302026256918907,0.4290041834115982
MedianFilter,poisson_01_gauss_0.1,1.0,0.1,sticks_095.tif,22.53567666427919,0.40767068028326786,0.6813186407089233,0.02715214528143406,0.4356082774698734
MedianFilter,poisson_01_gauss_0.1,1.0,0.1,sticks_096.tif,23.869783912431778,0.41085491572843696,0.7058566808700562,0.023608801886439323,0.42703776359558104
MedianFilter,poisson_01_gauss_0.1,1.0,0.1,sticks_097.tif,24.51369479497284,0.41582892480298544,0.7154891490936279,0.022454865276813507,0.42179185524582863
MedianFilter,poisson_01_gauss_0.1,1.0,0.1,sticks_098.tif,23.20477363798128,0.41455462743028243,0.7084305286407471,0.024857521057128906,0.42387383356690406
MedianFilter,poisson_01_gauss_0.1,1.0,0.1,sticks_099.tif,24.287030961886856,0.4172933458406468,0.7128584384918213,0.022935761138796806,0.4244055084884167
MedianFilter,poisson_01_gauss_0.1,1.0,0.1,sticks_094.tif,23.76704475747993,0.4226252467029356,0.7280198335647583,0.022253310307860374,0.41632857695221903
MedianFilter,poisson_01_gauss_0.2,1.0,0.2,sticks_000.tif,24.866002414565894,0.20705396345164473,0.7057263255119324,0.02843468263745308,0.5873447105288505
MedianFilter,poisson_01_gauss_0.2,1.0,0.2,sticks_001.tif,23.66538792766313,0.21083106731756102,0.6863528490066528,0.03187616914510727,0.5861522540450096
MedianFilter,poisson_01_gauss_0.2,1.0,0.2,sticks_002.tif,25.490652470775153,0.20317633997567314,0.7224446535110474,0.026407644152641296,0.5856423020362854
MedianFilter,poisson_01_gauss_0.2,1.0,0.2,sticks_003.tif,24.557988580535564,0.20693878466936771,0.7049160599708557,0.02884594164788723,0.5876988589763641
MedianFilter,poisson_01_gauss_0.2,1.0,0.2,sticks_004.tif,24.41979307892643,0.2078696693281205,0.6930129528045654,0.029468918219208717,0.5884439617395401
MedianFilter,poisson_01_gauss_0.2,1.0,0.2,sticks_005.tif,25.358119637470764,0.2061393001049599,0.7034894824028015,0.027043363079428673,0.5877619698643685
MedianFilter,poisson_01_gauss_0.2,1.0,0.2,sticks_007.tif,24.08178807233106,0.21045463110271007,0.7046147584915161,0.03042079135775566,0.5893237367272377
MedianFilter,poisson_01_gauss_0.2,1.0,0.2,sticks_009.tif,25.45789562168341,0.20549987518523938,0.7124536633491516,0.02680685743689537,0.5832941696047783
MedianFilter,poisson_01_gauss_0.2,1.0,0.2,sticks_008.tif,24.29034190458973,0.20962370174298464,0.6928005218505859,0.030074503272771835,0.588332824409008
MedianFilter,poisson_01_gauss_0.2,1.0,0.2,sticks_011.tif,23.903916409442832,0.2078437923260691,0.703771710395813,0.030517790466547012,0.5868654474616051
MedianFilter,poisson_01_gauss_0.2,1.0,0.2,sticks_006.tif,25.35731096593397,0.20562407232803298,0.7148321866989136,0.026896830648183823,0.5891525074839592
MedianFilter,poisson_01_gauss_0.2,1.0,0.2,sticks_010.tif,24.708157046486644,0.20802048017776611,0.7047668099403381,0.02865477278828621,0.5906841441988945
MedianFilter,poisson_01_gauss_0.2,1.0,0.2,sticks_012.tif,24.46723187283755,0.20718557059597706,0.7020134925842285,0.029515111818909645,0.5858207941055298
MedianFilter,poisson_01_gauss_0.2,1.0,0.2,sticks_016.tif,24.37584591184429,0.20695018625199843,0.7094962000846863,0.028996963053941727,0.5854999706149101
MedianFilter,poisson_01_gauss_0.2,1.0,0.2,sticks_013.tif,23.88863168829748,0.20577588303608454,0.7015690207481384,0.03018096089363098,0.5779426664113998
MedianFilter,poisson_01_gauss_0.2,1.0,0.2,sticks_014.tif,25.823849096840537,0.20875801607391517,0.7126335501670837,0.026691559702157974,0.5892808005213738
MedianFilter,poisson_01_gauss_0.2,1.0,0.2,sticks_015.tif,24.6604891144381,0.20774726667192314,0.7030395269393921,0.02848907746374607,0.5822238937020302
MedianFilter,poisson_01_gauss_0.2,1.0,0.2,sticks_018.tif,24.28888315508758,0.20746697962967067,0.7022935748100281,0.029679790139198303,0.5843112111091614
MedianFilter,poisson_01_gauss_0.2,1.0,0.2,sticks_020.tif,24.05473295003584,0.2057092769902693,0.7067484259605408,0.029851902276277542,0.5807571351528168
MedianFilter,poisson_01_gauss_0.2,1.0,0.2,sticks_017.tif,24.850386475645855,0.20646928403027587,0.7005079984664917,0.028536072000861168,0.5851718053221703
MedianFilter,poisson_01_gauss_0.2,1.0,0.2,sticks_019.tif,23.997710265277192,0.20781850278962616,0.7026020884513855,0.029941517859697342,0.5819419786334038
MedianFilter,poisson_01_gauss_0.2,1.0,0.2,sticks_021.tif,24.431750922330945,0.20467145830980388,0.7054083347320557,0.029008273035287857,0.5854508504271507
MedianFilter,poisson_01_gauss_0.2,1.0,0.2,sticks_022.tif,24.80048852731723,0.2077239671373728,0.7133752107620239,0.028358709067106247,0.5864954754710198
MedianFilter,poisson_01_gauss_0.2,1.0,0.2,sticks_023.tif,23.584916876763288,0.2108442350385005,0.6966798901557922,0.03149548918008804,0.5860724225640297
MedianFilter,poisson_01_gauss_0.2,1.0,0.2,sticks_024.tif,24.968609442299346,0.2053957645776848,0.7067235708236694,0.02807747945189476,0.5885808289051055
MedianFilter,poisson_01_gauss_0.2,1.0,0.2,sticks_025.tif,23.853555227416955,0.2095330376895342,0.6991803646087646,0.0304322000592947,0.5851328328251839
MedianFilter,poisson_01_gauss_0.2,1.0,0.2,sticks_026.tif,24.882151317421997,0.2053930225962791,0.7073110938072205,0.028547372668981552,0.5890561014413833
MedianFilter,poisson_01_gauss_0.2,1.0,0.2,sticks_027.tif,23.695398472726357,0.21417863157782593,0.6826061606407166,0.03228277713060379,0.5881090059876442
MedianFilter,poisson_01_gauss_0.2,1.0,0.2,sticks_028.tif,25.105402089635366,0.20881673516566254,0.7086254954338074,0.02795521914958954,0.5902019530534744
MedianFilter,poisson_01_gauss_0.2,1.0,0.2,sticks_029.tif,23.934972658141117,0.20920655732948598,0.6933027505874634,0.030766626819968224,0.5909927353262902
MedianFilter,poisson_01_gauss_0.2,1.0,0.2,sticks_030.tif,24.031849518917667,0.20784382010326902,0.6960790157318115,0.030129244551062584,0.5828299477696419
MedianFilter,poisson_01_gauss_0.2,1.0,0.2,sticks_032.tif,24.01982611454233,0.2066500473103524,0.6919122338294983,0.029971718788146973,0.5856576934456825
MedianFilter,poisson_01_gauss_0.2,1.0,0.2,sticks_031.tif,25.002644766027423,0.20747334632462183,0.7074423432350159,0.028326790779829025,0.5882387697696686
MedianFilter,poisson_01_gauss_0.2,1.0,0.2,sticks_033.tif,23.92017084581996,0.20856298501017598,0.6932873725891113,0.0305507630109787,0.5882638171315193
MedianFilter,poisson_01_gauss_0.2,1.0,0.2,sticks_034.tif,24.581834535455,0.20465731493696235,0.7100332379341125,0.02900565229356289,0.5845733940601349
MedianFilter,poisson_01_gauss_0.2,1.0,0.2,sticks_035.tif,23.91380682896497,0.20740473930451278,0.7037746906280518,0.030089041218161583,0.5831350669264793
MedianFilter,poisson_01_gauss_0.2,1.0,0.2,sticks_036.tif,25.322985699840505,0.2052268545299637,0.7170994281768799,0.02677338384091854,0.5839949071407318
MedianFilter,poisson_01_gauss_0.2,1.0,0.2,sticks_037.tif,24.737582628122027,0.20801941060470525,0.7028602361679077,0.02865144982933998,0.5881779089570045
MedianFilter,poisson_01_gauss_0.2,1.0,0.2,sticks_038.tif,25.74132166223218,0.20732101642180997,0.7230707406997681,0.02647259831428528,0.5865971133112907
MedianFilter,poisson_01_gauss_0.2,1.0,0.2,sticks_040.tif,23.95252910326379,0.20823694286975747,0.6995601654052734,0.030444562435150146,0.5857147216796875
MedianFilter,poisson_01_gauss_0.2,1.0,0.2,sticks_039.tif,24.244363218223178,0.2079044572791998,0.7087543606758118,0.02938220277428627,0.5863888904452323
MedianFilter,poisson_01_gauss_0.2,1.0,0.2,sticks_041.tif,25.200005567880194,0.20457390529876726,0.7145712971687317,0.027454668655991554,0.5870072528719902
MedianFilter,poisson_01_gauss_0.2,1.0,0.2,sticks_042.tif,25.751530914435477,0.20534343763727098,0.7172314524650574,0.026535069569945335,0.5827274277806282
MedianFilter,poisson_01_gauss_0.2,1.0,0.2,sticks_043.tif,23.683734400821336,0.2099818416009477,0.70199054479599,0.03097485937178135,0.5818709462881089
MedianFilter,poisson_01_gauss_0.2,1.0,0.2,sticks_044.tif,23.693213502272513,0.21107166706009328,0.6943168044090271,0.030784841626882553,0.5842429623007774
MedianFilter,poisson_01_gauss_0.2,1.0,0.2,sticks_045.tif,25.15596987251469,0.2052752963399194,0.7135670781135559,0.02737807296216488,0.588120236992836
MedianFilter,poisson_01_gauss_0.2,1.0,0.2,sticks_046.tif,25.818339952734295,0.20623429369029908,0.7101895213127136,0.026532787829637527,0.5884505733847618
MedianFilter,poisson_01_gauss_0.2,1.0,0.2,sticks_047.tif,25.711749840407144,0.2061906699552182,0.7147148251533508,0.026557812467217445,0.5886898413300514
MedianFilter,poisson_01_gauss_0.2,1.0,0.2,sticks_049.tif,24.461127515846353,0.20604816342171758,0.7145026922225952,0.028747281059622765,0.5858069241046906
MedianFilter,poisson_01_gauss_0.2,1.0,0.2,sticks_048.tif,24.608373116466097,0.20864150648985727,0.703437328338623,0.0291341133415699,0.5862122207880021
MedianFilter,poisson_01_gauss_0.2,1.0,0.2,sticks_050.tif,25.596649377602063,0.20219774271709862,0.715256929397583,0.026653259992599487,0.5942904710769653
MedianFilter,poisson_01_gauss_0.2,1.0,0.2,sticks_051.tif,23.782739756458533,0.20858173348680273,0.6920048594474792,0.031219834461808205,0.5822691082954407
MedianFilter,poisson_01_gauss_0.2,1.0,0.2,sticks_053.tif,23.881985030784172,0.20788766714221546,0.7016597390174866,0.03057084046304226,0.5821774721145629
MedianFilter,poisson_01_gauss_0.2,1.0,0.2,sticks_052.tif,24.053282635683555,0.20674079953511612,0.7128427028656006,0.029568057507276535,0.5837830573320388
MedianFilter,poisson_01_gauss_0.2,1.0,0.2,sticks_054.tif,25.376869480436525,0.20632111239233272,0.7080254554748535,0.027091819792985916,0.5867872506380081
MedianFilter,poisson_01_gauss_0.2,1.0,0.2,sticks_055.tif,23.833293363987494,0.20839764541847408,0.7020739912986755,0.030750295147299767,0.5815318658947944
MedianFilter,poisson_01_gauss_0.2,1.0,0.2,sticks_056.tif,24.58483760495767,0.20656791297363283,0.7094695568084717,0.02895556017756462,0.5903674989938736
MedianFilter,poisson_01_gauss_0.2,1.0,0.2,sticks_059.tif,25.568457411861502,0.205588168339328,0.7091565728187561,0.026791516691446304,0.5923658087849617
MedianFilter,poisson_01_gauss_0.2,1.0,0.2,sticks_058.tif,24.50281841692368,0.20665153818350848,0.7002707123756409,0.02914150431752205,0.5828019753098488
MedianFilter,poisson_01_gauss_0.2,1.0,0.2,sticks_057.tif,24.02368195740619,0.20768886769119543,0.6984508633613586,0.03009939193725586,0.5886505350470543
MedianFilter,poisson_01_gauss_0.2,1.0,0.2,sticks_060.tif,25.55604083448911,0.20810358788379876,0.721584677696228,0.02685733139514923,0.585177230834961
MedianFilter,poisson_01_gauss_0.2,1.0,0.2,sticks_063.tif,24.533824601852217,0.20979793228104926,0.7090067863464355,0.02939009666442871,0.5883534744381904
MedianFilter,poisson_01_gauss_0.2,1.0,0.2,sticks_061.tif,23.420185772327407,0.21207032924579247,0.7037658095359802,0.031450945883989334,0.5822772577404975
MedianFilter,poisson_01_gauss_0.2,1.0,0.2,sticks_062.tif,24.822716559952767,0.203585749968754,0.7197917699813843,0.027932364493608475,0.5847630277276039
MedianFilter,poisson_01_gauss_0.2,1.0,0.2,sticks_067.tif,24.07426729939157,0.21025950851009498,0.7053349614143372,0.030275944620370865,0.588726282119751
MedianFilter,poisson_01_gauss_0.2,1.0,0.2,sticks_066.tif,24.14035474639952,0.2075752504417489,0.7061872482299805,0.029470259323716164,0.5856131225824356
MedianFilter,poisson_01_gauss_0.2,1.0,0.2,sticks_065.tif,24.341458325895356,0.20588221241208268,0.7025697827339172,0.029305974021553993,0.585813145339489
MedianFilter,poisson_01_gauss_0.2,1.0,0.2,sticks_068.tif,25.3380660503055,0.21007206788332902,0.7143826484680176,0.0274614579975605,0.5890101760625839
MedianFilter,poisson_01_gauss_0.2,1.0,0.2,sticks_069.tif,24.33115350487433,0.2096845150170761,0.6996091604232788,0.02960483729839325,0.5862274631857872
MedianFilter,poisson_01_gauss_0.2,1.0,0.2,sticks_064.tif,24.805343538936228,0.20721928904792108,0.7085517048835754,0.02865668758749962,0.5911604106426239
MedianFilter,poisson_01_gauss_0.2,1.0,0.2,sticks_070.tif,24.72066737055174,0.20870006938630267,0.7031925916671753,0.028759192675352097,0.5890154868364335
MedianFilter,poisson_01_gauss_0.2,1.0,0.2,sticks_071.tif,24.273362928761202,0.20702684827113424,0.699648916721344,0.029698174446821213,0.5849085167050362
MedianFilter,poisson_01_gauss_0.2,1.0,0.2,sticks_072.tif,25.438686202434006,0.2080647072609647,0.7181528210639954,0.02709328755736351,0.5904034748673439
MedianFilter,poisson_01_gauss_0.2,1.0,0.2,sticks_073.tif,25.069471575071788,0.20553948566603192,0.7050544619560242,0.028003055602312088,0.5890062272548675
MedianFilter,poisson_01_gauss_0.2,1.0,0.2,sticks_074.tif,24.854462532703984,0.20725514753413407,0.7055839896202087,0.027944201603531837,0.5869781881570816
MedianFilter,poisson_01_gauss_0.2,1.0,0.2,sticks_075.tif,23.938378440250638,0.20571251574784882,0.7031682729721069,0.029933655634522438,0.5812074318528175
MedianFilter,poisson_01_gauss_0.2,1.0,0.2,sticks_076.tif,24.669333181517455,0.20865187078473166,0.6935600638389587,0.02930847369134426,0.5875754341483116
MedianFilter,poisson_01_gauss_0.2,1.0,0.2,sticks_077.tif,23.562207464540062,0.2096352855401202,0.70546954870224,0.030884433537721634,0.5801126584410667
MedianFilter,poisson_01_gauss_0.2,1.0,0.2,sticks_078.tif,24.338315979276853,0.2052208366220616,0.7173846364021301,0.028715167194604874,0.584536837041378
MedianFilter,poisson_01_gauss_0.2,1.0,0.2,sticks_079.tif,24.472067589327324,0.21131728121207422,0.6983000636100769,0.029582083225250244,0.5857808843255043
MedianFilter,poisson_01_gauss_0.2,1.0,0.2,sticks_080.tif,23.596053479200393,0.2080607923062363,0.6931272745132446,0.031328342854976654,0.5838688790798188
MedianFilter,poisson_01_gauss_0.2,1.0,0.2,sticks_081.tif,23.876212296870936,0.2107427000117266,0.6959709525108337,0.030736088752746582,0.5877481058239937
MedianFilter,poisson_01_gauss_0.2,1.0,0.2,sticks_082.tif,23.97995997355862,0.20877753655536208,0.6939793229103088,0.030628079548478127,0.5839825823903084
MedianFilter,poisson_01_gauss_0.2,1.0,0.2,sticks_084.tif,24.239387788913376,0.20762691149129392,0.7015904784202576,0.029935071244835854,0.5874200001358986
MedianFilter,poisson_01_gauss_0.2,1.0,0.2,sticks_083.tif,24.964781222303536,0.2077081594617741,0.709082841873169,0.027932193130254745,0.588088358938694
MedianFilter,poisson_01_gauss_0.2,1.0,0.2,sticks_085.tif,23.898690101377973,0.20225399048411127,0.7183771729469299,0.029705604538321495,0.5770810380578041
MedianFilter,poisson_01_gauss_0.2,1.0,0.2,sticks_086.tif,23.813658897240693,0.2071094114519834,0.7213472723960876,0.029793839901685715,0.5808431699872016
MedianFilter,poisson_01_gauss_0.2,1.0,0.2,sticks_088.tif,24.363043764496517,0.2036946260236792,0.7118181586265564,0.02862946316599846,0.583644799888134
MedianFilter,poisson_01_gauss_0.2,1.0,0.2,sticks_087.tif,24.360581038680227,0.20570395515371864,0.7026475667953491,0.02941286936402321,0.5829831749200821
MedianFilter,poisson_01_gauss_0.2,1.0,0.2,sticks_089.tif,24.910430320240668,0.20702646691644977,0.7080155611038208,0.028129924088716507,0.5861871436238288
MedianFilter,poisson_01_gauss_0.2,1.0,0.2,sticks_090.tif,23.73235989275252,0.2076847167044049,0.7109518051147461,0.03041151538491249,0.5811234980821609
MedianFilter,poisson_01_gauss_0.2,1.0,0.2,sticks_091.tif,24.96129240569698,0.20444785640589982,0.7157960534095764,0.02739124372601509,0.5858384549617768
MedianFilter,poisson_01_gauss_0.2,1.0,0.2,sticks_092.tif,24.584143646290478,0.20677001866397632,0.7032502889633179,0.029157105833292007,0.5834027528762817
MedianFilter,poisson_01_gauss_0.2,1.0,0.2,sticks_093.tif,23.92471643660997,0.2093517877854537,0.6905205249786377,0.030936207622289658,0.5877407521009446
MedianFilter,poisson_01_gauss_0.2,1.0,0.2,sticks_095.tif,22.97004210214034,0.21224849172273588,0.6928808689117432,0.033267874270677567,0.5787402376532554
MedianFilter,poisson_01_gauss_0.2,1.0,0.2,sticks_096.tif,23.999652486880137,0.20881600451540747,0.6990933418273926,0.030310317873954773,0.5802851811051368
MedianFilter,poisson_01_gauss_0.2,1.0,0.2,sticks_097.tif,24.515171668618756,0.21013667453490098,0.7093440890312195,0.02926473692059517,0.5890975281596184
MedianFilter,poisson_01_gauss_0.2,1.0,0.2,sticks_098.tif,23.518875060169762,0.20984608607453026,0.7066091299057007,0.031375762075185776,0.5816407352685928
MedianFilter,poisson_01_gauss_0.2,1.0,0.2,sticks_099.tif,24.318786526003258,0.20692994319197117,0.7059241533279419,0.02983463928103447,0.586078616976738
MedianFilter,poisson_01_gauss_0.2,1.0,0.2,sticks_094.tif,23.945756006465132,0.20772059286272254,0.7104904651641846,0.02935708686709404,0.5811917290091515
MedianFilter,poisson_04_gauss_0.05,4.0,0.05,sticks_000.tif,29.890998297859372,0.7633529456418225,0.9247735142707825,0.011370345018804073,0.2298032058402896
MedianFilter,poisson_04_gauss_0.05,4.0,0.05,sticks_001.tif,28.7789253984323,0.7695988373431827,0.925535261631012,0.01317067164927721,0.23458631075918673
MedianFilter,poisson_04_gauss_0.05,4.0,0.05,sticks_002.tif,30.64665614164189,0.766401417871577,0.927947998046875,0.010118757374584675,0.21473791040480136
MedianFilter,poisson_04_gauss_0.05,4.0,0.05,sticks_003.tif,29.55537924355443,0.7581876171012812,0.9263042211532593,0.011646241880953312,0.22625538650900126
MedianFilter,poisson_04_gauss_0.05,4.0,0.05,sticks_004.tif,29.25290114947221,0.754123257549605,0.9145343899726868,0.012159768491983414,0.23073763139545916
MedianFilter,poisson_04_gauss_0.05,4.0,0.05,sticks_005.tif,30.347677401725434,0.756257647228146,0.9184103012084961,0.010651345364749432,0.22426819670945405
MedianFilter,poisson_04_gauss_0.05,4.0,0.05,sticks_007.tif,29.126997378157682,0.7625697503222219,0.9243317246437073,0.012477696873247623,0.2372397745028138
MedianFilter,poisson_04_gauss_0.05,4.0,0.05,sticks_009.tif,30.382891235597732,0.7579143569571483,0.9198803305625916,0.010593382641673088,0.22395460065454245
MedianFilter,poisson_04_gauss_0.05,4.0,0.05,sticks_008.tif,29.543123898970975,0.7582835312576515,0.9281356334686279,0.012139886617660522,0.2305379368364811
MedianFilter,poisson_04_gauss_0.05,4.0,0.05,sticks_011.tif,28.933027239155834,0.7628365946371705,0.9216175079345703,0.012452585622668266,0.2263751294463873
MedianFilter,poisson_04_gauss_0.05,4.0,0.05,sticks_006.tif,30.492277232446675,0.7626486453785623,0.925758957862854,0.010391948744654655,0.2289272766560316
MedianFilter,poisson_04_gauss_0.05,4.0,0.05,sticks_010.tif,29.822487308641282,0.760764331481371,0.9252791404724121,0.011412141844630241,0.22990981321781873
MedianFilter,poisson_04_gauss_0.05,4.0,0.05,sticks_012.tif,29.520111192976152,0.7608851309103752,0.9244316816329956,0.011989761143922806,0.2316621731966734
MedianFilter,poisson_04_gauss_0.05,4.0,0.05,sticks_016.tif,29.34565848100991,0.7587037962196496,0.9208229780197144,0.011669907718896866,0.2256302207708359
MedianFilter,poisson_04_gauss_0.05,4.0,0.05,sticks_013.tif,28.848967383657577,0.7628011979719655,0.9210110902786255,0.01231350377202034,0.21845683939754962
MedianFilter,poisson_04_gauss_0.05,4.0,0.05,sticks_014.tif,30.660510402977824,0.7540165804476909,0.9169872999191284,0.010756060481071472,0.2403969282284379
MedianFilter,poisson_04_gauss_0.05,4.0,0.05,sticks_015.tif,29.587658809084196,0.754949452731628,0.9171144962310791,0.011530550196766853,0.2289955709129572
MedianFilter,poisson_04_gauss_0.05,4.0,0.05,sticks_018.tif,29.482826500424878,0.7575775933187026,0.9262227416038513,0.011992352083325386,0.23300371170043946
MedianFilter,poisson_04_gauss_0.05,4.0,0.05,sticks_020.tif,29.104739025844776,0.7660090288598758,0.9253895282745361,0.012031483463943005,0.2202162154018879
MedianFilter,poisson_04_gauss_0.05,4.0,0.05,sticks_017.tif,29.859150367865798,0.7604949450368249,0.9215279817581177,0.011451775208115578,0.23464063964784146
MedianFilter,poisson_04_gauss_0.05,4.0,0.05,sticks_019.tif,29.09649591070742,0.7651440741662696,0.9231063723564148,0.012036521919071674,0.2181293312460184
MedianFilter,poisson_04_gauss_0.05,4.0,0.05,sticks_021.tif,29.47758784687843,0.7649589425466085,0.9239644408226013,0.011542979627847672,0.21575141232460737
MedianFilter,poisson_04_gauss_0.05,4.0,0.05,sticks_022.tif,29.886659974850133,0.7634103368723849,0.9242298007011414,0.011268839240074158,0.2295305458828807
MedianFilter,poisson_04_gauss_0.05,4.0,0.05,sticks_023.tif,28.746173715583776,0.7645473487081885,0.9235146641731262,0.01284472830593586,0.2236225364729762
MedianFilter,poisson_04_gauss_0.05,4.0,0.05,sticks_024.tif,29.939395854823594,0.7601974536818302,0.9220333099365234,0.011265618726611137,0.23162967897951603
MedianFilter,poisson_04_gauss_0.05,4.0,0.05,sticks_025.tif,28.841026395040128,0.7592130068116291,0.9195461273193359,0.012441791594028473,0.22756827510893346
MedianFilter,poisson_04_gauss_0.05,4.0,0.05,sticks_026.tif,29.864525590354315,0.7600660440578396,0.9225118160247803,0.011518391780555248,0.23155122715979815
MedianFilter,poisson_04_gauss_0.05,4.0,0.05,sticks_027.tif,28.642553507519356,0.7612269873274994,0.9191368818283081,0.013619804754853249,0.24352848380804062
MedianFilter,poisson_04_gauss_0.05,4.0,0.05,sticks_028.tif,30.36471039736622,0.7473480566135463,0.9302058815956116,0.011194583959877491,0.2405545547604561
MedianFilter,poisson_04_gauss_0.05,4.0,0.05,sticks_029.tif,29.116700536647045,0.7658697793388894,0.9255792498588562,0.012491494417190552,0.22836469151079655
MedianFilter,poisson_04_gauss_0.05,4.0,0.05,sticks_030.tif,29.10922697503875,0.7626550052042655,0.9188834428787231,0.012195023708045483,0.22296490669250488
MedianFilter,poisson_04_gauss_0.05,4.0,0.05,sticks_032.tif,28.970474679865468,0.7614403488819811,0.9189857244491577,0.012162885628640652,0.2194932285696268
MedianFilter,poisson_04_gauss_0.05,4.0,0.05,sticks_031.tif,29.99609645214488,0.7572178791375287,0.9187343716621399,0.01135995052754879,0.23280821330845355
MedianFilter,poisson_04_gauss_0.05,4.0,0.05,sticks_033.tif,29.154009775066836,0.7652428846294335,0.9265736937522888,0.01227046363055706,0.22363992780447006
MedianFilter,poisson_04_gauss_0.05,4.0,0.05,sticks_034.tif,29.729492476320203,0.7682607159102801,0.9289012551307678,0.011488785035908222,0.2242757933214307
MedianFilter,poisson_04_gauss_0.05,4.0,0.05,sticks_035.tif,29.005006147439243,0.7635884263180136,0.9212583899497986,0.012112521566450596,0.2191985622048378
MedianFilter,poisson_04_gauss_0.05,4.0,0.05,sticks_036.tif,30.642344743188417,0.7609483701594324,0.9332242012023926,0.010331206023693085,0.2157157612964511
MedianFilter,poisson_04_gauss_0.05,4.0,0.05,sticks_037.tif,29.785859695154073,0.76542439943703,0.9255444407463074,0.011464723385870457,0.22623785119503736
MedianFilter,poisson_04_gauss_0.05,4.0,0.05,sticks_038.tif,30.826996843964043,0.7524119223299974,0.9234268069267273,0.01050223596394062,0.23716134689748286
MedianFilter,poisson_04_gauss_0.05,4.0,0.05,sticks_040.tif,29.064406002279068,0.7647004956045622,0.922175407409668,0.012323003262281418,0.21944658569991587
MedianFilter,poisson_04_gauss_0.05,4.0,0.05,sticks_039.tif,29.383180338519207,0.7669537984192172,0.9239031076431274,0.011720170266926289,0.2252655178308487
MedianFilter,poisson_04_gauss_0.05,4.0,0.05,sticks_041.tif,30.182172660165733,0.7594721337400505,0.9216845631599426,0.010895171202719212,0.2269444653764367
MedianFilter,poisson_04_gauss_0.05,4.0,0.05,sticks_042.tif,30.55808394839538,0.7555450298409682,0.9188896417617798,0.010578577406704426,0.2291481325402856
MedianFilter,poisson_04_gauss_0.05,4.0,0.05,sticks_043.tif,28.87884899821547,0.7687044758341595,0.9249680042266846,0.012503987178206444,0.2190018121153116
MedianFilter,poisson_04_gauss_0.05,4.0,0.05,sticks_044.tif,28.855038506822815,0.7619666149313815,0.9225797057151794,0.012434318661689758,0.22509991582483052
MedianFilter,poisson_04_gauss_0.05,4.0,0.05,sticks_045.tif,30.18074114852165,0.7625015526920071,0.9212387800216675,0.010763689875602722,0.22504650615155697
MedianFilter,poisson_04_gauss_0.05,4.0,0.05,sticks_046.tif,30.901129333948354,0.7337598324874683,0.93217533826828,0.01089799590408802,0.24781627841293813
MedianFilter,poisson_04_gauss_0.05,4.0,0.05,sticks_047.tif,30.711709521650036,0.7610953055216599,0.9232019186019897,0.010424702428281307,0.22625117376446724
MedianFilter,poisson_04_gauss_0.05,4.0,0.05,sticks_049.tif,29.72946368938417,0.7661504119357004,0.9275121688842773,0.011289821937680244,0.2225175376981497
MedianFilter,poisson_04_gauss_0.05,4.0,0.05,sticks_048.tif,29.524262748091225,0.7530566557304463,0.9197008013725281,0.01197214238345623,0.23341079521924257
MedianFilter,poisson_04_gauss_0.05,4.0,0.05,sticks_050.tif,30.726949562566865,0.7650923687821637,0.927446186542511,0.010291965678334236,0.22640868462622166
MedianFilter,poisson_04_gauss_0.05,4.0,0.05,sticks_051.tif,28.6961594613162,0.7569015680736778,0.9167543053627014,0.01301821880042553,0.23106221072375774
MedianFilter,poisson_04_gauss_0.05,4.0,0.05,sticks_053.tif,28.963826314808834,0.7674326014978438,0.9261908531188965,0.012462848797440529,0.22289228867739438
MedianFilter,poisson_04_gauss_0.05,4.0,0.05,sticks_052.tif,29.080174271364925,0.7676393964868526,0.9269863963127136,0.011866262182593346,0.21234493628144263
MedianFilter,poisson_04_gauss_0.05,4.0,0.05,sticks_054.tif,30.3597639934832,0.754784449772962,0.9177173376083374,0.01075733918696642,0.2244701800867915
MedianFilter,poisson_04_gauss_0.05,4.0,0.05,sticks_055.tif,28.89730055310661,0.7659524965300624,0.9234520792961121,0.012556505389511585,0.22459997832775117
MedianFilter,poisson_04_gauss_0.05,4.0,0.05,sticks_056.tif,29.72622451890745,0.7655544710473465,0.9267707467079163,0.011559982784092426,0.22360543943941594
MedianFilter,poisson_04_gauss_0.05,4.0,0.05,sticks_059.tif,30.56964661270873,0.7610325662646149,0.9229480624198914,0.010505174286663532,0.2280797716230154
MedianFilter,poisson_04_gauss_0.05,4.0,0.05,sticks_058.tif,29.549218328416753,0.7584998654239131,0.925177812576294,0.011734681203961372,0.22931930236518383
MedianFilter,poisson_04_gauss_0.05,4.0,0.05,sticks_057.tif,28.88926821865677,0.7594513927106115,0.9175539016723633,0.012388288043439388,0.22578768953680992
MedianFilter,poisson_04_gauss_0.05,4.0,0.05,sticks_060.tif,30.445615002740062,0.7552217361886145,0.9213322401046753,0.010756551288068295,0.2354042712599039
MedianFilter,poisson_04_gauss_0.05,4.0,0.05,sticks_063.tif,29.573561456779778,0.7601430870593147,0.9228512048721313,0.011984869837760925,0.2324798207730055
MedianFilter,poisson_04_gauss_0.05,4.0,0.05,sticks_061.tif,28.668298718780537,0.7662069938203616,0.9255856871604919,0.012659700587391853,0.2189046861603856
MedianFilter,poisson_04_gauss_0.05,4.0,0.05,sticks_062.tif,30.00329962659147,0.7676002234755285,0.9257619380950928,0.010918376967310905,0.22165938131511212
MedianFilter,poisson_04_gauss_0.05,4.0,0.05,sticks_067.tif,29.29270118783424,0.763327973731005,0.9254547357559204,0.012173084542155266,0.22724609468132256
MedianFilter,poisson_04_gauss_0.05,4.0,0.05,sticks_066.tif,29.226592473271676,0.765848202943139,0.9244993329048157,0.011805038899183273,0.2162526434287429
MedianFilter,poisson_04_gauss_0.05,4.0,0.05,sticks_065.tif,29.316258400527346,0.7595082401629755,0.9173299074172974,0.011868590489029884,0.2315490309149027
MedianFilter,poisson_04_gauss_0.05,4.0,0.05,sticks_068.tif,30.385645655385755,0.7594178035066803,0.9232010841369629,0.010885764844715595,0.23521621320396663
MedianFilter,poisson_04_gauss_0.05,4.0,0.05,sticks_069.tif,29.27392634115812,0.7606297515243898,0.9192132353782654,0.012037691660225391,0.2351133918389678
MedianFilter,poisson_04_gauss_0.05,4.0,0.05,sticks_064.tif,29.8252175741659,0.7544531404283263,0.9198821187019348,0.011603694409132004,0.23342152796685695
MedianFilter,poisson_04_gauss_0.05,4.0,0.05,sticks_070.tif,29.6754647689906,0.7589888706853791,0.9211390614509583,0.011599344201385975,0.22877732180058957
MedianFilter,poisson_04_gauss_0.05,4.0,0.05,sticks_071.tif,29.399127169230344,0.7696170891670414,0.9260551333427429,0.011884218081831932,0.22171786576509475
MedianFilter,poisson_04_gauss_0.05,4.0,0.05,sticks_072.tif,30.61111120179406,0.7622601907648547,0.9264397025108337,0.010528109967708588,0.22397664953023194
MedianFilter,poisson_04_gauss_0.05,4.0,0.05,sticks_073.tif,30.212102609676798,0.7647582007895865,0.923721194267273,0.011006521992385387,0.2283902183175087
MedianFilter,poisson_04_gauss_0.05,4.0,0.05,sticks_074.tif,30.05471671863697,0.7650523637601526,0.9269391894340515,0.010890593752264977,0.217380803078413
MedianFilter,poisson_04_gauss_0.05,4.0,0.05,sticks_075.tif,28.840587780373777,0.760895908940263,0.9203701615333557,0.012166265398263931,0.21612232960760594
MedianFilter,poisson_04_gauss_0.05,4.0,0.05,sticks_076.tif,29.561444644143606,0.7590438899598025,0.9202389717102051,0.011983323842287064,0.2353933395817876
MedianFilter,poisson_04_gauss_0.05,4.0,0.05,sticks_077.tif,28.807282570614632,0.7703273109811285,0.9271235466003418,0.012301862239837646,0.21889222115278245
MedianFilter,poisson_04_gauss_0.05,4.0,0.05,sticks_078.tif,29.409442094924813,0.7641048609121903,0.9246286749839783,0.01138913631439209,0.21963090300559998
MedianFilter,poisson_04_gauss_0.05,4.0,0.05,sticks_079.tif,29.49300667039482,0.758656331931074,0.9196590781211853,0.012084308080375195,0.23620302304625512
MedianFilter,poisson_04_gauss_0.05,4.0,0.05,sticks_080.tif,28.564493540159695,0.7648099308979452,0.9229158163070679,0.012874310836195946,0.22578284963965417
MedianFilter,poisson_04_gauss_0.05,4.0,0.05,sticks_081.tif,28.944149816386123,0.762095451428352,0.9235317707061768,0.012572100386023521,0.2313259497284889
MedianFilter,poisson_04_gauss_0.05,4.0,0.05,sticks_082.tif,29.107304648083584,0.7699447804811336,0.9259178638458252,0.012415202334523201,0.2292115544900298
MedianFilter,poisson_04_gauss_0.05,4.0,0.05,sticks_084.tif,29.32028982953983,0.7617357358820602,0.9228309988975525,0.01212452445179224,0.23548415638506412
MedianFilter,poisson_04_gauss_0.05,4.0,0.05,sticks_083.tif,29.98586954194611,0.7585227015377737,0.9194974303245544,0.011090027168393135,0.22459598500281572
MedianFilter,poisson_04_gauss_0.05,4.0,0.05,sticks_085.tif,29.43448239278726,0.7757049910145446,0.9330474138259888,0.011282802559435368,0.21184736862778664
MedianFilter,poisson_04_gauss_0.05,4.0,0.05,sticks_086.tif,29.057452063096676,0.7720528750062481,0.9305614233016968,0.01172561477869749,0.2166874323040247
MedianFilter,poisson_04_gauss_0.05,4.0,0.05,sticks_088.tif,29.44092589537769,0.7673434786929179,0.9261100888252258,0.011233264580368996,0.21003911662846803
MedianFilter,poisson_04_gauss_0.05,4.0,0.05,sticks_087.tif,29.413676420142544,0.765572338728754,0.922613799571991,0.011834541335701942,0.22819678410887717
MedianFilter,poisson_04_gauss_0.05,4.0,0.05,sticks_089.tif,30.210224834571086,0.7600560829301619,0.9307464957237244,0.011026513762772083,0.22436398211866618
MedianFilter,poisson_04_gauss_0.05,4.0,0.05,sticks_090.tif,28.99901825521895,0.7702925723047512,0.9283401966094971,0.012082388624548912,0.2157423185184598
MedianFilter,poisson_04_gauss_0.05,4.0,0.05,sticks_091.tif,29.81379266255795,0.7588897685183492,0.9201399087905884,0.010878139175474644,0.2132720671594143
MedianFilter,poisson_04_gauss_0.05,4.0,0.05,sticks_092.tif,29.726716422132654,0.7656315575687744,0.9269992709159851,0.011687038466334343,0.23016591034829617
MedianFilter,poisson_04_gauss_0.05,4.0,0.05,sticks_093.tif,29.01849504327651,0.7629819079377735,0.9234626293182373,0.012655841186642647,0.23195419777184725
MedianFilter,poisson_04_gauss_0.05,4.0,0.05,sticks_095.tif,28.196354013293465,0.7703633471362957,0.9273149967193604,0.013709871098399162,0.22790189199149608
MedianFilter,poisson_04_gauss_0.05,4.0,0.05,sticks_096.tif,28.94855321400638,0.7611434835628658,0.9213283061981201,0.012452463619410992,0.22357081584632396
MedianFilter,poisson_04_gauss_0.05,4.0,0.05,sticks_097.tif,29.56349876196193,0.7592802608825896,0.9222849011421204,0.011914128437638283,0.22684234380722046
MedianFilter,poisson_04_gauss_0.05,4.0,0.05,sticks_098.tif,28.762142609334433,0.7674548581713707,0.9266868829727173,0.012669476680457592,0.22594576440751551
MedianFilter,poisson_04_gauss_0.05,4.0,0.05,sticks_099.tif,29.423099063398354,0.7609413528042993,0.925523579120636,0.012098017148673534,0.2333613881841302
MedianFilter,poisson_04_gauss_0.05,4.0,0.05,sticks_094.tif,29.095570201786348,0.7608299127260746,0.9215842485427856,0.011586968787014484,0.21882149279117585
MedianFilter,poisson_04_gauss_0.1,4.0,0.1,sticks_000.tif,29.89972697928355,0.5640849702701544,0.9199537634849548,0.015123593620955944,0.35237117260694506
MedianFilter,poisson_04_gauss_0.1,4.0,0.1,sticks_001.tif,28.929386371990823,0.5760516074232266,0.9228309392929077,0.01673845574259758,0.34981556609272957
MedianFilter,poisson_04_gauss_0.1,4.0,0.1,sticks_002.tif,30.48924623391109,0.5513100762188535,0.9178426265716553,0.014038260094821453,0.34525689780712127
MedianFilter,poisson_04_gauss_0.1,4.0,0.1,sticks_003.tif,29.500262659926854,0.5601105484785747,0.9181892275810242,0.015499000437557697,0.34760572835803033
MedianFilter,poisson_04_gauss_0.1,4.0,0.1,sticks_004.tif,29.396223857031103,0.5652373344238611,0.91529381275177,0.015826575458049774,0.35121812000870706
MedianFilter,poisson_04_gauss_0.1,4.0,0.1,sticks_005.tif,30.327780457520635,0.5585403352292274,0.9143621325492859,0.014388342387974262,0.3517998158931732
MedianFilter,poisson_04_gauss_0.1,4.0,0.1,sticks_007.tif,29.274575099468034,0.5690068887642253,0.922146737575531,0.016095217317342758,0.3571539506316185
MedianFilter,poisson_04_gauss_0.1,4.0,0.1,sticks_009.tif,30.33495475624627,0.553641360648442,0.9148697853088379,0.01439853198826313,0.3470332585275173
MedianFilter,poisson_04_gauss_0.1,4.0,0.1,sticks_008.tif,29.52428925633363,0.5708917046030079,0.9197571873664856,0.01578846201300621,0.3538154445588589
MedianFilter,poisson_04_gauss_0.1,4.0,0.1,sticks_011.tif,29.07083895607354,0.567353653992768,0.9207277894020081,0.016144204884767532,0.3492239020764828
MedianFilter,poisson_04_gauss_0.1,4.0,0.1,sticks_006.tif,30.39221908682645,0.5528142110241182,0.9180124998092651,0.014326885342597961,0.360582110285759
MedianFilter,poisson_04_gauss_0.1,4.0,0.1,sticks_010.tif,29.809305003290717,0.5651515537631839,0.9187949895858765,0.015167035162448883,0.3540704265236855
MedianFilter,poisson_04_gauss_0.1,4.0,0.1,sticks_012.tif,29.590524904025358,0.564917697727624,0.9196475148200989,0.015655066817998886,0.35357127636671065
MedianFilter,poisson_04_gauss_0.1,4.0,0.1,sticks_016.tif,29.38726915182734,0.5605931232666799,0.9171509146690369,0.015489940531551838,0.34374568462371824
MedianFilter,poisson_04_gauss_0.1,4.0,0.1,sticks_013.tif,28.977268335456813,0.5636371053384271,0.9188148975372314,0.01605593040585518,0.33521302938461306
MedianFilter,poisson_04_gauss_0.1,4.0,0.1,sticks_014.tif,30.664990153583975,0.5581000115426009,0.9148948192596436,0.014356334693729877,0.3622616924345493
MedianFilter,poisson_04_gauss_0.1,4.0,0.1,sticks_015.tif,29.756366881180835,0.5498378934372447,0.9190394878387451,0.015394719317555428,0.36009598299860957
MedianFilter,poisson_04_gauss_0.1,4.0,0.1,sticks_018.tif,29.539285933543354,0.5534825745556515,0.9211863279342651,0.015839068219065666,0.3596637941896915
MedianFilter,poisson_04_gauss_0.1,4.0,0.1,sticks_020.tif,29.21161876721265,0.5621112428089895,0.919146716594696,0.015806373208761215,0.34347309172153473
MedianFilter,poisson_04_gauss_0.1,4.0,0.1,sticks_017.tif,29.92101847883327,0.5641155189456634,0.9180727601051331,0.015102056786417961,0.3531778298318386
MedianFilter,poisson_04_gauss_0.1,4.0,0.1,sticks_019.tif,29.142191020246457,0.5646831230503329,0.9199840426445007,0.015878990292549133,0.3414854437112808
MedianFilter,poisson_04_gauss_0.1,4.0,0.1,sticks_021.tif,29.560655472852243,0.5595748072193445,0.9203717708587646,0.015390078537166119,0.34378572925925255
MedianFilter,poisson_04_gauss_0.1,4.0,0.1,sticks_022.tif,29.87775876016833,0.5612179904776312,0.9189938306808472,0.01503841020166874,0.35390214845538137
MedianFilter,poisson_04_gauss_0.1,4.0,0.1,sticks_023.tif,28.851963307489797,0.5713841159833992,0.9200763702392578,0.01655152440071106,0.3443239390850067
MedianFilter,poisson_04_gauss_0.1,4.0,0.1,sticks_024.tif,30.023102806584774,0.555565550791708,0.918387770652771,0.015021932311356068,0.3614345654845238
MedianFilter,poisson_04_gauss_0.1,4.0,0.1,sticks_025.tif,28.958081150497335,0.5662731287185185,0.9186577200889587,0.016182808205485344,0.344796933978796
MedianFilter,poisson_04_gauss_0.1,4.0,0.1,sticks_026.tif,29.951730673187875,0.5613422932525467,0.9176620244979858,0.01515871100127697,0.35592127293348313
MedianFilter,poisson_04_gauss_0.1,4.0,0.1,sticks_027.tif,28.83748643098167,0.5804535604831793,0.9199736714363098,0.01713060401380062,0.35326444208621977
MedianFilter,poisson_04_gauss_0.1,4.0,0.1,sticks_028.tif,30.133535500304248,0.5621697695665643,0.9180449843406677,0.014879142865538597,0.3575016662478447
MedianFilter,poisson_04_gauss_0.1,4.0,0.1,sticks_029.tif,29.20982433441358,0.5692182036715124,0.9192758798599243,0.01615884341299534,0.3513862766325474
MedianFilter,poisson_04_gauss_0.1,4.0,0.1,sticks_030.tif,29.182764202273944,0.564769094533646,0.9169349074363708,0.015964772552251816,0.34244483187794683
MedianFilter,poisson_04_gauss_0.1,4.0,0.1,sticks_032.tif,29.094266221705748,0.565582233454191,0.9170107245445251,0.015926923602819443,0.3424317054450512
MedianFilter,poisson_04_gauss_0.1,4.0,0.1,sticks_031.tif,30.058103902859912,0.565092317606594,0.9162856936454773,0.014983922243118286,0.353985334187746
MedianFilter,poisson_04_gauss_0.1,4.0,0.1,sticks_033.tif,29.227290632602973,0.5691840469833017,0.9182689785957336,0.015970971435308456,0.34712609872221944
MedianFilter,poisson_04_gauss_0.1,4.0,0.1,sticks_034.tif,29.95158919275574,0.5311877767467279,0.9244310855865479,0.015644710510969162,0.37491835951805114
MedianFilter,poisson_04_gauss_0.1,4.0,0.1,sticks_035.tif,29.10721323171704,0.5655812539156541,0.9201518893241882,0.01589277759194374,0.33920774310827256
MedianFilter,poisson_04_gauss_0.1,4.0,0.1,sticks_036.tif,30.331699104703866,0.5570535149703336,0.9187137484550476,0.014203947968780994,0.3441689290106297
MedianFilter,poisson_04_gauss_0.1,4.0,0.1,sticks_037.tif,29.859728387812225,0.5652633046747243,0.9182177782058716,0.015134121291339397,0.3512860402464867
MedianFilter,poisson_04_gauss_0.1,4.0,0.1,sticks_038.tif,30.672861138790065,0.5542660246371994,0.9166617393493652,0.014185883104801178,0.36058454513549804
MedianFilter,poisson_04_gauss_0.1,4.0,0.1,sticks_040.tif,29.180031623002918,0.5679506266270312,0.9191295504570007,0.016016583889722824,0.3442523926496506
MedianFilter,poisson_04_gauss_0.1,4.0,0.1,sticks_039.tif,29.443600095161543,0.5649229308970536,0.9210431575775146,0.015467079356312752,0.34808744564652444
MedianFilter,poisson_04_gauss_0.1,4.0,0.1,sticks_041.tif,30.16799066172446,0.5561336842507514,0.9178415536880493,0.01467027235776186,0.3520232602953911
MedianFilter,poisson_04_gauss_0.1,4.0,0.1,sticks_042.tif,30.588486220018353,0.5488206659879439,0.9154298901557922,0.01437839400023222,0.35732187777757646
MedianFilter,poisson_04_gauss_0.1,4.0,0.1,sticks_043.tif,28.957171977620852,0.5715538252875632,0.9226161241531372,0.016250543296337128,0.3390170320868492
MedianFilter,poisson_04_gauss_0.1,4.0,0.1,sticks_044.tif,28.972479197513607,0.568246324569018,0.9181687831878662,0.01620541140437126,0.3459245078265667
MedianFilter,poisson_04_gauss_0.1,4.0,0.1,sticks_045.tif,30.17978300553747,0.5577728101933283,0.9183796644210815,0.014535623602569103,0.350872278213501
MedianFilter,poisson_04_gauss_0.1,4.0,0.1,sticks_046.tif,30.628885087493806,0.5549429876001434,0.9142780900001526,0.014296616427600384,0.35553787350654603
MedianFilter,poisson_04_gauss_0.1,4.0,0.1,sticks_047.tif,30.657530618976857,0.5583109505381266,0.91650390625,0.014125347137451172,0.3537995986640453
MedianFilter,poisson_04_gauss_0.1,4.0,0.1,sticks_049.tif,29.727040675601103,0.5601835124480747,0.9211199283599854,0.015087433159351349,0.350040702521801
MedianFilter,poisson_04_gauss_0.1,4.0,0.1,sticks_048.tif,29.610637952898685,0.5628324006991122,0.9164448976516724,0.015617044642567635,0.35288920998573303
MedianFilter,poisson_04_gauss_0.1,4.0,0.1,sticks_050.tif,30.658555702300895,0.5559115583370939,0.9176483154296875,0.014058282598853111,0.356440058350563
MedianFilter,poisson_04_gauss_0.1,4.0,0.1,sticks_051.tif,28.87685268125456,0.5691842481081577,0.9165984988212585,0.01662064529955387,0.3450975723564625
MedianFilter,poisson_04_gauss_0.1,4.0,0.1,sticks_053.tif,29.078515332781052,0.5691113608427074,0.9218648076057434,0.016147153452038765,0.3433241955935955
MedianFilter,poisson_04_gauss_0.1,4.0,0.1,sticks_052.tif,29.12036646143994,0.562579793816769,0.9205226302146912,0.01572333835065365,0.33876734524965285
MedianFilter,poisson_04_gauss_0.1,4.0,0.1,sticks_054.tif,30.389732907781102,0.5555393839294985,0.9104878902435303,0.014444144442677498,0.351537998765707
MedianFilter,poisson_04_gauss_0.1,4.0,0.1,sticks_055.tif,29.016919975357727,0.5663655391262831,0.920857846736908,0.016277914866805077,0.34278701692819596
MedianFilter,poisson_04_gauss_0.1,4.0,0.1,sticks_056.tif,29.761538958656427,0.5614241244794156,0.9215567111968994,0.015299317426979542,0.35207500010728837
MedianFilter,poisson_04_gauss_0.1,4.0,0.1,sticks_059.tif,30.507382512792237,0.5586764114001644,0.9167817831039429,0.014285968616604805,0.35350521877408025
MedianFilter,poisson_04_gauss_0.1,4.0,0.1,sticks_058.tif,29.60753564885102,0.5507977875121606,0.9202249050140381,0.015684355050325394,0.35711113139986994
MedianFilter,poisson_04_gauss_0.1,4.0,0.1,sticks_057.tif,29.03226687745513,0.5666976528091261,0.9178207516670227,0.016100630164146423,0.34744650050997733
MedianFilter,poisson_04_gauss_0.1,4.0,0.1,sticks_060.tif,30.47560339246293,0.5568393015019304,0.9179589152336121,0.014410324394702911,0.35804714635014534
MedianFilter,poisson_04_gauss_0.1,4.0,0.1,sticks_063.tif,29.67486920434817,0.5680943344260705,0.9204948544502258,0.015566612593829632,0.35340548530220983
MedianFilter,poisson_04_gauss_0.1,4.0,0.1,sticks_061.tif,28.770062071540202,0.571297868377538,0.922448456287384,0.016448315232992172,0.3428728058934212
MedianFilter,poisson_04_gauss_0.1,4.0,0.1,sticks_062.tif,29.987693692390877,0.5557432117392243,0.9177504181861877,0.014711529016494751,0.347534853965044
MedianFilter,poisson_04_gauss_0.1,4.0,0.1,sticks_067.tif,29.36377366014878,0.5697588915557792,0.9216185808181763,0.015875501558184624,0.35282136127352715
MedianFilter,poisson_04_gauss_0.1,4.0,0.1,sticks_066.tif,29.271936042128615,0.5643199275127477,0.9198909997940063,0.01562006026506424,0.34262505173683167
MedianFilter,poisson_04_gauss_0.1,4.0,0.1,sticks_065.tif,29.396227312473975,0.560666863944042,0.9173293113708496,0.01562635973095894,0.3486028894782066
MedianFilter,poisson_04_gauss_0.1,4.0,0.1,sticks_068.tif,30.35522630958148,0.5620454992496509,0.9175456166267395,0.014608791097998619,0.3592702761292458
MedianFilter,poisson_04_gauss_0.1,4.0,0.1,sticks_069.tif,29.511392696755465,0.5500130871732903,0.920545756816864,0.015947449952363968,0.36739238575100897
MedianFilter,poisson_04_gauss_0.1,4.0,0.1,sticks_064.tif,29.95006408771311,0.5457528233418114,0.9193844199180603,0.015422558411955833,0.36927297711372375
MedianFilter,poisson_04_gauss_0.1,4.0,0.1,sticks_070.tif,29.807326633798116,0.5648300901154613,0.9187401533126831,0.015268002636730671,0.35459493175148965
MedianFilter,poisson_04_gauss_0.1,4.0,0.1,sticks_071.tif,29.420669454643424,0.5661249187927159,0.9200981259346008,0.01568653993308544,0.34627166092395784
MedianFilter,poisson_04_gauss_0.1,4.0,0.1,sticks_072.tif,30.537565968682216,0.5599725712801817,0.919510006904602,0.014280897565186024,0.3518152736127377
MedianFilter,poisson_04_gauss_0.1,4.0,0.1,sticks_073.tif,30.20302570715295,0.5615244536986996,0.9185677170753479,0.014737345278263092,0.35130390897393227
MedianFilter,poisson_04_gauss_0.1,4.0,0.1,sticks_074.tif,30.001794363783148,0.560726935671508,0.9173682332038879,0.014720248989760876,0.34869705364108083
MedianFilter,poisson_04_gauss_0.1,4.0,0.1,sticks_075.tif,28.97520233044087,0.5646080841835844,0.9186568856239319,0.015954099595546722,0.33496512472629547
MedianFilter,poisson_04_gauss_0.1,4.0,0.1,sticks_076.tif,29.6795761313308,0.5703245028290704,0.9189996123313904,0.01563384011387825,0.35575301870703696
MedianFilter,poisson_04_gauss_0.1,4.0,0.1,sticks_077.tif,28.871837809292117,0.5683658300698538,0.9220322966575623,0.016152501106262207,0.34098793268203736
MedianFilter,poisson_04_gauss_0.1,4.0,0.1,sticks_078.tif,29.402262645277858,0.5581097158541414,0.9202495813369751,0.01528175175189972,0.34371455684304236
MedianFilter,poisson_04_gauss_0.1,4.0,0.1,sticks_079.tif,29.584441046591614,0.5675385255553831,0.9180411100387573,0.015731284394860268,0.3548114366829395
MedianFilter,poisson_04_gauss_0.1,4.0,0.1,sticks_080.tif,28.69190623005872,0.5692321489617097,0.9189668297767639,0.01663767360150814,0.3421607531607151
MedianFilter,poisson_04_gauss_0.1,4.0,0.1,sticks_081.tif,29.061014555000465,0.571594906314359,0.9201034903526306,0.01623646542429924,0.3486300066113472
MedianFilter,poisson_04_gauss_0.1,4.0,0.1,sticks_082.tif,29.18082855306774,0.5725024156241634,0.9216355681419373,0.016134269535541534,0.3482497900724411
MedianFilter,poisson_04_gauss_0.1,4.0,0.1,sticks_084.tif,29.447958235149404,0.5580655675806816,0.9210887551307678,0.01591857150197029,0.36086793020367625
MedianFilter,poisson_04_gauss_0.1,4.0,0.1,sticks_083.tif,30.03690139246364,0.5565713081607234,0.917601466178894,0.014890077523887157,0.35285435542464255
MedianFilter,poisson_04_gauss_0.1,4.0,0.1,sticks_085.tif,29.406180504292916,0.5591809332679031,0.9240749478340149,0.015234693884849548,0.33710831105709077
MedianFilter,poisson_04_gauss_0.1,4.0,0.1,sticks_086.tif,29.067335224352178,0.5614555278304223,0.9238653182983398,0.015661688521504402,0.3406848691403866
MedianFilter,poisson_04_gauss_0.1,4.0,0.1,sticks_088.tif,29.41366715904445,0.5594181932752633,0.9197067022323608,0.015161028131842613,0.3378783404827118
MedianFilter,poisson_04_gauss_0.1,4.0,0.1,sticks_087.tif,29.477760201064015,0.563374532098871,0.9198997616767883,0.01557219959795475,0.3460440680384636
MedianFilter,poisson_04_gauss_0.1,4.0,0.1,sticks_089.tif,30.005786346207497,0.5630030296114045,0.919503390789032,0.01484264712780714,0.3476093880832195
MedianFilter,poisson_04_gauss_0.1,4.0,0.1,sticks_090.tif,29.052755615844834,0.5656045827125776,0.9233822226524353,0.01592184416949749,0.3411503300070763
MedianFilter,poisson_04_gauss_0.1,4.0,0.1,sticks_091.tif,29.818781632338617,0.5523578559138751,0.915901780128479,0.014787147752940655,0.3438730724155903
MedianFilter,poisson_04_gauss_0.1,4.0,0.1,sticks_092.tif,29.7311308469636,0.5655537338784822,0.9208792448043823,0.01535902451723814,0.34825767427682874
MedianFilter,poisson_04_gauss_0.1,4.0,0.1,sticks_093.tif,29.129893704934453,0.5735887223396425,0.9193532466888428,0.01629739999771118,0.3500977337360382
MedianFilter,poisson_04_gauss_0.1,4.0,0.1,sticks_095.tif,28.368811642497896,0.5784760147161212,0.9246932864189148,0.01733681745827198,0.33918209969997404
MedianFilter,poisson_04_gauss_0.1,4.0,0.1,sticks_096.tif,29.092937173393967,0.5658868603932244,0.9176757335662842,0.016162272542715073,0.34030469208955766
MedianFilter,poisson_04_gauss_0.1,4.0,0.1,sticks_097.tif,29.635642228869333,0.565400231732743,0.9202089905738831,0.015567533671855927,0.35426420271396636
MedianFilter,poisson_04_gauss_0.1,4.0,0.1,sticks_098.tif,28.868856888845833,0.5695417821934683,0.9223896265029907,0.016404757276177406,0.3456657022237778
MedianFilter,poisson_04_gauss_0.1,4.0,0.1,sticks_099.tif,29.613489516369146,0.5462988975801985,0.9238308072090149,0.016006600111722946,0.3693321503698826
MedianFilter,poisson_04_gauss_0.1,4.0,0.1,sticks_094.tif,29.104038130820065,0.5592364276037047,0.9162721037864685,0.015536104328930378,0.33964181393384935
MedianFilter,poisson_04_gauss_0.2,4.0,0.2,sticks_000.tif,27.476209285592617,0.3086040896754008,0.8435993194580078,0.023780692368745804,0.5522263824939728
MedianFilter,poisson_04_gauss_0.2,4.0,0.2,sticks_001.tif,26.928669860626098,0.3317810330734316,0.8588302731513977,0.02528161182999611,0.541319977492094
MedianFilter,poisson_04_gauss_0.2,4.0,0.2,sticks_002.tif,27.73663920703038,0.282314427574876,0.8333927989006042,0.022976001724600792,0.5557224437594414
MedianFilter,poisson_04_gauss_0.2,4.0,0.2,sticks_003.tif,27.25436163026396,0.3094474228890678,0.8438625335693359,0.024210266768932343,0.5459907233715058
MedianFilter,poisson_04_gauss_0.2,4.0,0.2,sticks_004.tif,27.22632759503638,0.3228199379434764,0.8491902351379395,0.024350635707378387,0.5475837081670761
MedianFilter,poisson_04_gauss_0.2,4.0,0.2,sticks_005.tif,27.685271240285726,0.29682807139919787,0.83369380235672,0.02318746969103813,0.5549828186631203
MedianFilter,poisson_04_gauss_0.2,4.0,0.2,sticks_007.tif,27.14203789519229,0.3205288142277418,0.8530460000038147,0.024693327024579048,0.5550901487469673
MedianFilter,poisson_04_gauss_0.2,4.0,0.2,sticks_009.tif,27.696920075069038,0.29103781707478765,0.8341841697692871,0.023203352466225624,0.5487020619213581
MedianFilter,poisson_04_gauss_0.2,4.0,0.2,sticks_008.tif,27.264191323936267,0.3236829961182974,0.8489981293678284,0.024449562653899193,0.5531610019505024
MedianFilter,poisson_04_gauss_0.2,4.0,0.2,sticks_011.tif,27.034601771856615,0.3184586757803765,0.8537413477897644,0.024710679426789284,0.5446210891008377
MedianFilter,poisson_04_gauss_0.2,4.0,0.2,sticks_006.tif,27.636132082847666,0.29082883185184527,0.8329649567604065,0.023347977548837662,0.5615268513560295
MedianFilter,poisson_04_gauss_0.2,4.0,0.2,sticks_010.tif,27.412553401815117,0.31049807417656716,0.8432167172431946,0.02389654517173767,0.5563766092061997
MedianFilter,poisson_04_gauss_0.2,4.0,0.2,sticks_012.tif,27.290305204653045,0.31317058838112444,0.8473315834999084,0.024315087124705315,0.5486130252480507
MedianFilter,poisson_04_gauss_0.2,4.0,0.2,sticks_016.tif,27.208471754132738,0.30696486745992074,0.8428236246109009,0.024223046377301216,0.5425422511994838
MedianFilter,poisson_04_gauss_0.2,4.0,0.2,sticks_013.tif,26.9788523354862,0.3138482596789067,0.8492364287376404,0.024696704000234604,0.5297472409904003
MedianFilter,poisson_04_gauss_0.2,4.0,0.2,sticks_014.tif,27.866540499774327,0.2970759091282173,0.8356713652610779,0.023086335510015488,0.5624465465545654
MedianFilter,poisson_04_gauss_0.2,4.0,0.2,sticks_015.tif,27.362970525074985,0.310655978978458,0.8468119502067566,0.02391938306391239,0.5446491457521916
MedianFilter,poisson_04_gauss_0.2,4.0,0.2,sticks_018.tif,27.23286950416511,0.3134808972806994,0.8495790362358093,0.024334635585546494,0.5432922333478928
MedianFilter,poisson_04_gauss_0.2,4.0,0.2,sticks_020.tif,27.12006924902958,0.3080602324180051,0.8442803621292114,0.02442295104265213,0.541905689239502
MedianFilter,poisson_04_gauss_0.2,4.0,0.2,sticks_017.tif,27.469771981581566,0.3077264490274926,0.8424251675605774,0.023831220343708992,0.5511598348617553
MedianFilter,poisson_04_gauss_0.2,4.0,0.2,sticks_019.tif,27.06827170414444,0.3133650297539042,0.852152943611145,0.0245780348777771,0.5405129618942738
MedianFilter,poisson_04_gauss_0.2,4.0,0.2,sticks_021.tif,27.24606532750176,0.30930293475983817,0.8463315367698669,0.024141410365700722,0.5436172910034657
MedianFilter,poisson_04_gauss_0.2,4.0,0.2,sticks_022.tif,27.473811744924518,0.30323367083015257,0.8418912887573242,0.023738449439406395,0.551692433655262
MedianFilter,poisson_04_gauss_0.2,4.0,0.2,sticks_023.tif,26.903222005474653,0.3261262240903464,0.8546623587608337,0.025159914046525955,0.540677548199892
MedianFilter,poisson_04_gauss_0.2,4.0,0.2,sticks_024.tif,27.525475485778173,0.3024466094127676,0.839363694190979,0.023663759231567383,0.5570428088307381
MedianFilter,poisson_04_gauss_0.2,4.0,0.2,sticks_025.tif,26.963378537283024,0.3189101321456345,0.8522040247917175,0.024869056418538094,0.5419314712285995
MedianFilter,poisson_04_gauss_0.2,4.0,0.2,sticks_026.tif,27.483561592981832,0.3040665522839823,0.8381127715110779,0.023868348449468613,0.5575395010411739
MedianFilter,poisson_04_gauss_0.2,4.0,0.2,sticks_027.tif,26.897477494672245,0.3434796500352433,0.861029326915741,0.025617141276597977,0.5404455952346325
MedianFilter,poisson_04_gauss_0.2,4.0,0.2,sticks_028.tif,27.57467711832616,0.306400787505899,0.8391194939613342,0.023661693558096886,0.5595752984285355
MedianFilter,poisson_04_gauss_0.2,4.0,0.2,sticks_029.tif,27.097959537873027,0.32265548116689946,0.8482593894004822,0.02470353990793228,0.5501256465911866
MedianFilter,poisson_04_gauss_0.2,4.0,0.2,sticks_030.tif,27.0639987303494,0.31316824096441387,0.8479946255683899,0.024743301793932915,0.5417999431490899
MedianFilter,poisson_04_gauss_0.2,4.0,0.2,sticks_032.tif,27.01720119684239,0.31706227923439906,0.8487352132797241,0.02465999498963356,0.5411005221307278
MedianFilter,poisson_04_gauss_0.2,4.0,0.2,sticks_031.tif,27.52891716333059,0.30681683658841874,0.8394078016281128,0.023803800344467163,0.5515326395630836
MedianFilter,poisson_04_gauss_0.2,4.0,0.2,sticks_033.tif,27.09208115301102,0.3190697406974347,0.8432872891426086,0.024679696187376976,0.5502493873238563
MedianFilter,poisson_04_gauss_0.2,4.0,0.2,sticks_034.tif,27.400714416673257,0.304856713112267,0.8438828587532043,0.023905258625745773,0.5443896874785423
MedianFilter,poisson_04_gauss_0.2,4.0,0.2,sticks_035.tif,27.032775346434295,0.31268545454607477,0.8519121408462524,0.024643709883093834,0.5373669393360615
MedianFilter,poisson_04_gauss_0.2,4.0,0.2,sticks_036.tif,27.663973502413512,0.2894066989064589,0.8319274187088013,0.023165011778473854,0.5517035618424415
MedianFilter,poisson_04_gauss_0.2,4.0,0.2,sticks_037.tif,27.41258588313748,0.30747013748164553,0.8381655216217041,0.02393334172666073,0.5539277732372284
MedianFilter,poisson_04_gauss_0.2,4.0,0.2,sticks_038.tif,27.85595722766906,0.2909764428797053,0.8333215713500977,0.022976620122790337,0.5615636765956878
MedianFilter,poisson_04_gauss_0.2,4.0,0.2,sticks_040.tif,27.072057684894585,0.3191684170235259,0.8499120473861694,0.024665746837854385,0.5452177636325359
MedianFilter,poisson_04_gauss_0.2,4.0,0.2,sticks_039.tif,27.21485498227333,0.30858319854463506,0.8490884304046631,0.024230344220995903,0.5478077545762062
MedianFilter,poisson_04_gauss_0.2,4.0,0.2,sticks_041.tif,27.599379606460236,0.29529432911579323,0.8383686542510986,0.02346245013177395,0.55204758644104
MedianFilter,poisson_04_gauss_0.2,4.0,0.2,sticks_042.tif,27.778277997044775,0.2913268126020169,0.831570565700531,0.023139692842960358,0.5528301417827606
MedianFilter,poisson_04_gauss_0.2,4.0,0.2,sticks_043.tif,26.953963306940825,0.3234762031526549,0.8567357659339905,0.024874040856957436,0.5376912832260132
MedianFilter,poisson_04_gauss_0.2,4.0,0.2,sticks_044.tif,26.975184895901485,0.32249936501470716,0.847740113735199,0.024823732674121857,0.5429201252758503
MedianFilter,poisson_04_gauss_0.2,4.0,0.2,sticks_045.tif,27.611246862469038,0.2940650754906926,0.8418222069740295,0.023337531834840775,0.552097563445568
MedianFilter,poisson_04_gauss_0.2,4.0,0.2,sticks_046.tif,27.836401232206395,0.2937097889606175,0.8315224647521973,0.023025527596473694,0.5582567840814591
MedianFilter,poisson_04_gauss_0.2,4.0,0.2,sticks_047.tif,27.85702991545886,0.2915145300917643,0.8320363163948059,0.022952837869524956,0.5587292417883873
MedianFilter,poisson_04_gauss_0.2,4.0,0.2,sticks_049.tif,27.378843976504584,0.30180428188097685,0.843733549118042,0.023828841745853424,0.5532060652971268
MedianFilter,poisson_04_gauss_0.2,4.0,0.2,sticks_048.tif,27.31299793724655,0.3114774493131642,0.8420681357383728,0.02425718680024147,0.5501699656248092
MedianFilter,poisson_04_gauss_0.2,4.0,0.2,sticks_050.tif,27.837528127884774,0.2887052388340777,0.8300947546958923,0.022906724363565445,0.5656692042946816
MedianFilter,poisson_04_gauss_0.2,4.0,0.2,sticks_051.tif,26.934810748445734,0.32534105103052696,0.8519943952560425,0.025176122784614563,0.5319248653948307
MedianFilter,poisson_04_gauss_0.2,4.0,0.2,sticks_053.tif,27.032319274890252,0.31914923778525056,0.8513765931129456,0.024771351367235184,0.5414191737771035
MedianFilter,poisson_04_gauss_0.2,4.0,0.2,sticks_052.tif,27.060386549355925,0.30884821372403853,0.847568929195404,0.02441784366965294,0.539572375267744
MedianFilter,poisson_04_gauss_0.2,4.0,0.2,sticks_054.tif,27.127867601351028,0.26906594382920124,0.8147224187850952,0.025228161364793777,0.5724368333816529
MedianFilter,poisson_04_gauss_0.2,4.0,0.2,sticks_055.tif,26.984381768783003,0.3150016621930359,0.8533909320831299,0.024935796856880188,0.5396301187574863
MedianFilter,poisson_04_gauss_0.2,4.0,0.2,sticks_056.tif,27.071710626425855,0.2876949893962983,0.835930585861206,0.02520652674138546,0.5636805087327957
MedianFilter,poisson_04_gauss_0.2,4.0,0.2,sticks_059.tif,27.770623909606577,0.2974599352554952,0.8359172344207764,0.023074446246027946,0.5573715589940548
MedianFilter,poisson_04_gauss_0.2,4.0,0.2,sticks_058.tif,27.050932551867646,0.2987875930889971,0.8393917679786682,0.02507193759083748,0.5481643438339233
MedianFilter,poisson_04_gauss_0.2,4.0,0.2,sticks_057.tif,26.985528571075,0.3190227191682113,0.8519270420074463,0.024822795763611794,0.5447859928011894
MedianFilter,poisson_04_gauss_0.2,4.0,0.2,sticks_060.tif,27.765358557987987,0.2968737527254426,0.8366559743881226,0.023140212520956993,0.5562577292323112
MedianFilter,poisson_04_gauss_0.2,4.0,0.2,sticks_063.tif,27.3369261379621,0.31415787352020513,0.8474594354629517,0.024259015917778015,0.5518826708197594
MedianFilter,poisson_04_gauss_0.2,4.0,0.2,sticks_061.tif,26.823360850742056,0.3251064708044525,0.8556281328201294,0.02512885257601738,0.5391246154904366
MedianFilter,poisson_04_gauss_0.2,4.0,0.2,sticks_062.tif,27.49566967285217,0.28685013536617754,0.8328065872192383,0.023561552166938782,0.5513648696243763
MedianFilter,poisson_04_gauss_0.2,4.0,0.2,sticks_067.tif,27.179177904310798,0.3219285381373142,0.8509379625320435,0.024523813277482986,0.5507171623408794
MedianFilter,poisson_04_gauss_0.2,4.0,0.2,sticks_066.tif,27.126903835291127,0.30994471077638297,0.8457292914390564,0.024387545883655548,0.5446457840502262
MedianFilter,poisson_04_gauss_0.2,4.0,0.2,sticks_065.tif,27.21391285883659,0.30703955778339975,0.8485919237136841,0.02426854707300663,0.5431490503251553
MedianFilter,poisson_04_gauss_0.2,4.0,0.2,sticks_068.tif,27.70419513042009,0.3039548618458956,0.8360344171524048,0.023323889821767807,0.5599176600575447
MedianFilter,poisson_04_gauss_0.2,4.0,0.2,sticks_069.tif,27.20678442464934,0.31598054976569306,0.8495688438415527,0.0243757925927639,0.5471685200929641
MedianFilter,poisson_04_gauss_0.2,4.0,0.2,sticks_064.tif,27.478882510498032,0.3049484435999139,0.844072163105011,0.02388067916035652,0.5553918197751045
MedianFilter,poisson_04_gauss_0.2,4.0,0.2,sticks_070.tif,27.28823607944055,0.30705656291946726,0.8423519730567932,0.024455750361084938,0.5576835021376609
MedianFilter,poisson_04_gauss_0.2,4.0,0.2,sticks_071.tif,27.223359617435996,0.313986285284226,0.8487521409988403,0.02433747798204422,0.5465314276516438
MedianFilter,poisson_04_gauss_0.2,4.0,0.2,sticks_072.tif,27.7701726533849,0.2970537372262498,0.8377306461334229,0.023109635338187218,0.5589571863412857
MedianFilter,poisson_04_gauss_0.2,4.0,0.2,sticks_073.tif,27.565197283576552,0.29844972035163636,0.8398204445838928,0.023692583665251732,0.5565032690763474
MedianFilter,poisson_04_gauss_0.2,4.0,0.2,sticks_074.tif,27.510520557637186,0.3011471713250428,0.8361103534698486,0.023526635020971298,0.5571443915367127
MedianFilter,poisson_04_gauss_0.2,4.0,0.2,sticks_075.tif,26.960961637045667,0.3149992211930877,0.8493658304214478,0.024663668125867844,0.5356207087635994
MedianFilter,poisson_04_gauss_0.2,4.0,0.2,sticks_076.tif,27.35732469686932,0.3222927325213441,0.849949061870575,0.024266373366117477,0.5527515664696694
MedianFilter,poisson_04_gauss_0.2,4.0,0.2,sticks_077.tif,26.907714176473743,0.3183891197730427,0.8545346260070801,0.0248130913823843,0.537087595462799
MedianFilter,poisson_04_gauss_0.2,4.0,0.2,sticks_078.tif,27.210250383163526,0.30007916226548104,0.8454536199569702,0.0240421611815691,0.5460484825074673
MedianFilter,poisson_04_gauss_0.2,4.0,0.2,sticks_079.tif,27.325103146308308,0.3202742948318956,0.8493547439575195,0.02427840791642666,0.5471518203616142
MedianFilter,poisson_04_gauss_0.2,4.0,0.2,sticks_080.tif,26.800756533976923,0.3259143947509551,0.8526033759117126,0.025243666023015976,0.5368184976279735
MedianFilter,poisson_04_gauss_0.2,4.0,0.2,sticks_081.tif,27.02228317387958,0.32629817430949126,0.8524772524833679,0.024860825389623642,0.5470797650516033
MedianFilter,poisson_04_gauss_0.2,4.0,0.2,sticks_082.tif,27.10374233326995,0.3216255512695454,0.8545791506767273,0.02475466951727867,0.5433906428515911
MedianFilter,poisson_04_gauss_0.2,4.0,0.2,sticks_084.tif,27.195534472577933,0.31478906682893576,0.8508762717247009,0.024434318765997887,0.5485433846712112
MedianFilter,poisson_04_gauss_0.2,4.0,0.2,sticks_083.tif,27.502520612101776,0.3041355515132435,0.840407133102417,0.02365412935614586,0.5525457829236984
MedianFilter,poisson_04_gauss_0.2,4.0,0.2,sticks_085.tif,27.183563970842993,0.29300541349601167,0.844145655632019,0.02408256009221077,0.5400225959718228
MedianFilter,poisson_04_gauss_0.2,4.0,0.2,sticks_086.tif,27.011015579488344,0.30050078471637925,0.8493648171424866,0.024488097056746483,0.5398407116532326
MedianFilter,poisson_04_gauss_0.2,4.0,0.2,sticks_088.tif,27.189951603557766,0.3008091651742143,0.8429954051971436,0.024031003937125206,0.5430093497037888
MedianFilter,poisson_04_gauss_0.2,4.0,0.2,sticks_087.tif,27.239799723963497,0.30853888426367315,0.8477546572685242,0.0242630485445261,0.5401576772332192
MedianFilter,poisson_04_gauss_0.2,4.0,0.2,sticks_089.tif,27.393059713019845,0.29657654070600614,0.8386436104774475,0.02413775958120823,0.5581992760300636
MedianFilter,poisson_04_gauss_0.2,4.0,0.2,sticks_090.tif,26.99836141742079,0.3124329293746238,0.8517880439758301,0.024650156497955322,0.5429966166615486
MedianFilter,poisson_04_gauss_0.2,4.0,0.2,sticks_091.tif,27.45211734429152,0.29423636249642227,0.8392094373703003,0.023572081699967384,0.548720195144415
MedianFilter,poisson_04_gauss_0.2,4.0,0.2,sticks_092.tif,27.235526461362433,0.29751589400834055,0.8428581357002258,0.024663034826517105,0.5514718040823936
MedianFilter,poisson_04_gauss_0.2,4.0,0.2,sticks_093.tif,26.96491417738134,0.32258650654218063,0.8485962748527527,0.025263041257858276,0.5506904572248459
MedianFilter,poisson_04_gauss_0.2,4.0,0.2,sticks_095.tif,26.616524670614112,0.3333192786864882,0.8612006902694702,0.025792991742491722,0.5264691598713398
MedianFilter,poisson_04_gauss_0.2,4.0,0.2,sticks_096.tif,27.056372230344753,0.32174066084141445,0.8471542000770569,0.024628467857837677,0.5360066026449204
MedianFilter,poisson_04_gauss_0.2,4.0,0.2,sticks_097.tif,27.34842650782045,0.315356328019431,0.8502963781356812,0.024147141724824905,0.5535428062081337
MedianFilter,poisson_04_gauss_0.2,4.0,0.2,sticks_098.tif,26.90213475448101,0.3209087357324702,0.8525899052619934,0.02501050755381584,0.5414821244776249
MedianFilter,poisson_04_gauss_0.2,4.0,0.2,sticks_099.tif,27.25921178142006,0.31505557565508896,0.8492967486381531,0.024310316890478134,0.5463616639375687
MedianFilter,poisson_04_gauss_0.2,4.0,0.2,sticks_094.tif,27.03418052012589,0.30522925945668233,0.8421167731285095,0.024375412613153458,0.5394794441759586
MedianFilter,poisson_16_gauss_0.05,16.0,0.05,sticks_000.tif,34.061214917617846,0.8341124963857194,0.975762128829956,0.008611742407083511,0.15360162183642387
MedianFilter,poisson_16_gauss_0.05,16.0,0.05,sticks_001.tif,33.31420720808722,0.8360726601868473,0.978484034538269,0.00950971432030201,0.15930023398250343
MedianFilter,poisson_16_gauss_0.05,16.0,0.05,sticks_002.tif,35.21793837735045,0.8115960183478865,0.9777790904045105,0.007915733382105827,0.15479151904582977
MedianFilter,poisson_16_gauss_0.05,16.0,0.05,sticks_003.tif,34.38539459299213,0.8070286480954624,0.9797728657722473,0.008814763277769089,0.16847917586565017
MedianFilter,poisson_16_gauss_0.05,16.0,0.05,sticks_004.tif,33.55991816536802,0.8315241963417109,0.9747233390808105,0.009091551415622234,0.15273659452795982
MedianFilter,poisson_16_gauss_0.05,16.0,0.05,sticks_005.tif,34.86848176236548,0.8218070891550164,0.9760574102401733,0.008110111579298973,0.15899783708155155
MedianFilter,poisson_16_gauss_0.05,16.0,0.05,sticks_007.tif,33.92700718764095,0.827469554441846,0.9794182777404785,0.00905873067677021,0.16482983902096748
MedianFilter,poisson_16_gauss_0.05,16.0,0.05,sticks_009.tif,34.535707855314584,0.8294348129205722,0.9742584824562073,0.008140606805682182,0.14582368358969688
MedianFilter,poisson_16_gauss_0.05,16.0,0.05,sticks_008.tif,34.444962221357244,0.8176998480353025,0.9803585410118103,0.00888009462505579,0.1684120126068592
MedianFilter,poisson_16_gauss_0.05,16.0,0.05,sticks_011.tif,33.511401373055826,0.8294778498582792,0.9781413674354553,0.009149945341050625,0.15373517163097858
MedianFilter,poisson_16_gauss_0.05,16.0,0.05,sticks_006.tif,34.70557863772798,0.8271653845452623,0.9755403995513916,0.00802380871027708,0.15890847910195588
MedianFilter,poisson_16_gauss_0.05,16.0,0.05,sticks_010.tif,34.300752097086054,0.8290317808162238,0.9773606657981873,0.008537321351468563,0.15846517849713565
MedianFilter,poisson_16_gauss_0.05,16.0,0.05,sticks_012.tif,33.98084662633838,0.8316698268955882,0.9769967794418335,0.008853526785969734,0.1527304222807288
MedianFilter,poisson_16_gauss_0.05,16.0,0.05,sticks_016.tif,33.310235893457914,0.8358315905293981,0.9731377959251404,0.008891992270946503,0.13937717992812396
MedianFilter,poisson_16_gauss_0.05,16.0,0.05,sticks_013.tif,32.981168896380964,0.8323841512736885,0.9746103882789612,0.009248477406799793,0.14187442492693664
MedianFilter,poisson_16_gauss_0.05,16.0,0.05,sticks_014.tif,34.957821489933565,0.8351572592105699,0.9743150472640991,0.00805755890905857,0.1568901352584362
MedianFilter,poisson_16_gauss_0.05,16.0,0.05,sticks_015.tif,34.36455925182835,0.8153770579760875,0.9783353209495544,0.008642299100756645,0.16223135348409415
MedianFilter,poisson_16_gauss_0.05,16.0,0.05,sticks_018.tif,34.35653629449539,0.8088979365101635,0.9798741936683655,0.008919904008507729,0.17099179960787297
MedianFilter,poisson_16_gauss_0.05,16.0,0.05,sticks_020.tif,33.12790675459706,0.8363295016571648,0.9741886258125305,0.00909062847495079,0.14396290760487318
MedianFilter,poisson_16_gauss_0.05,16.0,0.05,sticks_017.tif,34.686691084940165,0.817492457877452,0.9787845611572266,0.00853005051612854,0.16767062954604625
MedianFilter,poisson_16_gauss_0.05,16.0,0.05,sticks_019.tif,33.15002323913938,0.8355936942734269,0.9748626351356506,0.009100697003304958,0.14198570977896452
MedianFilter,poisson_16_gauss_0.05,16.0,0.05,sticks_021.tif,33.81953314622575,0.8293743318085534,0.9768154621124268,0.008712254464626312,0.14460780881345273
MedianFilter,poisson_16_gauss_0.05,16.0,0.05,sticks_022.tif,33.90596328002208,0.836565956667124,0.9740490317344666,0.008556583896279335,0.15187421571463347
MedianFilter,poisson_16_gauss_0.05,16.0,0.05,sticks_023.tif,32.77165308717593,0.8390833903638731,0.9745286107063293,0.009588791988790035,0.1449358629062772
MedianFilter,poisson_16_gauss_0.05,16.0,0.05,sticks_024.tif,34.650855255349995,0.8185788801002983,0.9780809879302979,0.008459977805614471,0.1646506439894438
MedianFilter,poisson_16_gauss_0.05,16.0,0.05,sticks_025.tif,33.0072946293848,0.8340911732710761,0.9745749831199646,0.009300257079303265,0.14873262085020542
MedianFilter,poisson_16_gauss_0.05,16.0,0.05,sticks_026.tif,34.27220521302752,0.8320227895675557,0.9757541418075562,0.008564246818423271,0.15600612685084342
MedianFilter,poisson_16_gauss_0.05,16.0,0.05,sticks_027.tif,32.807823804704356,0.842272395918977,0.9746894836425781,0.010012704879045486,0.153055777028203
MedianFilter,poisson_16_gauss_0.05,16.0,0.05,sticks_028.tif,34.17764849087604,0.835845129238739,0.9742089509963989,0.008482149802148342,0.15122343208640815
MedianFilter,poisson_16_gauss_0.05,16.0,0.05,sticks_029.tif,33.92823704637586,0.8267388912341523,0.9785535931587219,0.009049525484442711,0.1614385459572077
MedianFilter,poisson_16_gauss_0.05,16.0,0.05,sticks_030.tif,33.632383351619744,0.8277428581518486,0.9765365719795227,0.009042251855134964,0.1493169791996479
MedianFilter,poisson_16_gauss_0.05,16.0,0.05,sticks_032.tif,33.609425330364274,0.8247748388201092,0.9775482416152954,0.009016980417072773,0.15499315224587917
MedianFilter,poisson_16_gauss_0.05,16.0,0.05,sticks_031.tif,34.750745666315744,0.8231336699471874,0.9775744080543518,0.008450835011899471,0.15896853264421223
MedianFilter,poisson_16_gauss_0.05,16.0,0.05,sticks_033.tif,33.91880648231573,0.8281614188496369,0.9779306054115295,0.008917609229683876,0.1563880018889904
MedianFilter,poisson_16_gauss_0.05,16.0,0.05,sticks_034.tif,34.66436591626624,0.798378125756173,0.9795809388160706,0.00878293439745903,0.17531433887779713
MedianFilter,poisson_16_gauss_0.05,16.0,0.05,sticks_035.tif,33.03071927955894,0.8365780910139398,0.9740570187568665,0.009154659695923328,0.137811934761703
MedianFilter,poisson_16_gauss_0.05,16.0,0.05,sticks_036.tif,35.06487578471531,0.8145235367234341,0.9781411290168762,0.007999268360435963,0.1544802960008383
MedianFilter,poisson_16_gauss_0.05,16.0,0.05,sticks_037.tif,34.73970411057606,0.798447655245061,0.9784795641899109,0.008750532753765583,0.17794457711279393
MedianFilter,poisson_16_gauss_0.05,16.0,0.05,sticks_038.tif,35.46144437982016,0.8145109075284339,0.9777466654777527,0.007998047396540642,0.1696788426488638
MedianFilter,poisson_16_gauss_0.05,16.0,0.05,sticks_040.tif,33.11347558681887,0.8387616698140123,0.9739425182342529,0.009223642759025097,0.14284036830067634
MedianFilter,poisson_16_gauss_0.05,16.0,0.05,sticks_039.tif,34.15844759524901,0.8233494991502734,0.9789910316467285,0.008678460493683815,0.15867715533822774
MedianFilter,poisson_16_gauss_0.05,16.0,0.05,sticks_041.tif,34.32747781896544,0.8315437187661673,0.9747401475906372,0.008297082968056202,0.14759567938745022
MedianFilter,poisson_16_gauss_0.05,16.0,0.05,sticks_042.tif,34.798369549716696,0.8315891243004409,0.9744004607200623,0.008050767704844475,0.15064727552235127
MedianFilter,poisson_16_gauss_0.05,16.0,0.05,sticks_043.tif,33.442008483738846,0.8317735341748029,0.9784775376319885,0.009173156693577766,0.14780923910439014
MedianFilter,poisson_16_gauss_0.05,16.0,0.05,sticks_044.tif,33.10131092178557,0.8340410787387039,0.9747292399406433,0.009268545545637608,0.1479113928973675
MedianFilter,poisson_16_gauss_0.05,16.0,0.05,sticks_045.tif,34.36731112241786,0.831383933639833,0.9746686816215515,0.008214225992560387,0.14861830938607454
MedianFilter,poisson_16_gauss_0.05,16.0,0.05,sticks_046.tif,34.840651371657806,0.8318888111329434,0.9744060039520264,0.008065526373684406,0.1523313794285059
MedianFilter,poisson_16_gauss_0.05,16.0,0.05,sticks_047.tif,35.2518325047279,0.8264177120944195,0.9768392443656921,0.007885628379881382,0.15794753320515156
MedianFilter,poisson_16_gauss_0.05,16.0,0.05,sticks_049.tif,34.24149466713846,0.8274409658162084,0.9776290655136108,0.008430732414126396,0.15412031207233667
MedianFilter,poisson_16_gauss_0.05,16.0,0.05,sticks_048.tif,34.28604265156727,0.8211393499695445,0.9778342843055725,0.008828005753457546,0.15926096998155118
MedianFilter,poisson_16_gauss_0.05,16.0,0.05,sticks_050.tif,34.94600512793937,0.834804683525589,0.9754468202590942,0.007833333685994148,0.15593416672199964
MedianFilter,poisson_16_gauss_0.05,16.0,0.05,sticks_051.tif,32.751133764814035,0.8373886041283322,0.9729169607162476,0.009708600118756294,0.14317227602005006
MedianFilter,poisson_16_gauss_0.05,16.0,0.05,sticks_053.tif,33.21190790191323,0.8356796160288396,0.9768410325050354,0.009244300425052643,0.1450957365334034
MedianFilter,poisson_16_gauss_0.05,16.0,0.05,sticks_052.tif,33.4017625012113,0.829411590728152,0.9770796298980713,0.008933188393712044,0.1424705307930708
MedianFilter,poisson_16_gauss_0.05,16.0,0.05,sticks_054.tif,35.15731538076818,0.8019245239162667,0.9756424427032471,0.008317584171891212,0.16842802092432976
MedianFilter,poisson_16_gauss_0.05,16.0,0.05,sticks_055.tif,33.393798978946286,0.8323746080030834,0.9777787923812866,0.009224805049598217,0.14798804726451636
MedianFilter,poisson_16_gauss_0.05,16.0,0.05,sticks_056.tif,34.61692701852496,0.8155790820750407,0.9801636934280396,0.008577912114560604,0.16494398526847362
MedianFilter,poisson_16_gauss_0.05,16.0,0.05,sticks_059.tif,34.583807457015645,0.8358815574129489,0.9740039706230164,0.00807604193687439,0.1474324069917202
MedianFilter,poisson_16_gauss_0.05,16.0,0.05,sticks_058.tif,34.38403596957617,0.7980477210489124,0.9795453548431396,0.009000794030725956,0.1729160353541374
MedianFilter,poisson_16_gauss_0.05,16.0,0.05,sticks_057.tif,32.84979512206394,0.8367116194472787,0.9728924036026001,0.009381284937262535,0.14308287389576435
MedianFilter,poisson_16_gauss_0.05,16.0,0.05,sticks_060.tif,35.056839967511756,0.8226606483611044,0.9771602153778076,0.008105119690299034,0.1619279270991683
MedianFilter,poisson_16_gauss_0.05,16.0,0.05,sticks_063.tif,34.33918945258866,0.8268351304360784,0.9790760278701782,0.008761892095208168,0.15896155666559936
MedianFilter,poisson_16_gauss_0.05,16.0,0.05,sticks_061.tif,32.683516390666924,0.8385922982436484,0.9746837615966797,0.009493621997535229,0.14238756131380798
MedianFilter,poisson_16_gauss_0.05,16.0,0.05,sticks_062.tif,34.63850043775772,0.8187404981371541,0.9767375588417053,0.008264927193522453,0.1569364545866847
MedianFilter,poisson_16_gauss_0.05,16.0,0.05,sticks_067.tif,33.85765028443912,0.8320214055863607,0.9777810573577881,0.00891125202178955,0.15722375307232142
MedianFilter,poisson_16_gauss_0.05,16.0,0.05,sticks_066.tif,33.61838481042747,0.8291757570300056,0.9770215153694153,0.008847692981362343,0.1485921647399664
MedianFilter,poisson_16_gauss_0.05,16.0,0.05,sticks_065.tif,33.626975989742846,0.8297740605473451,0.9754116535186768,0.008901705965399742,0.15281713902950286
MedianFilter,poisson_16_gauss_0.05,16.0,0.05,sticks_068.tif,35.09987129779424,0.8198874393571414,0.9777039289474487,0.008215949870646,0.16972835697233676
MedianFilter,poisson_16_gauss_0.05,16.0,0.05,sticks_069.tif,34.23886154485176,0.812601037169135,0.9798251390457153,0.008936164900660515,0.17050000913441182
MedianFilter,poisson_16_gauss_0.05,16.0,0.05,sticks_064.tif,34.49516368684427,0.8236511515974554,0.9778525233268738,0.008578728884458542,0.16019113957881928
MedianFilter,poisson_16_gauss_0.05,16.0,0.05,sticks_070.tif,34.45674644995543,0.8236272721498659,0.9783929586410522,0.008590576238930225,0.15932401288300752
MedianFilter,poisson_16_gauss_0.05,16.0,0.05,sticks_071.tif,33.82785993273106,0.8330958257881208,0.9774102568626404,0.008828965947031975,0.1508200543001294
MedianFilter,poisson_16_gauss_0.05,16.0,0.05,sticks_072.tif,35.28573274408296,0.8164529882828134,0.9782313108444214,0.00803307630121708,0.1631381906569004
MedianFilter,poisson_16_gauss_0.05,16.0,0.05,sticks_073.tif,34.928529465160906,0.8232657251134259,0.9782934188842773,0.008229322731494904,0.15926281344145538
MedianFilter,poisson_16_gauss_0.05,16.0,0.05,sticks_074.tif,34.61117276744488,0.8218244087280197,0.9769477844238281,0.008262502029538155,0.1554735716432333
MedianFilter,poisson_16_gauss_0.05,16.0,0.05,sticks_075.tif,33.11760223303267,0.8295964746027491,0.9757141470909119,0.009175180457532406,0.14074596315622329
MedianFilter,poisson_16_gauss_0.05,16.0,0.05,sticks_076.tif,34.0686929338183,0.8327984407983317,0.9770569205284119,0.00887979008257389,0.15872223619371653
MedianFilter,poisson_16_gauss_0.05,16.0,0.05,sticks_077.tif,32.85903680514194,0.8376487746165482,0.9750279784202576,0.009266659617424011,0.1424938825890422
MedianFilter,poisson_16_gauss_0.05,16.0,0.05,sticks_078.tif,34.01072886772465,0.8195236840552763,0.978338897228241,0.008617373183369637,0.15468333773314952
MedianFilter,poisson_16_gauss_0.05,16.0,0.05,sticks_079.tif,33.81449378014613,0.8332574642831367,0.9755987524986267,0.008979113772511482,0.1558411108329892
MedianFilter,poisson_16_gauss_0.05,16.0,0.05,sticks_080.tif,32.514955223124915,0.8378557583122461,0.9737187027931213,0.009693263098597527,0.1458558602258563
MedianFilter,poisson_16_gauss_0.05,16.0,0.05,sticks_081.tif,33.26839138029392,0.835352516410203,0.9764127135276794,0.0092780701816082,0.15258167684078217
MedianFilter,poisson_16_gauss_0.05,16.0,0.05,sticks_082.tif,33.54099586553315,0.8351481657603851,0.9777305126190186,0.00915245059877634,0.15375075601041316
MedianFilter,poisson_16_gauss_0.05,16.0,0.05,sticks_084.tif,34.13641250422262,0.8204927084919409,0.9795204997062683,0.008919634856283665,0.16930873468518257
MedianFilter,poisson_16_gauss_0.05,16.0,0.05,sticks_083.tif,34.694147052356435,0.8198408453453528,0.9774683713912964,0.008343764580786228,0.15744633860886098
MedianFilter,poisson_16_gauss_0.05,16.0,0.05,sticks_085.tif,33.408282595522685,0.8358721900870234,0.975615382194519,0.008632875047624111,0.14007331822067498
MedianFilter,poisson_16_gauss_0.05,16.0,0.05,sticks_086.tif,33.05324417766572,0.8353893168321594,0.975777804851532,0.00894340593367815,0.14263271521776916
MedianFilter,poisson_16_gauss_0.05,16.0,0.05,sticks_088.tif,33.88905186429726,0.8242992482819271,0.9773487448692322,0.008551643230021,0.14156542308628559
MedianFilter,poisson_16_gauss_0.05,16.0,0.05,sticks_087.tif,33.416942087022534,0.836166011250308,0.9741793274879456,0.008969581685960293,0.14485833290964364
MedianFilter,poisson_16_gauss_0.05,16.0,0.05,sticks_089.tif,34.90129073866475,0.7985505440429204,0.9788095951080322,0.00857011042535305,0.17227517887949945
MedianFilter,poisson_16_gauss_0.05,16.0,0.05,sticks_090.tif,33.04102957491455,0.8390650621023651,0.9754361510276794,0.00909226480871439,0.1421189235523343
MedianFilter,poisson_16_gauss_0.05,16.0,0.05,sticks_091.tif,33.666604035041736,0.8314201882865141,0.9724549651145935,0.008468061685562134,0.1393442776054144
MedianFilter,poisson_16_gauss_0.05,16.0,0.05,sticks_092.tif,34.59201792390788,0.8136703514460615,0.9801463484764099,0.008693862706422806,0.1667663764208555
MedianFilter,poisson_16_gauss_0.05,16.0,0.05,sticks_093.tif,33.458314514324655,0.8348731608484589,0.976920485496521,0.009268735535442829,0.15395538378506898
MedianFilter,poisson_16_gauss_0.05,16.0,0.05,sticks_095.tif,32.22861829372171,0.8410444701504491,0.9757706522941589,0.0101484265178442,0.14248167555779218
MedianFilter,poisson_16_gauss_0.05,16.0,0.05,sticks_096.tif,33.617803313139426,0.8288408900182307,0.9775398373603821,0.009113737381994724,0.14664160571992396
MedianFilter,poisson_16_gauss_0.05,16.0,0.05,sticks_097.tif,34.16602852143366,0.8290237446558346,0.9781736135482788,0.008780345320701599,0.1562423411756754
MedianFilter,poisson_16_gauss_0.05,16.0,0.05,sticks_098.tif,32.83839513357236,0.8391581089207268,0.9752793908119202,0.009440088644623756,0.14451660886406897
MedianFilter,poisson_16_gauss_0.05,16.0,0.05,sticks_099.tif,34.029240558857936,0.8278549788342617,0.9783632159233093,0.008872193284332752,0.15644841603934764
MedianFilter,poisson_16_gauss_0.05,16.0,0.05,sticks_094.tif,33.490045124243025,0.8249010678155841,0.9750556349754333,0.008760523051023483,0.14369034487754107
MedianFilter,poisson_16_gauss_0.1,16.0,0.1,sticks_000.tif,32.074427058779015,0.5756234496114672,0.9475349187850952,0.01354907639324665,0.33704014867544174
MedianFilter,poisson_16_gauss_0.1,16.0,0.1,sticks_001.tif,31.431775697938548,0.594104789861881,0.9537732005119324,0.014476796612143517,0.32562150806188583
MedianFilter,poisson_16_gauss_0.1,16.0,0.1,sticks_002.tif,32.40733807152674,0.5782309802493287,0.9438218474388123,0.012647740542888641,0.3166397258639336
MedianFilter,poisson_16_gauss_0.1,16.0,0.1,sticks_003.tif,31.71290227391672,0.5653527498450812,0.9463505744934082,0.014029720798134804,0.3370055124163628
MedianFilter,poisson_16_gauss_0.1,16.0,0.1,sticks_004.tif,31.562024554866326,0.6054026168224421,0.9491756558418274,0.013864310458302498,0.3107927590608597
MedianFilter,poisson_16_gauss_0.1,16.0,0.1,sticks_005.tif,32.25608581713204,0.5574717720665604,0.9410874247550964,0.013336447067558765,0.34805498123168943
MedianFilter,poisson_16_gauss_0.1,16.0,0.1,sticks_007.tif,31.61826431083433,0.5965866049322408,0.9518246054649353,0.014014832675457,0.32797653153538703
MedianFilter,poisson_16_gauss_0.1,16.0,0.1,sticks_009.tif,32.34416952979133,0.5883707802148602,0.9445773959159851,0.012790036387741566,0.3112816706299782
MedianFilter,poisson_16_gauss_0.1,16.0,0.1,sticks_008.tif,31.756083863134155,0.5682823090202345,0.9474711418151855,0.014255376532673836,0.35085712671279906
MedianFilter,poisson_16_gauss_0.1,16.0,0.1,sticks_011.tif,31.47904626996042,0.5805826852125905,0.9511799216270447,0.014264849945902824,0.32858009487390516
MedianFilter,poisson_16_gauss_0.1,16.0,0.1,sticks_006.tif,32.36995253437919,0.5798757682188945,0.9441193342208862,0.012842254713177681,0.3312741070985794
MedianFilter,poisson_16_gauss_0.1,16.0,0.1,sticks_010.tif,31.986551198725248,0.5907523517805524,0.9479280710220337,0.013424776494503021,0.32566242590546607
MedianFilter,poisson_16_gauss_0.1,16.0,0.1,sticks_012.tif,31.78155954950656,0.6022554840588239,0.9497805833816528,0.01362348347902298,0.311967296898365
MedianFilter,poisson_16_gauss_0.1,16.0,0.1,sticks_016.tif,31.68384717819565,0.5822257486643647,0.9466439485549927,0.013738119974732399,0.3167751029133797
MedianFilter,poisson_16_gauss_0.1,16.0,0.1,sticks_013.tif,31.31549399119903,0.5842547289184291,0.9489385485649109,0.014187115244567394,0.3105230338871479
MedianFilter,poisson_16_gauss_0.1,16.0,0.1,sticks_014.tif,32.381463277981204,0.5467206554788565,0.9405664801597595,0.01348775066435337,0.36507755517959595
MedianFilter,poisson_16_gauss_0.1,16.0,0.1,sticks_015.tif,31.833214788258076,0.5745256326637255,0.9476473927497864,0.013754574581980705,0.33019482120871546
MedianFilter,poisson_16_gauss_0.1,16.0,0.1,sticks_018.tif,31.73779275359687,0.5843545930097018,0.9492742419242859,0.013865267857909203,0.32501639276742933
MedianFilter,poisson_16_gauss_0.1,16.0,0.1,sticks_020.tif,31.44762348818821,0.5954385774731746,0.9484028220176697,0.013832323253154755,0.3080558031797409
MedianFilter,poisson_16_gauss_0.1,16.0,0.1,sticks_017.tif,32.01649995559354,0.5625803832765099,0.9450246691703796,0.013775356113910675,0.34463600590825083
MedianFilter,poisson_16_gauss_0.1,16.0,0.1,sticks_019.tif,31.384037004214896,0.5983292982398879,0.9504103064537048,0.013906600885093212,0.3042209856212139
MedianFilter,poisson_16_gauss_0.1,16.0,0.1,sticks_021.tif,31.737101956351943,0.5609172002571091,0.9466390609741211,0.013983557000756264,0.3321361169219017
MedianFilter,poisson_16_gauss_0.1,16.0,0.1,sticks_022.tif,32.065836046775644,0.586281691929463,0.9474191069602966,0.013314913026988506,0.32431254759430883
MedianFilter,poisson_16_gauss_0.1,16.0,0.1,sticks_023.tif,31.268089668409257,0.6017516693866953,0.9514194130897522,0.014332005754113197,0.30955235809087756
MedianFilter,poisson_16_gauss_0.1,16.0,0.1,sticks_024.tif,32.09100193714066,0.587239917094873,0.9463565349578857,0.013277679681777954,0.32703699097037314
MedianFilter,poisson_16_gauss_0.1,16.0,0.1,sticks_025.tif,31.376891530436012,0.5721648715150289,0.9494397044181824,0.014449266716837883,0.33260814025998114
MedianFilter,poisson_16_gauss_0.1,16.0,0.1,sticks_026.tif,32.12581326761991,0.5756096925892416,0.9448256492614746,0.013510966673493385,0.3373285882174969
MedianFilter,poisson_16_gauss_0.1,16.0,0.1,sticks_027.tif,31.238922723863727,0.6206260108965138,0.9543560743331909,0.014620915055274963,0.3072843223810196
MedianFilter,poisson_16_gauss_0.1,16.0,0.1,sticks_028.tif,32.14014694968438,0.5589150136709922,0.943369448184967,0.013694211840629578,0.351867188513279
MedianFilter,poisson_16_gauss_0.1,16.0,0.1,sticks_029.tif,31.58481899251512,0.567162688621903,0.9458233118057251,0.014422774314880371,0.3455910883843899
MedianFilter,poisson_16_gauss_0.1,16.0,0.1,sticks_030.tif,31.428697483090957,0.6001624476660682,0.9489111304283142,0.013941128738224506,0.3040857557207346
MedianFilter,poisson_16_gauss_0.1,16.0,0.1,sticks_032.tif,31.41702951363535,0.5863956817249154,0.9489871263504028,0.014101957902312279,0.3188003391027451
MedianFilter,poisson_16_gauss_0.1,16.0,0.1,sticks_031.tif,32.182563058355235,0.5886454830014144,0.9462981224060059,0.013319788500666618,0.32316258922219276
MedianFilter,poisson_16_gauss_0.1,16.0,0.1,sticks_033.tif,31.634558598370617,0.573064917881506,0.9453240036964417,0.01420021615922451,0.33794287145137786
MedianFilter,poisson_16_gauss_0.1,16.0,0.1,sticks_034.tif,31.604210415329007,0.5264694769056633,0.9394239187240601,0.014590660110116005,0.3643535852432251
MedianFilter,poisson_16_gauss_0.1,16.0,0.1,sticks_035.tif,31.358275895876268,0.5999024984720257,0.9509031176567078,0.013918119482696056,0.2989694632589817
MedianFilter,poisson_16_gauss_0.1,16.0,0.1,sticks_036.tif,32.32444099490899,0.5652116493717332,0.9426313042640686,0.013006201013922691,0.3290164120495319
MedianFilter,poisson_16_gauss_0.1,16.0,0.1,sticks_037.tif,32.00231689382644,0.5629453182782517,0.9432092905044556,0.013769160024821758,0.3458545826375484
MedianFilter,poisson_16_gauss_0.1,16.0,0.1,sticks_038.tif,32.582113383979866,0.5652028141506144,0.9423854351043701,0.012943916022777557,0.3469645790755749
MedianFilter,poisson_16_gauss_0.1,16.0,0.1,sticks_040.tif,31.571673835774455,0.5738749464200029,0.9484857320785522,0.014231925830245018,0.3316279374063015
MedianFilter,poisson_16_gauss_0.1,16.0,0.1,sticks_039.tif,31.707587556026695,0.5906926923161311,0.9497336745262146,0.013635173439979553,0.3191443674266338
MedianFilter,poisson_16_gauss_0.1,16.0,0.1,sticks_041.tif,32.227755109577245,0.5737491192683342,0.945544421672821,0.013204732909798622,0.32929815277457236
MedianFilter,poisson_16_gauss_0.1,16.0,0.1,sticks_042.tif,32.52546691628186,0.5787832106278431,0.943420946598053,0.012852837331593037,0.32769626155495646
MedianFilter,poisson_16_gauss_0.1,16.0,0.1,sticks_043.tif,31.38261594592837,0.5920355105911909,0.9528377652168274,0.014209426939487457,0.3129641473293304
MedianFilter,poisson_16_gauss_0.1,16.0,0.1,sticks_044.tif,31.23376795909863,0.6048598255114829,0.948399007320404,0.014142794534564018,0.3075120460242033
MedianFilter,poisson_16_gauss_0.1,16.0,0.1,sticks_045.tif,32.22309977302337,0.5916194083395886,0.9476253390312195,0.012891690246760845,0.3131587624549866
MedianFilter,poisson_16_gauss_0.1,16.0,0.1,sticks_046.tif,32.50642364213637,0.564078466109398,0.9417043924331665,0.013071393594145775,0.34247936978936194
MedianFilter,poisson_16_gauss_0.1,16.0,0.1,sticks_047.tif,32.629434813469814,0.5693417657862665,0.943081259727478,0.012809880077838898,0.3377518467605114
MedianFilter,poisson_16_gauss_0.1,16.0,0.1,sticks_049.tif,31.914020255207124,0.5856787988195227,0.9477008581161499,0.01334602851420641,0.3209059901535511
MedianFilter,poisson_16_gauss_0.1,16.0,0.1,sticks_048.tif,31.798832369382968,0.5677857139271503,0.9453438520431519,0.01408824510872364,0.3385177254676819
MedianFilter,poisson_16_gauss_0.1,16.0,0.1,sticks_050.tif,32.604665896888626,0.5667897002239226,0.9413436651229858,0.012779434211552143,0.34200183898210523
MedianFilter,poisson_16_gauss_0.1,16.0,0.1,sticks_051.tif,31.255067792297645,0.6017913028047046,0.9507087469100952,0.014416918158531189,0.3075752668082714
MedianFilter,poisson_16_gauss_0.1,16.0,0.1,sticks_053.tif,31.448904543338774,0.5922473390464004,0.9509938359260559,0.014101652428507805,0.313228327780962
MedianFilter,poisson_16_gauss_0.1,16.0,0.1,sticks_052.tif,31.493723220088988,0.5641404682324891,0.9464869499206543,0.014156542718410492,0.3282110996544361
MedianFilter,poisson_16_gauss_0.1,16.0,0.1,sticks_054.tif,32.32388092358557,0.5603527806753056,0.9372754096984863,0.01328149251639843,0.3416579067707062
MedianFilter,poisson_16_gauss_0.1,16.0,0.1,sticks_055.tif,31.345853050411353,0.5992239128749683,0.9517393112182617,0.014144299551844597,0.3048863153904676
MedianFilter,poisson_16_gauss_0.1,16.0,0.1,sticks_056.tif,31.9495184142464,0.5868305904187587,0.9489928483963013,0.013470424339175224,0.32286923453211785
MedianFilter,poisson_16_gauss_0.1,16.0,0.1,sticks_059.tif,32.505481570666966,0.5923049965076069,0.9453887343406677,0.01266810018569231,0.3177333876490593
MedianFilter,poisson_16_gauss_0.1,16.0,0.1,sticks_058.tif,31.424460525336492,0.5318345771096501,0.9410918354988098,0.01484321616590023,0.3605441950261593
MedianFilter,poisson_16_gauss_0.1,16.0,0.1,sticks_057.tif,31.24988019707791,0.6032584915853872,0.9505646228790283,0.01412684191018343,0.3067449428141117
MedianFilter,poisson_16_gauss_0.1,16.0,0.1,sticks_060.tif,32.41168445491536,0.5651352465973052,0.943225622177124,0.013163028284907341,0.34523982033133505
MedianFilter,poisson_16_gauss_0.1,16.0,0.1,sticks_063.tif,31.937061290524547,0.5815252968877875,0.9492083787918091,0.013806422241032124,0.3312951631844044
MedianFilter,poisson_16_gauss_0.1,16.0,0.1,sticks_061.tif,31.286027187987795,0.5824966863728704,0.9508421421051025,0.014462756924331188,0.32380335330963134
MedianFilter,poisson_16_gauss_0.1,16.0,0.1,sticks_062.tif,32.11786383947176,0.5620346803671697,0.9414152503013611,0.0133141428232193,0.3331421822309494
MedianFilter,poisson_16_gauss_0.1,16.0,0.1,sticks_067.tif,31.612349698771773,0.6052856726058388,0.9501545429229736,0.013807006180286407,0.3167072296142578
MedianFilter,poisson_16_gauss_0.1,16.0,0.1,sticks_066.tif,31.58053479975038,0.5840516121203583,0.9483682513237,0.013824080117046833,0.31797619462013244
MedianFilter,poisson_16_gauss_0.1,16.0,0.1,sticks_065.tif,31.592459425511215,0.5971225422770042,0.9496132731437683,0.013695811852812767,0.30924191027879716
MedianFilter,poisson_16_gauss_0.1,16.0,0.1,sticks_068.tif,32.369180784133015,0.5759469853074233,0.9436833262443542,0.01319692563265562,0.34262219071388245
MedianFilter,poisson_16_gauss_0.1,16.0,0.1,sticks_069.tif,31.583378561542318,0.5575765619452207,0.9471244215965271,0.014430617913603783,0.3513720415532589
MedianFilter,poisson_16_gauss_0.1,16.0,0.1,sticks_064.tif,32.0251763459913,0.5974292095277951,0.9487025737762451,0.013328252360224724,0.3165471352636814
MedianFilter,poisson_16_gauss_0.1,16.0,0.1,sticks_070.tif,31.987827342137866,0.5774204177897532,0.9474493861198425,0.013680060394108295,0.33557349517941476
MedianFilter,poisson_16_gauss_0.1,16.0,0.1,sticks_071.tif,31.644129788361273,0.60071535631014,0.9493707418441772,0.01368104387074709,0.3095321461558342
MedianFilter,poisson_16_gauss_0.1,16.0,0.1,sticks_072.tif,32.51585611100503,0.5742337369365497,0.9448438286781311,0.012924740090966225,0.3341912545263767
MedianFilter,poisson_16_gauss_0.1,16.0,0.1,sticks_073.tif,32.03576076236694,0.539179513530844,0.9414381980895996,0.013926883228123188,0.3589331194758415
MedianFilter,poisson_16_gauss_0.1,16.0,0.1,sticks_074.tif,32.11895607816294,0.5648395133066643,0.9423894286155701,0.013390777632594109,0.34082417413592336
MedianFilter,poisson_16_gauss_0.1,16.0,0.1,sticks_075.tif,31.285056340411252,0.5871167454007129,0.9496321082115173,0.014150351285934448,0.30685315318405626
MedianFilter,poisson_16_gauss_0.1,16.0,0.1,sticks_076.tif,31.908948207770813,0.603331507419959,0.9505813121795654,0.013649697415530682,0.32168933749198914
MedianFilter,poisson_16_gauss_0.1,16.0,0.1,sticks_077.tif,31.313244937932353,0.5912645742140054,0.9515167474746704,0.0141297010704875,0.31232592314481733
MedianFilter,poisson_16_gauss_0.1,16.0,0.1,sticks_078.tif,31.666051442496137,0.5718527047816557,0.9479246139526367,0.01371869258582592,0.32580576166510583
MedianFilter,poisson_16_gauss_0.1,16.0,0.1,sticks_079.tif,31.84671565495649,0.5972530903086471,0.9497103691101074,0.013749251142144203,0.3217759467661381
MedianFilter,poisson_16_gauss_0.1,16.0,0.1,sticks_080.tif,30.99568918073802,0.6067000895344391,0.9504254460334778,0.01445962954312563,0.30447621680796144
MedianFilter,poisson_16_gauss_0.1,16.0,0.1,sticks_081.tif,31.451755282825044,0.5939958798538377,0.9507332444190979,0.014211118221282959,0.3219647228717804
MedianFilter,poisson_16_gauss_0.1,16.0,0.1,sticks_082.tif,31.56564365543953,0.597441076606835,0.9524485468864441,0.014040471985936165,0.31754611656069753
MedianFilter,poisson_16_gauss_0.1,16.0,0.1,sticks_084.tif,31.568032737004653,0.5499158893732022,0.9466952085494995,0.014565104618668556,0.35730563327670095
MedianFilter,poisson_16_gauss_0.1,16.0,0.1,sticks_083.tif,32.04754611312127,0.5580499490816474,0.9438515901565552,0.013670124113559723,0.34516691416502
MedianFilter,poisson_16_gauss_0.1,16.0,0.1,sticks_085.tif,31.70560919634637,0.5813344467365459,0.9482731223106384,0.01342054270207882,0.3086619731038809
MedianFilter,poisson_16_gauss_0.1,16.0,0.1,sticks_086.tif,31.392429599255394,0.5818205568883614,0.9497719407081604,0.013838338665664196,0.31204420067369937
MedianFilter,poisson_16_gauss_0.1,16.0,0.1,sticks_088.tif,31.604590017008,0.5860276804161523,0.9476252794265747,0.013519756495952606,0.30568920224905016
MedianFilter,poisson_16_gauss_0.1,16.0,0.1,sticks_087.tif,31.764482103844017,0.5860794436560822,0.9499403238296509,0.013735907152295113,0.3142456226050854
MedianFilter,poisson_16_gauss_0.1,16.0,0.1,sticks_089.tif,31.989371963160934,0.546779599305117,0.9420099854469299,0.0138544961810112,0.35617263093590734
MedianFilter,poisson_16_gauss_0.1,16.0,0.1,sticks_090.tif,31.370293510696236,0.5987681143015292,0.9511144757270813,0.01388213224709034,0.3055786047130823
MedianFilter,poisson_16_gauss_0.1,16.0,0.1,sticks_091.tif,31.923875810686496,0.5632357413476119,0.9448931813240051,0.01348382979631424,0.32863870039582255
MedianFilter,poisson_16_gauss_0.1,16.0,0.1,sticks_092.tif,31.93438349157961,0.565818586150034,0.947726309299469,0.013849238865077496,0.3347374215722084
MedianFilter,poisson_16_gauss_0.1,16.0,0.1,sticks_093.tif,31.49297028864217,0.5983909495920225,0.9503968954086304,0.014208984561264515,0.3216197803616524
MedianFilter,poisson_16_gauss_0.1,16.0,0.1,sticks_095.tif,30.778069607846362,0.6111641605922381,0.9541125297546387,0.014892506413161755,0.2964652799069881
MedianFilter,poisson_16_gauss_0.1,16.0,0.1,sticks_096.tif,31.385037806302485,0.5979000735915171,0.9483849406242371,0.014116903766989708,0.3034009225666523
MedianFilter,poisson_16_gauss_0.1,16.0,0.1,sticks_097.tif,31.843543268896255,0.6022784384294421,0.9505279660224915,0.013572814874351025,0.3133445430546999
MedianFilter,poisson_16_gauss_0.1,16.0,0.1,sticks_098.tif,31.269475984389192,0.5982613887966026,0.9512712955474854,0.014242298901081085,0.3106894321739674
MedianFilter,poisson_16_gauss_0.1,16.0,0.1,sticks_099.tif,31.713824431071828,0.5590499485608931,0.9465306401252747,0.014283640310168266,0.34524623677134514
MedianFilter,poisson_16_gauss_0.1,16.0,0.1,sticks_094.tif,31.46190522710027,0.5677549482735003,0.9444354772567749,0.013980436138808727,0.3203932628035545
MedianFilter,poisson_16_gauss_0.2,16.0,0.2,sticks_000.tif,27.454783755988366,0.2970324184489606,0.8426440358161926,0.024637635797262192,0.5529615722596646
MedianFilter,poisson_16_gauss_0.2,16.0,0.2,sticks_001.tif,27.391390702744594,0.3337628389386232,0.8680492639541626,0.02487247809767723,0.5328182332217694
MedianFilter,poisson_16_gauss_0.2,16.0,0.2,sticks_002.tif,27.87412001994828,0.2789830649207188,0.8369704484939575,0.023229261860251427,0.5537955053150654
MedianFilter,poisson_16_gauss_0.2,16.0,0.2,sticks_003.tif,27.132858205552957,0.29365662969003314,0.839608907699585,0.025498364120721817,0.5485359728336334
MedianFilter,poisson_16_gauss_0.2,16.0,0.2,sticks_004.tif,27.76716090902636,0.33479887484444915,0.8648791313171387,0.023621821776032448,0.5320272296667099
MedianFilter,poisson_16_gauss_0.2,16.0,0.2,sticks_005.tif,28.198425103596094,0.3123089411442771,0.8488091230392456,0.022351112216711044,0.5449812918901443
MedianFilter,poisson_16_gauss_0.2,16.0,0.2,sticks_007.tif,27.729527475125778,0.33081047333204217,0.8660953640937805,0.023829253390431404,0.5423062838613987
MedianFilter,poisson_16_gauss_0.2,16.0,0.2,sticks_009.tif,27.9530855598752,0.29443585424784163,0.8427349925041199,0.023056941106915474,0.5421101205050946
MedianFilter,poisson_16_gauss_0.2,16.0,0.2,sticks_008.tif,27.28755753151949,0.3140106503448752,0.8511751294136047,0.025212595239281654,0.5557647421956062
MedianFilter,poisson_16_gauss_0.2,16.0,0.2,sticks_011.tif,27.593407930170034,0.32582362770459716,0.8660129308700562,0.024052295833826065,0.5332823663949966
MedianFilter,poisson_16_gauss_0.2,16.0,0.2,sticks_006.tif,27.752342932125348,0.28759283983076045,0.8353527784347534,0.0236149113625288,0.5581364959478379
MedianFilter,poisson_16_gauss_0.2,16.0,0.2,sticks_010.tif,28.022918778104625,0.3272575804193646,0.8586744070053101,0.022873418405652046,0.5450727559626103
MedianFilter,poisson_16_gauss_0.2,16.0,0.2,sticks_012.tif,27.513170319201777,0.3091026972587227,0.85279381275177,0.02450663410127163,0.5442767918109894
MedianFilter,poisson_16_gauss_0.2,16.0,0.2,sticks_016.tif,27.862664115366652,0.3233401158751545,0.8583492040634155,0.023157069459557533,0.5271241761744022
MedianFilter,poisson_16_gauss_0.2,16.0,0.2,sticks_013.tif,27.670383908117714,0.32816583883983247,0.8649135828018188,0.023624200373888016,0.5150394558906555
MedianFilter,poisson_16_gauss_0.2,16.0,0.2,sticks_014.tif,27.985883080434803,0.296711168094743,0.8424080014228821,0.023226231336593628,0.5581727996468544
MedianFilter,poisson_16_gauss_0.2,16.0,0.2,sticks_015.tif,27.425558682731666,0.3015894258010314,0.8493677377700806,0.024638576433062553,0.543896421790123
MedianFilter,poisson_16_gauss_0.2,16.0,0.2,sticks_018.tif,27.86983149711776,0.32871838332242037,0.8648953437805176,0.02328036166727543,0.5303533464670181
MedianFilter,poisson_16_gauss_0.2,16.0,0.2,sticks_020.tif,27.79279126328921,0.32282087438102214,0.8599569797515869,0.02334858849644661,0.5290202796459198
MedianFilter,poisson_16_gauss_0.2,16.0,0.2,sticks_017.tif,27.58869702313268,0.3017055358445434,0.8465721011161804,0.024235602468252182,0.5476355478167534
MedianFilter,poisson_16_gauss_0.2,16.0,0.2,sticks_019.tif,27.751998557302223,0.3295737464930866,0.8682413101196289,0.023440223187208176,0.525385282188654
MedianFilter,poisson_16_gauss_0.2,16.0,0.2,sticks_021.tif,27.61973393959731,0.3115431612557667,0.8552826642990112,0.023939717561006546,0.535751786082983
MedianFilter,poisson_16_gauss_0.2,16.0,0.2,sticks_022.tif,28.064502590610658,0.31832497678067806,0.856285810470581,0.022751128301024437,0.539584331959486
MedianFilter,poisson_16_gauss_0.2,16.0,0.2,sticks_023.tif,27.548635204023864,0.33726287472212335,0.8688426613807678,0.024211155250668526,0.5281593285501003
MedianFilter,poisson_16_gauss_0.2,16.0,0.2,sticks_024.tif,27.706333966083516,0.30006458226628974,0.8449962139129639,0.023851532489061356,0.5544875144958497
MedianFilter,poisson_16_gauss_0.2,16.0,0.2,sticks_025.tif,27.62489489767475,0.3330246194372326,0.867901623249054,0.023822398856282234,0.5254575431346893
MedianFilter,poisson_16_gauss_0.2,16.0,0.2,sticks_026.tif,28.08205489027022,0.3207525329946268,0.8531622886657715,0.022811496630311012,0.5440700687468052
MedianFilter,poisson_16_gauss_0.2,16.0,0.2,sticks_027.tif,27.61126907738013,0.3609354548918534,0.8785003423690796,0.024259096011519432,0.5238821938633919
MedianFilter,poisson_16_gauss_0.2,16.0,0.2,sticks_028.tif,27.732452012703945,0.3048992948837291,0.8447263836860657,0.023845281451940536,0.5575962156057358
MedianFilter,poisson_16_gauss_0.2,16.0,0.2,sticks_029.tif,27.407107780827626,0.3188190833873513,0.8537609577178955,0.024766352027654648,0.5464884474873543
MedianFilter,poisson_16_gauss_0.2,16.0,0.2,sticks_030.tif,27.777727499977228,0.33199701607958154,0.8655694723129272,0.023440608754754066,0.5244467802345752
MedianFilter,poisson_16_gauss_0.2,16.0,0.2,sticks_032.tif,27.703466474450046,0.3336966891678635,0.8661553859710693,0.02355884201824665,0.5264824874699116
MedianFilter,poisson_16_gauss_0.2,16.0,0.2,sticks_031.tif,27.84447487639559,0.3108663353462207,0.847751259803772,0.023558231070637703,0.5460947297513485
MedianFilter,poisson_16_gauss_0.2,16.0,0.2,sticks_033.tif,27.634769535501498,0.3264504620619868,0.854618489742279,0.023998498916625977,0.542156296223402
MedianFilter,poisson_16_gauss_0.2,16.0,0.2,sticks_034.tif,26.896958360086394,0.27425882381693384,0.827997624874115,0.02631550095975399,0.5570644624531269
MedianFilter,poisson_16_gauss_0.2,16.0,0.2,sticks_035.tif,27.726912212867198,0.32892417277010294,0.8690385222434998,0.023502353578805923,0.5187702618539334
MedianFilter,poisson_16_gauss_0.2,16.0,0.2,sticks_036.tif,27.853037747443153,0.2872683279047995,0.8360617160797119,0.023309264332056046,0.5492050789296627
MedianFilter,poisson_16_gauss_0.2,16.0,0.2,sticks_037.tif,27.795449941546345,0.3115470841471016,0.8477511405944824,0.02361227758228779,0.5463788636028767
MedianFilter,poisson_16_gauss_0.2,16.0,0.2,sticks_038.tif,27.324619663000163,0.26534534361655376,0.8198084831237793,0.025042280554771423,0.5717236965894699
MedianFilter,poisson_16_gauss_0.2,16.0,0.2,sticks_040.tif,27.601980199369986,0.3265279859362554,0.861755907535553,0.024027995765209198,0.5353830508887768
MedianFilter,poisson_16_gauss_0.2,16.0,0.2,sticks_039.tif,27.87330222101438,0.32367739005107804,0.864812433719635,0.02315298095345497,0.5323623940348625
MedianFilter,poisson_16_gauss_0.2,16.0,0.2,sticks_041.tif,27.827505554741165,0.29577669578361965,0.8451557159423828,0.02350681833922863,0.5491203665733337
MedianFilter,poisson_16_gauss_0.2,16.0,0.2,sticks_042.tif,28.305585675823735,0.3095842379408593,0.8478188514709473,0.02216706983745098,0.5398519448935986
MedianFilter,poisson_16_gauss_0.2,16.0,0.2,sticks_043.tif,27.60298860087785,0.33412761671080016,0.87049400806427,0.023980941623449326,0.5238871909677982
MedianFilter,poisson_16_gauss_0.2,16.0,0.2,sticks_044.tif,27.684623405864155,0.33900403658993983,0.8638526201248169,0.023630954325199127,0.5264812029898167
MedianFilter,poisson_16_gauss_0.2,16.0,0.2,sticks_045.tif,27.872630894860578,0.29466350049659934,0.848993182182312,0.02333199419081211,0.5467848785221576
MedianFilter,poisson_16_gauss_0.2,16.0,0.2,sticks_046.tif,28.29766162514574,0.3082846851575112,0.846046507358551,0.022264275699853897,0.5469760574400425
MedianFilter,poisson_16_gauss_0.2,16.0,0.2,sticks_047.tif,28.241481131292897,0.30070867581250416,0.8437706232070923,0.022382013499736786,0.5508763633668423
MedianFilter,poisson_16_gauss_0.2,16.0,0.2,sticks_049.tif,28.000593745671424,0.31529894638465056,0.8573347926139832,0.022835465148091316,0.541575787961483
MedianFilter,poisson_16_gauss_0.2,16.0,0.2,sticks_048.tif,27.875486299570568,0.3254767773089367,0.8573411107063293,0.02338891290128231,0.5373440936207772
MedianFilter,poisson_16_gauss_0.2,16.0,0.2,sticks_050.tif,28.33989182712594,0.3026360526007535,0.8436995148658752,0.02204616367816925,0.5558155372738838
MedianFilter,poisson_16_gauss_0.2,16.0,0.2,sticks_051.tif,27.641027836662083,0.34312917003492016,0.8691157698631287,0.023935962468385696,0.5150550343096256
MedianFilter,poisson_16_gauss_0.2,16.0,0.2,sticks_053.tif,27.717510703805935,0.33438963001918426,0.8663895130157471,0.023649323731660843,0.5238282889127731
MedianFilter,poisson_16_gauss_0.2,16.0,0.2,sticks_052.tif,27.718862829060093,0.32141336740380777,0.8611153364181519,0.02347399666905403,0.5235640428960323
MedianFilter,poisson_16_gauss_0.2,16.0,0.2,sticks_054.tif,27.411073098678642,0.2781604903631836,0.8242529034614563,0.024724451825022697,0.5617485627532005
MedianFilter,poisson_16_gauss_0.2,16.0,0.2,sticks_055.tif,27.71636983410899,0.33157107669078784,0.8702676296234131,0.023671230301260948,0.5223096467554569
MedianFilter,poisson_16_gauss_0.2,16.0,0.2,sticks_056.tif,27.949372104921167,0.31775155684803313,0.8584776520729065,0.023093800991773605,0.5407936342060566
MedianFilter,poisson_16_gauss_0.2,16.0,0.2,sticks_059.tif,28.1136480286226,0.30404018760292445,0.8473531603813171,0.022699879482388496,0.54936693161726
MedianFilter,poisson_16_gauss_0.2,16.0,0.2,sticks_058.tif,26.9549629724183,0.2883953968122765,0.837138831615448,0.026072869077324867,0.5483664564788342
MedianFilter,poisson_16_gauss_0.2,16.0,0.2,sticks_057.tif,27.691306684556753,0.3364753586809924,0.8697258234024048,0.02364390902221203,0.5248725518584252
MedianFilter,poisson_16_gauss_0.2,16.0,0.2,sticks_060.tif,28.236410319143886,0.3102753090420791,0.8497795462608337,0.022379744797945023,0.5462553225457668
MedianFilter,poisson_16_gauss_0.2,16.0,0.2,sticks_063.tif,27.471882088809515,0.3079266339599686,0.8498198390007019,0.02469502203166485,0.5487595364451409
MedianFilter,poisson_16_gauss_0.2,16.0,0.2,sticks_061.tif,27.55098372140069,0.33814140001226795,0.8703592419624329,0.024046065285801888,0.5235638342797756
MedianFilter,poisson_16_gauss_0.2,16.0,0.2,sticks_062.tif,27.79529140844737,0.2864372905310192,0.8375840783119202,0.023494837805628777,0.547614611685276
MedianFilter,poisson_16_gauss_0.2,16.0,0.2,sticks_067.tif,27.86492686808518,0.3383124766970266,0.8664536476135254,0.023332055658102036,0.536399794369936
MedianFilter,poisson_16_gauss_0.2,16.0,0.2,sticks_066.tif,27.79131487123852,0.3257870729255248,0.8617285490036011,0.02330511249601841,0.5279246337711812
MedianFilter,poisson_16_gauss_0.2,16.0,0.2,sticks_065.tif,27.861334413952168,0.3234335781090337,0.8645075559616089,0.02320057526230812,0.5282445698976517
MedianFilter,poisson_16_gauss_0.2,16.0,0.2,sticks_068.tif,27.737193938039717,0.2976156149437413,0.8369402885437012,0.023830169811844826,0.5596896521747112
MedianFilter,poisson_16_gauss_0.2,16.0,0.2,sticks_069.tif,27.453253911982923,0.31259081377546594,0.8557961583137512,0.024583538994193077,0.5423902288079262
MedianFilter,poisson_16_gauss_0.2,16.0,0.2,sticks_064.tif,27.649895746141333,0.301719008687024,0.848850667476654,0.02407200261950493,0.5508037358522415
MedianFilter,poisson_16_gauss_0.2,16.0,0.2,sticks_070.tif,27.82519088368492,0.32159708548974403,0.8561845421791077,0.023525908589363098,0.5435321062803269
MedianFilter,poisson_16_gauss_0.2,16.0,0.2,sticks_071.tif,27.887597361104582,0.32925238177731464,0.8641186952590942,0.02319805696606636,0.5310001097619533
MedianFilter,poisson_16_gauss_0.2,16.0,0.2,sticks_072.tif,28.260556506916046,0.3099151594872855,0.8504520654678345,0.022289063781499863,0.5481665164232254
MedianFilter,poisson_16_gauss_0.2,16.0,0.2,sticks_073.tif,27.896733864867862,0.3033534194524391,0.8493263721466064,0.0233581755310297,0.5471014484763146
MedianFilter,poisson_16_gauss_0.2,16.0,0.2,sticks_074.tif,28.011374027951753,0.3109539229202963,0.8486508131027222,0.022838588804006577,0.5452445656061172
MedianFilter,poisson_16_gauss_0.2,16.0,0.2,sticks_075.tif,27.65959972454629,0.3314156342939345,0.8661521077156067,0.023580314591526985,0.5165617823600769
MedianFilter,poisson_16_gauss_0.2,16.0,0.2,sticks_076.tif,27.958411467710196,0.33805192003438067,0.8671959638595581,0.023225145414471626,0.5397224739193917
MedianFilter,poisson_16_gauss_0.2,16.0,0.2,sticks_077.tif,27.648550985078565,0.3326339458147125,0.8704367280006409,0.023665664717555046,0.5214109919965267
MedianFilter,poisson_16_gauss_0.2,16.0,0.2,sticks_078.tif,27.711747783942585,0.3067009647770043,0.855914294719696,0.02351505495607853,0.5347696281969547
MedianFilter,poisson_16_gauss_0.2,16.0,0.2,sticks_079.tif,27.95496842397752,0.337179518718447,0.8654339909553528,0.023165304213762283,0.5328596398234368
MedianFilter,poisson_16_gauss_0.2,16.0,0.2,sticks_080.tif,27.493543580691366,0.34045148730177144,0.8687812685966492,0.02417784556746483,0.5215557374060154
MedianFilter,poisson_16_gauss_0.2,16.0,0.2,sticks_081.tif,27.716089866814933,0.34230659150280196,0.86888587474823,0.023709166795015335,0.5300020568072796
MedianFilter,poisson_16_gauss_0.2,16.0,0.2,sticks_082.tif,27.768101577562838,0.33710055437901604,0.8704823851585388,0.023605162277817726,0.529264185577631
MedianFilter,poisson_16_gauss_0.2,16.0,0.2,sticks_084.tif,27.693128452611333,0.32115919824316713,0.8629889488220215,0.023891881108283997,0.5394460991024971
MedianFilter,poisson_16_gauss_0.2,16.0,0.2,sticks_083.tif,27.889775112674858,0.310466368032163,0.8512411117553711,0.023245617747306824,0.5434697695076466
MedianFilter,poisson_16_gauss_0.2,16.0,0.2,sticks_085.tif,27.88000990750192,0.30665513842067016,0.8578629493713379,0.022936007007956505,0.5283096827566623
MedianFilter,poisson_16_gauss_0.2,16.0,0.2,sticks_086.tif,27.723787952606035,0.3155102004660858,0.8636863231658936,0.023326974362134933,0.5224459879100323
MedianFilter,poisson_16_gauss_0.2,16.0,0.2,sticks_088.tif,27.844282837855694,0.3160750811737821,0.8584977388381958,0.023017223924398422,0.5251187846064568
MedianFilter,poisson_16_gauss_0.2,16.0,0.2,sticks_087.tif,27.6467549368267,0.31122927073086565,0.8577113151550293,0.023947162553668022,0.532098039239645
MedianFilter,poisson_16_gauss_0.2,16.0,0.2,sticks_089.tif,27.241452468414423,0.28413919760387074,0.834612250328064,0.025201747193932533,0.5611643359065056
MedianFilter,poisson_16_gauss_0.2,16.0,0.2,sticks_090.tif,27.73740511437864,0.3272830764921858,0.8671151995658875,0.023442784324288368,0.5263756401836872
MedianFilter,poisson_16_gauss_0.2,16.0,0.2,sticks_091.tif,27.526078013353498,0.28720274491595216,0.8419429659843445,0.024192001670598984,0.5471718937158585
MedianFilter,poisson_16_gauss_0.2,16.0,0.2,sticks_092.tif,27.468600108255185,0.298354286184912,0.8481397032737732,0.02458442747592926,0.5439109116792679
MedianFilter,poisson_16_gauss_0.2,16.0,0.2,sticks_093.tif,27.751251793032914,0.3452080795860444,0.8677706718444824,0.023671891540288925,0.5291902177035809
MedianFilter,poisson_16_gauss_0.2,16.0,0.2,sticks_095.tif,27.409250871677635,0.347627904524578,0.8757398128509521,0.024490637704730034,0.5096898399293422
MedianFilter,poisson_16_gauss_0.2,16.0,0.2,sticks_096.tif,27.714780358581407,0.33571089833747875,0.862464427947998,0.02363884262740612,0.5183023609220981
MedianFilter,poisson_16_gauss_0.2,16.0,0.2,sticks_097.tif,27.95521044871062,0.3316486676066614,0.8656155467033386,0.023112937808036804,0.5381559856235981
MedianFilter,poisson_16_gauss_0.2,16.0,0.2,sticks_098.tif,27.658140098388383,0.3361993613936327,0.8685111403465271,0.023761391639709473,0.5240777425467968
MedianFilter,poisson_16_gauss_0.2,16.0,0.2,sticks_099.tif,27.587118584041125,0.31442172593545714,0.8553444147109985,0.02424033358693123,0.5419281043112278
MedianFilter,poisson_16_gauss_0.2,16.0,0.2,sticks_094.tif,27.723171214813142,0.32052265589573237,0.8574327826499939,0.02327476441860199,0.5249262727797032
Non-localMeansFilter,poisson_16_gauss_0.05,16.0,0.05,sticks_000.tif,28.603365846593366,0.3771140058196726,0.9552555084228516,0.02410409227013588,0.21891072228900157
Non-localMeansFilter,poisson_16_gauss_0.05,16.0,0.05,sticks_001.tif,27.580432585776613,0.3962550964054026,0.9634890556335449,0.02567959390580654,0.24741127744491678
Non-localMeansFilter,poisson_16_gauss_0.05,16.0,0.05,sticks_002.tif,29.36367927148313,0.35565754778406716,0.9486588835716248,0.022965524345636368,0.18277537475223654
Non-localMeansFilter,poisson_16_gauss_0.05,16.0,0.05,sticks_003.tif,28.476761937035285,0.38084261765534794,0.9549174308776855,0.024152148514986038,0.2129597071907483
Non-localMeansFilter,poisson_16_gauss_0.05,16.0,0.05,sticks_004.tif,28.285858378723372,0.3915750221878054,0.9588059782981873,0.02452302724123001,0.2223906557454029
Non-localMeansFilter,poisson_16_gauss_0.05,16.0,0.05,sticks_005.tif,29.10616658476311,0.368873618328849,0.9438709616661072,0.02338588610291481,0.20502398161333985
Non-localMeansFilter,poisson_16_gauss_0.05,16.0,0.05,sticks_007.tif,28.010302266599282,0.38785953551633084,0.9615755081176758,0.024982867762446404,0.23428201667848042
Non-localMeansFilter,poisson_16_gauss_0.05,16.0,0.05,sticks_009.tif,29.172781558019803,0.3633131231193413,0.9491456151008606,0.0233109463006258,0.2001155361853307
Non-localMeansFilter,poisson_16_gauss_0.05,16.0,0.05,sticks_008.tif,28.07366079243819,0.38946129648923705,0.9541084170341492,0.02492891252040863,0.2268048146244837
Non-localMeansFilter,poisson_16_gauss_0.05,16.0,0.05,sticks_011.tif,28.01067841630275,0.3871473246406317,0.9631062746047974,0.02480832301080227,0.21800074240018147
Non-localMeansFilter,poisson_16_gauss_0.05,16.0,0.05,sticks_006.tif,29.1436461588931,0.3661380044151964,0.9481340646743774,0.023246612399816513,0.20532344822422602
Non-localMeansFilter,poisson_16_gauss_0.05,16.0,0.05,sticks_010.tif,28.53352960339201,0.38023401901409515,0.9553267955780029,0.024133969098329544,0.21484400823828764
Non-localMeansFilter,poisson_16_gauss_0.05,16.0,0.05,sticks_012.tif,28.26532000736912,0.3812993399426476,0.9578739404678345,0.024613477289676666,0.2279125017201295
Non-localMeansFilter,poisson_16_gauss_0.05,16.0,0.05,sticks_016.tif,28.48679769637163,0.37937206034127346,0.9545345902442932,0.024064652621746063,0.20436679754639045
Non-localMeansFilter,poisson_16_gauss_0.05,16.0,0.05,sticks_013.tif,28.12108271235722,0.3842194845448786,0.96050626039505,0.02450011670589447,0.20645720690081362
Non-localMeansFilter,poisson_16_gauss_0.05,16.0,0.05,sticks_014.tif,29.138855958161322,0.3661891605180598,0.9504640102386475,0.02358531393110752,0.23223472965473774
Non-localMeansFilter,poisson_16_gauss_0.05,16.0,0.05,sticks_015.tif,28.57640754005359,0.38107227029241153,0.9578195214271545,0.02398771233856678,0.21043151683697942
Non-localMeansFilter,poisson_16_gauss_0.05,16.0,0.05,sticks_018.tif,28.225511645228487,0.38215706112820247,0.9607987999916077,0.024529103189706802,0.2214219512679847
Non-localMeansFilter,poisson_16_gauss_0.05,16.0,0.05,sticks_020.tif,28.201816246566427,0.3772365767351367,0.9560587406158447,0.02444131299853325,0.2099313786573475
Non-localMeansFilter,poisson_16_gauss_0.05,16.0,0.05,sticks_017.tif,28.569623888805236,0.3762340070130218,0.9530860185623169,0.024154040962457657,0.2274053418659605
Non-localMeansFilter,poisson_16_gauss_0.05,16.0,0.05,sticks_019.tif,28.174562331194785,0.3845127587033315,0.9604886174201965,0.024467574432492256,0.20330846520955675
Non-localMeansFilter,poisson_16_gauss_0.05,16.0,0.05,sticks_021.tif,28.49055613367551,0.38013727053634894,0.9559023976325989,0.024085283279418945,0.20107854749367107
Non-localMeansFilter,poisson_16_gauss_0.05,16.0,0.05,sticks_022.tif,28.620693080753014,0.37391370411571306,0.9537274837493896,0.0239858441054821,0.21497912434570027
Non-localMeansFilter,poisson_16_gauss_0.05,16.0,0.05,sticks_023.tif,27.720014969334443,0.39450798295065503,0.9622467756271362,0.02526470459997654,0.21736950648773928
Non-localMeansFilter,poisson_16_gauss_0.05,16.0,0.05,sticks_024.tif,28.70222510457928,0.37165219890605156,0.9499861001968384,0.02393295429646969,0.2180342177278362
Non-localMeansFilter,poisson_16_gauss_0.05,16.0,0.05,sticks_025.tif,28.048413911639276,0.3909519682857216,0.9625033736228943,0.02466045692563057,0.21298648229276296
Non-localMeansFilter,poisson_16_gauss_0.05,16.0,0.05,sticks_026.tif,28.548632445115327,0.3728038096604196,0.9521621465682983,0.024225963279604912,0.21372888960759157
Non-localMeansFilter,poisson_16_gauss_0.05,16.0,0.05,sticks_027.tif,27.46063362158828,0.40787069481848787,0.9673652648925781,0.02608996257185936,0.2569274465524359
Non-localMeansFilter,poisson_16_gauss_0.05,16.0,0.05,sticks_028.tif,28.74930390622373,0.3766598744004547,0.9511290192604065,0.02396279014647007,0.21452092583931517
Non-localMeansFilter,poisson_16_gauss_0.05,16.0,0.05,sticks_029.tif,27.913641986188598,0.38850356259316476,0.9536668062210083,0.025065436959266663,0.22211325687530917
Non-localMeansFilter,poisson_16_gauss_0.05,16.0,0.05,sticks_030.tif,28.134964750119472,0.38552551375598976,0.9580140113830566,0.024618031457066536,0.21545216206577605
Non-localMeansFilter,poisson_16_gauss_0.05,16.0,0.05,sticks_032.tif,28.194632691590996,0.3893387430273458,0.9565117359161377,0.024440892040729523,0.20803224067203702
Non-localMeansFilter,poisson_16_gauss_0.05,16.0,0.05,sticks_031.tif,28.659098055708352,0.37716910235205847,0.9537668228149414,0.02409197762608528,0.2214765524957329
Non-localMeansFilter,poisson_16_gauss_0.05,16.0,0.05,sticks_033.tif,27.991507356931304,0.3874958137893912,0.9488688707351685,0.024846360087394714,0.2113769213319756
Non-localMeansFilter,poisson_16_gauss_0.05,16.0,0.05,sticks_034.tif,28.46059472700098,0.37298020145255706,0.9557427167892456,0.02422632835805416,0.21340686379990076
Non-localMeansFilter,poisson_16_gauss_0.05,16.0,0.05,sticks_035.tif,28.182381880049974,0.38451516320881424,0.9609896540641785,0.024467812851071358,0.2055078881850932
Non-localMeansFilter,poisson_16_gauss_0.05,16.0,0.05,sticks_036.tif,29.16855598298803,0.3620649701009862,0.9452808499336243,0.02317957766354084,0.19024279318400658
Non-localMeansFilter,poisson_16_gauss_0.05,16.0,0.05,sticks_037.tif,28.50718761552562,0.37663591039890154,0.9479319453239441,0.024211807176470757,0.22071726822177878
Non-localMeansFilter,poisson_16_gauss_0.05,16.0,0.05,sticks_038.tif,29.25811844961407,0.36193215945055995,0.9505042433738708,0.023316163569688797,0.21431619460054208
Non-localMeansFilter,poisson_16_gauss_0.05,16.0,0.05,sticks_040.tif,28.017024569899654,0.387607722507419,0.9590955972671509,0.02480580285191536,0.20879774293571246
Non-localMeansFilter,poisson_16_gauss_0.05,16.0,0.05,sticks_039.tif,28.357011096934098,0.37956513478474513,0.9608982801437378,0.02424154244363308,0.21002337569661905
Non-localMeansFilter,poisson_16_gauss_0.05,16.0,0.05,sticks_041.tif,28.94252339691701,0.36674273625197684,0.9535861015319824,0.02360452711582184,0.20637551696272566
Non-localMeansFilter,poisson_16_gauss_0.05,16.0,0.05,sticks_042.tif,29.256596155975817,0.36386265484555813,0.9476179480552673,0.02332535944879055,0.2191121948097134
Non-localMeansFilter,poisson_16_gauss_0.05,16.0,0.05,sticks_043.tif,27.87930646778353,0.39136344913468646,0.9660593867301941,0.024960603564977646,0.21257333379180637
Non-localMeansFilter,poisson_16_gauss_0.05,16.0,0.05,sticks_044.tif,27.938539408448246,0.39236658725390683,0.954932689666748,0.024822596460580826,0.21215730948897543
Non-localMeansFilter,poisson_16_gauss_0.05,16.0,0.05,sticks_045.tif,28.965896953316577,0.36548154343447725,0.9546980857849121,0.023496439680457115,0.20591995897702872
Non-localMeansFilter,poisson_16_gauss_0.05,16.0,0.05,sticks_046.tif,29.203637795173595,0.363925018729163,0.9465417861938477,0.02340720221400261,0.2168751951685408
Non-localMeansFilter,poisson_16_gauss_0.05,16.0,0.05,sticks_047.tif,29.2399170460237,0.3606882709715161,0.9449247717857361,0.023330843076109886,0.2111784929264104
Non-localMeansFilter,poisson_16_gauss_0.05,16.0,0.05,sticks_049.tif,28.53482854622987,0.3717633583178858,0.9554615020751953,0.023975905030965805,0.19852855387434828
Non-localMeansFilter,poisson_16_gauss_0.05,16.0,0.05,sticks_048.tif,28.390043776169787,0.38235957526147824,0.9552476406097412,0.024435672909021378,0.21866281405673363
Non-localMeansFilter,poisson_16_gauss_0.05,16.0,0.05,sticks_050.tif,29.22558357583401,0.3578100165796207,0.9453701376914978,0.023243028670549393,0.20934036758553703
Non-localMeansFilter,poisson_16_gauss_0.05,16.0,0.05,sticks_051.tif,27.823019431778437,0.3954447862646728,0.9621273875236511,0.025213319808244705,0.23163156514056027
Non-localMeansFilter,poisson_16_gauss_0.05,16.0,0.05,sticks_053.tif,28.007411879112144,0.3881115034581995,0.9606456160545349,0.024808941408991814,0.2177105229900917
Non-localMeansFilter,poisson_16_gauss_0.05,16.0,0.05,sticks_052.tif,28.308477213464283,0.37990747727775276,0.9592762589454651,0.024213064461946487,0.19445911983493716
Non-localMeansFilter,poisson_16_gauss_0.05,16.0,0.05,sticks_054.tif,29.015422163200434,0.36626970210576726,0.9430625438690186,0.02354423701763153,0.20191590251633898
Non-localMeansFilter,poisson_16_gauss_0.05,16.0,0.05,sticks_055.tif,27.91874629070022,0.3846621680043239,0.9656020402908325,0.024953290820121765,0.21693855448975227
Non-localMeansFilter,poisson_16_gauss_0.05,16.0,0.05,sticks_056.tif,28.419122350867543,0.3735054994738152,0.9564559459686279,0.024291247129440308,0.21177521588397213
Non-localMeansFilter,poisson_16_gauss_0.05,16.0,0.05,sticks_059.tif,29.144875958148862,0.3663539449992143,0.945265531539917,0.023407014086842537,0.20894010325719137
Non-localMeansFilter,poisson_16_gauss_0.05,16.0,0.05,sticks_058.tif,28.449372078999655,0.38276265684920924,0.9569672346115112,0.024220984429121017,0.21635737381584477
Non-localMeansFilter,poisson_16_gauss_0.05,16.0,0.05,sticks_057.tif,28.144241236143657,0.391468010989723,0.9618582725524902,0.024580370634794235,0.21622034071478993
Non-localMeansFilter,poisson_16_gauss_0.05,16.0,0.05,sticks_060.tif,29.123478422296852,0.36688561246822166,0.9505894184112549,0.02347654476761818,0.21877382333041168
Non-localMeansFilter,poisson_16_gauss_0.05,16.0,0.05,sticks_063.tif,28.267324010966274,0.3823786254148728,0.9594457745552063,0.024641718715429306,0.22588263605721295
Non-localMeansFilter,poisson_16_gauss_0.05,16.0,0.05,sticks_061.tif,27.772417223708146,0.3950471434718717,0.9634448289871216,0.02503243461251259,0.2057220966409659
Non-localMeansFilter,poisson_16_gauss_0.05,16.0,0.05,sticks_062.tif,28.781240652194022,0.35808025258921905,0.9518842697143555,0.023682015016674995,0.20098326736770106
Non-localMeansFilter,poisson_16_gauss_0.05,16.0,0.05,sticks_067.tif,28.037223886699877,0.3890467503516671,0.9590325951576233,0.024849925190210342,0.21595659544400406
Non-localMeansFilter,poisson_16_gauss_0.05,16.0,0.05,sticks_066.tif,28.302245549870023,0.38144908543296874,0.956214964389801,0.02425658144056797,0.19899281334073748
Non-localMeansFilter,poisson_16_gauss_0.05,16.0,0.05,sticks_065.tif,28.37370535507127,0.3781708213518502,0.9621586799621582,0.02428191900253296,0.21999704853224103
Non-localMeansFilter,poisson_16_gauss_0.05,16.0,0.05,sticks_068.tif,28.898686908041768,0.3724459257312561,0.9506091475486755,0.023785961791872978,0.2241995587508427
Non-localMeansFilter,poisson_16_gauss_0.05,16.0,0.05,sticks_069.tif,28.258438141703873,0.38627593104671265,0.9606303572654724,0.02450408786535263,0.22913035814126487
Non-localMeansFilter,poisson_16_gauss_0.05,16.0,0.05,sticks_064.tif,28.52579825468922,0.3737920146479484,0.9563003778457642,0.0242497306317091,0.21866379248385784
Non-localMeansFilter,poisson_16_gauss_0.05,16.0,0.05,sticks_070.tif,28.5188916625018,0.3838553101048061,0.954228937625885,0.02422049641609192,0.2179246494313702
Non-localMeansFilter,poisson_16_gauss_0.05,16.0,0.05,sticks_071.tif,28.22988687155086,0.38192084394290693,0.9554779529571533,0.024510685354471207,0.21452134811261203
Non-localMeansFilter,poisson_16_gauss_0.05,16.0,0.05,sticks_072.tif,29.041063479775477,0.36648855307404277,0.9502648115158081,0.023517493158578873,0.21098535438941327
Non-localMeansFilter,poisson_16_gauss_0.05,16.0,0.05,sticks_073.tif,28.745381521894856,0.3700178851707681,0.9528451561927795,0.023917818441987038,0.2176556560123572
Non-localMeansFilter,poisson_16_gauss_0.05,16.0,0.05,sticks_074.tif,28.76403334693652,0.3712059555695319,0.9451714754104614,0.023712556809186935,0.1974612491816515
Non-localMeansFilter,poisson_16_gauss_0.05,16.0,0.05,sticks_075.tif,28.203181300352306,0.3868642238214183,0.9597571492195129,0.024367371574044228,0.19687506139161998
Non-localMeansFilter,poisson_16_gauss_0.05,16.0,0.05,sticks_076.tif,28.32216623428402,0.38945594645151227,0.9586908221244812,0.024625416845083237,0.23591943270585033
Non-localMeansFilter,poisson_16_gauss_0.05,16.0,0.05,sticks_077.tif,27.947237609745574,0.38811476346300294,0.9630513191223145,0.024722298607230186,0.2096725419658469
Non-localMeansFilter,poisson_16_gauss_0.05,16.0,0.05,sticks_078.tif,28.555026724055995,0.3722488538139825,0.9597514867782593,0.02385096438229084,0.1970398875826504
Non-localMeansFilter,poisson_16_gauss_0.05,16.0,0.05,sticks_079.tif,28.207766465320642,0.3873115543800223,0.9571364521980286,0.024738123640418053,0.2309824065072462
Non-localMeansFilter,poisson_16_gauss_0.05,16.0,0.05,sticks_080.tif,27.82102356948583,0.3958780000521611,0.9602541327476501,0.025030052289366722,0.2208076623181114
Non-localMeansFilter,poisson_16_gauss_0.05,16.0,0.05,sticks_081.tif,27.921702542401103,0.3942112121635031,0.9584612846374512,0.025003090500831604,0.22400444720406085
Non-localMeansFilter,poisson_16_gauss_0.05,16.0,0.05,sticks_082.tif,27.935461221934666,0.38864584581282235,0.962247371673584,0.025039097294211388,0.23354574029508512
Non-localMeansFilter,poisson_16_gauss_0.05,16.0,0.05,sticks_084.tif,28.16609625932064,0.38311787108084167,0.9617644548416138,0.02466735616326332,0.2336004804528784
Non-localMeansFilter,poisson_16_gauss_0.05,16.0,0.05,sticks_083.tif,28.779588605097047,0.37565431249551035,0.9531590938568115,0.023775514215230942,0.20620266686892136
Non-localMeansFilter,poisson_16_gauss_0.05,16.0,0.05,sticks_085.tif,28.30091073103619,0.36352641241447065,0.9574283361434937,0.024097155779600143,0.19876607664336915
Non-localMeansFilter,poisson_16_gauss_0.05,16.0,0.05,sticks_086.tif,28.244893572172572,0.3734898302020759,0.9605715870857239,0.02418668195605278,0.20161561236309353
Non-localMeansFilter,poisson_16_gauss_0.05,16.0,0.05,sticks_088.tif,28.63886653393081,0.3744255211826888,0.9555936455726624,0.02368922531604767,0.1832787791150622
Non-localMeansFilter,poisson_16_gauss_0.05,16.0,0.05,sticks_087.tif,28.320267938472675,0.3783466615231107,0.9615833759307861,0.024385826662182808,0.2238172627519816
Non-localMeansFilter,poisson_16_gauss_0.05,16.0,0.05,sticks_089.tif,28.70564504710115,0.37434641597706275,0.9516428709030151,0.02390771172940731,0.2045461259462172
Non-localMeansFilter,poisson_16_gauss_0.05,16.0,0.05,sticks_090.tif,28.054847891371747,0.3821758879724767,0.9622699022293091,0.024561036378145218,0.2049729817226762
Non-localMeansFilter,poisson_16_gauss_0.05,16.0,0.05,sticks_091.tif,28.96061346835807,0.36790556261544927,0.952777087688446,0.023401621729135513,0.1839035027252976
Non-localMeansFilter,poisson_16_gauss_0.05,16.0,0.05,sticks_092.tif,28.36166060020801,0.3747942758708549,0.9568643569946289,0.02441999316215515,0.22611961291986518
Non-localMeansFilter,poisson_16_gauss_0.05,16.0,0.05,sticks_093.tif,27.89198095241355,0.3957335577540734,0.9583020806312561,0.025126034393906593,0.2289607274258742
Non-localMeansFilter,poisson_16_gauss_0.05,16.0,0.05,sticks_095.tif,27.313244756524337,0.39937218335435976,0.9650246500968933,0.025892678648233414,0.2293213630997343
Non-localMeansFilter,poisson_16_gauss_0.05,16.0,0.05,sticks_096.tif,28.058950260947192,0.38959156193409417,0.9559909701347351,0.024783674627542496,0.2096215392492013
Non-localMeansFilter,poisson_16_gauss_0.05,16.0,0.05,sticks_097.tif,28.288200683576395,0.38279252342475717,0.9611074328422546,0.024556908756494522,0.2200616824295139
Non-localMeansFilter,poisson_16_gauss_0.05,16.0,0.05,sticks_098.tif,27.777592735630456,0.3894091256307044,0.9619519114494324,0.02509096823632717,0.21698180478415452
Non-localMeansFilter,poisson_16_gauss_0.05,16.0,0.05,sticks_099.tif,28.202601002638144,0.3821896995240913,0.9610356688499451,0.02466266043484211,0.22481527561612893
Non-localMeansFilter,poisson_16_gauss_0.05,16.0,0.05,sticks_094.tif,28.390886228228215,0.37945237988425806,0.9531867504119873,0.02394448220729828,0.18833070877590216
Non-localMeansFilter,poisson_16_gauss_0.1,16.0,0.1,sticks_000.tif,25.173784288339455,0.20304467759714162,0.8981109857559204,0.042352404445409775,0.45792048424482346
Non-localMeansFilter,poisson_16_gauss_0.1,16.0,0.1,sticks_001.tif,24.57590417573669,0.22941210509670393,0.9146736264228821,0.04386698454618454,0.458541077375412
Non-localMeansFilter,poisson_16_gauss_0.1,16.0,0.1,sticks_002.tif,25.612038211538255,0.17881058760670712,0.8909637331962585,0.04124705120921135,0.4436901606619358
Non-localMeansFilter,poisson_16_gauss_0.1,16.0,0.1,sticks_003.tif,25.122544361796276,0.21019779605100233,0.8975474238395691,0.042369578033685684,0.44800927564501764
Non-localMeansFilter,poisson_16_gauss_0.1,16.0,0.1,sticks_004.tif,24.993888690888873,0.22077364731001403,0.9054545760154724,0.04274905472993851,0.45176943242549894
Non-localMeansFilter,poisson_16_gauss_0.1,16.0,0.1,sticks_005.tif,25.463374079046538,0.1919065330717184,0.8809927701950073,0.04163876548409462,0.4530122995376587
Non-localMeansFilter,poisson_16_gauss_0.1,16.0,0.1,sticks_007.tif,24.828417718310437,0.21701521319295494,0.9133015871047974,0.04320695996284485,0.4638716265559196
Non-localMeansFilter,poisson_16_gauss_0.1,16.0,0.1,sticks_009.tif,25.502117603365562,0.18713784129764993,0.889690101146698,0.0415259525179863,0.44505193904042245
Non-localMeansFilter,poisson_16_gauss_0.1,16.0,0.1,sticks_008.tif,24.871304946266978,0.21865271473881603,0.898346483707428,0.04317509010434151,0.46681592240929604
Non-localMeansFilter,poisson_16_gauss_0.1,16.0,0.1,sticks_011.tif,24.857603085036125,0.218052050455268,0.9130530953407288,0.04303621128201485,0.45148036926984786
Non-localMeansFilter,poisson_16_gauss_0.1,16.0,0.1,sticks_006.tif,25.508735990712346,0.18997046825889205,0.8862372040748596,0.04146633297204971,0.4493380405008793
Non-localMeansFilter,poisson_16_gauss_0.1,16.0,0.1,sticks_010.tif,25.14098479697434,0.20651243593039215,0.8993977904319763,0.04239658638834953,0.4568177416920662
Non-localMeansFilter,poisson_16_gauss_0.1,16.0,0.1,sticks_012.tif,24.97795318564908,0.2087190142639322,0.9041720628738403,0.04283982142806053,0.4558329597115517
Non-localMeansFilter,poisson_16_gauss_0.1,16.0,0.1,sticks_016.tif,25.12811349096659,0.20773645382117065,0.8994445204734802,0.04229377582669258,0.43853324130177496
Non-localMeansFilter,poisson_16_gauss_0.1,16.0,0.1,sticks_013.tif,24.942703473875994,0.21604698246766824,0.9079779386520386,0.042705584317445755,0.4272872552275658
Non-localMeansFilter,poisson_16_gauss_0.1,16.0,0.1,sticks_014.tif,25.44558570137765,0.18617978327295048,0.8920024037361145,0.0418756827712059,0.4712262891232967
Non-localMeansFilter,poisson_16_gauss_0.1,16.0,0.1,sticks_015.tif,25.183332546889563,0.20861684544579423,0.903868556022644,0.0422220304608345,0.4406365528702736
Non-localMeansFilter,poisson_16_gauss_0.1,16.0,0.1,sticks_018.tif,24.990912798119457,0.2111828268162329,0.9101578593254089,0.042719125747680664,0.4473880395293236
Non-localMeansFilter,poisson_16_gauss_0.1,16.0,0.1,sticks_020.tif,24.981681638317895,0.20814308408860352,0.9002996683120728,0.04266192018985748,0.4375245973467827
Non-localMeansFilter,poisson_16_gauss_0.1,16.0,0.1,sticks_017.tif,25.16180970852073,0.20230075533220032,0.8968384861946106,0.042413290590047836,0.4553099974989891
Non-localMeansFilter,poisson_16_gauss_0.1,16.0,0.1,sticks_019.tif,24.968801079283214,0.21549944369392438,0.9088481068611145,0.04269109293818474,0.4350666679441929
Non-localMeansFilter,poisson_16_gauss_0.1,16.0,0.1,sticks_021.tif,25.137504798603153,0.2095631856398874,0.8997963666915894,0.042283497750759125,0.43711598217487335
Non-localMeansFilter,poisson_16_gauss_0.1,16.0,0.1,sticks_022.tif,25.21819130152117,0.19937843930681381,0.8972963094711304,0.04221628978848457,0.44968925416469574
Non-localMeansFilter,poisson_16_gauss_0.1,16.0,0.1,sticks_023.tif,24.681157207183418,0.2268095394614396,0.9141462445259094,0.043475981801748276,0.4466693639755249
Non-localMeansFilter,poisson_16_gauss_0.1,16.0,0.1,sticks_024.tif,25.24999705447749,0.19782700627643945,0.8908759951591492,0.042180147022008896,0.4620209872722626
Non-localMeansFilter,poisson_16_gauss_0.1,16.0,0.1,sticks_025.tif,24.884738146121542,0.22177620380000354,0.9129607081413269,0.04286319762468338,0.4394076928496361
Non-localMeansFilter,poisson_16_gauss_0.1,16.0,0.1,sticks_026.tif,25.15132666469194,0.1988368864088008,0.8939568996429443,0.04247472807765007,0.4563381366431713
Non-localMeansFilter,poisson_16_gauss_0.1,16.0,0.1,sticks_027.tif,24.460741790868035,0.23940505095416187,0.9217137694358826,0.04435043781995773,0.46446692273020745
Non-localMeansFilter,poisson_16_gauss_0.1,16.0,0.1,sticks_028.tif,25.25580613742258,0.2008013659890115,0.8925057053565979,0.04221693053841591,0.4614412568509579
Non-localMeansFilter,poisson_16_gauss_0.1,16.0,0.1,sticks_029.tif,24.78575386870326,0.21883941636024226,0.9013044238090515,0.04327836260199547,0.45778581500053406
Non-localMeansFilter,poisson_16_gauss_0.1,16.0,0.1,sticks_030.tif,24.919241645150578,0.21523503166599922,0.9055066108703613,0.04285648092627525,0.4409371055662632
Non-localMeansFilter,poisson_16_gauss_0.1,16.0,0.1,sticks_032.tif,24.966786162114193,0.22027417260781548,0.9033713340759277,0.042665060609579086,0.4405889570713043
Non-localMeansFilter,poisson_16_gauss_0.1,16.0,0.1,sticks_031.tif,25.17911476567329,0.2004173229807998,0.897620677947998,0.04242118448019028,0.457323595136404
Non-localMeansFilter,poisson_16_gauss_0.1,16.0,0.1,sticks_033.tif,24.855205606644873,0.21836570298897223,0.8911130428314209,0.043045807629823685,0.4523110441863537
Non-localMeansFilter,poisson_16_gauss_0.1,16.0,0.1,sticks_034.tif,25.113065167323334,0.20003796622674908,0.8992482423782349,0.042456455528736115,0.4444406546652317
Non-localMeansFilter,poisson_16_gauss_0.1,16.0,0.1,sticks_035.tif,24.95821514403975,0.21479802446148277,0.9096893072128296,0.04269164800643921,0.437361853569746
Non-localMeansFilter,poisson_16_gauss_0.1,16.0,0.1,sticks_036.tif,25.52504086205021,0.18692652774030785,0.8816197514533997,0.04140812158584595,0.44259895458817483
Non-localMeansFilter,poisson_16_gauss_0.1,16.0,0.1,sticks_037.tif,25.13611744209986,0.20376996006750184,0.8884686827659607,0.04242773354053497,0.4552069827914238
Non-localMeansFilter,poisson_16_gauss_0.1,16.0,0.1,sticks_038.tif,25.536660041961294,0.18248166582068875,0.8908866047859192,0.04156782478094101,0.4629186362028122
Non-localMeansFilter,poisson_16_gauss_0.1,16.0,0.1,sticks_040.tif,24.873834627817146,0.21876028097563047,0.9085868000984192,0.0429932177066803,0.4467028953135014
Non-localMeansFilter,poisson_16_gauss_0.1,16.0,0.1,sticks_039.tif,25.064793226019923,0.20802107370027742,0.9114265441894531,0.04245954006910324,0.4441981539130211
Non-localMeansFilter,poisson_16_gauss_0.1,16.0,0.1,sticks_041.tif,25.380086988109802,0.1912317329680316,0.8974466323852539,0.041836079210042953,0.4516190677881241
Non-localMeansFilter,poisson_16_gauss_0.1,16.0,0.1,sticks_042.tif,25.53267991364027,0.1860562380523362,0.8866326808929443,0.041579317301511765,0.4551127165555954
Non-localMeansFilter,poisson_16_gauss_0.1,16.0,0.1,sticks_043.tif,24.78766196374996,0.22369553947133125,0.9188575148582458,0.04314752295613289,0.4390635542571545
Non-localMeansFilter,poisson_16_gauss_0.1,16.0,0.1,sticks_044.tif,24.82886651832068,0.22358334817338613,0.9002798199653625,0.043025143444538116,0.44520427137613294
Non-localMeansFilter,poisson_16_gauss_0.1,16.0,0.1,sticks_045.tif,25.40502749558286,0.18993117479502689,0.8996284008026123,0.04169951751828194,0.4482236474752426
Non-localMeansFilter,poisson_16_gauss_0.1,16.0,0.1,sticks_046.tif,25.50578965696215,0.18552042002632038,0.8841512799263,0.04168059676885605,0.4581884056329727
Non-localMeansFilter,poisson_16_gauss_0.1,16.0,0.1,sticks_047.tif,25.52396395067166,0.18231766457703555,0.880801796913147,0.04159014672040939,0.4606600634753704
Non-localMeansFilter,poisson_16_gauss_0.1,16.0,0.1,sticks_049.tif,25.173255183300398,0.19908897987830193,0.9004462361335754,0.04222845286130905,0.44252927154302596
Non-localMeansFilter,poisson_16_gauss_0.1,16.0,0.1,sticks_048.tif,25.03903363095208,0.20830518391122574,0.9010831117630005,0.04274723306298256,0.45447863265872
Non-localMeansFilter,poisson_16_gauss_0.1,16.0,0.1,sticks_050.tif,25.557282171016237,0.18127518428805164,0.8845738768577576,0.04146047681570053,0.4613158367574215
Non-localMeansFilter,poisson_16_gauss_0.1,16.0,0.1,sticks_051.tif,24.714891320618758,0.22579491770476784,0.9121655225753784,0.04344150424003601,0.4474958524107933
Non-localMeansFilter,poisson_16_gauss_0.1,16.0,0.1,sticks_053.tif,24.847582996466752,0.21940830353138216,0.9087011218070984,0.04302575811743736,0.4446869857609272
Non-localMeansFilter,poisson_16_gauss_0.1,16.0,0.1,sticks_052.tif,25.046876168639525,0.21092065884978536,0.9094743132591248,0.04240046441555023,0.43226004093885423
Non-localMeansFilter,poisson_16_gauss_0.1,16.0,0.1,sticks_054.tif,25.416793827141394,0.19022010851772145,0.8857276439666748,0.04180970415472984,0.4528797522187233
Non-localMeansFilter,poisson_16_gauss_0.1,16.0,0.1,sticks_055.tif,24.795078304556178,0.2151400636287437,0.918867290019989,0.043204061686992645,0.44198801964521406
Non-localMeansFilter,poisson_16_gauss_0.1,16.0,0.1,sticks_056.tif,25.08724786754774,0.20103652793577284,0.9002945423126221,0.04254934936761856,0.4534913904964924
Non-localMeansFilter,poisson_16_gauss_0.1,16.0,0.1,sticks_059.tif,25.486996857677397,0.18995291623877017,0.8829599022865295,0.04164598509669304,0.4563243374228477
Non-localMeansFilter,poisson_16_gauss_0.1,16.0,0.1,sticks_058.tif,25.086369776588175,0.21028780844421222,0.9037224054336548,0.04244665056467056,0.43978297114372256
Non-localMeansFilter,poisson_16_gauss_0.1,16.0,0.1,sticks_057.tif,24.92247666949009,0.22252330102254297,0.9105812907218933,0.04283152148127556,0.44565213695168493
Non-localMeansFilter,poisson_16_gauss_0.1,16.0,0.1,sticks_060.tif,25.458794696615904,0.18825863374476598,0.8928655385971069,0.04172072932124138,0.4609892673790455
Non-localMeansFilter,poisson_16_gauss_0.1,16.0,0.1,sticks_063.tif,24.9834559430775,0.2092943425874904,0.9074608683586121,0.042872633785009384,0.4599395617842674
Non-localMeansFilter,poisson_16_gauss_0.1,16.0,0.1,sticks_061.tif,24.73507483531033,0.22758175182951057,0.9172183871269226,0.04321954399347305,0.4436418429017067
Non-localMeansFilter,poisson_16_gauss_0.1,16.0,0.1,sticks_062.tif,25.309844113814375,0.18395260007431416,0.897990345954895,0.041892170906066895,0.44427757859230044
Non-localMeansFilter,poisson_16_gauss_0.1,16.0,0.1,sticks_067.tif,24.865314273576686,0.21887712482111435,0.9081636667251587,0.04308751970529556,0.4513065658509731
Non-localMeansFilter,poisson_16_gauss_0.1,16.0,0.1,sticks_066.tif,25.05452017565237,0.21223163771817782,0.9010676741600037,0.04243679344654083,0.43617866933345795
Non-localMeansFilter,poisson_16_gauss_0.1,16.0,0.1,sticks_065.tif,25.062792872526355,0.20625118694771677,0.9107616543769836,0.04247982054948807,0.4423806592822075
Non-localMeansFilter,poisson_16_gauss_0.1,16.0,0.1,sticks_068.tif,25.32259001329603,0.19429603903474457,0.8916221261024475,0.04209113121032715,0.46779102459549904
Non-localMeansFilter,poisson_16_gauss_0.1,16.0,0.1,sticks_069.tif,24.979398999444587,0.2138923258716312,0.9097996950149536,0.04275072365999222,0.45511431619524956
Non-localMeansFilter,poisson_16_gauss_0.1,16.0,0.1,sticks_064.tif,25.13127674409821,0.19808689119709913,0.9016696810722351,0.04250085726380348,0.4626575492322445
Non-localMeansFilter,poisson_16_gauss_0.1,16.0,0.1,sticks_070.tif,25.132201596480872,0.2104041538484839,0.8987308144569397,0.04244173690676689,0.45827496498823167
Non-localMeansFilter,poisson_16_gauss_0.1,16.0,0.1,sticks_071.tif,24.98653715690759,0.21143554433444367,0.9013135433197021,0.04274366423487663,0.44860034212470057
Non-localMeansFilter,poisson_16_gauss_0.1,16.0,0.1,sticks_072.tif,25.433296160971604,0.18829294479760897,0.8916256427764893,0.04177672788500786,0.4573277227580547
Non-localMeansFilter,poisson_16_gauss_0.1,16.0,0.1,sticks_073.tif,25.269470512538188,0.1945522440324781,0.8960144519805908,0.04217629134654999,0.45518079921603205
Non-localMeansFilter,poisson_16_gauss_0.1,16.0,0.1,sticks_074.tif,25.302666347402386,0.19753386288046762,0.8851202130317688,0.04193369299173355,0.45267821177840234
Non-localMeansFilter,poisson_16_gauss_0.1,16.0,0.1,sticks_075.tif,24.992029716878513,0.2195987233624867,0.9063798785209656,0.042546771466732025,0.42769315391778945
Non-localMeansFilter,poisson_16_gauss_0.1,16.0,0.1,sticks_076.tif,25.004198657701643,0.21660069653010272,0.9060646295547485,0.0428701750934124,0.46252815052866936
Non-localMeansFilter,poisson_16_gauss_0.1,16.0,0.1,sticks_077.tif,24.840612236710584,0.21987848524150286,0.9150459170341492,0.04289734363555908,0.4391877681016922
Non-localMeansFilter,poisson_16_gauss_0.1,16.0,0.1,sticks_078.tif,25.204543779210105,0.20150697052319555,0.9067094326019287,0.04204786941409111,0.43577806651592255
Non-localMeansFilter,poisson_16_gauss_0.1,16.0,0.1,sticks_079.tif,24.951955434110104,0.214691753769625,0.9042672514915466,0.04295011982321739,0.4564120307564735
Non-localMeansFilter,poisson_16_gauss_0.1,16.0,0.1,sticks_080.tif,24.740803141129835,0.2302050306081803,0.9094980955123901,0.043251313269138336,0.4417346306145191
Non-localMeansFilter,poisson_16_gauss_0.1,16.0,0.1,sticks_081.tif,24.79620045889222,0.22602406795995247,0.9058722257614136,0.0431988500058651,0.4514049969613552
Non-localMeansFilter,poisson_16_gauss_0.1,16.0,0.1,sticks_082.tif,24.802261429506895,0.21971343996378156,0.913178026676178,0.04325222223997116,0.4529195763170719
Non-localMeansFilter,poisson_16_gauss_0.1,16.0,0.1,sticks_084.tif,24.93202496817336,0.2121004720166788,0.9107098579406738,0.04291870445013046,0.45664183869957925
Non-localMeansFilter,poisson_16_gauss_0.1,16.0,0.1,sticks_083.tif,25.295796974844194,0.20090828331632712,0.8944345712661743,0.04201473668217659,0.44752356708049773
Non-localMeansFilter,poisson_16_gauss_0.1,16.0,0.1,sticks_085.tif,25.0863870638804,0.19311395938454382,0.90491783618927,0.04222705587744713,0.4307673931121826
Non-localMeansFilter,poisson_16_gauss_0.1,16.0,0.1,sticks_086.tif,25.029851472048517,0.2043651274030165,0.9091572165489197,0.04238297790288925,0.43197754472494126
Non-localMeansFilter,poisson_16_gauss_0.1,16.0,0.1,sticks_088.tif,25.243403780464316,0.2037231239572617,0.8998347520828247,0.04190704599022865,0.4303318977355957
Non-localMeansFilter,poisson_16_gauss_0.1,16.0,0.1,sticks_087.tif,25.030192835215228,0.20664525749684665,0.9100159406661987,0.04259716719388962,0.4469644583761692
Non-localMeansFilter,poisson_16_gauss_0.1,16.0,0.1,sticks_089.tif,25.271395535427725,0.20022479525231265,0.8949089050292969,0.04206017404794693,0.4491017505526543
Non-localMeansFilter,poisson_16_gauss_0.1,16.0,0.1,sticks_090.tif,24.91170887494114,0.21397800620864643,0.9139740467071533,0.04276130720973015,0.440758091211319
Non-localMeansFilter,poisson_16_gauss_0.1,16.0,0.1,sticks_091.tif,25.411704812933337,0.19545283198292526,0.8939051628112793,0.04161028936505318,0.4361757181584835
Non-localMeansFilter,poisson_16_gauss_0.1,16.0,0.1,sticks_092.tif,25.049019380525447,0.2018650037812467,0.9026451706886292,0.042654380202293396,0.45433793440461157
Non-localMeansFilter,poisson_16_gauss_0.1,16.0,0.1,sticks_093.tif,24.758919012161105,0.22642424773510342,0.9068146347999573,0.043384719640016556,0.45707428380846976
Non-localMeansFilter,poisson_16_gauss_0.1,16.0,0.1,sticks_095.tif,24.43289798406635,0.23392236874802746,0.9181235432624817,0.044064491987228394,0.4383450418710709
Non-localMeansFilter,poisson_16_gauss_0.1,16.0,0.1,sticks_096.tif,24.858823811621043,0.2192923073938769,0.9022833704948425,0.04305500537157059,0.4368851870298386
Non-localMeansFilter,poisson_16_gauss_0.1,16.0,0.1,sticks_097.tif,25.005910986368818,0.2100105499250621,0.9102221727371216,0.04281512647867203,0.45906622186303137
Non-localMeansFilter,poisson_16_gauss_0.1,16.0,0.1,sticks_098.tif,24.7231129246703,0.22081986811779053,0.9129102230072021,0.04332263022661209,0.4431885197758675
Non-localMeansFilter,poisson_16_gauss_0.1,16.0,0.1,sticks_099.tif,24.95009377746957,0.20993291237334016,0.9110279679298401,0.042887501418590546,0.45290843993425367
Non-localMeansFilter,poisson_16_gauss_0.1,16.0,0.1,sticks_094.tif,25.111932784513137,0.20882361164000815,0.8962844610214233,0.042164333164691925,0.42590499892830846
Non-localMeansFilter,poisson_16_gauss_0.2,16.0,0.2,sticks_000.tif,16.772270624325774,0.07192460831020991,0.6246083378791809,0.08452213555574417,0.9817798063158989
Non-localMeansFilter,poisson_16_gauss_0.2,16.0,0.2,sticks_001.tif,16.672585612193448,0.09407402172729774,0.6641871929168701,0.08604442328214645,0.9740006923675537
Non-localMeansFilter,poisson_16_gauss_0.2,16.0,0.2,sticks_002.tif,16.83075472058,0.057897827629962866,0.6067146062850952,0.08337701857089996,0.9904648005962372
Non-localMeansFilter,poisson_16_gauss_0.2,16.0,0.2,sticks_003.tif,16.75733874554958,0.07809360915036405,0.6306880116462708,0.08455947041511536,0.971028459072113
Non-localMeansFilter,poisson_16_gauss_0.2,16.0,0.2,sticks_004.tif,16.74773704150022,0.08308385384579706,0.6497576832771301,0.084883913397789,0.9740857094526291
Non-localMeansFilter,poisson_16_gauss_0.2,16.0,0.2,sticks_005.tif,16.816714643875535,0.06271138968301632,0.6097965240478516,0.08374171704053879,0.9884975254535675
Non-localMeansFilter,poisson_16_gauss_0.2,16.0,0.2,sticks_007.tif,16.70970751481023,0.08359757215875362,0.6511320471763611,0.08543936908245087,0.9818807423114777
Non-localMeansFilter,poisson_16_gauss_0.2,16.0,0.2,sticks_009.tif,16.816739682316808,0.05953708082081458,0.609717845916748,0.0837155431509018,0.9840984463691711
Non-localMeansFilter,poisson_16_gauss_0.2,16.0,0.2,sticks_008.tif,16.718634997045704,0.08353633139943792,0.6483092308044434,0.08538743108510971,0.9845415711402893
Non-localMeansFilter,poisson_16_gauss_0.2,16.0,0.2,sticks_011.tif,16.71964602079297,0.0861296233520946,0.6536667346954346,0.08513633906841278,0.9734606996178627
Non-localMeansFilter,poisson_16_gauss_0.2,16.0,0.2,sticks_006.tif,16.81544278302263,0.06330467423325443,0.604435384273529,0.08362697064876556,0.9866548135876656
Non-localMeansFilter,poisson_16_gauss_0.2,16.0,0.2,sticks_010.tif,16.764513309043753,0.07474788385253237,0.6284083127975464,0.08453856408596039,0.9791605353355408
Non-localMeansFilter,poisson_16_gauss_0.2,16.0,0.2,sticks_012.tif,16.738556131756177,0.07652329648505457,0.6376057863235474,0.08506999164819717,0.9834725320339203
Non-localMeansFilter,poisson_16_gauss_0.2,16.0,0.2,sticks_016.tif,16.753373071665116,0.07766745694549092,0.6308736205101013,0.08449310809373856,0.9739155992865562
Non-localMeansFilter,poisson_16_gauss_0.2,16.0,0.2,sticks_013.tif,16.7257848153536,0.0863865730127223,0.6453417539596558,0.0848599299788475,0.9574416071176529
Non-localMeansFilter,poisson_16_gauss_0.2,16.0,0.2,sticks_014.tif,16.818209113451687,0.05538728307552965,0.6083964705467224,0.0840829387307167,1.003165566921234
Non-localMeansFilter,poisson_16_gauss_0.2,16.0,0.2,sticks_015.tif,16.766310101345887,0.07584983972997822,0.6402516961097717,0.08441402018070221,0.9747291445732117
Non-localMeansFilter,poisson_16_gauss_0.2,16.0,0.2,sticks_018.tif,16.73458962835063,0.07938378009772262,0.6423421502113342,0.08494819700717926,0.9717627868056298
Non-localMeansFilter,poisson_16_gauss_0.2,16.0,0.2,sticks_020.tif,16.733847335534243,0.0804496259254186,0.6325920224189758,0.08481250703334808,0.9739554777741433
Non-localMeansFilter,poisson_16_gauss_0.2,16.0,0.2,sticks_017.tif,16.7678727779369,0.07091104822078526,0.6303071975708008,0.08455221354961395,0.984274111688137
Non-localMeansFilter,poisson_16_gauss_0.2,16.0,0.2,sticks_019.tif,16.735695855554845,0.08526113263435077,0.6526718735694885,0.08480001240968704,0.9691248133778572
Non-localMeansFilter,poisson_16_gauss_0.2,16.0,0.2,sticks_021.tif,16.760711641033023,0.07955970129585828,0.6369112730026245,0.08445906639099121,0.9745253518223762
Non-localMeansFilter,poisson_16_gauss_0.2,16.0,0.2,sticks_022.tif,16.77078395276194,0.06997821312313186,0.6210246682167053,0.08440231531858444,0.9827348127961159
Non-localMeansFilter,poisson_16_gauss_0.2,16.0,0.2,sticks_023.tif,16.686218619251328,0.09313667423977594,0.6628881692886353,0.08563248068094254,0.9715799078345299
Non-localMeansFilter,poisson_16_gauss_0.2,16.0,0.2,sticks_024.tif,16.78528658852882,0.06839977716748159,0.6210325360298157,0.08429255336523056,0.9878436297178268
Non-localMeansFilter,poisson_16_gauss_0.2,16.0,0.2,sticks_025.tif,16.721819314168712,0.08808102135432842,0.6555795073509216,0.08497513830661774,0.9654632821679116
Non-localMeansFilter,poisson_16_gauss_0.2,16.0,0.2,sticks_026.tif,16.77201001263058,0.06916466105818446,0.6165541410446167,0.08458789438009262,0.9901753902435303
Non-localMeansFilter,poisson_16_gauss_0.2,16.0,0.2,sticks_027.tif,16.662390633068046,0.09745540013818149,0.6747873425483704,0.08644549548625946,0.9734927207231522
Non-localMeansFilter,poisson_16_gauss_0.2,16.0,0.2,sticks_028.tif,16.77941848223864,0.06782917939107752,0.6207919716835022,0.08442486822605133,0.9932920321822166
Non-localMeansFilter,poisson_16_gauss_0.2,16.0,0.2,sticks_029.tif,16.709185377832274,0.08619931940847854,0.6493856906890869,0.08542884886264801,0.9769124567508698
Non-localMeansFilter,poisson_16_gauss_0.2,16.0,0.2,sticks_030.tif,16.72789631913559,0.08384331478433724,0.6474185585975647,0.08499270677566528,0.9698281332850456
Non-localMeansFilter,poisson_16_gauss_0.2,16.0,0.2,sticks_032.tif,16.73185095056787,0.08709327287381691,0.6529852747917175,0.08480554074048996,0.964528426527977
Non-localMeansFilter,poisson_16_gauss_0.2,16.0,0.2,sticks_031.tif,16.776318223467513,0.06793714424871344,0.6180958151817322,0.08454518020153046,0.9884988218545914
Non-localMeansFilter,poisson_16_gauss_0.2,16.0,0.2,sticks_033.tif,16.70683696215535,0.08695140028716332,0.6400636434555054,0.08532139658927917,0.9797685593366623
Non-localMeansFilter,poisson_16_gauss_0.2,16.0,0.2,sticks_034.tif,16.754875127869337,0.0721944700519958,0.6199301481246948,0.08466621488332748,0.9800352990627289
Non-localMeansFilter,poisson_16_gauss_0.2,16.0,0.2,sticks_035.tif,16.72949952953825,0.08429980052803904,0.6531643867492676,0.08486772328615189,0.9673455581068993
Non-localMeansFilter,poisson_16_gauss_0.2,16.0,0.2,sticks_036.tif,16.814938203122352,0.062411624553835504,0.6013500690460205,0.08359846472740173,0.9863495856523514
Non-localMeansFilter,poisson_16_gauss_0.2,16.0,0.2,sticks_037.tif,16.75970631010987,0.07351128770061847,0.6194661259651184,0.08466273546218872,0.9811540961265564
Non-localMeansFilter,poisson_16_gauss_0.2,16.0,0.2,sticks_038.tif,16.82602663071766,0.054818982056349636,0.5991076231002808,0.08374060690402985,0.9963915064930916
Non-localMeansFilter,poisson_16_gauss_0.2,16.0,0.2,sticks_040.tif,16.71678812839511,0.0864682465898956,0.6508089900016785,0.08515647053718567,0.9754814475774765
Non-localMeansFilter,poisson_16_gauss_0.2,16.0,0.2,sticks_039.tif,16.745039511682023,0.07952260472724237,0.6439753174781799,0.08464459329843521,0.9778701424598694
Non-localMeansFilter,poisson_16_gauss_0.2,16.0,0.2,sticks_041.tif,16.80322160310409,0.06336936591180413,0.6171810030937195,0.08397616446018219,0.9856818005442619
Non-localMeansFilter,poisson_16_gauss_0.2,16.0,0.2,sticks_042.tif,16.830107378418912,0.056442674899685776,0.6008445620536804,0.08366270363330841,0.9928582906723022
Non-localMeansFilter,poisson_16_gauss_0.2,16.0,0.2,sticks_043.tif,16.69699332687673,0.09155798027428329,0.6605892777442932,0.08539688587188721,0.9682840794324875
Non-localMeansFilter,poisson_16_gauss_0.2,16.0,0.2,sticks_044.tif,16.708328442099067,0.09009403182834437,0.6489487886428833,0.08518452197313309,0.9680719614028931
Non-localMeansFilter,poisson_16_gauss_0.2,16.0,0.2,sticks_045.tif,16.79749567636205,0.0637408642196888,0.6238636374473572,0.08394525945186615,0.9814491048455238
Non-localMeansFilter,poisson_16_gauss_0.2,16.0,0.2,sticks_046.tif,16.82751626641746,0.056033151416290256,0.6008386611938477,0.08380254358053207,0.9943916916847229
Non-localMeansFilter,poisson_16_gauss_0.2,16.0,0.2,sticks_047.tif,16.830252606856757,0.056263364793990266,0.59732985496521,0.083698570728302,0.9988938137888909
Non-localMeansFilter,poisson_16_gauss_0.2,16.0,0.2,sticks_049.tif,16.765014321513707,0.07336524698423262,0.6276318430900574,0.0843464583158493,0.9823293715715409
Non-localMeansFilter,poisson_16_gauss_0.2,16.0,0.2,sticks_048.tif,16.75048469817618,0.07465370448546656,0.6322236657142639,0.08490891754627228,0.9907472148537636
Non-localMeansFilter,poisson_16_gauss_0.2,16.0,0.2,sticks_050.tif,16.81902388333363,0.05728029690470274,0.5980281233787537,0.08369370549917221,0.9923293322324753
Non-localMeansFilter,poisson_16_gauss_0.2,16.0,0.2,sticks_051.tif,16.693077693627423,0.08920467353322231,0.6537327170372009,0.08564253896474838,0.9642984420061111
Non-localMeansFilter,poisson_16_gauss_0.2,16.0,0.2,sticks_053.tif,16.704572784641115,0.08831812779293834,0.6453997492790222,0.0853281170129776,0.9685333147644997
Non-localMeansFilter,poisson_16_gauss_0.2,16.0,0.2,sticks_052.tif,16.741287949220627,0.08364612752843167,0.6412157416343689,0.08461327850818634,0.966329762339592
Non-localMeansFilter,poisson_16_gauss_0.2,16.0,0.2,sticks_054.tif,16.812296159800585,0.06142113591144838,0.6127299666404724,0.08387279510498047,0.9925499215722084
Non-localMeansFilter,poisson_16_gauss_0.2,16.0,0.2,sticks_055.tif,16.70807163029391,0.08475643675962163,0.6549869179725647,0.0853370726108551,0.9722819969058036
Non-localMeansFilter,poisson_16_gauss_0.2,16.0,0.2,sticks_056.tif,16.75517164398272,0.0731575922513978,0.627137303352356,0.08469273149967194,0.9873334899544716
Non-localMeansFilter,poisson_16_gauss_0.2,16.0,0.2,sticks_059.tif,16.81480797864057,0.06132795341162217,0.6112058758735657,0.08385100960731506,0.9939364671707154
Non-localMeansFilter,poisson_16_gauss_0.2,16.0,0.2,sticks_058.tif,16.758255478758645,0.07865698424255574,0.6364873051643372,0.08459031581878662,0.9731761485338211
Non-localMeansFilter,poisson_16_gauss_0.2,16.0,0.2,sticks_057.tif,16.727743424614946,0.08859461616430303,0.6560580134391785,0.08497508615255356,0.9653798446059227
Non-localMeansFilter,poisson_16_gauss_0.2,16.0,0.2,sticks_060.tif,16.81550426610037,0.05867760231353178,0.6042263507843018,0.08390503376722336,0.9900264129042625
Non-localMeansFilter,poisson_16_gauss_0.2,16.0,0.2,sticks_063.tif,16.740775665888375,0.07631404404654653,0.6347033381462097,0.08511672914028168,0.9848668649792671
Non-localMeansFilter,poisson_16_gauss_0.2,16.0,0.2,sticks_061.tif,16.684781183274097,0.09585941828945159,0.6651918888092041,0.0854630321264267,0.9644305422902107
Non-localMeansFilter,poisson_16_gauss_0.2,16.0,0.2,sticks_062.tif,16.784421815425073,0.06262441940583376,0.6084432005882263,0.08405621349811554,0.9835858985781669
Non-localMeansFilter,poisson_16_gauss_0.2,16.0,0.2,sticks_067.tif,16.719456152030865,0.08543884169855415,0.6488199830055237,0.08525384962558746,0.9767873033881187
Non-localMeansFilter,poisson_16_gauss_0.2,16.0,0.2,sticks_066.tif,16.743891733584054,0.08258421384739631,0.636908769607544,0.08462384343147278,0.9714982584118843
Non-localMeansFilter,poisson_16_gauss_0.2,16.0,0.2,sticks_065.tif,16.752026727896926,0.0753895343038881,0.6403399705886841,0.08462660759687424,0.973251248896122
Non-localMeansFilter,poisson_16_gauss_0.2,16.0,0.2,sticks_068.tif,16.799157254379953,0.06356723141766171,0.6062711477279663,0.08420663326978683,0.9945277810096741
Non-localMeansFilter,poisson_16_gauss_0.2,16.0,0.2,sticks_069.tif,16.73381558684215,0.0801986933579325,0.645248293876648,0.08500145375728607,0.9741398885846138
Non-localMeansFilter,poisson_16_gauss_0.2,16.0,0.2,sticks_064.tif,16.768259337181565,0.06764568251119751,0.6269481182098389,0.08462922275066376,0.9890535354614258
Non-localMeansFilter,poisson_16_gauss_0.2,16.0,0.2,sticks_070.tif,16.7587476021203,0.07596632876013165,0.6338417530059814,0.08468570560216904,0.988209941983223
Non-localMeansFilter,poisson_16_gauss_0.2,16.0,0.2,sticks_071.tif,16.737750734899073,0.0813348641842624,0.6430891156196594,0.08491844683885574,0.9829394578933716
Non-localMeansFilter,poisson_16_gauss_0.2,16.0,0.2,sticks_072.tif,16.803881805291763,0.06014790342871456,0.6085622310638428,0.08399556577205658,0.9946246266365051
Non-localMeansFilter,poisson_16_gauss_0.2,16.0,0.2,sticks_073.tif,16.78559712856441,0.0659141908935058,0.6222379803657532,0.08433060348033905,0.9859671667218208
Non-localMeansFilter,poisson_16_gauss_0.2,16.0,0.2,sticks_074.tif,16.788066913863425,0.07027121478782551,0.6215488314628601,0.08404677361249924,0.9860449001193047
Non-localMeansFilter,poisson_16_gauss_0.2,16.0,0.2,sticks_075.tif,16.73581517248796,0.088103970303277,0.649245023727417,0.08469265699386597,0.9626795947551727
Non-localMeansFilter,poisson_16_gauss_0.2,16.0,0.2,sticks_076.tif,16.745067597821738,0.07912833469045856,0.648777961730957,0.08508306741714478,0.989884665608406
Non-localMeansFilter,poisson_16_gauss_0.2,16.0,0.2,sticks_077.tif,16.70595288535152,0.0909348493182451,0.6578354239463806,0.0851009339094162,0.9624332532286644
Non-localMeansFilter,poisson_16_gauss_0.2,16.0,0.2,sticks_078.tif,16.768796314470006,0.075731494786725,0.6291826963424683,0.08413264155387878,0.9678976356983184
Non-localMeansFilter,poisson_16_gauss_0.2,16.0,0.2,sticks_079.tif,16.73457794682697,0.07920025825603431,0.6445013284683228,0.08514516055583954,0.9820777356624604
Non-localMeansFilter,poisson_16_gauss_0.2,16.0,0.2,sticks_080.tif,16.693766347614407,0.09635120456403042,0.6597881317138672,0.08541470021009445,0.9637569338083267
Non-localMeansFilter,poisson_16_gauss_0.2,16.0,0.2,sticks_081.tif,16.703768385382563,0.0910114867719762,0.6567307114601135,0.08542241901159286,0.9737234592437745
Non-localMeansFilter,poisson_16_gauss_0.2,16.0,0.2,sticks_082.tif,16.708828833559615,0.0870158417554596,0.6557803750038147,0.08545038104057312,0.9782215148210526
Non-localMeansFilter,poisson_16_gauss_0.2,16.0,0.2,sticks_084.tif,16.72668844435254,0.08018279356245195,0.6470959186553955,0.08512229472398758,0.9759662076830864
Non-localMeansFilter,poisson_16_gauss_0.2,16.0,0.2,sticks_083.tif,16.78762636854641,0.0700192312269656,0.62344890832901,0.08412455022335052,0.9838124707341194
Non-localMeansFilter,poisson_16_gauss_0.2,16.0,0.2,sticks_085.tif,16.74204143326208,0.07374714278212524,0.6280599236488342,0.08442746102809906,0.9701623007655144
Non-localMeansFilter,poisson_16_gauss_0.2,16.0,0.2,sticks_086.tif,16.736270874344836,0.08167825909696214,0.6408466100692749,0.08453633636236191,0.9654748693108559
Non-localMeansFilter,poisson_16_gauss_0.2,16.0,0.2,sticks_088.tif,16.778330573761938,0.07835762634005006,0.6316486597061157,0.08401341736316681,0.9733745515346527
Non-localMeansFilter,poisson_16_gauss_0.2,16.0,0.2,sticks_087.tif,16.7459907342585,0.07675354941429893,0.6389704346656799,0.0847717672586441,0.9739871874451638
Non-localMeansFilter,poisson_16_gauss_0.2,16.0,0.2,sticks_089.tif,16.784276346703315,0.0697104929346937,0.6251309514045715,0.08426316827535629,0.989343884587288
Non-localMeansFilter,poisson_16_gauss_0.2,16.0,0.2,sticks_090.tif,16.718699360642642,0.08771567392929355,0.6514605283737183,0.08493714034557343,0.9676929965615273
Non-localMeansFilter,poisson_16_gauss_0.2,16.0,0.2,sticks_091.tif,16.803079723947036,0.06827985369422926,0.6204395294189453,0.08372300863265991,0.976609542965889
Non-localMeansFilter,poisson_16_gauss_0.2,16.0,0.2,sticks_092.tif,16.743761891355277,0.07283274246211262,0.6314093470573425,0.08489014953374863,0.978381460905075
Non-localMeansFilter,poisson_16_gauss_0.2,16.0,0.2,sticks_093.tif,16.700171883907515,0.09040747129429863,0.6540350317955017,0.0855737254023552,0.9768343135714531
Non-localMeansFilter,poisson_16_gauss_0.2,16.0,0.2,sticks_095.tif,16.634475148276724,0.1016412163884984,0.6658964157104492,0.0863315612077713,0.9567598670721054
Non-localMeansFilter,poisson_16_gauss_0.2,16.0,0.2,sticks_096.tif,16.716126868861807,0.0856160462143528,0.6405132412910461,0.08522892743349075,0.9736448034644127
Non-localMeansFilter,poisson_16_gauss_0.2,16.0,0.2,sticks_097.tif,16.74264627912928,0.07663501524759274,0.6444119215011597,0.08497103303670883,0.9864328667521477
Non-localMeansFilter,poisson_16_gauss_0.2,16.0,0.2,sticks_098.tif,16.697471550067377,0.09115937969494821,0.6514228582382202,0.08543671667575836,0.9700852364301682
Non-localMeansFilter,poisson_16_gauss_0.2,16.0,0.2,sticks_099.tif,16.72782923850537,0.07777780448483114,0.6373888850212097,0.08516158908605576,0.9819094508886337
Non-localMeansFilter,poisson_16_gauss_0.2,16.0,0.2,sticks_094.tif,16.749682821676345,0.08173392013255482,0.6346725821495056,0.08430187404155731,0.9646105378866195
Non-localMeansFilter,poisson_1_gauss_0.05,1.0,0.05,sticks_000.tif,19.860921860780223,0.2299537027471068,0.9033973217010498,0.03778427839279175,0.3808466884715017
Non-localMeansFilter,poisson_1_gauss_0.05,1.0,0.05,sticks_001.tif,18.816714416280163,0.23904655378194573,0.909785807132721,0.043585341423749924,0.4245850451727165
Non-localMeansFilter,poisson_1_gauss_0.05,1.0,0.05,sticks_002.tif,20.794221156546726,0.22791249761425839,0.9021660685539246,0.0338447242975235,0.33609868765925055
Non-localMeansFilter,poisson_1_gauss_0.05,1.0,0.05,sticks_003.tif,19.84443016098292,0.23638368351699554,0.9044022560119629,0.0380156934261322,0.37731931095186155
Non-localMeansFilter,poisson_1_gauss_0.05,1.0,0.05,sticks_004.tif,19.591639224123856,0.23631678662112798,0.9013481736183167,0.039187099784612656,0.3837622598715825
Non-localMeansFilter,poisson_1_gauss_0.05,1.0,0.05,sticks_005.tif,20.451167791133138,0.22725464801183604,0.8899789452552795,0.035157058387994766,0.36519619066966696
Non-localMeansFilter,poisson_1_gauss_0.05,1.0,0.05,sticks_007.tif,19.243270603167254,0.23507755456810553,0.9094453454017639,0.0409964993596077,0.3966207060526358
Non-localMeansFilter,poisson_1_gauss_0.05,1.0,0.05,sticks_009.tif,20.522772342077996,0.22701163836927504,0.8977537155151367,0.03489354997873306,0.3660009076440474
Non-localMeansFilter,poisson_1_gauss_0.05,1.0,0.05,sticks_008.tif,19.303316564448764,0.23184188354552163,0.8955003023147583,0.04064006358385086,0.38460065114486497
Non-localMeansFilter,poisson_1_gauss_0.05,1.0,0.05,sticks_011.tif,19.372606804247262,0.23962318766560525,0.911506175994873,0.04036135971546173,0.3816742957918905
Non-localMeansFilter,poisson_1_gauss_0.05,1.0,0.05,sticks_006.tif,20.573738332307766,0.22914636373892922,0.899596095085144,0.03478178009390831,0.36387655654980333
Non-localMeansFilter,poisson_1_gauss_0.05,1.0,0.05,sticks_010.tif,19.842017084647253,0.23176498325148018,0.9037961363792419,0.03796091675758362,0.3703107218432706
Non-localMeansFilter,poisson_1_gauss_0.05,1.0,0.05,sticks_012.tif,19.498956358582543,0.23166884030939475,0.9043319225311279,0.03957081586122513,0.40083253814955244
Non-localMeansFilter,poisson_1_gauss_0.05,1.0,0.05,sticks_016.tif,19.895543384432088,0.23740188556382133,0.9064775109291077,0.03776457905769348,0.36894964013190473
Non-localMeansFilter,poisson_1_gauss_0.05,1.0,0.05,sticks_013.tif,19.604705663991616,0.24345849946321782,0.9127887487411499,0.03931068629026413,0.3740314931870671
Non-localMeansFilter,poisson_1_gauss_0.05,1.0,0.05,sticks_014.tif,20.27761228668361,0.2192803524578268,0.893144965171814,0.03563117980957031,0.4029504098376492
Non-localMeansFilter,poisson_1_gauss_0.05,1.0,0.05,sticks_015.tif,19.97740035762968,0.23466397295770716,0.9039523005485535,0.03738679364323616,0.3765472754836082
Non-localMeansFilter,poisson_1_gauss_0.05,1.0,0.05,sticks_018.tif,19.569845991751812,0.2357701116280413,0.9098313450813293,0.03935978189110756,0.3906091864773771
Non-localMeansFilter,poisson_1_gauss_0.05,1.0,0.05,sticks_020.tif,19.62633755087292,0.23920036060757835,0.9083394408226013,0.0391213521361351,0.3735972140566446
Non-localMeansFilter,poisson_1_gauss_0.05,1.0,0.05,sticks_017.tif,19.833308416931843,0.2289633026654377,0.8977583050727844,0.037957195192575455,0.3974298687360715
Non-localMeansFilter,poisson_1_gauss_0.05,1.0,0.05,sticks_019.tif,19.59442121818318,0.24043995639757143,0.9081352353096008,0.039284076541662216,0.3648492039297707
Non-localMeansFilter,poisson_1_gauss_0.05,1.0,0.05,sticks_021.tif,19.87775755671332,0.23715993854192002,0.9055163860321045,0.03787332400679588,0.3632541032216977
Non-localMeansFilter,poisson_1_gauss_0.05,1.0,0.05,sticks_022.tif,19.94965917554639,0.23008959077284663,0.9029502272605896,0.03740484267473221,0.38176549509807955
Non-localMeansFilter,poisson_1_gauss_0.05,1.0,0.05,sticks_023.tif,19.070682884084142,0.24131753972899586,0.9098964929580688,0.042071472853422165,0.3776777635124745
Non-localMeansFilter,poisson_1_gauss_0.05,1.0,0.05,sticks_024.tif,20.016095920024377,0.22952268933354544,0.8962579965591431,0.03705713525414467,0.3773675105185248
Non-localMeansFilter,poisson_1_gauss_0.05,1.0,0.05,sticks_025.tif,19.4808788298994,0.24254631543199873,0.9115288257598877,0.03993961215019226,0.3790396527270786
Non-localMeansFilter,poisson_1_gauss_0.05,1.0,0.05,sticks_026.tif,19.79553138578811,0.22798321787005707,0.9013752341270447,0.03808017075061798,0.37819972064753526
Non-localMeansFilter,poisson_1_gauss_0.05,1.0,0.05,sticks_027.tif,18.604293391849698,0.23685842182033304,0.9086670875549316,0.044781096279621124,0.4325795401528012
Non-localMeansFilter,poisson_1_gauss_0.05,1.0,0.05,sticks_028.tif,19.981443941592257,0.22652561090614942,0.8964369297027588,0.03713534027338028,0.37086386418959594
Non-localMeansFilter,poisson_1_gauss_0.05,1.0,0.05,sticks_029.tif,19.189612668766767,0.23647221258054793,0.9001622796058655,0.04134043678641319,0.3762797467294149
Non-localMeansFilter,poisson_1_gauss_0.05,1.0,0.05,sticks_030.tif,19.495541743528143,0.23805338604993334,0.9042381644248962,0.03974802792072296,0.38040940524369943
Non-localMeansFilter,poisson_1_gauss_0.05,1.0,0.05,sticks_032.tif,19.629745810288092,0.24201076761223955,0.9027417302131653,0.03917784243822098,0.36150659994455053
Non-localMeansFilter,poisson_1_gauss_0.05,1.0,0.05,sticks_031.tif,19.865347772998746,0.22679814664226955,0.8998386263847351,0.03769355267286301,0.389173092629062
Non-localMeansFilter,poisson_1_gauss_0.05,1.0,0.05,sticks_033.tif,19.334728455593694,0.2379500170162325,0.8951106667518616,0.0405871607363224,0.36190466661937537
Non-localMeansFilter,poisson_1_gauss_0.05,1.0,0.05,sticks_034.tif,19.780251843265887,0.23208243330341544,0.9076677560806274,0.038296960294246674,0.38925781635334716
Non-localMeansFilter,poisson_1_gauss_0.05,1.0,0.05,sticks_035.tif,19.594913996419745,0.24065510284677083,0.9094281792640686,0.03921771049499512,0.3719461205939297
Non-localMeansFilter,poisson_1_gauss_0.05,1.0,0.05,sticks_036.tif,20.646543085900745,0.2303919853750797,0.8986782431602478,0.0345119908452034,0.35157639485260006
Non-localMeansFilter,poisson_1_gauss_0.05,1.0,0.05,sticks_037.tif,19.79600501794786,0.2307768085065077,0.8960708975791931,0.03817741945385933,0.38731321892410053
Non-localMeansFilter,poisson_1_gauss_0.05,1.0,0.05,sticks_038.tif,20.49518947824219,0.22146436535403394,0.8990822434425354,0.03478493541479111,0.3825798039732035
Non-localMeansFilter,poisson_1_gauss_0.05,1.0,0.05,sticks_040.tif,19.363924121201993,0.23821383114407207,0.9043307304382324,0.040444668382406235,0.3674692563217832
Non-localMeansFilter,poisson_1_gauss_0.05,1.0,0.05,sticks_039.tif,19.74581014725247,0.23722800123657517,0.9113325476646423,0.03846914321184158,0.37137326489028055
Non-localMeansFilter,poisson_1_gauss_0.05,1.0,0.05,sticks_041.tif,20.27380086923891,0.2280507053053694,0.9030577540397644,0.03590146452188492,0.37477206910552924
Non-localMeansFilter,poisson_1_gauss_0.05,1.0,0.05,sticks_042.tif,20.521706549471407,0.22330777847915348,0.8942320346832275,0.03476742282509804,0.3923105901456438
Non-localMeansFilter,poisson_1_gauss_0.05,1.0,0.05,sticks_043.tif,19.263077830615046,0.24202285570821205,0.9149013757705688,0.041061971336603165,0.3735734294954455
Non-localMeansFilter,poisson_1_gauss_0.05,1.0,0.05,sticks_044.tif,19.351277778140915,0.24215131509573246,0.9030556082725525,0.04054701700806618,0.36846286578220316
Non-localMeansFilter,poisson_1_gauss_0.05,1.0,0.05,sticks_045.tif,20.357964509021606,0.22935839347490683,0.9035595655441284,0.035609759390354156,0.36568314958130943
Non-localMeansFilter,poisson_1_gauss_0.05,1.0,0.05,sticks_046.tif,20.44409956513011,0.22191105337816178,0.8924155235290527,0.035046759992837906,0.3825816304481123
Non-localMeansFilter,poisson_1_gauss_0.05,1.0,0.05,sticks_047.tif,20.46574679050821,0.2221620991095324,0.8923752307891846,0.03491586819291115,0.3744766583899036
Non-localMeansFilter,poisson_1_gauss_0.05,1.0,0.05,sticks_049.tif,19.948005064124384,0.23440801271087236,0.9068507552146912,0.037482619285583496,0.35384165614377705
Non-localMeansFilter,poisson_1_gauss_0.05,1.0,0.05,sticks_048.tif,19.62837033338944,0.23064509525745333,0.9012532830238342,0.03890765830874443,0.3858320480736438
Non-localMeansFilter,poisson_1_gauss_0.05,1.0,0.05,sticks_050.tif,20.549756215939794,0.22443183539696668,0.8973111510276794,0.03471482917666435,0.3636523430701345
Non-localMeansFilter,poisson_1_gauss_0.05,1.0,0.05,sticks_051.tif,19.112695404887937,0.23910035708648295,0.9088632464408875,0.04179581254720688,0.409406877096626
Non-localMeansFilter,poisson_1_gauss_0.05,1.0,0.05,sticks_053.tif,19.37010929879968,0.24046263063893314,0.9114373922348022,0.04049185290932655,0.38509476688923316
Non-localMeansFilter,poisson_1_gauss_0.05,1.0,0.05,sticks_052.tif,19.77025324701858,0.2427437981608088,0.9136803150177002,0.03839893266558647,0.3539625732490094
Non-localMeansFilter,poisson_1_gauss_0.05,1.0,0.05,sticks_054.tif,20.33675838884602,0.22551605928192495,0.8906756639480591,0.03558272123336792,0.3577280619589146
Non-localMeansFilter,poisson_1_gauss_0.05,1.0,0.05,sticks_055.tif,19.265137769668613,0.23860656409846806,0.9163301587104797,0.04095196723937988,0.3834647926239995
Non-localMeansFilter,poisson_1_gauss_0.05,1.0,0.05,sticks_056.tif,19.743061093370134,0.23170219800306774,0.9062837958335876,0.038469064980745316,0.36996109143365175
Non-localMeansFilter,poisson_1_gauss_0.05,1.0,0.05,sticks_059.tif,20.43938482185595,0.22566666536949195,0.8905677199363708,0.03514406457543373,0.37092146593495273
Non-localMeansFilter,poisson_1_gauss_0.05,1.0,0.05,sticks_058.tif,19.772111037811655,0.23536563927527698,0.9061455130577087,0.03836609795689583,0.3875611873721937
Non-localMeansFilter,poisson_1_gauss_0.05,1.0,0.05,sticks_057.tif,19.53219513244526,0.24163169502415016,0.9090585112571716,0.039603088051080704,0.3777008009608835
Non-localMeansFilter,poisson_1_gauss_0.05,1.0,0.05,sticks_060.tif,20.373966286161085,0.22388361556748387,0.9002526998519897,0.035382144153118134,0.38162034363485875
Non-localMeansFilter,poisson_1_gauss_0.05,1.0,0.05,sticks_063.tif,19.48002379146361,0.23003141868030058,0.9056537747383118,0.039604611694812775,0.39237173830915706
Non-localMeansFilter,poisson_1_gauss_0.05,1.0,0.05,sticks_061.tif,19.216600973943983,0.24511015012969076,0.9125760793685913,0.041311003267765045,0.36148710243578536
Non-localMeansFilter,poisson_1_gauss_0.05,1.0,0.05,sticks_062.tif,20.211348320916322,0.23064727220564518,0.908279538154602,0.036315035074949265,0.35941932896967044
Non-localMeansFilter,poisson_1_gauss_0.05,1.0,0.05,sticks_067.tif,19.362442355436468,0.23551224050811634,0.904689610004425,0.0404634103178978,0.37199909911723805
Non-localMeansFilter,poisson_1_gauss_0.05,1.0,0.05,sticks_066.tif,19.75196056078022,0.24022012545205212,0.906225323677063,0.03851373866200447,0.35472123984945936
Non-localMeansFilter,poisson_1_gauss_0.05,1.0,0.05,sticks_065.tif,19.74151806325153,0.23575407883817734,0.9104436635971069,0.03847694396972656,0.38697647271910685
Non-localMeansFilter,poisson_1_gauss_0.05,1.0,0.05,sticks_068.tif,20.100302881242627,0.22429528405230287,0.8999683260917664,0.036580879241228104,0.38734709650743754
Non-localMeansFilter,poisson_1_gauss_0.05,1.0,0.05,sticks_069.tif,19.56956361446885,0.23538598130061883,0.9070290923118591,0.03933090716600418,0.3953142687823856
Non-localMeansFilter,poisson_1_gauss_0.05,1.0,0.05,sticks_064.tif,19.77199142531746,0.2264796069937534,0.901373565196991,0.03819194436073303,0.3834451443544822
Non-localMeansFilter,poisson_1_gauss_0.05,1.0,0.05,sticks_070.tif,19.780883344917047,0.23103248297238294,0.8988474607467651,0.03820647671818733,0.37537778659607285
Non-localMeansFilter,poisson_1_gauss_0.05,1.0,0.05,sticks_071.tif,19.562153397134836,0.23664924426522368,0.9036284685134888,0.0393926240503788,0.3788112761918455
Non-localMeansFilter,poisson_1_gauss_0.05,1.0,0.05,sticks_072.tif,20.29089818167215,0.2235540374687728,0.8976156711578369,0.035732872784137726,0.36748625375912525
Non-localMeansFilter,poisson_1_gauss_0.05,1.0,0.05,sticks_073.tif,20.005303552226263,0.22670297576451945,0.8982995748519897,0.03706740215420723,0.3806579781201435
Non-localMeansFilter,poisson_1_gauss_0.05,1.0,0.05,sticks_074.tif,20.197428997032894,0.2317445880249927,0.893162727355957,0.03637322410941124,0.3512901211390272
Non-localMeansFilter,poisson_1_gauss_0.05,1.0,0.05,sticks_075.tif,19.703734716115097,0.24443234620142068,0.9095242023468018,0.03880897909402847,0.35750262151414064
Non-localMeansFilter,poisson_1_gauss_0.05,1.0,0.05,sticks_076.tif,19.504476093196583,0.2308368955919386,0.901723325252533,0.03949786350131035,0.4055118075833889
Non-localMeansFilter,poisson_1_gauss_0.05,1.0,0.05,sticks_077.tif,19.401336642778773,0.24426099906968535,0.9136704206466675,0.0403253510594368,0.36890413344081024
Non-localMeansFilter,poisson_1_gauss_0.05,1.0,0.05,sticks_078.tif,20.087270878577264,0.23920145279438687,0.9141388535499573,0.03695271536707878,0.35588532987167126
Non-localMeansFilter,poisson_1_gauss_0.05,1.0,0.05,sticks_079.tif,19.44372014330231,0.23098656404192672,0.89927077293396,0.039853762835264206,0.4054392495803768
Non-localMeansFilter,poisson_1_gauss_0.05,1.0,0.05,sticks_080.tif,19.21704634760453,0.246181532744891,0.909788191318512,0.04136808589100838,0.38704217653139494
Non-localMeansFilter,poisson_1_gauss_0.05,1.0,0.05,sticks_081.tif,19.253262600474716,0.24025748057438068,0.904258668422699,0.041076913475990295,0.38572085932828487
Non-localMeansFilter,poisson_1_gauss_0.05,1.0,0.05,sticks_082.tif,19.19700278430307,0.23704150108232283,0.9097920656204224,0.041273944079875946,0.4017779697227525
Non-localMeansFilter,poisson_1_gauss_0.05,1.0,0.05,sticks_084.tif,19.471654143373975,0.23500573743296918,0.9084432125091553,0.03986350819468498,0.4014741318882443
Non-localMeansFilter,poisson_1_gauss_0.05,1.0,0.05,sticks_083.tif,20.13096459399747,0.23060492524889592,0.8991363048553467,0.03657180443406105,0.3678869945229962
Non-localMeansFilter,poisson_1_gauss_0.05,1.0,0.05,sticks_085.tif,19.86743165302219,0.23821359085320623,0.9140418171882629,0.03802397474646568,0.35638868738897145
Non-localMeansFilter,poisson_1_gauss_0.05,1.0,0.05,sticks_086.tif,19.80691849527344,0.24323353546175175,0.9163183569908142,0.03822933882474899,0.36265658282791263
Non-localMeansFilter,poisson_1_gauss_0.05,1.0,0.05,sticks_088.tif,20.183853499158772,0.240761808914996,0.9092502593994141,0.03653688728809357,0.34211072598118336
Non-localMeansFilter,poisson_1_gauss_0.05,1.0,0.05,sticks_087.tif,19.653447361853694,0.2348137411998663,0.9129920601844788,0.03890084847807884,0.3959666776994709
Non-localMeansFilter,poisson_1_gauss_0.05,1.0,0.05,sticks_089.tif,20.01487332231287,0.22940472429904096,0.8992077708244324,0.03708674758672714,0.36761475624807644
Non-localMeansFilter,poisson_1_gauss_0.05,1.0,0.05,sticks_090.tif,19.5037471225752,0.24167000304972178,0.9144792556762695,0.03974441811442375,0.3592922828334849
Non-localMeansFilter,poisson_1_gauss_0.05,1.0,0.05,sticks_091.tif,20.49027111563083,0.2352865272025521,0.9046780467033386,0.035170529037714005,0.33668795209669045
Non-localMeansFilter,poisson_1_gauss_0.05,1.0,0.05,sticks_092.tif,19.63500367178857,0.23114415326095455,0.9054283499717712,0.03896888345479965,0.3936135980125982
Non-localMeansFilter,poisson_1_gauss_0.05,1.0,0.05,sticks_093.tif,19.14780708359719,0.2376061239443157,0.9037590026855469,0.04159029573202133,0.39712346621090544
Non-localMeansFilter,poisson_1_gauss_0.05,1.0,0.05,sticks_095.tif,18.680767528236125,0.24782006451461394,0.9156658053398132,0.04445484280586243,0.40908727562928104
Non-localMeansFilter,poisson_1_gauss_0.05,1.0,0.05,sticks_096.tif,19.386102133339552,0.2393251877490254,0.9044936895370483,0.04034806787967682,0.37884899135387967
Non-localMeansFilter,poisson_1_gauss_0.05,1.0,0.05,sticks_097.tif,19.57289052034045,0.23194513264298317,0.9072290062904358,0.03921337425708771,0.38700634631095454
Non-localMeansFilter,poisson_1_gauss_0.05,1.0,0.05,sticks_098.tif,19.163207530102227,0.2417828193262434,0.9125414490699768,0.04152775555849075,0.38176592577947305
Non-localMeansFilter,poisson_1_gauss_0.05,1.0,0.05,sticks_099.tif,19.46473878170311,0.23330374067502624,0.9110164642333984,0.03984302654862404,0.39743409245565997
Non-localMeansFilter,poisson_1_gauss_0.05,1.0,0.05,sticks_094.tif,19.984875664115616,0.24265791963608596,0.9033470749855042,0.03745848685503006,0.341249514586525
Non-localMeansFilter,poisson_1_gauss_0.1,1.0,0.1,sticks_000.tif,19.593830821820156,0.10537568685513768,0.8534252047538757,0.05360116809606552,0.5494105502963066
Non-localMeansFilter,poisson_1_gauss_0.1,1.0,0.1,sticks_001.tif,18.671868038725695,0.11860385488608077,0.8669575452804565,0.05887273699045181,0.56479432284832
Non-localMeansFilter,poisson_1_gauss_0.1,1.0,0.1,sticks_002.tif,20.379278318340365,0.09707752349430773,0.8503698706626892,0.0501505509018898,0.522740512341261
Non-localMeansFilter,poisson_1_gauss_0.1,1.0,0.1,sticks_003.tif,19.571642330948805,0.11159393206628923,0.8535169959068298,0.05391858145594597,0.5371761098504066
Non-localMeansFilter,poisson_1_gauss_0.1,1.0,0.1,sticks_004.tif,19.350548817982258,0.11471867423409998,0.8558292388916016,0.054873157292604446,0.5423340655863285
Non-localMeansFilter,poisson_1_gauss_0.1,1.0,0.1,sticks_005.tif,20.088973440243226,0.10031452868516501,0.8340552449226379,0.05130234360694885,0.539814879745245
Non-localMeansFilter,poisson_1_gauss_0.1,1.0,0.1,sticks_007.tif,19.03342925934281,0.11230301458748587,0.8666999340057373,0.05663362145423889,0.5580559723079205
Non-localMeansFilter,poisson_1_gauss_0.1,1.0,0.1,sticks_009.tif,20.15198555465468,0.09893431954936553,0.8462882041931152,0.051024675369262695,0.5363620348274708
Non-localMeansFilter,poisson_1_gauss_0.1,1.0,0.1,sticks_008.tif,19.08609755545971,0.11127895398594466,0.8478569984436035,0.05619334429502487,0.5558154180645942
Non-localMeansFilter,poisson_1_gauss_0.1,1.0,0.1,sticks_011.tif,19.17009405044994,0.11645037900664569,0.8679226040840149,0.05600564554333687,0.5421003229916096
Non-localMeansFilter,poisson_1_gauss_0.1,1.0,0.1,sticks_006.tif,20.19666474138831,0.10133716948622865,0.8446872234344482,0.050987761467695236,0.5330139681696892
Non-localMeansFilter,poisson_1_gauss_0.1,1.0,0.1,sticks_010.tif,19.567864131252467,0.10774295127789695,0.854503870010376,0.05379210785031319,0.543080136924982
Non-localMeansFilter,poisson_1_gauss_0.1,1.0,0.1,sticks_012.tif,19.272003951242848,0.1079825698190324,0.857641875743866,0.05519593879580498,0.5524117797613144
Non-localMeansFilter,poisson_1_gauss_0.1,1.0,0.1,sticks_016.tif,19.60504804659543,0.11143186473287363,0.8567376136779785,0.053771067410707474,0.5299857556819916
Non-localMeansFilter,poisson_1_gauss_0.1,1.0,0.1,sticks_013.tif,19.353143801714637,0.11801689805600483,0.8662862777709961,0.05523213744163513,0.526167231798172
Non-localMeansFilter,poisson_1_gauss_0.1,1.0,0.1,sticks_014.tif,19.929442925695597,0.09393346899548136,0.8436024785041809,0.051547497510910034,0.5608939781785012
Non-localMeansFilter,poisson_1_gauss_0.1,1.0,0.1,sticks_015.tif,19.682024622197595,0.11042976691317889,0.8575243949890137,0.053334128111600876,0.5348508499562741
Non-localMeansFilter,poisson_1_gauss_0.1,1.0,0.1,sticks_018.tif,19.336324438165878,0.1112653913200012,0.8650153875350952,0.05507630854845047,0.5422750383615493
Non-localMeansFilter,poisson_1_gauss_0.1,1.0,0.1,sticks_020.tif,19.38160175072342,0.11277138093568985,0.8588119745254517,0.054948609322309494,0.5313276514410973
Non-localMeansFilter,poisson_1_gauss_0.1,1.0,0.1,sticks_017.tif,19.555427864200112,0.10435937868353466,0.8495405316352844,0.053788863122463226,0.5490523852407933
Non-localMeansFilter,poisson_1_gauss_0.1,1.0,0.1,sticks_019.tif,19.354293496699185,0.11572925671765123,0.8619702458381653,0.055122487246990204,0.5282792702317238
Non-localMeansFilter,poisson_1_gauss_0.1,1.0,0.1,sticks_021.tif,19.598640009805223,0.11211374715585677,0.8563390970230103,0.05378992110490799,0.5271816201508045
Non-localMeansFilter,poisson_1_gauss_0.1,1.0,0.1,sticks_022.tif,19.679277619830827,0.1047199904065582,0.8530077338218689,0.05328552797436714,0.5422736883163453
Non-localMeansFilter,poisson_1_gauss_0.1,1.0,0.1,sticks_023.tif,18.898380373915,0.11977320306296238,0.8681761026382446,0.05757691711187363,0.5389826878905296
Non-localMeansFilter,poisson_1_gauss_0.1,1.0,0.1,sticks_024.tif,19.72043110005393,0.10369060668072556,0.8447298407554626,0.05297469347715378,0.5482103683054447
Non-localMeansFilter,poisson_1_gauss_0.1,1.0,0.1,sticks_025.tif,19.237563953633373,0.11925259126878134,0.8686148524284363,0.0557585284113884,0.5348020933568478
Non-localMeansFilter,poisson_1_gauss_0.1,1.0,0.1,sticks_026.tif,19.52678673723685,0.10277800114551006,0.8504559397697449,0.05386738106608391,0.54452970251441
Non-localMeansFilter,poisson_1_gauss_0.1,1.0,0.1,sticks_027.tif,18.452544405359642,0.12006302284949653,0.8704766035079956,0.05992932990193367,0.5660161606967449
Non-localMeansFilter,poisson_1_gauss_0.1,1.0,0.1,sticks_028.tif,19.691404320839307,0.10242751702629532,0.8454757928848267,0.052991170436143875,0.5486356861889362
Non-localMeansFilter,poisson_1_gauss_0.1,1.0,0.1,sticks_029.tif,18.998686130662932,0.11414932117466335,0.8543421030044556,0.056899767369031906,0.5474724836647511
Non-localMeansFilter,poisson_1_gauss_0.1,1.0,0.1,sticks_030.tif,19.26091182680636,0.11428176694514867,0.8584868311882019,0.05552083998918533,0.5363562606275082
Non-localMeansFilter,poisson_1_gauss_0.1,1.0,0.1,sticks_032.tif,19.374684929493924,0.11820742273886484,0.8561254143714905,0.05505908280611038,0.5320889100432395
Non-localMeansFilter,poisson_1_gauss_0.1,1.0,0.1,sticks_031.tif,19.578950525558298,0.10271507474563699,0.8514330983161926,0.05349695682525635,0.546239896863699
Non-localMeansFilter,poisson_1_gauss_0.1,1.0,0.1,sticks_033.tif,19.118947394861205,0.11476107329419094,0.8441005945205688,0.05626968666911125,0.5394926853477955
Non-localMeansFilter,poisson_1_gauss_0.1,1.0,0.1,sticks_034.tif,19.50515217483843,0.1062140209670232,0.8577690720558167,0.0541258379817009,0.540325329452753
Non-localMeansFilter,poisson_1_gauss_0.1,1.0,0.1,sticks_035.tif,19.35167421542632,0.11622105933311903,0.864403247833252,0.05505844205617905,0.5309808313846588
Non-localMeansFilter,poisson_1_gauss_0.1,1.0,0.1,sticks_036.tif,20.267204825249493,0.10095425491335311,0.8414387702941895,0.050767041742801666,0.5293521843850613
Non-localMeansFilter,poisson_1_gauss_0.1,1.0,0.1,sticks_037.tif,19.53285177194581,0.10623487635675691,0.8432048559188843,0.05396796390414238,0.5480653747916222
Non-localMeansFilter,poisson_1_gauss_0.1,1.0,0.1,sticks_038.tif,20.13166209892355,0.09420414521253853,0.8466810584068298,0.050868093967437744,0.5500320859253407
Non-localMeansFilter,poisson_1_gauss_0.1,1.0,0.1,sticks_040.tif,19.140811586535815,0.11493863960586437,0.8604300618171692,0.05614582449197769,0.537612072378397
Non-localMeansFilter,poisson_1_gauss_0.1,1.0,0.1,sticks_039.tif,19.482056339065213,0.11168933939351969,0.8684071898460388,0.05437683314085007,0.5359752103686333
Non-localMeansFilter,poisson_1_gauss_0.1,1.0,0.1,sticks_041.tif,19.954761269849,0.10084202016497823,0.8537371158599854,0.0519082136452198,0.5409431643784046
Non-localMeansFilter,poisson_1_gauss_0.1,1.0,0.1,sticks_042.tif,20.139447673790194,0.09613651385807392,0.8422732353210449,0.05086275935173035,0.5458628691732883
Non-localMeansFilter,poisson_1_gauss_0.1,1.0,0.1,sticks_043.tif,19.04849583382948,0.11919645638352433,0.873466968536377,0.056747037917375565,0.5341818377375602
Non-localMeansFilter,poisson_1_gauss_0.1,1.0,0.1,sticks_044.tif,19.151092327647124,0.1196819557727261,0.8544272780418396,0.05624357610940933,0.5356378234922886
Non-localMeansFilter,poisson_1_gauss_0.1,1.0,0.1,sticks_045.tif,20.010481832281375,0.10128568507760448,0.8547624349594116,0.05172724276781082,0.5324996292591095
Non-localMeansFilter,poisson_1_gauss_0.1,1.0,0.1,sticks_046.tif,20.08456228130139,0.09529676377475346,0.8382996916770935,0.051045991480350494,0.5463788315653801
Non-localMeansFilter,poisson_1_gauss_0.1,1.0,0.1,sticks_047.tif,20.10868373940742,0.09491233044868484,0.8360461592674255,0.05097313970327377,0.5459771201014518
Non-localMeansFilter,poisson_1_gauss_0.1,1.0,0.1,sticks_049.tif,19.666905017720325,0.10714587012708567,0.8578808307647705,0.05348286032676697,0.5303400732576847
Non-localMeansFilter,poisson_1_gauss_0.1,1.0,0.1,sticks_048.tif,19.37685050448057,0.10740271024639676,0.8543757200241089,0.05462919548153877,0.5493107251822948
Non-localMeansFilter,poisson_1_gauss_0.1,1.0,0.1,sticks_050.tif,20.196704820430867,0.09539467067845095,0.842845618724823,0.050818540155887604,0.54206984937191
Non-localMeansFilter,poisson_1_gauss_0.1,1.0,0.1,sticks_051.tif,18.91886596043961,0.11788414726950416,0.8653726577758789,0.0573306605219841,0.5504517160356045
Non-localMeansFilter,poisson_1_gauss_0.1,1.0,0.1,sticks_053.tif,19.13792834193272,0.11691559820617771,0.8657171726226807,0.05619623139500618,0.5380049757659435
Non-localMeansFilter,poisson_1_gauss_0.1,1.0,0.1,sticks_052.tif,19.523867216971638,0.11604912858987206,0.869259774684906,0.05430327728390694,0.5240534387528897
Non-localMeansFilter,poisson_1_gauss_0.1,1.0,0.1,sticks_054.tif,19.999391875553787,0.09894465369850101,0.8406369686126709,0.051600031554698944,0.5367875762283802
Non-localMeansFilter,poisson_1_gauss_0.1,1.0,0.1,sticks_055.tif,19.06166116740587,0.11468618056524196,0.8758898973464966,0.0565892830491066,0.5356642693281174
Non-localMeansFilter,poisson_1_gauss_0.1,1.0,0.1,sticks_056.tif,19.472745435276245,0.10579821956239542,0.8570340275764465,0.054308973252773285,0.5396679870784282
Non-localMeansFilter,poisson_1_gauss_0.1,1.0,0.1,sticks_059.tif,20.07997566030859,0.0986219629199565,0.8363538384437561,0.05119667202234268,0.5424845866858959
Non-localMeansFilter,poisson_1_gauss_0.1,1.0,0.1,sticks_058.tif,19.504799882116075,0.1111614500972309,0.859330415725708,0.054187677800655365,0.5357429668307304
Non-localMeansFilter,poisson_1_gauss_0.1,1.0,0.1,sticks_057.tif,19.29206712418199,0.11905858993002867,0.8641411662101746,0.055351633578538895,0.5396118678152562
Non-localMeansFilter,poisson_1_gauss_0.1,1.0,0.1,sticks_060.tif,20.02482965510005,0.09744497878830248,0.8490616679191589,0.05140551179647446,0.5495334744453431
Non-localMeansFilter,poisson_1_gauss_0.1,1.0,0.1,sticks_063.tif,19.246250265545545,0.1071919087345415,0.8605183362960815,0.05524354428052902,0.5506655037403106
Non-localMeansFilter,poisson_1_gauss_0.1,1.0,0.1,sticks_061.tif,19.015204893318536,0.12317590600137085,0.8726431131362915,0.05701059103012085,0.5319589443504811
Non-localMeansFilter,poisson_1_gauss_0.1,1.0,0.1,sticks_062.tif,19.895034902610476,0.10043053294483771,0.8602098822593689,0.052380532026290894,0.5318162366747856
Non-localMeansFilter,poisson_1_gauss_0.1,1.0,0.1,sticks_067.tif,19.139206531697127,0.11385143789372598,0.8607247471809387,0.05609610676765442,0.5447693489491939
Non-localMeansFilter,poisson_1_gauss_0.1,1.0,0.1,sticks_066.tif,19.49430328803414,0.114574910478523,0.8574938774108887,0.05442763492465019,0.5283150404691697
Non-localMeansFilter,poisson_1_gauss_0.1,1.0,0.1,sticks_065.tif,19.485155241840793,0.11016011256218877,0.8658162951469421,0.05429333448410034,0.5329427346587181
Non-localMeansFilter,poisson_1_gauss_0.1,1.0,0.1,sticks_068.tif,19.780032707345516,0.09935479121616467,0.847663402557373,0.052492160350084305,0.5537854559719563
Non-localMeansFilter,poisson_1_gauss_0.1,1.0,0.1,sticks_069.tif,19.33119029514151,0.11208220415222583,0.8630579113960266,0.055058203637599945,0.5468999102711678
Non-localMeansFilter,poisson_1_gauss_0.1,1.0,0.1,sticks_064.tif,19.485879207999435,0.10209426898345536,0.8544051051139832,0.05400139093399048,0.552490146458149
Non-localMeansFilter,poisson_1_gauss_0.1,1.0,0.1,sticks_070.tif,19.507470568205513,0.10805481453022933,0.8506708741188049,0.054021358489990234,0.5471523024141789
Non-localMeansFilter,poisson_1_gauss_0.1,1.0,0.1,sticks_071.tif,19.316631427326378,0.11187520706458919,0.855682373046875,0.05516400933265686,0.5428241811692714
Non-localMeansFilter,poisson_1_gauss_0.1,1.0,0.1,sticks_072.tif,19.966708671712226,0.09710137442936888,0.8460270166397095,0.05173129960894585,0.5424921803176403
Non-localMeansFilter,poisson_1_gauss_0.1,1.0,0.1,sticks_073.tif,19.701110172856133,0.10050473797781956,0.8489086627960205,0.052970223128795624,0.5426505297422409
Non-localMeansFilter,poisson_1_gauss_0.1,1.0,0.1,sticks_074.tif,19.884785135458294,0.10527688081555425,0.8403854370117188,0.05239718034863472,0.5364739291369915
Non-localMeansFilter,poisson_1_gauss_0.1,1.0,0.1,sticks_075.tif,19.444325445602175,0.11975921653532547,0.8624221086502075,0.05472176522016525,0.5200719736516476
Non-localMeansFilter,poisson_1_gauss_0.1,1.0,0.1,sticks_076.tif,19.26457465810492,0.10961527626837182,0.8562798500061035,0.05512283369898796,0.5570081174373627
Non-localMeansFilter,poisson_1_gauss_0.1,1.0,0.1,sticks_077.tif,19.19864368062504,0.12024049494565066,0.8709883093833923,0.05606784299015999,0.5304548539221287
Non-localMeansFilter,poisson_1_gauss_0.1,1.0,0.1,sticks_078.tif,19.7864284392475,0.11096900052875827,0.8661437630653381,0.05305076390504837,0.5230050683021545
Non-localMeansFilter,poisson_1_gauss_0.1,1.0,0.1,sticks_079.tif,19.218874927234353,0.10960223381933328,0.8538830876350403,0.05540894716978073,0.5548051670193672
Non-localMeansFilter,poisson_1_gauss_0.1,1.0,0.1,sticks_080.tif,19.009886076094517,0.12341597198015238,0.8650270700454712,0.05705193430185318,0.5385396897792816
Non-localMeansFilter,poisson_1_gauss_0.1,1.0,0.1,sticks_081.tif,19.05261024982649,0.11873167636612492,0.8581085801124573,0.056661397218704224,0.5435166209936142
Non-localMeansFilter,poisson_1_gauss_0.1,1.0,0.1,sticks_082.tif,19.00413234562652,0.1142574377888389,0.8666435480117798,0.05683749169111252,0.5500956758856773
Non-localMeansFilter,poisson_1_gauss_0.1,1.0,0.1,sticks_084.tif,19.228860445300054,0.11117236745828403,0.8643394112586975,0.055590491741895676,0.5513798028230668
Non-localMeansFilter,poisson_1_gauss_0.1,1.0,0.1,sticks_083.tif,19.828786456919303,0.10526548517456512,0.8478859066963196,0.052547525614500046,0.5388439945876599
Non-localMeansFilter,poisson_1_gauss_0.1,1.0,0.1,sticks_085.tif,19.5811142211822,0.10782811795416446,0.8658185601234436,0.05411441996693611,0.5225324839353561
Non-localMeansFilter,poisson_1_gauss_0.1,1.0,0.1,sticks_086.tif,19.538038341826578,0.11464458468084449,0.8690823912620544,0.05428111553192139,0.5227244511246681
Non-localMeansFilter,poisson_1_gauss_0.1,1.0,0.1,sticks_088.tif,19.857447513421942,0.11258948607775901,0.8582273721694946,0.052683282643556595,0.5204392708837986
Non-localMeansFilter,poisson_1_gauss_0.1,1.0,0.1,sticks_087.tif,19.399213199534323,0.10940388901047249,0.8671073317527771,0.05472493916749954,0.5439523614943027
Non-localMeansFilter,poisson_1_gauss_0.1,1.0,0.1,sticks_089.tif,19.72404022982801,0.10431929067175996,0.8488912582397461,0.052963487803936005,0.5390831604599953
Non-localMeansFilter,poisson_1_gauss_0.1,1.0,0.1,sticks_090.tif,19.281328938230278,0.11687692957227966,0.871772050857544,0.05552788823843002,0.5295554421842098
Non-localMeansFilter,poisson_1_gauss_0.1,1.0,0.1,sticks_091.tif,20.12050488270967,0.10651931154742289,0.8519248962402344,0.05139341205358505,0.5196612559258937
Non-localMeansFilter,poisson_1_gauss_0.1,1.0,0.1,sticks_092.tif,19.376792247493803,0.10533581060160532,0.8567872643470764,0.05470564216375351,0.5492610841989517
Non-localMeansFilter,poisson_1_gauss_0.1,1.0,0.1,sticks_093.tif,18.949451697245635,0.11700146855462182,0.8589217066764832,0.057115405797958374,0.5530922278761864
Non-localMeansFilter,poisson_1_gauss_0.1,1.0,0.1,sticks_095.tif,18.529182994059823,0.1260554372882937,0.8737195730209351,0.05986885353922844,0.5430596813559532
Non-localMeansFilter,poisson_1_gauss_0.1,1.0,0.1,sticks_096.tif,19.145297228158938,0.11566021498354556,0.8571727275848389,0.05608796328306198,0.5326792977750301
Non-localMeansFilter,poisson_1_gauss_0.1,1.0,0.1,sticks_097.tif,19.312288346726064,0.10850415177608343,0.8636423349380493,0.05498155206441879,0.5502008728682994
Non-localMeansFilter,poisson_1_gauss_0.1,1.0,0.1,sticks_098.tif,18.980450081392576,0.118623577074698,0.8691608309745789,0.05715261772274971,0.5384995490312576
Non-localMeansFilter,poisson_1_gauss_0.1,1.0,0.1,sticks_099.tif,19.23566513547592,0.10917152717870215,0.866619348526001,0.05550440400838852,0.5469241932034492
Non-localMeansFilter,poisson_1_gauss_0.1,1.0,0.1,sticks_094.tif,19.70144884673697,0.11630712432804165,0.852849543094635,0.053530313074588776,0.511687396466732
Non-localMeansFilter,poisson_1_gauss_0.2,1.0,0.2,sticks_000.tif,15.683485111402815,0.04252091089860199,0.5978221297264099,0.09185932576656342,0.9894976481795311
Non-localMeansFilter,poisson_1_gauss_0.2,1.0,0.2,sticks_001.tif,15.362142088401542,0.05531976219934433,0.6318820714950562,0.09596836566925049,0.9838782638311386
Non-localMeansFilter,poisson_1_gauss_0.2,1.0,0.2,sticks_002.tif,15.926408306560969,0.03490836259858453,0.5841219425201416,0.08919095247983932,0.9932544469833374
Non-localMeansFilter,poisson_1_gauss_0.2,1.0,0.2,sticks_003.tif,15.684518071294457,0.04731035233055611,0.6039335131645203,0.09204133599996567,0.9790904477238656
Non-localMeansFilter,poisson_1_gauss_0.2,1.0,0.2,sticks_004.tif,15.607256326575605,0.049782549596800514,0.6184543967247009,0.092849001288414,0.9810860246419907
Non-localMeansFilter,poisson_1_gauss_0.2,1.0,0.2,sticks_005.tif,15.84153028839596,0.037504703922511796,0.583441436290741,0.09005609154701233,0.993858277797699
Non-localMeansFilter,poisson_1_gauss_0.2,1.0,0.2,sticks_007.tif,15.498610499856781,0.04963920361846371,0.6211293339729309,0.09418059885501862,0.991298571228981
Non-localMeansFilter,poisson_1_gauss_0.2,1.0,0.2,sticks_009.tif,15.859995038412746,0.035871690490724244,0.5859813690185547,0.08982469886541367,0.9896215766668319
Non-localMeansFilter,poisson_1_gauss_0.2,1.0,0.2,sticks_008.tif,15.515047530431932,0.04897352689111335,0.6162464618682861,0.09390265494585037,0.9954665079712868
Non-localMeansFilter,poisson_1_gauss_0.2,1.0,0.2,sticks_011.tif,15.534974958906675,0.051884760797431075,0.623187780380249,0.09391061961650848,0.986456723511219
Non-localMeansFilter,poisson_1_gauss_0.2,1.0,0.2,sticks_006.tif,15.86746738150499,0.038060937803270196,0.5811415314674377,0.08988185226917267,0.9892373144626617
Non-localMeansFilter,poisson_1_gauss_0.2,1.0,0.2,sticks_010.tif,15.676060454989607,0.04446155364101878,0.6019291281700134,0.09203870594501495,0.9856260493397713
Non-localMeansFilter,poisson_1_gauss_0.2,1.0,0.2,sticks_012.tif,15.580267656369342,0.04517416282733626,0.6093459129333496,0.09314590692520142,0.9905452474951744
Non-localMeansFilter,poisson_1_gauss_0.2,1.0,0.2,sticks_016.tif,15.69105089829553,0.04726662653738655,0.6036859154701233,0.09202811866998672,0.978259889781475
Non-localMeansFilter,poisson_1_gauss_0.2,1.0,0.2,sticks_013.tif,15.608267086307192,0.052895232427579965,0.6170112490653992,0.09314223378896713,0.9681845813989639
Non-localMeansFilter,poisson_1_gauss_0.2,1.0,0.2,sticks_014.tif,15.802022954120215,0.03252958304927721,0.5850628614425659,0.09016065299510956,1.0046042531728745
Non-localMeansFilter,poisson_1_gauss_0.2,1.0,0.2,sticks_015.tif,15.715778592329734,0.04604289172034474,0.6120843291282654,0.09164910763502121,0.9796955585479736
Non-localMeansFilter,poisson_1_gauss_0.2,1.0,0.2,sticks_018.tif,15.592140717020417,0.04754345797279171,0.6148824095726013,0.09311965107917786,0.9802027493715286
Non-localMeansFilter,poisson_1_gauss_0.2,1.0,0.2,sticks_020.tif,15.61429789306094,0.04871190717106328,0.604775071144104,0.09298456460237503,0.9787924960255623
Non-localMeansFilter,poisson_1_gauss_0.2,1.0,0.2,sticks_017.tif,15.675903777952271,0.041884333132461725,0.6020182967185974,0.09198293089866638,0.9920506328344345
Non-localMeansFilter,poisson_1_gauss_0.2,1.0,0.2,sticks_019.tif,15.606836326072282,0.051579962920923955,0.6215939521789551,0.09308315068483353,0.973399406671524
Non-localMeansFilter,poisson_1_gauss_0.2,1.0,0.2,sticks_021.tif,15.68856669435977,0.04790162139173789,0.6091067790985107,0.09207100421190262,0.9796042948961258
Non-localMeansFilter,poisson_1_gauss_0.2,1.0,0.2,sticks_022.tif,15.705988349151491,0.041833256494266974,0.5956210494041443,0.09170812368392944,0.9868585735559463
Non-localMeansFilter,poisson_1_gauss_0.2,1.0,0.2,sticks_023.tif,15.444850752892847,0.05572318597477015,0.631148099899292,0.09506572782993317,0.9814263746142388
Non-localMeansFilter,poisson_1_gauss_0.2,1.0,0.2,sticks_024.tif,15.728386962498227,0.04069630674581842,0.5940349102020264,0.0913509726524353,0.9952935472130775
Non-localMeansFilter,poisson_1_gauss_0.2,1.0,0.2,sticks_025.tif,15.569792393741642,0.053730333615741095,0.6252225041389465,0.09358125925064087,0.9746094986796379
Non-localMeansFilter,poisson_1_gauss_0.2,1.0,0.2,sticks_026.tif,15.659094734551227,0.04069267673120129,0.5919223427772522,0.09209200739860535,0.9939409837126731
Non-localMeansFilter,poisson_1_gauss_0.2,1.0,0.2,sticks_027.tif,15.287177902598419,0.05684083869291522,0.640571117401123,0.0967378169298172,0.9816208049654961
Non-localMeansFilter,poisson_1_gauss_0.2,1.0,0.2,sticks_028.tif,15.71858606032695,0.04028197827850332,0.5939111113548279,0.09136147052049637,0.9985610574483872
Non-localMeansFilter,poisson_1_gauss_0.2,1.0,0.2,sticks_029.tif,15.47950239553927,0.05103523880660435,0.6187326908111572,0.09451663494110107,0.9881923586130142
Non-localMeansFilter,poisson_1_gauss_0.2,1.0,0.2,sticks_030.tif,15.57460302665586,0.05050634181504502,0.6175497174263,0.09342022240161896,0.9763518631458282
Non-localMeansFilter,poisson_1_gauss_0.2,1.0,0.2,sticks_032.tif,15.61593040380719,0.0529726123466587,0.6216871738433838,0.09303252398967743,0.9751980483531952
Non-localMeansFilter,poisson_1_gauss_0.2,1.0,0.2,sticks_031.tif,15.68224237676212,0.040044901640009935,0.5928826332092285,0.09182193875312805,0.9931608438491821
Non-localMeansFilter,poisson_1_gauss_0.2,1.0,0.2,sticks_033.tif,15.526246311908515,0.05174194810269693,0.6092102527618408,0.09403548389673233,0.9875080272555351
Non-localMeansFilter,poisson_1_gauss_0.2,1.0,0.2,sticks_034.tif,15.654008006895467,0.04297054426300257,0.5948938131332397,0.09239985048770905,0.9838673353195191
Non-localMeansFilter,poisson_1_gauss_0.2,1.0,0.2,sticks_035.tif,15.602812071194263,0.05135826119896031,0.6223645210266113,0.09312693774700165,0.9769842371344566
Non-localMeansFilter,poisson_1_gauss_0.2,1.0,0.2,sticks_036.tif,15.888677357311384,0.037786770745028814,0.5782718062400818,0.08963906764984131,0.989392876625061
Non-localMeansFilter,poisson_1_gauss_0.2,1.0,0.2,sticks_037.tif,15.66604413157658,0.043582205589222836,0.5925950407981873,0.09213565289974213,0.9871191963553428
Non-localMeansFilter,poisson_1_gauss_0.2,1.0,0.2,sticks_038.tif,15.86170622356114,0.03265232582606429,0.5769042372703552,0.08966934680938721,0.9984209597110748
Non-localMeansFilter,poisson_1_gauss_0.2,1.0,0.2,sticks_040.tif,15.530911489881337,0.051516085659855625,0.6203687191009521,0.09394919127225876,0.9846266970038414
Non-localMeansFilter,poisson_1_gauss_0.2,1.0,0.2,sticks_039.tif,15.649278105713499,0.04794947056007292,0.615629255771637,0.09254937618970871,0.9851712539792061
Non-localMeansFilter,poisson_1_gauss_0.2,1.0,0.2,sticks_041.tif,15.796449432971936,0.037865606722568675,0.5926753282546997,0.09058047831058502,0.9911313354969025
Non-localMeansFilter,poisson_1_gauss_0.2,1.0,0.2,sticks_042.tif,15.856070022476107,0.033696761719815935,0.5781391263008118,0.08973866701126099,0.9944194853305817
Non-localMeansFilter,poisson_1_gauss_0.2,1.0,0.2,sticks_043.tif,15.498807849369431,0.05515277708682963,0.6299620270729065,0.0943853110074997,0.9754138827323914
Non-localMeansFilter,poisson_1_gauss_0.2,1.0,0.2,sticks_044.tif,15.533131335064464,0.054791041766016485,0.6181948781013489,0.09401626139879227,0.9793376758694649
Non-localMeansFilter,poisson_1_gauss_0.2,1.0,0.2,sticks_045.tif,15.817524266305638,0.03829547809524197,0.5985583662986755,0.09041628241539001,0.9857324585318565
Non-localMeansFilter,poisson_1_gauss_0.2,1.0,0.2,sticks_046.tif,15.851509976587458,0.033201489235704505,0.5770012736320496,0.08973793685436249,0.9950101837515831
Non-localMeansFilter,poisson_1_gauss_0.2,1.0,0.2,sticks_047.tif,15.847411032826667,0.03323556418664355,0.5735833048820496,0.08982419222593307,0.9989782512187958
Non-localMeansFilter,poisson_1_gauss_0.2,1.0,0.2,sticks_049.tif,15.704333582442056,0.04406608095106961,0.6010006070137024,0.09186294674873352,0.9863670200109482
Non-localMeansFilter,poisson_1_gauss_0.2,1.0,0.2,sticks_048.tif,15.621333025137808,0.04441651150565827,0.6047821640968323,0.0926063284277916,0.994253559410572
Non-localMeansFilter,poisson_1_gauss_0.2,1.0,0.2,sticks_050.tif,15.869994015184032,0.033590057796283206,0.5743427872657776,0.0897229015827179,0.9956200510263443
Non-localMeansFilter,poisson_1_gauss_0.2,1.0,0.2,sticks_051.tif,15.457007041690607,0.053637021920989764,0.6235223412513733,0.0948014110326767,0.9764194637537003
Non-localMeansFilter,poisson_1_gauss_0.2,1.0,0.2,sticks_053.tif,15.533076285325762,0.05300246878109474,0.6160269975662231,0.0939699038863182,0.9777089342474937
Non-localMeansFilter,poisson_1_gauss_0.2,1.0,0.2,sticks_052.tif,15.65889138611638,0.051240363753662636,0.6145059466362,0.09251943975687027,0.9747732743620873
Non-localMeansFilter,poisson_1_gauss_0.2,1.0,0.2,sticks_054.tif,15.816435702121582,0.03664239417972289,0.5876847505569458,0.09026454389095306,0.9922974348068238
Non-localMeansFilter,poisson_1_gauss_0.2,1.0,0.2,sticks_055.tif,15.501376717696214,0.05096858038055507,0.6258984208106995,0.09428025037050247,0.9764725312590599
Non-localMeansFilter,poisson_1_gauss_0.2,1.0,0.2,sticks_056.tif,15.651277789704945,0.04346828707953934,0.6002691984176636,0.09235771000385284,0.9907749995589257
Non-localMeansFilter,poisson_1_gauss_0.2,1.0,0.2,sticks_059.tif,15.840898041519843,0.036452898286386315,0.5858896374702454,0.08997730910778046,0.9944102197885514
Non-localMeansFilter,poisson_1_gauss_0.2,1.0,0.2,sticks_058.tif,15.651465066743938,0.0471293532841477,0.6091457009315491,0.09241008013486862,0.9782852604985237
Non-localMeansFilter,poisson_1_gauss_0.2,1.0,0.2,sticks_057.tif,15.58645543198522,0.053867456975627726,0.6249247193336487,0.09327716380357742,0.9764061436057091
Non-localMeansFilter,poisson_1_gauss_0.2,1.0,0.2,sticks_060.tif,15.822890953201005,0.035082576287322025,0.5820600390434265,0.0901212990283966,0.9945129826664925
Non-localMeansFilter,poisson_1_gauss_0.2,1.0,0.2,sticks_063.tif,15.570767327151437,0.04488565164539298,0.6065425872802734,0.09315168857574463,0.9907601997256279
Non-localMeansFilter,poisson_1_gauss_0.2,1.0,0.2,sticks_061.tif,15.48432640685089,0.0583913838095698,0.6333448886871338,0.09470901638269424,0.9770530208945274
Non-localMeansFilter,poisson_1_gauss_0.2,1.0,0.2,sticks_062.tif,15.775782630035874,0.03787708969543652,0.586915910243988,0.0909678190946579,0.9890124395489692
Non-localMeansFilter,poisson_1_gauss_0.2,1.0,0.2,sticks_067.tif,15.527377971914591,0.050665157642978464,0.6183127760887146,0.0939391553401947,0.9855963289737701
Non-localMeansFilter,poisson_1_gauss_0.2,1.0,0.2,sticks_066.tif,15.65739730724659,0.050210493683611385,0.6086992025375366,0.09250080585479736,0.9782780542969703
Non-localMeansFilter,poisson_1_gauss_0.2,1.0,0.2,sticks_065.tif,15.647910093776677,0.04574181184733443,0.6123425960540771,0.09248858690261841,0.9766459956765174
Non-localMeansFilter,poisson_1_gauss_0.2,1.0,0.2,sticks_068.tif,15.744867333253865,0.0373565889498376,0.5826242566108704,0.09097060561180115,0.999924024939537
Non-localMeansFilter,poisson_1_gauss_0.2,1.0,0.2,sticks_069.tif,15.598452785725849,0.048100282694109195,0.6171770691871643,0.09306204319000244,0.9811126187443733
Non-localMeansFilter,poisson_1_gauss_0.2,1.0,0.2,sticks_064.tif,15.65544036960362,0.04000282372015925,0.5995597839355469,0.09218730032444,0.9968115076422691
Non-localMeansFilter,poisson_1_gauss_0.2,1.0,0.2,sticks_070.tif,15.658113543091334,0.0449930984484754,0.6047740578651428,0.09222816675901413,0.9938717365264893
Non-localMeansFilter,poisson_1_gauss_0.2,1.0,0.2,sticks_071.tif,15.591266966371046,0.048501403974225435,0.6127341985702515,0.09314882755279541,0.9877689495682717
Non-localMeansFilter,poisson_1_gauss_0.2,1.0,0.2,sticks_072.tif,15.80401608676505,0.03551583164910161,0.5851857662200928,0.09042314440011978,0.9956897184252739
Non-localMeansFilter,poisson_1_gauss_0.2,1.0,0.2,sticks_073.tif,15.718450651491093,0.03865368390829069,0.5953826904296875,0.09143929183483124,0.9901619195938111
Non-localMeansFilter,poisson_1_gauss_0.2,1.0,0.2,sticks_074.tif,15.768096808679722,0.04225640667763356,0.5942673683166504,0.09103729575872421,0.9929527446627617
Non-localMeansFilter,poisson_1_gauss_0.2,1.0,0.2,sticks_075.tif,15.629352175195217,0.05388353246678421,0.6188355684280396,0.09286943078041077,0.9714622810482979
Non-localMeansFilter,poisson_1_gauss_0.2,1.0,0.2,sticks_076.tif,15.578506520356477,0.04645837592849794,0.6178731918334961,0.0930299386382103,0.9937220260500907
Non-localMeansFilter,poisson_1_gauss_0.2,1.0,0.2,sticks_077.tif,15.547391751825646,0.055500271399578985,0.626609742641449,0.09395737200975418,0.9719796314835548
Non-localMeansFilter,poisson_1_gauss_0.2,1.0,0.2,sticks_078.tif,15.743802987518283,0.04659726681696894,0.6039687991142273,0.09147493541240692,0.974485732614994
Non-localMeansFilter,poisson_1_gauss_0.2,1.0,0.2,sticks_079.tif,15.559923146424975,0.04665767754762063,0.6149266362190247,0.09333117306232452,0.9899368435144424
Non-localMeansFilter,poisson_1_gauss_0.2,1.0,0.2,sticks_080.tif,15.482705418885047,0.058437283047285855,0.6281434297561646,0.09469758719205856,0.9724672168493271
Non-localMeansFilter,poisson_1_gauss_0.2,1.0,0.2,sticks_081.tif,15.499543763666408,0.05443185370113532,0.6249229311943054,0.09431053698062897,0.9796379148960114
Non-localMeansFilter,poisson_1_gauss_0.2,1.0,0.2,sticks_082.tif,15.48872063758542,0.051265675963523924,0.6242554187774658,0.09434984624385834,0.9841631710529327
Non-localMeansFilter,poisson_1_gauss_0.2,1.0,0.2,sticks_084.tif,15.561702201191176,0.04794935097996204,0.6181989908218384,0.09346701204776764,0.9818383917212486
Non-localMeansFilter,poisson_1_gauss_0.2,1.0,0.2,sticks_083.tif,15.760947510616944,0.04199541060431441,0.5969376564025879,0.09106381237506866,0.9868494093418121
Non-localMeansFilter,poisson_1_gauss_0.2,1.0,0.2,sticks_085.tif,15.670318371709303,0.04470909423684148,0.6014267206192017,0.09254641830921173,0.9757361888885498
Non-localMeansFilter,poisson_1_gauss_0.2,1.0,0.2,sticks_086.tif,15.663761828326328,0.05041383781466636,0.6134001612663269,0.09252680093050003,0.9736316680908204
Non-localMeansFilter,poisson_1_gauss_0.2,1.0,0.2,sticks_088.tif,15.763642938394662,0.04810047292023555,0.6042627692222595,0.09131596237421036,0.9812254890799522
Non-localMeansFilter,poisson_1_gauss_0.2,1.0,0.2,sticks_087.tif,15.623229460182642,0.04586816891511596,0.6121038794517517,0.09275460243225098,0.9794503211975097
Non-localMeansFilter,poisson_1_gauss_0.2,1.0,0.2,sticks_089.tif,15.725546533979312,0.041368821070970764,0.5974281430244446,0.09143933653831482,0.9960129886865616
Non-localMeansFilter,poisson_1_gauss_0.2,1.0,0.2,sticks_090.tif,15.578479697412552,0.05307481035352661,0.621866762638092,0.09350521117448807,0.9783915355801582
Non-localMeansFilter,poisson_1_gauss_0.2,1.0,0.2,sticks_091.tif,15.853461970739964,0.04191163362587768,0.595370888710022,0.09008415043354034,0.9816425889730453
Non-localMeansFilter,poisson_1_gauss_0.2,1.0,0.2,sticks_092.tif,15.618416441516771,0.04298511141783184,0.6041619777679443,0.09270539879798889,0.9863108113408089
Non-localMeansFilter,poisson_1_gauss_0.2,1.0,0.2,sticks_093.tif,15.46532685884122,0.053684690176170155,0.6222692131996155,0.09467217326164246,0.9845879569649696
Non-localMeansFilter,poisson_1_gauss_0.2,1.0,0.2,sticks_095.tif,15.30946757686079,0.061678663801295476,0.6334168910980225,0.09691484272480011,0.9667407259345054
Non-localMeansFilter,poisson_1_gauss_0.2,1.0,0.2,sticks_096.tif,15.539680807882068,0.05138072634381145,0.6107925772666931,0.09377916157245636,0.9818288281559944
Non-localMeansFilter,poisson_1_gauss_0.2,1.0,0.2,sticks_097.tif,15.593935362644324,0.04557454451267234,0.6157159805297852,0.09290072321891785,0.9932683110237122
Non-localMeansFilter,poisson_1_gauss_0.2,1.0,0.2,sticks_098.tif,15.46946077183565,0.05496185628534014,0.6210624575614929,0.09482146799564362,0.9812507167458534
Non-localMeansFilter,poisson_1_gauss_0.2,1.0,0.2,sticks_099.tif,15.561021609201816,0.04611529910180973,0.6104274988174438,0.09344041347503662,0.9860015973448754
Non-localMeansFilter,poisson_1_gauss_0.2,1.0,0.2,sticks_094.tif,15.710483132647008,0.05083622435841179,0.6055788993835449,0.09199626743793488,0.9702302441000938
Non-localMeansFilter,poisson_4_gauss_0.05,4.0,0.05,sticks_000.tif,24.206095586188162,0.3076205826422537,0.9410204291343689,0.029718706384301186,0.2957180038007209
Non-localMeansFilter,poisson_4_gauss_0.05,4.0,0.05,sticks_001.tif,23.072705261221618,0.3234299896102538,0.9485647678375244,0.03275005891919136,0.3344436947256327
Non-localMeansFilter,poisson_4_gauss_0.05,4.0,0.05,sticks_002.tif,25.103695996811304,0.29488207855571164,0.9366186261177063,0.02750289812684059,0.2551087752188323
Non-localMeansFilter,poisson_4_gauss_0.05,4.0,0.05,sticks_003.tif,24.122393023060432,0.3146494040043798,0.9406858682632446,0.02967979945242405,0.2903016418917105
Non-localMeansFilter,poisson_4_gauss_0.05,4.0,0.05,sticks_004.tif,23.886336603723993,0.3193832603157366,0.9426197409629822,0.03046427294611931,0.30114739168202503
Non-localMeansFilter,poisson_4_gauss_0.05,4.0,0.05,sticks_005.tif,24.81282720007808,0.30091088690276585,0.9301528930664062,0.02829515002667904,0.2834782696212642
Non-localMeansFilter,poisson_4_gauss_0.05,4.0,0.05,sticks_007.tif,23.53084071750157,0.31556742869616705,0.9474624991416931,0.03141859918832779,0.31525352006719914
Non-localMeansFilter,poisson_4_gauss_0.05,4.0,0.05,sticks_009.tif,24.854638164138578,0.29811100122585843,0.9349614381790161,0.02817854844033718,0.2810839530371595
Non-localMeansFilter,poisson_4_gauss_0.05,4.0,0.05,sticks_008.tif,23.62598450006265,0.3147630712391044,0.9376112222671509,0.0312860943377018,0.3054985821421724
Non-localMeansFilter,poisson_4_gauss_0.05,4.0,0.05,sticks_011.tif,23.60825658975032,0.3193999686220381,0.9489198327064514,0.030958231538534164,0.29715902524476406
Non-localMeansFilter,poisson_4_gauss_0.05,4.0,0.05,sticks_006.tif,24.84852278964827,0.30109320541719287,0.9354099035263062,0.028037499636411667,0.27942790556408
Non-localMeansFilter,poisson_4_gauss_0.05,4.0,0.05,sticks_010.tif,24.13915043456687,0.31031317125134006,0.9411779046058655,0.02976543828845024,0.28908654653932897
Non-localMeansFilter,poisson_4_gauss_0.05,4.0,0.05,sticks_012.tif,23.832669452010236,0.3105292925518597,0.9432730674743652,0.03068065643310547,0.3107755009259563
Non-localMeansFilter,poisson_4_gauss_0.05,4.0,0.05,sticks_016.tif,24.136203534298538,0.31333816500310074,0.9414213299751282,0.02955254353582859,0.285639376018662
Non-localMeansFilter,poisson_4_gauss_0.05,4.0,0.05,sticks_013.tif,23.770875434211504,0.320502769980765,0.9474874138832092,0.030340349301695824,0.2882393515843432
Non-localMeansFilter,poisson_4_gauss_0.05,4.0,0.05,sticks_014.tif,24.744948652801572,0.2936081128634909,0.9347679018974304,0.028884638100862503,0.3142662599100731
Non-localMeansFilter,poisson_4_gauss_0.05,4.0,0.05,sticks_015.tif,24.249163330306164,0.31277718075829963,0.9429609179496765,0.029435452073812485,0.29053537240542937
Non-localMeansFilter,poisson_4_gauss_0.05,4.0,0.05,sticks_018.tif,23.83905705042803,0.31380673384181207,0.9466763734817505,0.030481252819299698,0.3021337263198802
Non-localMeansFilter,poisson_4_gauss_0.05,4.0,0.05,sticks_020.tif,23.84101116412414,0.31406219586988765,0.9429687857627869,0.03024340234696865,0.2898487126658438
Non-localMeansFilter,poisson_4_gauss_0.05,4.0,0.05,sticks_017.tif,24.167088958458184,0.30610909094393257,0.9377577304840088,0.029840800911188126,0.30706783608766275
Non-localMeansFilter,poisson_4_gauss_0.05,4.0,0.05,sticks_019.tif,23.80797902317376,0.3188120853041079,0.9462251663208008,0.030294161289930344,0.28087577875703573
Non-localMeansFilter,poisson_4_gauss_0.05,4.0,0.05,sticks_021.tif,24.141963969927303,0.314230543298682,0.9420614242553711,0.0295919980853796,0.27721739475091456
Non-localMeansFilter,poisson_4_gauss_0.05,4.0,0.05,sticks_022.tif,24.271222050327253,0.3070347636296124,0.9409780502319336,0.029408499598503113,0.29025593654077964
Non-localMeansFilter,poisson_4_gauss_0.05,4.0,0.05,sticks_023.tif,23.290148673144273,0.32437218943015056,0.947999894618988,0.031849201768636703,0.29514131280593575
Non-localMeansFilter,poisson_4_gauss_0.05,4.0,0.05,sticks_024.tif,24.339065551491117,0.30383011565902474,0.9355036616325378,0.029384586960077286,0.29752807307813783
Non-localMeansFilter,poisson_4_gauss_0.05,4.0,0.05,sticks_025.tif,23.660388457537003,0.323305377119246,0.9486526846885681,0.030703330412507057,0.2927583793643862
Non-localMeansFilter,poisson_4_gauss_0.05,4.0,0.05,sticks_026.tif,24.134801814355576,0.3031711489072464,0.9383109211921692,0.02999279275536537,0.29280114085413517
Non-localMeansFilter,poisson_4_gauss_0.05,4.0,0.05,sticks_027.tif,22.913248784013312,0.3274713580904263,0.950933039188385,0.0335640087723732,0.34444558242394124
Non-localMeansFilter,poisson_4_gauss_0.05,4.0,0.05,sticks_028.tif,24.381267559189975,0.30473710187021685,0.9360904693603516,0.029458072036504745,0.2893656525382539
Non-localMeansFilter,poisson_4_gauss_0.05,4.0,0.05,sticks_029.tif,23.45736080719297,0.3177560567147594,0.9392187595367432,0.03155367821455002,0.29828363901469857
Non-localMeansFilter,poisson_4_gauss_0.05,4.0,0.05,sticks_030.tif,23.724916532038876,0.3176481637801391,0.9435958862304688,0.030636649578809738,0.29538424109632616
Non-localMeansFilter,poisson_4_gauss_0.05,4.0,0.05,sticks_032.tif,23.831352449560548,0.3229616041632824,0.9417319297790527,0.030210619792342186,0.28185058691597076
Non-localMeansFilter,poisson_4_gauss_0.05,4.0,0.05,sticks_031.tif,24.239429937904706,0.3045774467102231,0.938910961151123,0.029782483354210854,0.30239360698615203
Non-localMeansFilter,poisson_4_gauss_0.05,4.0,0.05,sticks_033.tif,23.561640941824397,0.3178096793095334,0.9344659447669983,0.031118065118789673,0.2850868559384253
Non-localMeansFilter,poisson_4_gauss_0.05,4.0,0.05,sticks_034.tif,24.05007910323116,0.3073225628157849,0.9429334402084351,0.02992946468293667,0.2947163469158113
Non-localMeansFilter,poisson_4_gauss_0.05,4.0,0.05,sticks_035.tif,23.808843287752634,0.31903175027408737,0.9467591643333435,0.03029823862016201,0.28194140079722274
Non-localMeansFilter,poisson_4_gauss_0.05,4.0,0.05,sticks_036.tif,24.926856576207026,0.30083039356968266,0.9328950643539429,0.027851611375808716,0.2637476201518439
Non-localMeansFilter,poisson_4_gauss_0.05,4.0,0.05,sticks_037.tif,24.11353823312242,0.3083354526946173,0.9339097738265991,0.029876884073019028,0.301735666001332
Non-localMeansFilter,poisson_4_gauss_0.05,4.0,0.05,sticks_038.tif,24.92979019484039,0.29237582157417985,0.936566948890686,0.028305772691965103,0.2985075800737832
Non-localMeansFilter,poisson_4_gauss_0.05,4.0,0.05,sticks_040.tif,23.607487783638554,0.3186547269672859,0.9446516633033752,0.03100048005580902,0.2850631389184855
Non-localMeansFilter,poisson_4_gauss_0.05,4.0,0.05,sticks_039.tif,23.986430725155667,0.31377901144026754,0.9479248523712158,0.029927518218755722,0.2863298712793039
Non-localMeansFilter,poisson_4_gauss_0.05,4.0,0.05,sticks_041.tif,24.616122470954906,0.3009693185235998,0.940295398235321,0.028718477115035057,0.28875049693742766
Non-localMeansFilter,poisson_4_gauss_0.05,4.0,0.05,sticks_042.tif,24.96031842896729,0.2964415504507523,0.9332209229469299,0.0282134972512722,0.30187842781015206
Non-localMeansFilter,poisson_4_gauss_0.05,4.0,0.05,sticks_043.tif,23.477257449854374,0.32377320949066335,0.9522022604942322,0.031241700053215027,0.2888606716413051
Non-localMeansFilter,poisson_4_gauss_0.05,4.0,0.05,sticks_044.tif,23.5477835956129,0.32358838804766543,0.9412681460380554,0.030987774953246117,0.28716167770908213
Non-localMeansFilter,poisson_4_gauss_0.05,4.0,0.05,sticks_045.tif,24.664390047610244,0.30139711724436946,0.9413057565689087,0.028479615226387978,0.28048319421941414
Non-localMeansFilter,poisson_4_gauss_0.05,4.0,0.05,sticks_046.tif,24.8932312696668,0.29498273988030815,0.9316469430923462,0.028437485918402672,0.29604453315841966
Non-localMeansFilter,poisson_4_gauss_0.05,4.0,0.05,sticks_047.tif,24.91502870669429,0.2936049719068539,0.9310508966445923,0.028261881321668625,0.28853884065756574
Non-localMeansFilter,poisson_4_gauss_0.05,4.0,0.05,sticks_049.tif,24.190470595843024,0.30789732542683984,0.9425886273384094,0.029405247420072556,0.27235106921871194
Non-localMeansFilter,poisson_4_gauss_0.05,4.0,0.05,sticks_048.tif,23.96342008572086,0.30959471779375713,0.9407063126564026,0.03038829006254673,0.30204340763448273
Non-localMeansFilter,poisson_4_gauss_0.05,4.0,0.05,sticks_050.tif,24.942735932734333,0.2937069811212314,0.9324025511741638,0.02807912789285183,0.2781962676497642
Non-localMeansFilter,poisson_4_gauss_0.05,4.0,0.05,sticks_051.tif,23.37032809253006,0.3228579033554386,0.9477629065513611,0.03181244805455208,0.3206617612420814
Non-localMeansFilter,poisson_4_gauss_0.05,4.0,0.05,sticks_053.tif,23.576532172901086,0.3200948376676845,0.947246789932251,0.03104759193956852,0.2996459014218999
Non-localMeansFilter,poisson_4_gauss_0.05,4.0,0.05,sticks_052.tif,23.980880229126072,0.31817551348107953,0.9471598863601685,0.02976277843117714,0.2696959798689932
Non-localMeansFilter,poisson_4_gauss_0.05,4.0,0.05,sticks_054.tif,24.69734697616381,0.2978031379062242,0.9284093379974365,0.028655415400862694,0.27921192947542295
Non-localMeansFilter,poisson_4_gauss_0.05,4.0,0.05,sticks_055.tif,23.503882454736946,0.31746421511557715,0.9520121216773987,0.03127187862992287,0.29763051359623205
Non-localMeansFilter,poisson_4_gauss_0.05,4.0,0.05,sticks_056.tif,24.0287993147695,0.3066760678573868,0.9428927302360535,0.0300650205463171,0.28772672784980385
Non-localMeansFilter,poisson_4_gauss_0.05,4.0,0.05,sticks_059.tif,24.840521603956823,0.29884918571713615,0.9303280711174011,0.02833658456802368,0.2860803598538041
Non-localMeansFilter,poisson_4_gauss_0.05,4.0,0.05,sticks_058.tif,24.045499681841736,0.31405499442424645,0.9436447620391846,0.029918497428297997,0.29817850689287295
Non-localMeansFilter,poisson_4_gauss_0.05,4.0,0.05,sticks_057.tif,23.76309056326233,0.3232150424516032,0.9472662210464478,0.03052835538983345,0.2967905292432988
Non-localMeansFilter,poisson_4_gauss_0.05,4.0,0.05,sticks_060.tif,24.78584406499456,0.29696822030994285,0.9373441338539124,0.028538038954138756,0.2986081905080937
Non-localMeansFilter,poisson_4_gauss_0.05,4.0,0.05,sticks_063.tif,23.82685550043682,0.3093885626340548,0.9450390338897705,0.03079535998404026,0.3067041766073089
Non-localMeansFilter,poisson_4_gauss_0.05,4.0,0.05,sticks_061.tif,23.382449152213812,0.32724148734326636,0.9502922892570496,0.031345073133707047,0.2822976849216502
Non-localMeansFilter,poisson_4_gauss_0.05,4.0,0.05,sticks_062.tif,24.4751613686242,0.2987422126699768,0.9403415322303772,0.028795620426535606,0.27390593276068104
Non-localMeansFilter,poisson_4_gauss_0.05,4.0,0.05,sticks_067.tif,23.62069910254411,0.31786633332705216,0.9445179104804993,0.031077006831765175,0.29194552518310957
Non-localMeansFilter,poisson_4_gauss_0.05,4.0,0.05,sticks_066.tif,23.957264048358212,0.31748172762858984,0.9427064061164856,0.02988601103425026,0.2714837417093804
Non-localMeansFilter,poisson_4_gauss_0.05,4.0,0.05,sticks_065.tif,24.00280484502476,0.3123441582090954,0.9480199813842773,0.02997702732682228,0.2994400318595581
Non-localMeansFilter,poisson_4_gauss_0.05,4.0,0.05,sticks_068.tif,24.50651691573373,0.3004820787347944,0.9369123578071594,0.029163053259253502,0.30378808022360315
Non-localMeansFilter,poisson_4_gauss_0.05,4.0,0.05,sticks_069.tif,23.8392567997954,0.31604158424953305,0.9461212158203125,0.030432719737291336,0.3094879807322286
Non-localMeansFilter,poisson_4_gauss_0.05,4.0,0.05,sticks_064.tif,24.123184545687735,0.30242074275513603,0.9413326978683472,0.030064785853028297,0.2996512698737206
Non-localMeansFilter,poisson_4_gauss_0.05,4.0,0.05,sticks_070.tif,24.109593293059305,0.31127634767155715,0.9394823312759399,0.02991604246199131,0.2950055262685055
Non-localMeansFilter,poisson_4_gauss_0.05,4.0,0.05,sticks_071.tif,23.82378167983849,0.3145210961518916,0.9415884613990784,0.03046036884188652,0.2932164172059856
Non-localMeansFilter,poisson_4_gauss_0.05,4.0,0.05,sticks_072.tif,24.695295252911535,0.29760398823502837,0.9367234110832214,0.02862035110592842,0.282788754455396
Non-localMeansFilter,poisson_4_gauss_0.05,4.0,0.05,sticks_073.tif,24.35360408629627,0.300989811823696,0.9382544755935669,0.029384052380919456,0.2933508792571956
Non-localMeansFilter,poisson_4_gauss_0.05,4.0,0.05,sticks_074.tif,24.44721328667557,0.3062355985073017,0.9313507080078125,0.028856385499238968,0.2702821793704061
Non-localMeansFilter,poisson_4_gauss_0.05,4.0,0.05,sticks_075.tif,23.885935373795533,0.323294701201408,0.9459034204483032,0.02997656725347042,0.2725238791463198
Non-localMeansFilter,poisson_4_gauss_0.05,4.0,0.05,sticks_076.tif,23.87603571552541,0.3138251432169612,0.9426873326301575,0.030725236982107162,0.31654687857953834
Non-localMeansFilter,poisson_4_gauss_0.05,4.0,0.05,sticks_077.tif,23.558940068835458,0.32362360625893016,0.9502623081207275,0.03075946494936943,0.28534194807871244
Non-localMeansFilter,poisson_4_gauss_0.05,4.0,0.05,sticks_078.tif,24.280193360361526,0.312184785446575,0.9476175904273987,0.029031729325652122,0.2733995987451635
Non-localMeansFilter,poisson_4_gauss_0.05,4.0,0.05,sticks_079.tif,23.780391466236452,0.31335319960290636,0.9414080381393433,0.030909636989235878,0.31489529996761123
Non-localMeansFilter,poisson_4_gauss_0.05,4.0,0.05,sticks_080.tif,23.391316422244994,0.32783742636860475,0.9463448524475098,0.03142019361257553,0.30246745696640576
Non-localMeansFilter,poisson_4_gauss_0.05,4.0,0.05,sticks_081.tif,23.48577958513975,0.3233471283364027,0.9436632990837097,0.03136460855603218,0.30127674372633917
Non-localMeansFilter,poisson_4_gauss_0.05,4.0,0.05,sticks_082.tif,23.482624069205823,0.3183036354553561,0.94815593957901,0.03145702928304672,0.31482533881498964
Non-localMeansFilter,poisson_4_gauss_0.05,4.0,0.05,sticks_084.tif,23.734554543577353,0.3137728440497334,0.9471292495727539,0.030777331441640854,0.31624153221782764
Non-localMeansFilter,poisson_4_gauss_0.05,4.0,0.05,sticks_083.tif,24.455494471595717,0.30743124710976705,0.9386764764785767,0.02901642583310604,0.2827887203078717
Non-localMeansFilter,poisson_4_gauss_0.05,4.0,0.05,sticks_085.tif,24.00989512524471,0.3076083921648885,0.9465655088424683,0.02947811223566532,0.27075347218778917
Non-localMeansFilter,poisson_4_gauss_0.05,4.0,0.05,sticks_086.tif,23.965504901805073,0.31576777176015103,0.9491203427314758,0.02961919642984867,0.27483764228527435
Non-localMeansFilter,poisson_4_gauss_0.05,4.0,0.05,sticks_088.tif,24.340183576872967,0.31357937655397905,0.9429375529289246,0.02881302498281002,0.2587449325888883
Non-localMeansFilter,poisson_4_gauss_0.05,4.0,0.05,sticks_087.tif,23.916823954863546,0.3118736274982789,0.9481649398803711,0.030211517587304115,0.3057197939866455
Non-localMeansFilter,poisson_4_gauss_0.05,4.0,0.05,sticks_089.tif,24.34068045888473,0.30562354756820614,0.9374708533287048,0.02930465340614319,0.28227789887750987
Non-localMeansFilter,poisson_4_gauss_0.05,4.0,0.05,sticks_090.tif,23.69086154161298,0.3183946104935103,0.9498105049133301,0.030485039576888084,0.27742147184035276
Non-localMeansFilter,poisson_4_gauss_0.05,4.0,0.05,sticks_091.tif,24.71607520430076,0.3073634575252366,0.9394431710243225,0.028159936890006065,0.2543503660999704
Non-localMeansFilter,poisson_4_gauss_0.05,4.0,0.05,sticks_092.tif,23.936235952624383,0.3067299394304797,0.9430091381072998,0.030352648347616196,0.306747737841215
Non-localMeansFilter,poisson_4_gauss_0.05,4.0,0.05,sticks_093.tif,23.40567909592297,0.32210645501797475,0.9434717893600464,0.0317058302462101,0.3113518096914049
Non-localMeansFilter,poisson_4_gauss_0.05,4.0,0.05,sticks_095.tif,22.852232268404762,0.3308116669493075,0.9521293640136719,0.033079974353313446,0.31645339632232206
Non-localMeansFilter,poisson_4_gauss_0.05,4.0,0.05,sticks_096.tif,23.611300170892058,0.31915182628349986,0.9419102668762207,0.031021010130643845,0.29135555956454484
Non-localMeansFilter,poisson_4_gauss_0.05,4.0,0.05,sticks_097.tif,23.870849267582315,0.31156402929899435,0.9459927678108215,0.03059346042573452,0.29853109251125715
Non-localMeansFilter,poisson_4_gauss_0.05,4.0,0.05,sticks_098.tif,23.36282368970192,0.32179218505921625,0.9489122033119202,0.031531818211078644,0.29897060470248105
Non-localMeansFilter,poisson_4_gauss_0.05,4.0,0.05,sticks_099.tif,23.759952388710815,0.3119438806809348,0.9475817084312439,0.030798787251114845,0.309029948071111
Non-localMeansFilter,poisson_4_gauss_0.05,4.0,0.05,sticks_094.tif,24.12740456935138,0.31811189414712304,0.9404128789901733,0.029200967401266098,0.2625859877705807
Non-localMeansFilter,poisson_4_gauss_0.1,4.0,0.1,sticks_000.tif,22.820138198884173,0.15981130322821624,0.8863735198974609,0.046810396015644073,0.4947170168161392
Non-localMeansFilter,poisson_4_gauss_0.1,4.0,0.1,sticks_001.tif,21.956280204309778,0.1807549607641155,0.9019680619239807,0.04965144768357277,0.5051663622260094
Non-localMeansFilter,poisson_4_gauss_0.1,4.0,0.1,sticks_002.tif,23.46631627533709,0.14293344366577923,0.8805174827575684,0.04484492912888527,0.4745726756751537
Non-localMeansFilter,poisson_4_gauss_0.1,4.0,0.1,sticks_003.tif,22.756588588425394,0.16737535303902754,0.8861150741577148,0.046865321695804596,0.48605505377054214
Non-localMeansFilter,poisson_4_gauss_0.1,4.0,0.1,sticks_004.tif,22.587320377270057,0.17449039602105434,0.8923594951629639,0.04752316325902939,0.49153767079114913
Non-localMeansFilter,poisson_4_gauss_0.1,4.0,0.1,sticks_005.tif,23.253629327062857,0.15140909510246806,0.8689512610435486,0.045508306473493576,0.49077802151441574
Non-localMeansFilter,poisson_4_gauss_0.1,4.0,0.1,sticks_007.tif,22.307553388850092,0.1709898600625181,0.9012919664382935,0.04843367636203766,0.5048124425113201
Non-localMeansFilter,poisson_4_gauss_0.1,4.0,0.1,sticks_009.tif,23.299059648332516,0.14788680460679432,0.8781245350837708,0.045390691608190536,0.48234120681881903
Non-localMeansFilter,poisson_4_gauss_0.1,4.0,0.1,sticks_008.tif,22.387940169339736,0.17108320769663043,0.8849811553955078,0.04825236648321152,0.5067833542823792
Non-localMeansFilter,poisson_4_gauss_0.1,4.0,0.1,sticks_011.tif,22.38386646952685,0.1741507422647198,0.9013102054595947,0.048016443848609924,0.4916830509901047
Non-localMeansFilter,poisson_4_gauss_0.1,4.0,0.1,sticks_006.tif,23.308494945440096,0.15072615554669147,0.8752166032791138,0.045268185436725616,0.486131202429533
Non-localMeansFilter,poisson_4_gauss_0.1,4.0,0.1,sticks_010.tif,22.775845044060553,0.1631315066376877,0.8876935243606567,0.04687914624810219,0.4939933933317661
Non-localMeansFilter,poisson_4_gauss_0.1,4.0,0.1,sticks_012.tif,22.53331965653585,0.16415560052650277,0.8918758630752563,0.04772203043103218,0.49637833684682847
Non-localMeansFilter,poisson_4_gauss_0.1,4.0,0.1,sticks_016.tif,22.756069744029706,0.16600278677832744,0.8880321383476257,0.04677413031458855,0.4768202655017376
Non-localMeansFilter,poisson_4_gauss_0.1,4.0,0.1,sticks_013.tif,22.512111803793097,0.17434839171890854,0.8969303965568542,0.04746226966381073,0.4709765300154686
Non-localMeansFilter,poisson_4_gauss_0.1,4.0,0.1,sticks_014.tif,23.200238542799635,0.1441119499454346,0.8795239329338074,0.04597362130880356,0.5091598518192768
Non-localMeansFilter,poisson_4_gauss_0.1,4.0,0.1,sticks_015.tif,22.854293279060425,0.16599931280292088,0.8918270468711853,0.04654175788164139,0.47888305485248567
Non-localMeansFilter,poisson_4_gauss_0.1,4.0,0.1,sticks_018.tif,22.55827587866456,0.1678159854969204,0.8987339735031128,0.047505639493465424,0.4881432607769966
Non-localMeansFilter,poisson_4_gauss_0.1,4.0,0.1,sticks_020.tif,22.557758555002646,0.1671247018120446,0.8895702958106995,0.047393493354320526,0.47769368439912796
Non-localMeansFilter,poisson_4_gauss_0.1,4.0,0.1,sticks_017.tif,22.794851462126307,0.1588112842632666,0.8846031427383423,0.04689411818981171,0.49570015594363215
Non-localMeansFilter,poisson_4_gauss_0.1,4.0,0.1,sticks_019.tif,22.539454652432305,0.17260055158892454,0.8969763517379761,0.047441959381103516,0.47515125274658204
Non-localMeansFilter,poisson_4_gauss_0.1,4.0,0.1,sticks_021.tif,22.76270764677735,0.16695963021060592,0.8879032731056213,0.046806056052446365,0.47664460763335226
Non-localMeansFilter,poisson_4_gauss_0.1,4.0,0.1,sticks_022.tif,22.8652865903487,0.15750371922907025,0.8856462240219116,0.04658179730176926,0.488919921964407
Non-localMeansFilter,poisson_4_gauss_0.1,4.0,0.1,sticks_023.tif,22.13728794361868,0.18052474336631388,0.9022584557533264,0.04883464798331261,0.48620288670063017
Non-localMeansFilter,poisson_4_gauss_0.1,4.0,0.1,sticks_024.tif,22.930276721869,0.15620884091483545,0.878990888595581,0.046458449214696884,0.49830096065998075
Non-localMeansFilter,poisson_4_gauss_0.1,4.0,0.1,sticks_025.tif,22.418554955246094,0.17778511492319665,0.901337206363678,0.04778926819562912,0.479043435305357
Non-localMeansFilter,poisson_4_gauss_0.1,4.0,0.1,sticks_026.tif,22.776639493668014,0.15615248230046758,0.8829326629638672,0.047016266733407974,0.4923725850880146
Non-localMeansFilter,poisson_4_gauss_0.1,4.0,0.1,sticks_027.tif,21.81294527868763,0.18668455337477233,0.9082632064819336,0.05039233714342117,0.5084958791732788
Non-localMeansFilter,poisson_4_gauss_0.1,4.0,0.1,sticks_028.tif,22.936373492285156,0.1570835274522025,0.880128026008606,0.04655980318784714,0.499745611846447
Non-localMeansFilter,poisson_4_gauss_0.1,4.0,0.1,sticks_029.tif,22.262350570991313,0.17304867769528326,0.8892266154289246,0.0485461987555027,0.49620027616620066
Non-localMeansFilter,poisson_4_gauss_0.1,4.0,0.1,sticks_030.tif,22.464905690406095,0.1712955311894512,0.8934270143508911,0.04775470122694969,0.4832031674683094
Non-localMeansFilter,poisson_4_gauss_0.1,4.0,0.1,sticks_032.tif,22.561959276885716,0.17704862311322664,0.8911510109901428,0.04734828695654869,0.47860258594155314
Non-localMeansFilter,poisson_4_gauss_0.1,4.0,0.1,sticks_031.tif,22.830858455593397,0.15706415901288162,0.8854994773864746,0.04682505875825882,0.4954527199268341
Non-localMeansFilter,poisson_4_gauss_0.1,4.0,0.1,sticks_033.tif,22.352634305213183,0.1731424471383026,0.8788838386535645,0.048139531165361404,0.48831493631005285
Non-localMeansFilter,poisson_4_gauss_0.1,4.0,0.1,sticks_034.tif,22.716068697486772,0.15870818769652056,0.8885356783866882,0.047011665999889374,0.48364075273275375
Non-localMeansFilter,poisson_4_gauss_0.1,4.0,0.1,sticks_035.tif,22.53788306525481,0.17251421650428056,0.8980206251144409,0.04742346331477165,0.4760164603590965
Non-localMeansFilter,poisson_4_gauss_0.1,4.0,0.1,sticks_036.tif,23.350584359578743,0.14935634306947312,0.8712290525436401,0.04512203484773636,0.4789513826370239
Non-localMeansFilter,poisson_4_gauss_0.1,4.0,0.1,sticks_037.tif,22.757545599343874,0.16072382700786125,0.87663334608078,0.0469629168510437,0.49583856761455536
Non-localMeansFilter,poisson_4_gauss_0.1,4.0,0.1,sticks_038.tif,23.343225878929452,0.14268057239194748,0.8792524337768555,0.04542582109570503,0.5007501743733883
Non-localMeansFilter,poisson_4_gauss_0.1,4.0,0.1,sticks_040.tif,22.37745459205907,0.1733149295412143,0.8958733081817627,0.04805885627865791,0.48723171949386596
Non-localMeansFilter,poisson_4_gauss_0.1,4.0,0.1,sticks_039.tif,22.654959975418176,0.16636758772422183,0.9002227187156677,0.047073930501937866,0.48339067995548246
Non-localMeansFilter,poisson_4_gauss_0.1,4.0,0.1,sticks_041.tif,23.115677213846432,0.15108219640899007,0.8861503601074219,0.045918889343738556,0.490633250027895
Non-localMeansFilter,poisson_4_gauss_0.1,4.0,0.1,sticks_042.tif,23.33456250710789,0.14555613249977062,0.8751351237297058,0.045423924922943115,0.49365763962268827
Non-localMeansFilter,poisson_4_gauss_0.1,4.0,0.1,sticks_043.tif,22.274259590338247,0.17887061395499623,0.907206654548645,0.04831618815660477,0.4795543871819973
Non-localMeansFilter,poisson_4_gauss_0.1,4.0,0.1,sticks_044.tif,22.32163171180854,0.17880157765529853,0.8885270953178406,0.048117391765117645,0.4842493899166584
Non-localMeansFilter,poisson_4_gauss_0.1,4.0,0.1,sticks_045.tif,23.1550669175029,0.1508526784921767,0.88826584815979,0.0456986241042614,0.4827404603362083
Non-localMeansFilter,poisson_4_gauss_0.1,4.0,0.1,sticks_046.tif,23.303644164545677,0.1446351433158826,0.8723055720329285,0.045578815042972565,0.4938957363367081
Non-localMeansFilter,poisson_4_gauss_0.1,4.0,0.1,sticks_047.tif,23.322740550062274,0.14280692069579062,0.8691690564155579,0.04543657228350639,0.4945419132709503
Non-localMeansFilter,poisson_4_gauss_0.1,4.0,0.1,sticks_049.tif,22.81647476497332,0.15901498066120115,0.8894619345664978,0.0466165691614151,0.4811771422624588
Non-localMeansFilter,poisson_4_gauss_0.1,4.0,0.1,sticks_048.tif,22.62898189283467,0.16388872679910135,0.8893634676933289,0.0474340096116066,0.49404265359044075
Non-localMeansFilter,poisson_4_gauss_0.1,4.0,0.1,sticks_050.tif,23.350261733067494,0.14255868725525025,0.8735408186912537,0.04529406875371933,0.494081886857748
Non-localMeansFilter,poisson_4_gauss_0.1,4.0,0.1,sticks_051.tif,22.19073310725978,0.1791955722457371,0.8999111652374268,0.04876843839883804,0.49155689850449563
Non-localMeansFilter,poisson_4_gauss_0.1,4.0,0.1,sticks_053.tif,22.358924952254174,0.1750989373110679,0.8974717259407043,0.048085786402225494,0.48514504730701447
Non-localMeansFilter,poisson_4_gauss_0.1,4.0,0.1,sticks_052.tif,22.655685442116376,0.17032145717344352,0.8989130854606628,0.046991631388664246,0.46977915689349176
Non-localMeansFilter,poisson_4_gauss_0.1,4.0,0.1,sticks_054.tif,23.18239521164294,0.14946563561659382,0.8736874461174011,0.04579233378171921,0.48836170360445974
Non-localMeansFilter,poisson_4_gauss_0.1,4.0,0.1,sticks_055.tif,22.290851006487213,0.1715431027575329,0.9078323841094971,0.04832727462053299,0.4832643151283264
Non-localMeansFilter,poisson_4_gauss_0.1,4.0,0.1,sticks_056.tif,22.70000259470411,0.1591595580844502,0.889082670211792,0.04714245721697807,0.48900531232357025
Non-localMeansFilter,poisson_4_gauss_0.1,4.0,0.1,sticks_059.tif,23.253716781506686,0.14878958719988444,0.8704544305801392,0.045597076416015625,0.4923767425119877
Non-localMeansFilter,poisson_4_gauss_0.1,4.0,0.1,sticks_058.tif,22.70461849948065,0.1670288424250089,0.8922246694564819,0.047054216265678406,0.4802891455590725
Non-localMeansFilter,poisson_4_gauss_0.1,4.0,0.1,sticks_057.tif,22.48936629322308,0.17824102917646845,0.8981298804283142,0.04762110114097595,0.48633029162883756
Non-localMeansFilter,poisson_4_gauss_0.1,4.0,0.1,sticks_060.tif,23.23006249610522,0.14748245587182793,0.8814610242843628,0.04568684846162796,0.49839925915002825
Non-localMeansFilter,poisson_4_gauss_0.1,4.0,0.1,sticks_063.tif,22.533138645292116,0.1640338008399805,0.8954424858093262,0.04776444286108017,0.4969491608440876
Non-localMeansFilter,poisson_4_gauss_0.1,4.0,0.1,sticks_061.tif,22.21384780789524,0.18322250473763177,0.905674159526825,0.04842716455459595,0.4820504516363144
Non-localMeansFilter,poisson_4_gauss_0.1,4.0,0.1,sticks_062.tif,23.026883193531003,0.1474495064611245,0.8883899450302124,0.04599665105342865,0.48151385933160784
Non-localMeansFilter,poisson_4_gauss_0.1,4.0,0.1,sticks_067.tif,22.380996158009168,0.17286922699412252,0.8956069350242615,0.04815518483519554,0.4914028160274029
Non-localMeansFilter,poisson_4_gauss_0.1,4.0,0.1,sticks_066.tif,22.654363475834565,0.1703732157366488,0.8894593715667725,0.04705487936735153,0.47515875175595285
Non-localMeansFilter,poisson_4_gauss_0.1,4.0,0.1,sticks_065.tif,22.668247535561502,0.1645300687888981,0.8989143967628479,0.047114674001932144,0.4816050209105015
Non-localMeansFilter,poisson_4_gauss_0.1,4.0,0.1,sticks_068.tif,23.00949580682871,0.15157063308155166,0.8802050352096558,0.046318747103214264,0.5048956915736198
Non-localMeansFilter,poisson_4_gauss_0.1,4.0,0.1,sticks_069.tif,22.534358745033597,0.16913976559878863,0.8975253701210022,0.04760086536407471,0.4949061580002308
Non-localMeansFilter,poisson_4_gauss_0.1,4.0,0.1,sticks_064.tif,22.75242325994,0.15531628909912848,0.8895050883293152,0.04709591343998909,0.5017113365232945
Non-localMeansFilter,poisson_4_gauss_0.1,4.0,0.1,sticks_070.tif,22.737011298642706,0.1649294230503685,0.8862205147743225,0.04702974110841751,0.4961164504289627
Non-localMeansFilter,poisson_4_gauss_0.1,4.0,0.1,sticks_071.tif,22.535949701449752,0.16783095421529362,0.8892205357551575,0.04760853946208954,0.4885057993233204
Non-localMeansFilter,poisson_4_gauss_0.1,4.0,0.1,sticks_072.tif,23.17519298589459,0.14721401261940517,0.8797183632850647,0.04577691853046417,0.4916916161775589
Non-localMeansFilter,poisson_4_gauss_0.1,4.0,0.1,sticks_073.tif,22.918999950579654,0.15232856217203225,0.883807361125946,0.04651264101266861,0.490870301425457
Non-localMeansFilter,poisson_4_gauss_0.1,4.0,0.1,sticks_074.tif,23.00900703109152,0.15705429896895348,0.8735939860343933,0.04608103260397911,0.4873688109219074
Non-localMeansFilter,poisson_4_gauss_0.1,4.0,0.1,sticks_075.tif,22.605865610998382,0.17760954020176412,0.8950427174568176,0.047128595411777496,0.4658489890396595
Non-localMeansFilter,poisson_4_gauss_0.1,4.0,0.1,sticks_076.tif,22.5582709189812,0.16893007796776502,0.8927686214447021,0.047772325575351715,0.5035323515534401
Non-localMeansFilter,poisson_4_gauss_0.1,4.0,0.1,sticks_077.tif,22.360624944677344,0.1774997718621224,0.9038059115409851,0.04787294566631317,0.4781256832182407
Non-localMeansFilter,poisson_4_gauss_0.1,4.0,0.1,sticks_078.tif,22.88305933437588,0.16287235767163996,0.8961551785469055,0.04628260061144829,0.4725738734006882
Non-localMeansFilter,poisson_4_gauss_0.1,4.0,0.1,sticks_079.tif,22.49332511021307,0.16792361943137404,0.8910220265388489,0.04791463539004326,0.5006131686270237
Non-localMeansFilter,poisson_4_gauss_0.1,4.0,0.1,sticks_080.tif,22.223571823159986,0.18469268039722633,0.8978577256202698,0.04847091808915138,0.4827500008046627
Non-localMeansFilter,poisson_4_gauss_0.1,4.0,0.1,sticks_081.tif,22.291381379130716,0.1794216619878838,0.8933751583099365,0.0483657531440258,0.48877873793244364
Non-localMeansFilter,poisson_4_gauss_0.1,4.0,0.1,sticks_082.tif,22.276299900416486,0.17353012686564226,0.9012218713760376,0.04847266525030136,0.49613083228468896
Non-localMeansFilter,poisson_4_gauss_0.1,4.0,0.1,sticks_084.tif,22.47369896939713,0.1679129863666518,0.8988544940948486,0.0478479340672493,0.498232189565897
Non-localMeansFilter,poisson_4_gauss_0.1,4.0,0.1,sticks_083.tif,22.99904612970986,0.158960020059393,0.8824672102928162,0.04617302864789963,0.48663511127233505
Non-localMeansFilter,poisson_4_gauss_0.1,4.0,0.1,sticks_085.tif,22.694228908455415,0.15654532556751236,0.8948633670806885,0.046726033091545105,0.4704129584133625
Non-localMeansFilter,poisson_4_gauss_0.1,4.0,0.1,sticks_086.tif,22.663028801173873,0.1667432100352316,0.8990061283111572,0.046832375228405,0.46933349370956423
Non-localMeansFilter,poisson_4_gauss_0.1,4.0,0.1,sticks_088.tif,22.943523612677424,0.1648076085130628,0.8890497088432312,0.04604931175708771,0.468084866553545
Non-localMeansFilter,poisson_4_gauss_0.1,4.0,0.1,sticks_087.tif,22.61040244446267,0.1642100959685255,0.8989179134368896,0.04730849713087082,0.4889413401484489
Non-localMeansFilter,poisson_4_gauss_0.1,4.0,0.1,sticks_089.tif,22.922605801168036,0.1572602651504234,0.8824717998504639,0.04644612967967987,0.488752381503582
Non-localMeansFilter,poisson_4_gauss_0.1,4.0,0.1,sticks_090.tif,22.44261048096245,0.17198295380313533,0.9031316637992859,0.047677766531705856,0.47880577445030215
Non-localMeansFilter,poisson_4_gauss_0.1,4.0,0.1,sticks_091.tif,23.2227035428243,0.15726768867611934,0.8827365636825562,0.045414820313453674,0.4693956382572651
Non-localMeansFilter,poisson_4_gauss_0.1,4.0,0.1,sticks_092.tif,22.639601931962176,0.1593868370098452,0.8908063769340515,0.04735053330659866,0.49443257600069046
Non-localMeansFilter,poisson_4_gauss_0.1,4.0,0.1,sticks_093.tif,22.21480920125849,0.17849509770665134,0.8944147825241089,0.04871385172009468,0.4982046879827976
Non-localMeansFilter,poisson_4_gauss_0.1,4.0,0.1,sticks_095.tif,21.780113507943742,0.18803411467631373,0.906907856464386,0.0500471405684948,0.48164522647857666
Non-localMeansFilter,poisson_4_gauss_0.1,4.0,0.1,sticks_096.tif,22.387513242251377,0.17448741053607475,0.8906991481781006,0.04807167500257492,0.4771388188004494
Non-localMeansFilter,poisson_4_gauss_0.1,4.0,0.1,sticks_097.tif,22.58409394479773,0.16557248553668077,0.8979141712188721,0.04758866876363754,0.49777507707476615
Non-localMeansFilter,poisson_4_gauss_0.1,4.0,0.1,sticks_098.tif,22.195623753670674,0.17685953329075008,0.9014785885810852,0.04858247935771942,0.4844570606946945
Non-localMeansFilter,poisson_4_gauss_0.1,4.0,0.1,sticks_099.tif,22.48224994775303,0.165639319705806,0.8995121717453003,0.04783866927027702,0.49426774904131887
Non-localMeansFilter,poisson_4_gauss_0.1,4.0,0.1,sticks_094.tif,22.78468976908641,0.16996856660517395,0.8852760791778564,0.04645107686519623,0.4630811706185341
Non-localMeansFilter,poisson_4_gauss_0.2,4.0,0.2,sticks_000.tif,16.428558622643767,0.061895670623666216,0.6220217943191528,0.08726255595684052,0.9851469397544861
Non-localMeansFilter,poisson_4_gauss_0.2,4.0,0.2,sticks_001.tif,16.2374492648686,0.08023161392723427,0.6593306064605713,0.08975476026535034,0.975814838707447
Non-localMeansFilter,poisson_4_gauss_0.2,4.0,0.2,sticks_002.tif,16.54911533399947,0.05018752492725613,0.6038827300071716,0.08563463389873505,0.990392442047596
Non-localMeansFilter,poisson_4_gauss_0.2,4.0,0.2,sticks_003.tif,16.413263543174438,0.0675463897570718,0.6276316046714783,0.08737140893936157,0.9729245781898499
Non-localMeansFilter,poisson_4_gauss_0.2,4.0,0.2,sticks_004.tif,16.382561760148878,0.07194176977157417,0.6460447311401367,0.08781450986862183,0.9750758290290833
Non-localMeansFilter,poisson_4_gauss_0.2,4.0,0.2,sticks_005.tif,16.515704905553363,0.054436236624282895,0.6073692440986633,0.08613066375255585,0.98943872153759
Non-localMeansFilter,poisson_4_gauss_0.2,4.0,0.2,sticks_007.tif,16.32317152055436,0.0718316500437707,0.6471477150917053,0.08863545954227448,0.9838384717702866
Non-localMeansFilter,poisson_4_gauss_0.2,4.0,0.2,sticks_009.tif,16.527259949155134,0.0518326878992817,0.6077796816825867,0.08600305765867233,0.986118370294571
Non-localMeansFilter,poisson_4_gauss_0.2,4.0,0.2,sticks_008.tif,16.340232782256194,0.07164221803330605,0.6442274451255798,0.08848658204078674,0.9886588081717491
Non-localMeansFilter,poisson_4_gauss_0.2,4.0,0.2,sticks_011.tif,16.33749933793063,0.07441174771937493,0.6496732831001282,0.08829139918088913,0.9788374230265617
Non-localMeansFilter,poisson_4_gauss_0.2,4.0,0.2,sticks_006.tif,16.52285034887765,0.0548706634410342,0.6027586460113525,0.0859546959400177,0.9865859404206276
Non-localMeansFilter,poisson_4_gauss_0.2,4.0,0.2,sticks_010.tif,16.42104853561605,0.06446978907578164,0.62600177526474,0.08730880171060562,0.9810999989509582
Non-localMeansFilter,poisson_4_gauss_0.2,4.0,0.2,sticks_012.tif,16.373904979812608,0.06590435335894594,0.6347330808639526,0.08801375329494476,0.9850508615374565
Non-localMeansFilter,poisson_4_gauss_0.2,4.0,0.2,sticks_016.tif,16.41188638377963,0.06722901766742108,0.6275132298469543,0.08728916198015213,0.9718154862523078
Non-localMeansFilter,poisson_4_gauss_0.2,4.0,0.2,sticks_013.tif,16.363113547784575,0.0748634414006497,0.6417136192321777,0.08783728629350662,0.9601785346865654
Non-localMeansFilter,poisson_4_gauss_0.2,4.0,0.2,sticks_014.tif,16.51783083026699,0.0479429728048908,0.6074150204658508,0.08639638125896454,1.0023963361978532
Non-localMeansFilter,poisson_4_gauss_0.2,4.0,0.2,sticks_015.tif,16.438601425384878,0.06583385511422288,0.6374412775039673,0.08701490610837936,0.9738378316164017
Non-localMeansFilter,poisson_4_gauss_0.2,4.0,0.2,sticks_018.tif,16.370473309126943,0.0684422933541463,0.6405141949653625,0.08792763203382492,0.9741605311632157
Non-localMeansFilter,poisson_4_gauss_0.2,4.0,0.2,sticks_020.tif,16.368017141646355,0.0695032942133355,0.6290950775146484,0.08779590576887131,0.9752803161740303
Non-localMeansFilter,poisson_4_gauss_0.2,4.0,0.2,sticks_017.tif,16.42942308941485,0.06105837247213437,0.6271926164627075,0.08728241920471191,0.984088909626007
Non-localMeansFilter,poisson_4_gauss_0.2,4.0,0.2,sticks_019.tif,16.363812425879892,0.07372594889832663,0.648388683795929,0.08789875358343124,0.969806683063507
Non-localMeansFilter,poisson_4_gauss_0.2,4.0,0.2,sticks_021.tif,16.414643544475375,0.06870466305285419,0.6336778998374939,0.08730141073465347,0.9738635256886482
Non-localMeansFilter,poisson_4_gauss_0.2,4.0,0.2,sticks_022.tif,16.441132451421897,0.060575212834365254,0.6184596419334412,0.08706875145435333,0.9825635254383087
Non-localMeansFilter,poisson_4_gauss_0.2,4.0,0.2,sticks_023.tif,16.271118992770994,0.08009978217151707,0.6582308411598206,0.08914852887392044,0.9732940956950188
Non-localMeansFilter,poisson_4_gauss_0.2,4.0,0.2,sticks_024.tif,16.44809386297792,0.05918281186035643,0.6178205609321594,0.08699127286672592,0.9908452600240707
Non-localMeansFilter,poisson_4_gauss_0.2,4.0,0.2,sticks_025.tif,16.341312027615338,0.07643262399645306,0.6515485048294067,0.088194340467453,0.9675882667303085
Non-localMeansFilter,poisson_4_gauss_0.2,4.0,0.2,sticks_026.tif,16.423633010647336,0.059420511832482516,0.6145749092102051,0.08739196509122849,0.9899699971079826
Non-localMeansFilter,poisson_4_gauss_0.2,4.0,0.2,sticks_027.tif,16.2063142653507,0.08320768778837402,0.6704177260398865,0.09036029130220413,0.9739948317408562
Non-localMeansFilter,poisson_4_gauss_0.2,4.0,0.2,sticks_028.tif,16.449817598895677,0.05858646622507923,0.6179224848747253,0.08707473427057266,0.9944290414452552
Non-localMeansFilter,poisson_4_gauss_0.2,4.0,0.2,sticks_029.tif,16.309199766984825,0.07402858949171112,0.6454785466194153,0.08872480690479279,0.9799007534980774
Non-localMeansFilter,poisson_4_gauss_0.2,4.0,0.2,sticks_030.tif,16.351116575850867,0.07240131256017152,0.6441230773925781,0.08811866492033005,0.9693566724658013
Non-localMeansFilter,poisson_4_gauss_0.2,4.0,0.2,sticks_032.tif,16.36729600092896,0.07537833490564873,0.6487754583358765,0.08782543987035751,0.9663251161575317
Non-localMeansFilter,poisson_4_gauss_0.2,4.0,0.2,sticks_031.tif,16.436155208472364,0.058575212497395106,0.6165881156921387,0.08726896345615387,0.986636483669281
Non-localMeansFilter,poisson_4_gauss_0.2,4.0,0.2,sticks_033.tif,16.32255570211789,0.07467860383715211,0.6357255578041077,0.08851207047700882,0.9811930358409882
Non-localMeansFilter,poisson_4_gauss_0.2,4.0,0.2,sticks_034.tif,16.407292481856082,0.06227952604436396,0.6176885962486267,0.08746667951345444,0.9800960823893548
Non-localMeansFilter,poisson_4_gauss_0.2,4.0,0.2,sticks_035.tif,16.363586489718088,0.07319013230417332,0.6489023566246033,0.08789138495922089,0.969376428425312
Non-localMeansFilter,poisson_4_gauss_0.2,4.0,0.2,sticks_036.tif,16.53186276415005,0.05418163988176522,0.5988192558288574,0.08581584692001343,0.986609160900116
Non-localMeansFilter,poisson_4_gauss_0.2,4.0,0.2,sticks_037.tif,16.417418038903367,0.0632011713934706,0.6161943078041077,0.0874064564704895,0.9826473876833915
Non-localMeansFilter,poisson_4_gauss_0.2,4.0,0.2,sticks_038.tif,16.53354126129886,0.04771298179566811,0.5976836681365967,0.08601038157939911,0.9970949679613114
Non-localMeansFilter,poisson_4_gauss_0.2,4.0,0.2,sticks_040.tif,16.32555514733895,0.07425731059876958,0.6467714905738831,0.08846723288297653,0.9772884741425514
Non-localMeansFilter,poisson_4_gauss_0.2,4.0,0.2,sticks_039.tif,16.394771080622963,0.06875094282859978,0.6400690078735352,0.08755288273096085,0.981323567032814
Non-localMeansFilter,poisson_4_gauss_0.2,4.0,0.2,sticks_041.tif,16.490653051264985,0.05464180352520217,0.61481112241745,0.08646158874034882,0.9871549591422081
Non-localMeansFilter,poisson_4_gauss_0.2,4.0,0.2,sticks_042.tif,16.532120199562915,0.04903822714877443,0.5993571281433105,0.0860157310962677,0.9931614071130752
Non-localMeansFilter,poisson_4_gauss_0.2,4.0,0.2,sticks_043.tif,16.301461848789017,0.07891823716093689,0.6567557454109192,0.08869318664073944,0.9694723427295685
Non-localMeansFilter,poisson_4_gauss_0.2,4.0,0.2,sticks_044.tif,16.32380222617982,0.07799811599350004,0.6454179883003235,0.08840463310480118,0.9710527449846268
Non-localMeansFilter,poisson_4_gauss_0.2,4.0,0.2,sticks_045.tif,16.49719472005016,0.055209121502479995,0.6215887069702148,0.08631043136119843,0.9813965037465096
Non-localMeansFilter,poisson_4_gauss_0.2,4.0,0.2,sticks_046.tif,16.53507733552473,0.048490830504306935,0.5989190936088562,0.08606529980897903,0.9946749687194825
Non-localMeansFilter,poisson_4_gauss_0.2,4.0,0.2,sticks_047.tif,16.523915378208848,0.048628800335903825,0.5954355001449585,0.08610765635967255,0.9967981487512588
Non-localMeansFilter,poisson_4_gauss_0.2,4.0,0.2,sticks_049.tif,16.424360507544428,0.06335206343965188,0.6247965693473816,0.08712232857942581,0.9818417698144912
Non-localMeansFilter,poisson_4_gauss_0.2,4.0,0.2,sticks_048.tif,16.395431221876933,0.06451421844652096,0.6293948888778687,0.08774349093437195,0.9887886002659798
Non-localMeansFilter,poisson_4_gauss_0.2,4.0,0.2,sticks_050.tif,16.52888590993003,0.04936046429150218,0.5958644151687622,0.08599047362804413,0.9939309135079384
Non-localMeansFilter,poisson_4_gauss_0.2,4.0,0.2,sticks_051.tif,16.297476512621706,0.07712418674454045,0.6507311463356018,0.08894527703523636,0.9664807543158531
Non-localMeansFilter,poisson_4_gauss_0.2,4.0,0.2,sticks_053.tif,16.323352226408637,0.07616695098613623,0.6420375108718872,0.08845587074756622,0.9705119416117668
Non-localMeansFilter,poisson_4_gauss_0.2,4.0,0.2,sticks_052.tif,16.387577747606194,0.0724945920895166,0.637487530708313,0.08749902248382568,0.9677681669592857
Non-localMeansFilter,poisson_4_gauss_0.2,4.0,0.2,sticks_054.tif,16.498955315753292,0.05322962099844305,0.6105567216873169,0.08640415221452713,0.9911375865340233
Non-localMeansFilter,poisson_4_gauss_0.2,4.0,0.2,sticks_055.tif,16.313675807610824,0.07314195562086194,0.651409387588501,0.08863528072834015,0.9720887422561646
Non-localMeansFilter,poisson_4_gauss_0.2,4.0,0.2,sticks_056.tif,16.40278427913455,0.06304258617571454,0.6234869956970215,0.08756648004055023,0.9856723785400391
Non-localMeansFilter,poisson_4_gauss_0.2,4.0,0.2,sticks_059.tif,16.518125209074675,0.053060096862105374,0.6089659929275513,0.08614979684352875,0.991758881509304
Non-localMeansFilter,poisson_4_gauss_0.2,4.0,0.2,sticks_058.tif,16.407801055738435,0.06783837612080407,0.6336120367050171,0.08744719624519348,0.9740986093878746
Non-localMeansFilter,poisson_4_gauss_0.2,4.0,0.2,sticks_057.tif,16.359029330599842,0.076654902398681,0.6516899466514587,0.08801008760929108,0.968585704267025
Non-localMeansFilter,poisson_4_gauss_0.2,4.0,0.2,sticks_060.tif,16.512750122375444,0.051022636566509995,0.6033757328987122,0.08625933527946472,0.9915397420525551
Non-localMeansFilter,poisson_4_gauss_0.2,4.0,0.2,sticks_063.tif,16.369517445130686,0.06541554939111491,0.6313896179199219,0.08811897784471512,0.9861364081501961
Non-localMeansFilter,poisson_4_gauss_0.2,4.0,0.2,sticks_061.tif,16.287661317797397,0.08278306305620005,0.66068035364151,0.08877886831760406,0.9671024307608604
Non-localMeansFilter,poisson_4_gauss_0.2,4.0,0.2,sticks_062.tif,16.46573021520267,0.05423177304660633,0.6060922145843506,0.08664191514253616,0.9840840548276901
Non-localMeansFilter,poisson_4_gauss_0.2,4.0,0.2,sticks_067.tif,16.332167670477293,0.07332235369693317,0.6446146965026855,0.08844044804573059,0.979970233142376
Non-localMeansFilter,poisson_4_gauss_0.2,4.0,0.2,sticks_066.tif,16.38360350138329,0.07146250119265996,0.6334046721458435,0.08759982138872147,0.9731457814574241
Non-localMeansFilter,poisson_4_gauss_0.2,4.0,0.2,sticks_065.tif,16.39428718296109,0.06535442293879203,0.6380431652069092,0.08756747841835022,0.9709497064352035
Non-localMeansFilter,poisson_4_gauss_0.2,4.0,0.2,sticks_068.tif,16.4783183840913,0.05475405448372695,0.6042876243591309,0.08673376590013504,0.9947588726878166
Non-localMeansFilter,poisson_4_gauss_0.2,4.0,0.2,sticks_069.tif,16.37560982091198,0.06927998872364334,0.6427692770957947,0.08788512647151947,0.974590040743351
Non-localMeansFilter,poisson_4_gauss_0.2,4.0,0.2,sticks_064.tif,16.41968597014872,0.05835349627259932,0.6244641542434692,0.08743314445018768,0.9902590066194534
Non-localMeansFilter,poisson_4_gauss_0.2,4.0,0.2,sticks_070.tif,16.414430849464235,0.06553340472882363,0.630977213382721,0.08747970312833786,0.9887570887804031
Non-localMeansFilter,poisson_4_gauss_0.2,4.0,0.2,sticks_071.tif,16.365233210257944,0.06990776778589904,0.6389707922935486,0.08797395974397659,0.9836572706699371
Non-localMeansFilter,poisson_4_gauss_0.2,4.0,0.2,sticks_072.tif,16.50313019680861,0.05187546061439569,0.6070266962051392,0.08637811988592148,0.994108933210373
Non-localMeansFilter,poisson_4_gauss_0.2,4.0,0.2,sticks_073.tif,16.451668223924163,0.05663791488356617,0.6196006536483765,0.08700098097324371,0.9858827203512192
Non-localMeansFilter,poisson_4_gauss_0.2,4.0,0.2,sticks_074.tif,16.467271737511073,0.060688098726457966,0.6176645755767822,0.0866515263915062,0.9886393621563911
Non-localMeansFilter,poisson_4_gauss_0.2,4.0,0.2,sticks_075.tif,16.373044815067598,0.07645248925153367,0.6451727747917175,0.08768144249916077,0.9657874047756195
Non-localMeansFilter,poisson_4_gauss_0.2,4.0,0.2,sticks_076.tif,16.37886004036908,0.06798724446101322,0.6449280381202698,0.08804871141910553,0.9898413971066475
Non-localMeansFilter,poisson_4_gauss_0.2,4.0,0.2,sticks_077.tif,16.324389533031763,0.0786867387978414,0.6534186005592346,0.08828310668468475,0.9651428788900376
Non-localMeansFilter,poisson_4_gauss_0.2,4.0,0.2,sticks_078.tif,16.438094154186064,0.06589211486966835,0.6263220906257629,0.08687550574541092,0.9699888959527015
Non-localMeansFilter,poisson_4_gauss_0.2,4.0,0.2,sticks_079.tif,16.36571626310937,0.06813479392701455,0.6415160298347473,0.08813705295324326,0.9830786898732186
Non-localMeansFilter,poisson_4_gauss_0.2,4.0,0.2,sticks_080.tif,16.294148901110624,0.0833217251985287,0.6557695269584656,0.08875139057636261,0.9668367713689804
Non-localMeansFilter,poisson_4_gauss_0.2,4.0,0.2,sticks_081.tif,16.30553713793801,0.07835018737634412,0.6521568894386292,0.08871232718229294,0.9745065808296204
Non-localMeansFilter,poisson_4_gauss_0.2,4.0,0.2,sticks_082.tif,16.31557592961323,0.0747275788389181,0.6520178318023682,0.08869709074497223,0.9790494725108146
Non-localMeansFilter,poisson_4_gauss_0.2,4.0,0.2,sticks_084.tif,16.356864672643802,0.06895371820893685,0.6436214447021484,0.08812050521373749,0.9762163117527962
Non-localMeansFilter,poisson_4_gauss_0.2,4.0,0.2,sticks_083.tif,16.461595117841977,0.06057972142839373,0.6207913160324097,0.08679451048374176,0.9835210710763931
Non-localMeansFilter,poisson_4_gauss_0.2,4.0,0.2,sticks_085.tif,16.396093502356717,0.06381727781544495,0.6246620416641235,0.08732347190380096,0.9693919137120247
Non-localMeansFilter,poisson_4_gauss_0.2,4.0,0.2,sticks_086.tif,16.384818562442636,0.07095700983129467,0.6369792222976685,0.0874665156006813,0.966755422949791
Non-localMeansFilter,poisson_4_gauss_0.2,4.0,0.2,sticks_088.tif,16.448169840091687,0.06793817964995974,0.6279797554016113,0.08673027902841568,0.9754832282662391
Non-localMeansFilter,poisson_4_gauss_0.2,4.0,0.2,sticks_087.tif,16.386313451940456,0.06620671164192883,0.6357367634773254,0.08770529180765152,0.9754856348037719
Non-localMeansFilter,poisson_4_gauss_0.2,4.0,0.2,sticks_089.tif,16.447233642563074,0.06012697565512375,0.6223524808883667,0.08696305751800537,0.9908899188041687
Non-localMeansFilter,poisson_4_gauss_0.2,4.0,0.2,sticks_090.tif,16.340049897595534,0.0755250789921728,0.6472500562667847,0.08810193836688995,0.971448439359665
Non-localMeansFilter,poisson_4_gauss_0.2,4.0,0.2,sticks_091.tif,16.503997790527887,0.059549768491228464,0.6181955933570862,0.08612307161092758,0.9777812287211418
Non-localMeansFilter,poisson_4_gauss_0.2,4.0,0.2,sticks_092.tif,16.386044020925578,0.06258801879109238,0.6284040212631226,0.08782900869846344,0.9801344767212867
Non-localMeansFilter,poisson_4_gauss_0.2,4.0,0.2,sticks_093.tif,16.30044947229461,0.07778761172847531,0.6500924229621887,0.08887400478124619,0.9771658807992936
Non-localMeansFilter,poisson_4_gauss_0.2,4.0,0.2,sticks_095.tif,16.194253245329428,0.08772502485050057,0.6621894836425781,0.09007143974304199,0.9573710143566132
Non-localMeansFilter,poisson_4_gauss_0.2,4.0,0.2,sticks_096.tif,16.34012847558875,0.07394753013968729,0.637336254119873,0.08825363218784332,0.9736779168248176
Non-localMeansFilter,poisson_4_gauss_0.2,4.0,0.2,sticks_097.tif,16.38046295100103,0.06616375611632376,0.6411270499229431,0.08790268748998642,0.9876422867178917
Non-localMeansFilter,poisson_4_gauss_0.2,4.0,0.2,sticks_098.tif,16.284830827622876,0.07850317970154541,0.6468517184257507,0.08889712393283844,0.9727314427495003
Non-localMeansFilter,poisson_4_gauss_0.2,4.0,0.2,sticks_099.tif,16.361675880343444,0.06710390664329034,0.6350077986717224,0.08809873461723328,0.9820078536868095
Non-localMeansFilter,poisson_4_gauss_0.2,4.0,0.2,sticks_094.tif,16.414376150356013,0.07139337121575837,0.6311882138252258,0.08707208931446075,0.9663029566407204
TotalVariationFilter,poisson_16_gauss_0.05,16.0,0.05,sticks_000.tif,31.877863948234584,0.3732068265952336,0.9500899910926819,0.02283681556582451,0.10142781138420105
TotalVariationFilter,poisson_16_gauss_0.05,16.0,0.05,sticks_001.tif,31.227443672162757,0.3918283479081167,0.9584343433380127,0.023885328322649002,0.11849170043133199
TotalVariationFilter,poisson_16_gauss_0.05,16.0,0.05,sticks_002.tif,32.049468639283724,0.3430738818565735,0.9428069591522217,0.022608555853366852,0.09120799554511905
TotalVariationFilter,poisson_16_gauss_0.05,16.0,0.05,sticks_003.tif,31.2746162647831,0.3634496975953016,0.9457231163978577,0.024074900895357132,0.10250776777975261
TotalVariationFilter,poisson_16_gauss_0.05,16.0,0.05,sticks_004.tif,31.693801881600216,0.39127423723417937,0.9542243480682373,0.02307387813925743,0.09976322990842164
TotalVariationFilter,poisson_16_gauss_0.05,16.0,0.05,sticks_005.tif,31.581168202866216,0.34926344831345174,0.9355161786079407,0.023726001381874084,0.09633532585576177
TotalVariationFilter,poisson_16_gauss_0.05,16.0,0.05,sticks_007.tif,31.35663322640578,0.38002523632171903,0.9569740891456604,0.02375652827322483,0.11130593498237432
TotalVariationFilter,poisson_16_gauss_0.05,16.0,0.05,sticks_009.tif,32.01957308816884,0.35469521912503477,0.942846417427063,0.022740375250577927,0.09128868137486279
TotalVariationFilter,poisson_16_gauss_0.05,16.0,0.05,sticks_008.tif,31.238531875178822,0.3806639868394562,0.947432279586792,0.024076862260699272,0.10148045085370541
TotalVariationFilter,poisson_16_gauss_0.05,16.0,0.05,sticks_011.tif,31.173364740500627,0.3748393332853177,0.9563183188438416,0.024048129096627235,0.1056214002892375
TotalVariationFilter,poisson_16_gauss_0.05,16.0,0.05,sticks_006.tif,32.163505359099844,0.3606257112129271,0.9429478049278259,0.02234482392668724,0.10228963487315923
TotalVariationFilter,poisson_16_gauss_0.05,16.0,0.05,sticks_010.tif,31.756554397807932,0.37428949035545606,0.949771523475647,0.023051921278238297,0.1017641412327066
TotalVariationFilter,poisson_16_gauss_0.05,16.0,0.05,sticks_012.tif,31.723897433953194,0.37901324133049713,0.9534094929695129,0.023037541657686234,0.10406647650524974
TotalVariationFilter,poisson_16_gauss_0.05,16.0,0.05,sticks_016.tif,31.64772976322155,0.37179225261970544,0.9487031698226929,0.0231290552765131,0.09689597338438034
TotalVariationFilter,poisson_16_gauss_0.05,16.0,0.05,sticks_013.tif,31.28616669974177,0.37163669611604794,0.9530254006385803,0.023772552609443665,0.1018154552206397
TotalVariationFilter,poisson_16_gauss_0.05,16.0,0.05,sticks_014.tif,32.100897737453835,0.36274489862106984,0.9455781579017639,0.022664377465844154,0.09711228851228952
TotalVariationFilter,poisson_16_gauss_0.05,16.0,0.05,sticks_015.tif,31.55381592755688,0.36993939170211737,0.9511331915855408,0.023494701832532883,0.10212036143057049
TotalVariationFilter,poisson_16_gauss_0.05,16.0,0.05,sticks_018.tif,31.21337492975123,0.3668517318633852,0.9530664682388306,0.024136390537023544,0.106849857699126
TotalVariationFilter,poisson_16_gauss_0.05,16.0,0.05,sticks_020.tif,31.512287124139142,0.3692443536461478,0.9494898319244385,0.0233024712651968,0.1020643432624638
TotalVariationFilter,poisson_16_gauss_0.05,16.0,0.05,sticks_017.tif,31.755407146871715,0.3700449552675749,0.9476585388183594,0.02312316931784153,0.10546900960616767
TotalVariationFilter,poisson_16_gauss_0.05,16.0,0.05,sticks_019.tif,31.600575758632026,0.38061558846817567,0.9561179876327515,0.023058323189616203,0.10046452786773444
TotalVariationFilter,poisson_16_gauss_0.05,16.0,0.05,sticks_021.tif,31.65127514634569,0.3718149726549633,0.9500035047531128,0.02315385267138481,0.09792369129136205
TotalVariationFilter,poisson_16_gauss_0.05,16.0,0.05,sticks_022.tif,31.941236469530235,0.3703583533954122,0.9497715830802917,0.02263239398598671,0.10309742437675595
TotalVariationFilter,poisson_16_gauss_0.05,16.0,0.05,sticks_023.tif,31.671595215602593,0.40104803829649543,0.9598501920700073,0.022761041298508644,0.1043234046548605
TotalVariationFilter,poisson_16_gauss_0.05,16.0,0.05,sticks_024.tif,31.583243152278722,0.3585809206281553,0.942516028881073,0.023545432835817337,0.10028233798220754
TotalVariationFilter,poisson_16_gauss_0.05,16.0,0.05,sticks_025.tif,31.555091994460827,0.38853634435232337,0.9582278728485107,0.023112157359719276,0.10678925551474094
TotalVariationFilter,poisson_16_gauss_0.05,16.0,0.05,sticks_026.tif,32.11736454645295,0.3769857470370867,0.9483310580253601,0.022294092923402786,0.09746795459650456
TotalVariationFilter,poisson_16_gauss_0.05,16.0,0.05,sticks_027.tif,31.248271535544884,0.4095577297186927,0.964084804058075,0.023889074102044106,0.11439458876848221
TotalVariationFilter,poisson_16_gauss_0.05,16.0,0.05,sticks_028.tif,32.13380756687161,0.3797387884332879,0.9474211931228638,0.022330613806843758,0.09744413988664746
TotalVariationFilter,poisson_16_gauss_0.05,16.0,0.05,sticks_029.tif,31.420971161558242,0.38334746195350017,0.9489378333091736,0.023549264296889305,0.1043599110096693
TotalVariationFilter,poisson_16_gauss_0.05,16.0,0.05,sticks_030.tif,31.47839390405299,0.3790970431535191,0.952751636505127,0.023402653634548187,0.10167528809979558
TotalVariationFilter,poisson_16_gauss_0.05,16.0,0.05,sticks_032.tif,31.368846619543227,0.37907564171428887,0.9504712820053101,0.02362634614109993,0.10424292550887912
TotalVariationFilter,poisson_16_gauss_0.05,16.0,0.05,sticks_031.tif,32.000651854335146,0.376963470493038,0.9495061039924622,0.022613219916820526,0.09751495863310992
TotalVariationFilter,poisson_16_gauss_0.05,16.0,0.05,sticks_033.tif,31.470442702881492,0.3826593848590924,0.9436880946159363,0.0233710128813982,0.10384718647692352
TotalVariationFilter,poisson_16_gauss_0.05,16.0,0.05,sticks_034.tif,31.209443519072217,0.35160221708203393,0.9460106492042542,0.02428833767771721,0.10373801989480853
TotalVariationFilter,poisson_16_gauss_0.05,16.0,0.05,sticks_035.tif,31.303117235528667,0.3727141644345304,0.954425036907196,0.023710893467068672,0.10112810833379626
TotalVariationFilter,poisson_16_gauss_0.05,16.0,0.05,sticks_036.tif,31.638041151310272,0.3409326086756008,0.9352939128875732,0.023550499230623245,0.09142392661888152
TotalVariationFilter,poisson_16_gauss_0.05,16.0,0.05,sticks_037.tif,31.57228805344046,0.36538584793353984,0.9410909414291382,0.02348870411515236,0.10182401421479881
TotalVariationFilter,poisson_16_gauss_0.05,16.0,0.05,sticks_038.tif,31.782412990683348,0.34634785746231744,0.9417938590049744,0.023411879315972328,0.09281318066641689
TotalVariationFilter,poisson_16_gauss_0.05,16.0,0.05,sticks_040.tif,31.661030223523674,0.3881677321468278,0.9557400941848755,0.02291213348507881,0.10059760708827525
TotalVariationFilter,poisson_16_gauss_0.05,16.0,0.05,sticks_039.tif,31.4584532111105,0.36688903151675556,0.9551275968551636,0.023521117866039276,0.1049170050304383
TotalVariationFilter,poisson_16_gauss_0.05,16.0,0.05,sticks_041.tif,31.929223700640527,0.3594114105966841,0.948144793510437,0.022808240726590157,0.09619233477860689
TotalVariationFilter,poisson_16_gauss_0.05,16.0,0.05,sticks_042.tif,32.183219019716134,0.35994157979735053,0.9424709677696228,0.022464845329523087,0.09631499261595308
TotalVariationFilter,poisson_16_gauss_0.05,16.0,0.05,sticks_043.tif,31.35094628242161,0.38530972616604303,0.9611502289772034,0.02351623773574829,0.10388352742884308
TotalVariationFilter,poisson_16_gauss_0.05,16.0,0.05,sticks_044.tif,31.581983793855507,0.39186868588939167,0.9507845044136047,0.022995658218860626,0.10627321293577552
TotalVariationFilter,poisson_16_gauss_0.05,16.0,0.05,sticks_045.tif,32.19623765310506,0.36464633093933263,0.9511286616325378,0.0221614520996809,0.09686030317097902
TotalVariationFilter,poisson_16_gauss_0.05,16.0,0.05,sticks_046.tif,32.17465897827287,0.35985002061788074,0.9413413405418396,0.022519685328006744,0.09044412742368876
TotalVariationFilter,poisson_16_gauss_0.05,16.0,0.05,sticks_047.tif,32.252154044143595,0.3570457149947142,0.9401885271072388,0.022282768040895462,0.09326907694339752
TotalVariationFilter,poisson_16_gauss_0.05,16.0,0.05,sticks_049.tif,31.737296800061827,0.36373949685470613,0.9497458338737488,0.02296898327767849,0.10031328918412327
TotalVariationFilter,poisson_16_gauss_0.05,16.0,0.05,sticks_048.tif,31.48761729997802,0.37373400319610856,0.9493036270141602,0.023624718189239502,0.09942335388623177
TotalVariationFilter,poisson_16_gauss_0.05,16.0,0.05,sticks_050.tif,32.06983495630371,0.34816057793063265,0.939020574092865,0.02268221415579319,0.09524516114033758
TotalVariationFilter,poisson_16_gauss_0.05,16.0,0.05,sticks_051.tif,31.45774897683719,0.39516796873274945,0.9580081105232239,0.02334405668079853,0.10593271655961871
TotalVariationFilter,poisson_16_gauss_0.05,16.0,0.05,sticks_053.tif,31.6372751980146,0.38702180898387517,0.9565786123275757,0.022970836609601974,0.10284284898079932
TotalVariationFilter,poisson_16_gauss_0.05,16.0,0.05,sticks_052.tif,31.571428319770014,0.37188991923058445,0.9540982246398926,0.023136328905820847,0.09623161512427032
TotalVariationFilter,poisson_16_gauss_0.05,16.0,0.05,sticks_054.tif,31.63237412989258,0.3515480407763683,0.934723973274231,0.0235927514731884,0.08961809412576258
TotalVariationFilter,poisson_16_gauss_0.05,16.0,0.05,sticks_055.tif,31.58264134090754,0.38375840621776525,0.9618340134620667,0.023063696920871735,0.10317149432376027
TotalVariationFilter,poisson_16_gauss_0.05,16.0,0.05,sticks_056.tif,31.54453405965578,0.36256955136203617,0.9494535326957703,0.023479748517274857,0.0982334059663117
TotalVariationFilter,poisson_16_gauss_0.05,16.0,0.05,sticks_059.tif,32.130882222721105,0.36186886461677237,0.9403499364852905,0.022502560168504715,0.09330580492969602
TotalVariationFilter,poisson_16_gauss_0.05,16.0,0.05,sticks_058.tif,31.46826672177083,0.3695995306855827,0.9505669474601746,0.023653415963053703,0.10445932764559984
TotalVariationFilter,poisson_16_gauss_0.05,16.0,0.05,sticks_057.tif,31.657365703761428,0.3912935537555615,0.9577232599258423,0.022941341623663902,0.10047546406276524
TotalVariationFilter,poisson_16_gauss_0.05,16.0,0.05,sticks_060.tif,32.03930740020865,0.3597151467437908,0.9456414580345154,0.02273678407073021,0.09985330300405622
TotalVariationFilter,poisson_16_gauss_0.05,16.0,0.05,sticks_063.tif,31.52748280106173,0.376487731082322,0.9542921781539917,0.023489143699407578,0.1004933119751513
TotalVariationFilter,poisson_16_gauss_0.05,16.0,0.05,sticks_061.tif,31.42697184762789,0.39284066841292353,0.9599606990814209,0.02323479950428009,0.10347580027300865
TotalVariationFilter,poisson_16_gauss_0.05,16.0,0.05,sticks_062.tif,31.9208518915327,0.35000766360794416,0.9459145665168762,0.02267972007393837,0.09917930527590216
TotalVariationFilter,poisson_16_gauss_0.05,16.0,0.05,sticks_067.tif,31.769161186335076,0.39247760857101577,0.9561585783958435,0.022772960364818573,0.101356355776079
TotalVariationFilter,poisson_16_gauss_0.05,16.0,0.05,sticks_066.tif,31.538078825481605,0.37242864315496693,0.9501335024833679,0.023286258801817894,0.09863917068578303
TotalVariationFilter,poisson_16_gauss_0.05,16.0,0.05,sticks_065.tif,31.552835335099,0.3692655034951661,0.9561812281608582,0.02336091175675392,0.1063151434995234
TotalVariationFilter,poisson_16_gauss_0.05,16.0,0.05,sticks_068.tif,31.96143199308696,0.36682615706793226,0.9448366165161133,0.022836245596408844,0.10260528489015996
TotalVariationFilter,poisson_16_gauss_0.05,16.0,0.05,sticks_069.tif,31.43028823713198,0.37637541198688657,0.9549986124038696,0.02363966405391693,0.10981995649635792
TotalVariationFilter,poisson_16_gauss_0.05,16.0,0.05,sticks_064.tif,31.819537717643666,0.37140423560657965,0.9515791535377502,0.02292243205010891,0.0977960143238306
TotalVariationFilter,poisson_16_gauss_0.05,16.0,0.05,sticks_070.tif,31.65380910911105,0.37722043923350956,0.9493346810340881,0.023285653442144394,0.10157760898582638
TotalVariationFilter,poisson_16_gauss_0.05,16.0,0.05,sticks_071.tif,31.552552197077475,0.3740911714727671,0.9503299593925476,0.023325491696596146,0.10372128942981362
TotalVariationFilter,poisson_16_gauss_0.05,16.0,0.05,sticks_072.tif,32.0148654441597,0.35943354661350985,0.9453317523002625,0.02272195741534233,0.09811605461873114
TotalVariationFilter,poisson_16_gauss_0.05,16.0,0.05,sticks_073.tif,31.941724866581538,0.36517400469844014,0.9483686685562134,0.022788438946008682,0.09836171427741647
TotalVariationFilter,poisson_16_gauss_0.05,16.0,0.05,sticks_074.tif,31.521565260169496,0.35492654262308615,0.9372695684432983,0.023602571338415146,0.09619744278024882
TotalVariationFilter,poisson_16_gauss_0.05,16.0,0.05,sticks_075.tif,31.508229510276028,0.38152180563213983,0.9542229175567627,0.023204255849123,0.09734798246063292
TotalVariationFilter,poisson_16_gauss_0.05,16.0,0.05,sticks_076.tif,31.782962787716173,0.3901136592207657,0.9553279876708984,0.023004980757832527,0.1062034830218181
TotalVariationFilter,poisson_16_gauss_0.05,16.0,0.05,sticks_077.tif,31.17330163475056,0.3746108358455692,0.9568615555763245,0.023870380595326424,0.10975450184196234
TotalVariationFilter,poisson_16_gauss_0.05,16.0,0.05,sticks_078.tif,31.391843929457366,0.3548944490178312,0.9517709016799927,0.023692745715379715,0.10066016460768878
TotalVariationFilter,poisson_16_gauss_0.05,16.0,0.05,sticks_079.tif,31.559220600670038,0.38356561144561174,0.9526188969612122,0.02342914417386055,0.10642266818322241
TotalVariationFilter,poisson_16_gauss_0.05,16.0,0.05,sticks_080.tif,31.464420448549262,0.3948072279445217,0.9563295841217041,0.02324177883565426,0.11016262168996035
TotalVariationFilter,poisson_16_gauss_0.05,16.0,0.05,sticks_081.tif,31.39715975953731,0.38952957662880616,0.9534415006637573,0.023558519780635834,0.10837153340689838
TotalVariationFilter,poisson_16_gauss_0.05,16.0,0.05,sticks_082.tif,31.38194602398784,0.38184552257241255,0.9578292965888977,0.023642588406801224,0.11288128993473948
TotalVariationFilter,poisson_16_gauss_0.05,16.0,0.05,sticks_084.tif,31.456496219521078,0.3749854511248444,0.9559760093688965,0.023575469851493835,0.11134289186447859
TotalVariationFilter,poisson_16_gauss_0.05,16.0,0.05,sticks_083.tif,31.604446921417278,0.36202127216291696,0.9454690217971802,0.023510176688432693,0.09344118679873645
TotalVariationFilter,poisson_16_gauss_0.05,16.0,0.05,sticks_085.tif,31.47408694249702,0.34942053990667993,0.9509952664375305,0.02329418808221817,0.10510999048128725
TotalVariationFilter,poisson_16_gauss_0.05,16.0,0.05,sticks_086.tif,31.62825834767835,0.36694369852169845,0.9557135105133057,0.022843698039650917,0.10695239268243313
TotalVariationFilter,poisson_16_gauss_0.05,16.0,0.05,sticks_088.tif,31.440504641763255,0.35704339200637036,0.9476556777954102,0.02355293743312359,0.09407481017988176
TotalVariationFilter,poisson_16_gauss_0.05,16.0,0.05,sticks_087.tif,31.77770500592921,0.375467307277763,0.9568830132484436,0.022845804691314697,0.10437489254400134
TotalVariationFilter,poisson_16_gauss_0.05,16.0,0.05,sticks_089.tif,31.230600013529234,0.3514594557686375,0.9420503973960876,0.02436099946498871,0.09779756679199636
TotalVariationFilter,poisson_16_gauss_0.05,16.0,0.05,sticks_090.tif,31.655140050927336,0.38019784532135903,0.9587066769599915,0.022801728919148445,0.10511819450184703
TotalVariationFilter,poisson_16_gauss_0.05,16.0,0.05,sticks_091.tif,31.719130320531935,0.3548214949338151,0.9452435970306396,0.023165691643953323,0.08962983987294137
TotalVariationFilter,poisson_16_gauss_0.05,16.0,0.05,sticks_092.tif,31.36404524972111,0.35939123129418504,0.9492371082305908,0.023932168260216713,0.10379429887980222
TotalVariationFilter,poisson_16_gauss_0.05,16.0,0.05,sticks_093.tif,31.65465317465266,0.3992557685713196,0.9557006359100342,0.022977104410529137,0.1071721273008734
TotalVariationFilter,poisson_16_gauss_0.05,16.0,0.05,sticks_095.tif,31.204266738764503,0.3973791852505313,0.961437463760376,0.023629043251276016,0.11226883763447404
TotalVariationFilter,poisson_16_gauss_0.05,16.0,0.05,sticks_096.tif,31.363050657470527,0.3808034331591167,0.9502931237220764,0.02365303598344326,0.1012797637609765
TotalVariationFilter,poisson_16_gauss_0.05,16.0,0.05,sticks_097.tif,31.367924581946177,0.37264062956689004,0.9541854858398438,0.02385077439248562,0.0981012157164514
TotalVariationFilter,poisson_16_gauss_0.05,16.0,0.05,sticks_098.tif,31.423687799936538,0.3862517997228497,0.9578898549079895,0.023290298879146576,0.10898010479286313
TotalVariationFilter,poisson_16_gauss_0.05,16.0,0.05,sticks_099.tif,31.56364704501805,0.3759640012964715,0.956204354763031,0.023361267521977425,0.10414254404604435
TotalVariationFilter,poisson_16_gauss_0.05,16.0,0.05,sticks_094.tif,31.220781227559943,0.36106756089497105,0.9443173408508301,0.02387465164065361,0.10128679517656565
TotalVariationFilter,poisson_16_gauss_0.1,16.0,0.1,sticks_000.tif,26.903992496827378,0.2401225496131498,0.8963863253593445,0.042518604546785355,0.18706783335655927
TotalVariationFilter,poisson_16_gauss_0.1,16.0,0.1,sticks_001.tif,26.64807718429354,0.2667816974068635,0.9131451845169067,0.043298862874507904,0.2128910541534424
TotalVariationFilter,poisson_16_gauss_0.1,16.0,0.1,sticks_002.tif,26.87527715007753,0.206650048498239,0.8873828649520874,0.04291091486811638,0.16591188088059425
TotalVariationFilter,poisson_16_gauss_0.1,16.0,0.1,sticks_003.tif,26.63048532376038,0.23971829182131227,0.8931699991226196,0.0437699593603611,0.18844626378268003
TotalVariationFilter,poisson_16_gauss_0.1,16.0,0.1,sticks_004.tif,26.989267806043845,0.26089108687892687,0.9059423804283142,0.04200366884469986,0.1823907220736146
TotalVariationFilter,poisson_16_gauss_0.1,16.0,0.1,sticks_005.tif,26.76682402746577,0.22385970401933356,0.8767057061195374,0.043304625898599625,0.1841448185965419
TotalVariationFilter,poisson_16_gauss_0.1,16.0,0.1,sticks_007.tif,26.741815557518215,0.25387147100289914,0.912213921546936,0.04298129677772522,0.21047883667051792
TotalVariationFilter,poisson_16_gauss_0.1,16.0,0.1,sticks_009.tif,26.897348065734835,0.2193506009358721,0.8863312602043152,0.042708612978458405,0.17778995372354983
TotalVariationFilter,poisson_16_gauss_0.1,16.0,0.1,sticks_008.tif,26.40660284843165,0.25431663529493564,0.8941397666931152,0.04462265595793724,0.20974112749099733
TotalVariationFilter,poisson_16_gauss_0.1,16.0,0.1,sticks_011.tif,26.709967694847577,0.25057844751599967,0.9114179015159607,0.04320405423641205,0.18981408569961786
TotalVariationFilter,poisson_16_gauss_0.1,16.0,0.1,sticks_006.tif,26.893448082568696,0.22098551483954249,0.8818004131317139,0.04273664206266403,0.1869725940749049
TotalVariationFilter,poisson_16_gauss_0.1,16.0,0.1,sticks_010.tif,27.072230392909596,0.24622795305589928,0.899322509765625,0.041705988347530365,0.18442785497754813
TotalVariationFilter,poisson_16_gauss_0.1,16.0,0.1,sticks_012.tif,26.715144000369627,0.24482006773130952,0.9021974205970764,0.04330143332481384,0.19117596447467805
TotalVariationFilter,poisson_16_gauss_0.1,16.0,0.1,sticks_016.tif,26.568674734874122,0.23464611635552443,0.8938279747962952,0.0440194346010685,0.18448812793940306
TotalVariationFilter,poisson_16_gauss_0.1,16.0,0.1,sticks_013.tif,26.669486134263003,0.24332356149289933,0.904105544090271,0.04343225061893463,0.18015262130647897
TotalVariationFilter,poisson_16_gauss_0.1,16.0,0.1,sticks_014.tif,26.7600842187629,0.22551474247065784,0.8892495632171631,0.04336276650428772,0.19262786209583282
TotalVariationFilter,poisson_16_gauss_0.1,16.0,0.1,sticks_015.tif,26.360535536500052,0.23418510387665123,0.8976407051086426,0.04512055963277817,0.19103365987539292
TotalVariationFilter,poisson_16_gauss_0.1,16.0,0.1,sticks_018.tif,26.556080353550765,0.24168558962878062,0.9066427946090698,0.0440475270152092,0.19156272821128367
TotalVariationFilter,poisson_16_gauss_0.1,16.0,0.1,sticks_020.tif,26.876883994145714,0.23985947351290704,0.8980781435966492,0.042467981576919556,0.17989303171634674
TotalVariationFilter,poisson_16_gauss_0.1,16.0,0.1,sticks_017.tif,26.68906224913605,0.2366592534085336,0.894049882888794,0.043548453599214554,0.1936798945069313
TotalVariationFilter,poisson_16_gauss_0.1,16.0,0.1,sticks_019.tif,26.677217936564162,0.24515576547181553,0.9063954949378967,0.04341184347867966,0.18127139769494532
TotalVariationFilter,poisson_16_gauss_0.1,16.0,0.1,sticks_021.tif,26.59507277514422,0.23725644089490475,0.8948730230331421,0.04391349479556084,0.18249764535576105
TotalVariationFilter,poisson_16_gauss_0.1,16.0,0.1,sticks_022.tif,26.823421702616844,0.2327358530885116,0.8945521712303162,0.042906783521175385,0.18615399319678544
TotalVariationFilter,poisson_16_gauss_0.1,16.0,0.1,sticks_023.tif,26.590532114719988,0.26033647454736725,0.9120432138442993,0.0435740165412426,0.20004106685519218
TotalVariationFilter,poisson_16_gauss_0.1,16.0,0.1,sticks_024.tif,26.520336163728505,0.22738490609877351,0.8849108815193176,0.04438824951648712,0.19444964900612832
TotalVariationFilter,poisson_16_gauss_0.1,16.0,0.1,sticks_025.tif,26.60031629202827,0.25074467637268905,0.9100416302680969,0.04372734576463699,0.189427388086915
TotalVariationFilter,poisson_16_gauss_0.1,16.0,0.1,sticks_026.tif,26.621072544420894,0.23281179710966868,0.889092743396759,0.04386713728308678,0.18984446562826635
TotalVariationFilter,poisson_16_gauss_0.1,16.0,0.1,sticks_027.tif,26.63823697553319,0.2835800487270006,0.9224606156349182,0.04333154112100601,0.21165195256471633
TotalVariationFilter,poisson_16_gauss_0.1,16.0,0.1,sticks_028.tif,26.650467962277595,0.2361624241674738,0.8883189558982849,0.04376213997602463,0.18958800844848156
TotalVariationFilter,poisson_16_gauss_0.1,16.0,0.1,sticks_029.tif,26.330702768934234,0.24886975154550103,0.8969365954399109,0.04501824826002121,0.19707134142518043
TotalVariationFilter,poisson_16_gauss_0.1,16.0,0.1,sticks_030.tif,26.56404702431118,0.24518905200056051,0.9023372530937195,0.04394835978746414,0.18669461458921432
TotalVariationFilter,poisson_16_gauss_0.1,16.0,0.1,sticks_032.tif,26.617084866961648,0.2488868707647821,0.9007096886634827,0.04370971769094467,0.18635648991912604
TotalVariationFilter,poisson_16_gauss_0.1,16.0,0.1,sticks_031.tif,26.770163461592738,0.2379739806743814,0.8950962424278259,0.043174512684345245,0.18737893290817736
TotalVariationFilter,poisson_16_gauss_0.1,16.0,0.1,sticks_033.tif,26.405936180765885,0.248095164499474,0.88615483045578,0.04464291036128998,0.1923006385564804
TotalVariationFilter,poisson_16_gauss_0.1,16.0,0.1,sticks_034.tif,26.34849452566309,0.2256861370418935,0.8915184140205383,0.0451543852686882,0.19286006167531014
TotalVariationFilter,poisson_16_gauss_0.1,16.0,0.1,sticks_035.tif,26.65837641518693,0.243825624028989,0.9071455001831055,0.04345865547657013,0.1812047628685832
TotalVariationFilter,poisson_16_gauss_0.1,16.0,0.1,sticks_036.tif,26.618196583885613,0.21165143581385998,0.8738412857055664,0.044047851115465164,0.18036485109478234
TotalVariationFilter,poisson_16_gauss_0.1,16.0,0.1,sticks_037.tif,26.80157846683086,0.23881325338348894,0.8855741024017334,0.042972806841135025,0.18843202274292709
TotalVariationFilter,poisson_16_gauss_0.1,16.0,0.1,sticks_038.tif,26.810501827043,0.2179313000969667,0.8864344954490662,0.04313591867685318,0.18584531359374523
TotalVariationFilter,poisson_16_gauss_0.1,16.0,0.1,sticks_040.tif,26.43673297972152,0.2481973458661267,0.904822051525116,0.044519152492284775,0.18939952459186316
TotalVariationFilter,poisson_16_gauss_0.1,16.0,0.1,sticks_039.tif,26.41214879186942,0.2330282647444464,0.9062485098838806,0.044747088104486465,0.19368694480508566
TotalVariationFilter,poisson_16_gauss_0.1,16.0,0.1,sticks_041.tif,26.784288923425194,0.222863000013863,0.8939201831817627,0.04318113997578621,0.18304982222616673
TotalVariationFilter,poisson_16_gauss_0.1,16.0,0.1,sticks_042.tif,26.887340900420774,0.2219593485486482,0.8832393288612366,0.04278721287846565,0.18323416355997324
TotalVariationFilter,poisson_16_gauss_0.1,16.0,0.1,sticks_043.tif,26.54467872635844,0.2535936696367194,0.9163374304771423,0.04392539709806442,0.18707885053008794
TotalVariationFilter,poisson_16_gauss_0.1,16.0,0.1,sticks_044.tif,26.617616068135,0.25402106348204173,0.8969144821166992,0.043595440685749054,0.1888409284874797
TotalVariationFilter,poisson_16_gauss_0.1,16.0,0.1,sticks_045.tif,26.912729514000393,0.22177827544772796,0.8972653746604919,0.04256557300686836,0.18257672600448133
TotalVariationFilter,poisson_16_gauss_0.1,16.0,0.1,sticks_046.tif,26.827629207835262,0.22198831205134234,0.8805060386657715,0.04307400435209274,0.18364162035286427
TotalVariationFilter,poisson_16_gauss_0.1,16.0,0.1,sticks_047.tif,26.66519163773043,0.21473425689771505,0.874954342842102,0.04384348541498184,0.1869299251586199
TotalVariationFilter,poisson_16_gauss_0.1,16.0,0.1,sticks_049.tif,26.651621930529792,0.22734876300684595,0.8959644436836243,0.043658964335918427,0.18549415320158005
TotalVariationFilter,poisson_16_gauss_0.1,16.0,0.1,sticks_048.tif,26.43918044484538,0.24075345968960624,0.8966290354728699,0.04467174783349037,0.19026598185300828
TotalVariationFilter,poisson_16_gauss_0.1,16.0,0.1,sticks_050.tif,27.001602856566898,0.2165118288589514,0.8816589713096619,0.04224396497011185,0.18509338852018117
TotalVariationFilter,poisson_16_gauss_0.1,16.0,0.1,sticks_051.tif,26.650849013001327,0.2610597120224607,0.909850001335144,0.04334492236375809,0.20114931650459766
TotalVariationFilter,poisson_16_gauss_0.1,16.0,0.1,sticks_053.tif,26.748549220666156,0.2521674427594509,0.9066840410232544,0.04301125183701515,0.18394556548446417
TotalVariationFilter,poisson_16_gauss_0.1,16.0,0.1,sticks_052.tif,26.55135739946615,0.23463074547930915,0.9048606157302856,0.04402446746826172,0.17990481704473496
TotalVariationFilter,poisson_16_gauss_0.1,16.0,0.1,sticks_054.tif,26.51017250821511,0.220888471566502,0.879345715045929,0.04453272745013237,0.18374307155609132
TotalVariationFilter,poisson_16_gauss_0.1,16.0,0.1,sticks_055.tif,26.62205992682079,0.2464404274984917,0.9173476099967957,0.04359585791826248,0.18618312273174525
TotalVariationFilter,poisson_16_gauss_0.1,16.0,0.1,sticks_056.tif,26.6331241720627,0.23271238168380382,0.8960108160972595,0.043740566819906235,0.18693597801029682
TotalVariationFilter,poisson_16_gauss_0.1,16.0,0.1,sticks_059.tif,26.86631284691153,0.22479303789279304,0.8796830773353577,0.04286649823188782,0.18378844484686852
TotalVariationFilter,poisson_16_gauss_0.1,16.0,0.1,sticks_058.tif,26.386210473773268,0.2366506000659433,0.8980826735496521,0.044939152896404266,0.19089187532663346
TotalVariationFilter,poisson_16_gauss_0.1,16.0,0.1,sticks_057.tif,26.57943046121831,0.25201601262208095,0.9071716666221619,0.04387035220861435,0.18867279607802628
TotalVariationFilter,poisson_16_gauss_0.1,16.0,0.1,sticks_060.tif,26.58300135220566,0.2196428545733976,0.8869227766990662,0.04421719163656235,0.1941179685294628
TotalVariationFilter,poisson_16_gauss_0.1,16.0,0.1,sticks_063.tif,26.735181208495145,0.24778340532023582,0.9059592485427856,0.04318671673536301,0.18956111408770085
TotalVariationFilter,poisson_16_gauss_0.1,16.0,0.1,sticks_061.tif,26.378184116883602,0.2538522226882537,0.9135215282440186,0.044664863497018814,0.18970692846924067
TotalVariationFilter,poisson_16_gauss_0.1,16.0,0.1,sticks_062.tif,26.759195487273885,0.21099186667364975,0.8939930200576782,0.04322640225291252,0.18414781149476767
TotalVariationFilter,poisson_16_gauss_0.1,16.0,0.1,sticks_067.tif,27.004873153839828,0.26000028938254593,0.9092047810554504,0.04186534136533737,0.18288429267704487
TotalVariationFilter,poisson_16_gauss_0.1,16.0,0.1,sticks_066.tif,26.620088674695204,0.238977646626021,0.8967543840408325,0.0437285453081131,0.18183216471225022
TotalVariationFilter,poisson_16_gauss_0.1,16.0,0.1,sticks_065.tif,26.876906253792924,0.23919566560935882,0.9094418883323669,0.0425313338637352,0.1860844735056162
TotalVariationFilter,poisson_16_gauss_0.1,16.0,0.1,sticks_068.tif,26.650885457882527,0.229649618586647,0.8867455124855042,0.043828293681144714,0.19639025926589965
TotalVariationFilter,poisson_16_gauss_0.1,16.0,0.1,sticks_069.tif,26.52062662561999,0.2445974216914653,0.9066152572631836,0.04420492425560951,0.1984042592346668
TotalVariationFilter,poisson_16_gauss_0.1,16.0,0.1,sticks_064.tif,27.031000478937077,0.2392761201680568,0.9017071723937988,0.041879188269376755,0.18365040980279446
TotalVariationFilter,poisson_16_gauss_0.1,16.0,0.1,sticks_070.tif,26.786299369823322,0.2475005627639055,0.8971368074417114,0.04302990064024925,0.1890887537971139
TotalVariationFilter,poisson_16_gauss_0.1,16.0,0.1,sticks_071.tif,26.941206040474903,0.24719318442815524,0.9008715748786926,0.04221760854125023,0.1828003130853176
TotalVariationFilter,poisson_16_gauss_0.1,16.0,0.1,sticks_072.tif,26.657865132382376,0.22122174405169673,0.886984646320343,0.043824754655361176,0.18966194055974483
TotalVariationFilter,poisson_16_gauss_0.1,16.0,0.1,sticks_073.tif,26.716228557833645,0.22934578682794363,0.8931753635406494,0.043458081781864166,0.18787695579230784
TotalVariationFilter,poisson_16_gauss_0.1,16.0,0.1,sticks_074.tif,26.640039143630517,0.226375788935724,0.8802383542060852,0.04379367083311081,0.1849383657798171
TotalVariationFilter,poisson_16_gauss_0.1,16.0,0.1,sticks_075.tif,26.488969769290847,0.24402809768148662,0.9012950658798218,0.04429233819246292,0.18135311044752597
TotalVariationFilter,poisson_16_gauss_0.1,16.0,0.1,sticks_076.tif,26.97041510776436,0.2606501943396269,0.9065114259719849,0.04204437881708145,0.20260263830423356
TotalVariationFilter,poisson_16_gauss_0.1,16.0,0.1,sticks_077.tif,26.42446307873123,0.24406948528151362,0.9105846881866455,0.04447873309254646,0.19216178674250842
TotalVariationFilter,poisson_16_gauss_0.1,16.0,0.1,sticks_078.tif,26.383962707020082,0.221630238135283,0.8991141319274902,0.044952575117349625,0.18642125576734542
TotalVariationFilter,poisson_16_gauss_0.1,16.0,0.1,sticks_079.tif,26.696895751010416,0.2529080402741613,0.9030380845069885,0.04337136819958687,0.19248968958854676
TotalVariationFilter,poisson_16_gauss_0.1,16.0,0.1,sticks_080.tif,26.65362897072463,0.2611305928401436,0.9075078368186951,0.04338974878191948,0.19097023364156485
TotalVariationFilter,poisson_16_gauss_0.1,16.0,0.1,sticks_081.tif,26.463077590734486,0.2570970952209771,0.9022367596626282,0.044362857937812805,0.1955652002245188
TotalVariationFilter,poisson_16_gauss_0.1,16.0,0.1,sticks_082.tif,26.703617481915852,0.2554381941273588,0.9127234816551208,0.043241456151008606,0.19464784506708382
TotalVariationFilter,poisson_16_gauss_0.1,16.0,0.1,sticks_084.tif,26.532698042678756,0.2434279603916277,0.9074439406394958,0.044137559831142426,0.19828131273388863
TotalVariationFilter,poisson_16_gauss_0.1,16.0,0.1,sticks_083.tif,26.56016320630428,0.2306074927089587,0.8889145851135254,0.04421522095799446,0.18594992607831956
TotalVariationFilter,poisson_16_gauss_0.1,16.0,0.1,sticks_085.tif,26.572890122508262,0.21492993670789162,0.899301290512085,0.04388263076543808,0.18496667481958867
TotalVariationFilter,poisson_16_gauss_0.1,16.0,0.1,sticks_086.tif,26.60569229426196,0.22676319822227933,0.9042394757270813,0.043694183230400085,0.18657803051173688
TotalVariationFilter,poisson_16_gauss_0.1,16.0,0.1,sticks_088.tif,26.771370188367577,0.22893591789334194,0.8956226110458374,0.04306989535689354,0.17451406922191381
TotalVariationFilter,poisson_16_gauss_0.1,16.0,0.1,sticks_087.tif,26.732871020556026,0.23816486347876092,0.9073780179023743,0.043221525847911835,0.1870221823453903
TotalVariationFilter,poisson_16_gauss_0.1,16.0,0.1,sticks_089.tif,26.344120670594503,0.22670662928946642,0.8874011635780334,0.04524848237633705,0.19083237946033477
TotalVariationFilter,poisson_16_gauss_0.1,16.0,0.1,sticks_090.tif,26.656051371444466,0.24202799439437128,0.9113549590110779,0.043425824493169785,0.18587047476321458
TotalVariationFilter,poisson_16_gauss_0.1,16.0,0.1,sticks_091.tif,26.718095074152263,0.22114381352501736,0.8882951736450195,0.04347119480371475,0.17537922617048024
TotalVariationFilter,poisson_16_gauss_0.1,16.0,0.1,sticks_092.tif,26.48121416969765,0.2317561405996975,0.8976488709449768,0.04447202384471893,0.19319929257035257
TotalVariationFilter,poisson_16_gauss_0.1,16.0,0.1,sticks_093.tif,26.43477680082163,0.26004422570328845,0.9032319784164429,0.04441090673208237,0.20952339544892312
TotalVariationFilter,poisson_16_gauss_0.1,16.0,0.1,sticks_095.tif,26.639295752033316,0.2661823057017428,0.9165904521942139,0.04317210242152214,0.19966515563428403
TotalVariationFilter,poisson_16_gauss_0.1,16.0,0.1,sticks_096.tif,26.569816595316045,0.25043147376872965,0.8987886905670166,0.0438961535692215,0.18377080596983433
TotalVariationFilter,poisson_16_gauss_0.1,16.0,0.1,sticks_097.tif,27.018842262066883,0.2517657153638563,0.9108384251594543,0.04187534749507904,0.18127474002540112
TotalVariationFilter,poisson_16_gauss_0.1,16.0,0.1,sticks_098.tif,26.617238064368035,0.251807930620785,0.9107900857925415,0.04351569712162018,0.19031256567686797
TotalVariationFilter,poisson_16_gauss_0.1,16.0,0.1,sticks_099.tif,26.52754908681643,0.24176608266553085,0.9072783589363098,0.04416557401418686,0.19360510036349296
TotalVariationFilter,poisson_16_gauss_0.1,16.0,0.1,sticks_094.tif,26.463908706396207,0.2296575772624447,0.8892433643341064,0.04443099722266197,0.18310141302645205
TotalVariationFilter,poisson_16_gauss_0.2,16.0,0.2,sticks_000.tif,20.343604114202147,0.14172242480055114,0.7791236639022827,0.08955515176057816,0.5700926363468171
TotalVariationFilter,poisson_16_gauss_0.2,16.0,0.2,sticks_001.tif,20.597190476928475,0.17323516882586382,0.8112524747848511,0.08666550368070602,0.5501471221446991
TotalVariationFilter,poisson_16_gauss_0.2,16.0,0.2,sticks_002.tif,20.596560795124933,0.1183364841885619,0.771376371383667,0.08730299025774002,0.567756463587284
TotalVariationFilter,poisson_16_gauss_0.2,16.0,0.2,sticks_003.tif,20.40128271597684,0.14650012933023562,0.7804226875305176,0.0890064537525177,0.5628257274627686
TotalVariationFilter,poisson_16_gauss_0.2,16.0,0.2,sticks_004.tif,20.668769750461465,0.16005328244194472,0.7981563806533813,0.0862327292561531,0.5561277896165848
TotalVariationFilter,poisson_16_gauss_0.2,16.0,0.2,sticks_005.tif,20.650601735524646,0.13131950367208045,0.7627400159835815,0.0866265594959259,0.5686241015791893
TotalVariationFilter,poisson_16_gauss_0.2,16.0,0.2,sticks_007.tif,20.544511708673284,0.15842803236426722,0.807563304901123,0.08731506764888763,0.5659859418869019
TotalVariationFilter,poisson_16_gauss_0.2,16.0,0.2,sticks_009.tif,20.527861441508477,0.12463332137165775,0.7699453830718994,0.08788768947124481,0.5627685829997062
TotalVariationFilter,poisson_16_gauss_0.2,16.0,0.2,sticks_008.tif,20.342386288192863,0.1603202453855564,0.7887710928916931,0.08935055881738663,0.5731307610869407
TotalVariationFilter,poisson_16_gauss_0.2,16.0,0.2,sticks_011.tif,20.560069516437128,0.15710202488566438,0.8060107231140137,0.08725932240486145,0.5594268277287483
TotalVariationFilter,poisson_16_gauss_0.2,16.0,0.2,sticks_006.tif,20.145101131619363,0.1242376301222598,0.756237268447876,0.09186317771673203,0.5781278431415557
TotalVariationFilter,poisson_16_gauss_0.2,16.0,0.2,sticks_010.tif,20.682191587628516,0.14799438683231503,0.7873385548591614,0.0861605778336525,0.56714998036623
TotalVariationFilter,poisson_16_gauss_0.2,16.0,0.2,sticks_012.tif,20.395728368594096,0.14895597116625156,0.7905239462852478,0.08890213072299957,0.5634481206536293
TotalVariationFilter,poisson_16_gauss_0.2,16.0,0.2,sticks_016.tif,20.51180170947536,0.14398957510694962,0.7835845351219177,0.08791617304086685,0.553503942489624
TotalVariationFilter,poisson_16_gauss_0.2,16.0,0.2,sticks_013.tif,20.594471413269645,0.15298153199163947,0.7975751161575317,0.08703357726335526,0.5368348635733128
TotalVariationFilter,poisson_16_gauss_0.2,16.0,0.2,sticks_014.tif,20.529560418777173,0.128573287803523,0.7736861109733582,0.08771493285894394,0.5787980288267136
TotalVariationFilter,poisson_16_gauss_0.2,16.0,0.2,sticks_015.tif,20.403439423137026,0.1438786709486461,0.7896249890327454,0.08903590589761734,0.5561379536986351
TotalVariationFilter,poisson_16_gauss_0.2,16.0,0.2,sticks_018.tif,20.62933195229128,0.1515920809705033,0.8007445335388184,0.0866192877292633,0.5536408767104148
TotalVariationFilter,poisson_16_gauss_0.2,16.0,0.2,sticks_020.tif,20.5800248011277,0.14723888528105095,0.787473201751709,0.0871681198477745,0.5507670998573303
TotalVariationFilter,poisson_16_gauss_0.2,16.0,0.2,sticks_017.tif,20.366122920266008,0.14123352306477296,0.781298816204071,0.08929607272148132,0.5692245528101921
TotalVariationFilter,poisson_16_gauss_0.2,16.0,0.2,sticks_019.tif,20.603931386789615,0.15434198606920896,0.8012931942939758,0.08693446964025497,0.5476326897740365
TotalVariationFilter,poisson_16_gauss_0.2,16.0,0.2,sticks_021.tif,20.399385864341,0.14626087759137224,0.7827252745628357,0.08905233442783356,0.5558351427316666
TotalVariationFilter,poisson_16_gauss_0.2,16.0,0.2,sticks_022.tif,20.84282384059598,0.14170629754474687,0.7848937511444092,0.08464888483285904,0.556482969224453
TotalVariationFilter,poisson_16_gauss_0.2,16.0,0.2,sticks_023.tif,20.386442386995846,0.1656304182025046,0.8093320727348328,0.08889900147914886,0.5533399879932404
TotalVariationFilter,poisson_16_gauss_0.2,16.0,0.2,sticks_024.tif,20.50274137669037,0.13737032491330997,0.7735018730163574,0.08798002451658249,0.5727833032608032
TotalVariationFilter,poisson_16_gauss_0.2,16.0,0.2,sticks_025.tif,20.5961926346992,0.15836454747264495,0.8061773777008057,0.08696895092725754,0.547188763320446
TotalVariationFilter,poisson_16_gauss_0.2,16.0,0.2,sticks_026.tif,20.67273670530861,0.14256961020866074,0.7786924839019775,0.08620300889015198,0.5659560456871986
TotalVariationFilter,poisson_16_gauss_0.2,16.0,0.2,sticks_027.tif,20.413934423697732,0.18240576891165988,0.8210743069648743,0.08834271132946014,0.5532796829938889
TotalVariationFilter,poisson_16_gauss_0.2,16.0,0.2,sticks_028.tif,20.453276835484964,0.14046364887246263,0.7751785516738892,0.08843403309583664,0.5753473311662674
TotalVariationFilter,poisson_16_gauss_0.2,16.0,0.2,sticks_029.tif,20.511897198012356,0.16019168879287765,0.7959411144256592,0.08766795694828033,0.5638984411954879
TotalVariationFilter,poisson_16_gauss_0.2,16.0,0.2,sticks_030.tif,20.643115989580455,0.15502825581194246,0.7980527281761169,0.08648081123828888,0.5492522284388542
TotalVariationFilter,poisson_16_gauss_0.2,16.0,0.2,sticks_032.tif,20.54620249077139,0.15670826875816993,0.7965853810310364,0.08752767741680145,0.5524875372648239
TotalVariationFilter,poisson_16_gauss_0.2,16.0,0.2,sticks_031.tif,20.467742450723804,0.1405382425198815,0.7805730700492859,0.08827506750822067,0.5657023295760155
TotalVariationFilter,poisson_16_gauss_0.2,16.0,0.2,sticks_033.tif,20.630691678175342,0.16060051470212022,0.7840858697891235,0.0865434929728508,0.5605034202337265
TotalVariationFilter,poisson_16_gauss_0.2,16.0,0.2,sticks_034.tif,20.334882470814975,0.13860464527423197,0.7780042290687561,0.08965127915143967,0.5595618575811386
TotalVariationFilter,poisson_16_gauss_0.2,16.0,0.2,sticks_035.tif,20.633944342316948,0.15289225736457482,0.8028619289398193,0.08663666993379593,0.5451179534196854
TotalVariationFilter,poisson_16_gauss_0.2,16.0,0.2,sticks_036.tif,20.496479106110016,0.12413110359819338,0.7579717040061951,0.08826512843370438,0.5678821444511414
TotalVariationFilter,poisson_16_gauss_0.2,16.0,0.2,sticks_037.tif,20.45960673369313,0.14431097442480234,0.7703118324279785,0.0883813202381134,0.5669466555118561
TotalVariationFilter,poisson_16_gauss_0.2,16.0,0.2,sticks_038.tif,20.392962990402456,0.12126874329036724,0.765677809715271,0.08920121192932129,0.5814562693238259
TotalVariationFilter,poisson_16_gauss_0.2,16.0,0.2,sticks_040.tif,20.394078613658657,0.1574963458610241,0.7990241646766663,0.0889069065451622,0.5592572778463364
TotalVariationFilter,poisson_16_gauss_0.2,16.0,0.2,sticks_039.tif,20.46203217416421,0.14588731565776888,0.8008214235305786,0.088379867374897,0.5581614345312118
TotalVariationFilter,poisson_16_gauss_0.2,16.0,0.2,sticks_041.tif,20.63119842209829,0.13087783746784168,0.7826052904129028,0.0867883488535881,0.5643063262104988
TotalVariationFilter,poisson_16_gauss_0.2,16.0,0.2,sticks_042.tif,20.789866816547338,0.1278397503200372,0.7680848836898804,0.08522370457649231,0.56067945510149
TotalVariationFilter,poisson_16_gauss_0.2,16.0,0.2,sticks_043.tif,20.538040240086644,0.16308474979262708,0.8130576610565186,0.08747310191392899,0.5491859033703804
TotalVariationFilter,poisson_16_gauss_0.2,16.0,0.2,sticks_044.tif,20.50924207851714,0.16055171060098175,0.7921890616416931,0.08778778463602066,0.5532558485865593
TotalVariationFilter,poisson_16_gauss_0.2,16.0,0.2,sticks_045.tif,20.526950959264475,0.12820912347372307,0.7827240824699402,0.08787070959806442,0.5679352656006813
TotalVariationFilter,poisson_16_gauss_0.2,16.0,0.2,sticks_046.tif,20.582551575475563,0.12662664494812215,0.7629134654998779,0.087254099547863,0.5717973589897156
TotalVariationFilter,poisson_16_gauss_0.2,16.0,0.2,sticks_047.tif,20.586029939743234,0.12463843031466226,0.758243203163147,0.0872640311717987,0.574113392829895
TotalVariationFilter,poisson_16_gauss_0.2,16.0,0.2,sticks_049.tif,20.576437800777704,0.1387310831642553,0.7863237261772156,0.08728038519620895,0.5623375043272972
TotalVariationFilter,poisson_16_gauss_0.2,16.0,0.2,sticks_048.tif,20.625931865469752,0.14965238587608937,0.7913386225700378,0.08664073050022125,0.5579384177923202
TotalVariationFilter,poisson_16_gauss_0.2,16.0,0.2,sticks_050.tif,20.722420302388386,0.1249496303986272,0.7662190794944763,0.08594153821468353,0.5784799590706825
TotalVariationFilter,poisson_16_gauss_0.2,16.0,0.2,sticks_051.tif,20.521733976170857,0.16431361459458002,0.8043825626373291,0.08751252293586731,0.5469093352556229
TotalVariationFilter,poisson_16_gauss_0.2,16.0,0.2,sticks_053.tif,20.53821650784647,0.15922518571818425,0.7985498905181885,0.08747901022434235,0.5509584650397301
TotalVariationFilter,poisson_16_gauss_0.2,16.0,0.2,sticks_052.tif,20.603007829808867,0.1481067982344142,0.8004598021507263,0.0870233103632927,0.5491114288568497
TotalVariationFilter,poisson_16_gauss_0.2,16.0,0.2,sticks_054.tif,20.38817096994031,0.1288220742311017,0.7667214274406433,0.08922220766544342,0.5728100836277008
TotalVariationFilter,poisson_16_gauss_0.2,16.0,0.2,sticks_055.tif,20.57619565828447,0.15544767820446526,0.8153538107872009,0.08708242326974869,0.5469216957688332
TotalVariationFilter,poisson_16_gauss_0.2,16.0,0.2,sticks_056.tif,20.48474434168163,0.1420948910285389,0.7842205762863159,0.08809977024793625,0.567522156238556
TotalVariationFilter,poisson_16_gauss_0.2,16.0,0.2,sticks_059.tif,20.75824061604007,0.13243103028599432,0.7653985619544983,0.08556685596704483,0.5685138925909996
TotalVariationFilter,poisson_16_gauss_0.2,16.0,0.2,sticks_058.tif,20.198153866324375,0.1451215692664359,0.786226212978363,0.09104381501674652,0.5553561732172966
TotalVariationFilter,poisson_16_gauss_0.2,16.0,0.2,sticks_057.tif,20.492387849039098,0.159019154632749,0.8006854057312012,0.08801660686731339,0.5547644257545471
TotalVariationFilter,poisson_16_gauss_0.2,16.0,0.2,sticks_060.tif,20.739578376385385,0.12953899178387376,0.7740387320518494,0.08569887280464172,0.5685984581708908
TotalVariationFilter,poisson_16_gauss_0.2,16.0,0.2,sticks_063.tif,20.49335475536912,0.15138377953888096,0.7954461574554443,0.08788923174142838,0.5662255123257637
TotalVariationFilter,poisson_16_gauss_0.2,16.0,0.2,sticks_061.tif,20.57680150052756,0.16617706732292223,0.8146806955337524,0.08710829168558121,0.5487330883741379
TotalVariationFilter,poisson_16_gauss_0.2,16.0,0.2,sticks_062.tif,20.60976577007721,0.1239156955764769,0.7842270135879517,0.08700825273990631,0.5625362619757652
TotalVariationFilter,poisson_16_gauss_0.2,16.0,0.2,sticks_067.tif,20.72167355151013,0.16232766684130626,0.8032469749450684,0.0856621116399765,0.5576141580939293
TotalVariationFilter,poisson_16_gauss_0.2,16.0,0.2,sticks_066.tif,20.521733997314605,0.14909444669566346,0.7872830629348755,0.08780494332313538,0.5538738533854485
TotalVariationFilter,poisson_16_gauss_0.2,16.0,0.2,sticks_065.tif,20.705372310944014,0.14491663637259752,0.8007677793502808,0.08592822402715683,0.5502899900078774
TotalVariationFilter,poisson_16_gauss_0.2,16.0,0.2,sticks_068.tif,20.397539980396225,0.1344918653052057,0.7693967819213867,0.08905121684074402,0.5783225283026695
TotalVariationFilter,poisson_16_gauss_0.2,16.0,0.2,sticks_069.tif,20.435036280205978,0.15149900049808485,0.7999057769775391,0.08855856955051422,0.561893031001091
TotalVariationFilter,poisson_16_gauss_0.2,16.0,0.2,sticks_064.tif,20.34745086801977,0.13725535381660947,0.7849963903427124,0.08943790197372437,0.5755311995744705
TotalVariationFilter,poisson_16_gauss_0.2,16.0,0.2,sticks_070.tif,20.52520235176816,0.1503067895444583,0.7856642007827759,0.08769210427999496,0.5669944941997528
TotalVariationFilter,poisson_16_gauss_0.2,16.0,0.2,sticks_071.tif,20.575657351015344,0.152338007470226,0.7915338277816772,0.0871611088514328,0.5564599558711052
TotalVariationFilter,poisson_16_gauss_0.2,16.0,0.2,sticks_072.tif,20.737440151720374,0.13136173841438553,0.7745018601417542,0.0857078954577446,0.5710251972079277
TotalVariationFilter,poisson_16_gauss_0.2,16.0,0.2,sticks_073.tif,20.57910307495852,0.13734118811290785,0.7817070484161377,0.08719664067029953,0.5679578274488449
TotalVariationFilter,poisson_16_gauss_0.2,16.0,0.2,sticks_074.tif,20.36275900116666,0.13490027779517935,0.7682018876075745,0.08948812633752823,0.5738247543573379
TotalVariationFilter,poisson_16_gauss_0.2,16.0,0.2,sticks_075.tif,20.496090380541077,0.15461446875332926,0.7954614758491516,0.0880780890583992,0.5439558401703835
TotalVariationFilter,poisson_16_gauss_0.2,16.0,0.2,sticks_076.tif,20.421766571908535,0.15737627682015828,0.7960895895957947,0.0885956734418869,0.5656114518642426
TotalVariationFilter,poisson_16_gauss_0.2,16.0,0.2,sticks_077.tif,20.493413420521435,0.1571181038210914,0.8081054091453552,0.08800491690635681,0.5511051386594772
TotalVariationFilter,poisson_16_gauss_0.2,16.0,0.2,sticks_078.tif,20.379688386559973,0.13594257757066786,0.7879385948181152,0.08932600915431976,0.5597802594304084
TotalVariationFilter,poisson_16_gauss_0.2,16.0,0.2,sticks_079.tif,20.50441627212393,0.15562702690942878,0.7947555184364319,0.08775000274181366,0.5614635571837425
TotalVariationFilter,poisson_16_gauss_0.2,16.0,0.2,sticks_080.tif,20.673749639470167,0.16954797118630915,0.8051180243492126,0.0861375629901886,0.5417358979582787
TotalVariationFilter,poisson_16_gauss_0.2,16.0,0.2,sticks_081.tif,20.509638845908228,0.1655515418374111,0.7989264726638794,0.08772501349449158,0.5589126862585545
TotalVariationFilter,poisson_16_gauss_0.2,16.0,0.2,sticks_082.tif,20.467788026973494,0.1613839000482417,0.8072298169136047,0.08810988813638687,0.554759581387043
TotalVariationFilter,poisson_16_gauss_0.2,16.0,0.2,sticks_084.tif,20.681355577057268,0.15366146496453653,0.8035684823989868,0.0860554426908493,0.5590791553258896
TotalVariationFilter,poisson_16_gauss_0.2,16.0,0.2,sticks_083.tif,20.607853690714663,0.14012434331506415,0.7777318954467773,0.08698226511478424,0.5640448227524757
TotalVariationFilter,poisson_16_gauss_0.2,16.0,0.2,sticks_085.tif,20.743536778071228,0.13391124473803434,0.7935975790023804,0.08566715568304062,0.5472699895501136
TotalVariationFilter,poisson_16_gauss_0.2,16.0,0.2,sticks_086.tif,20.65277737330106,0.14262857696828457,0.7975772619247437,0.086563840508461,0.5463560730218887
TotalVariationFilter,poisson_16_gauss_0.2,16.0,0.2,sticks_088.tif,20.628534693886877,0.14045446839884523,0.7848753929138184,0.08689813315868378,0.5500420033931732
TotalVariationFilter,poisson_16_gauss_0.2,16.0,0.2,sticks_087.tif,20.462919604652395,0.1449882993460934,0.7971036434173584,0.08831688016653061,0.5525345101952552
TotalVariationFilter,poisson_16_gauss_0.2,16.0,0.2,sticks_089.tif,20.442812008295906,0.1388372427371762,0.7779346108436584,0.08862705528736115,0.567608593404293
TotalVariationFilter,poisson_16_gauss_0.2,16.0,0.2,sticks_090.tif,20.788446898272035,0.15598652340282027,0.8099861145019531,0.08512024581432343,0.5482765913009644
TotalVariationFilter,poisson_16_gauss_0.2,16.0,0.2,sticks_091.tif,20.579057718127125,0.13117462073542235,0.7743517756462097,0.08742315322160721,0.5603739015758038
TotalVariationFilter,poisson_16_gauss_0.2,16.0,0.2,sticks_092.tif,20.36120502228007,0.14165942050539052,0.7866091132164001,0.08928882330656052,0.5622716993093491
TotalVariationFilter,poisson_16_gauss_0.2,16.0,0.2,sticks_093.tif,20.564159650960384,0.16826878207592755,0.8017969131469727,0.08709445595741272,0.5563338309526443
TotalVariationFilter,poisson_16_gauss_0.2,16.0,0.2,sticks_095.tif,20.472039458482342,0.1728820324840873,0.8131946921348572,0.08783110231161118,0.539520961791277
TotalVariationFilter,poisson_16_gauss_0.2,16.0,0.2,sticks_096.tif,20.551853742484248,0.15819293732317163,0.7916752696037292,0.08734150230884552,0.5444332882761955
TotalVariationFilter,poisson_16_gauss_0.2,16.0,0.2,sticks_097.tif,20.67791084865362,0.152357447724546,0.802283763885498,0.08608059585094452,0.5640176087617874
TotalVariationFilter,poisson_16_gauss_0.2,16.0,0.2,sticks_098.tif,20.74604024221447,0.16293219526673608,0.8083294034004211,0.0854068249464035,0.5449978977441787
TotalVariationFilter,poisson_16_gauss_0.2,16.0,0.2,sticks_099.tif,20.388040545132235,0.14895947468757706,0.7973098754882812,0.0889752060174942,0.5619272261857986
TotalVariationFilter,poisson_16_gauss_0.2,16.0,0.2,sticks_094.tif,20.489779670512625,0.1424222014268866,0.7810472249984741,0.08822409808635712,0.5502480909228324
TotalVariationFilter,poisson_1_gauss_0.05,1.0,0.05,sticks_000.tif,22.892832181898314,0.254646976737877,0.9160860776901245,0.03268324211239815,0.3312299461569637
TotalVariationFilter,poisson_1_gauss_0.05,1.0,0.05,sticks_001.tif,21.926527036497752,0.27180157812929223,0.925080418586731,0.036490168422460556,0.36931976629421115
TotalVariationFilter,poisson_1_gauss_0.05,1.0,0.05,sticks_002.tif,23.69709354823621,0.24164155228186576,0.9123015999794006,0.030339818447828293,0.2914488923503086
TotalVariationFilter,poisson_1_gauss_0.05,1.0,0.05,sticks_003.tif,22.82997806312416,0.2603415379666009,0.9161922931671143,0.03314080089330673,0.3272230541333556
TotalVariationFilter,poisson_1_gauss_0.05,1.0,0.05,sticks_004.tif,22.662219968003207,0.2674539561451099,0.9169118404388428,0.03364361450076103,0.3335913687478751
TotalVariationFilter,poisson_1_gauss_0.05,1.0,0.05,sticks_005.tif,23.45189263912068,0.24949544407062316,0.9037172198295593,0.030897725373506546,0.31819541337899865
TotalVariationFilter,poisson_1_gauss_0.05,1.0,0.05,sticks_007.tif,22.292055404164373,0.2629345439714504,0.9237721562385559,0.03489360958337784,0.3465508125256747
TotalVariationFilter,poisson_1_gauss_0.05,1.0,0.05,sticks_009.tif,23.423781009010796,0.2433028064077866,0.9086877703666687,0.031074654310941696,0.3183848252519965
TotalVariationFilter,poisson_1_gauss_0.05,1.0,0.05,sticks_008.tif,22.338981233030047,0.26036233358569133,0.9113220572471619,0.034580785781145096,0.33632335646543654
TotalVariationFilter,poisson_1_gauss_0.05,1.0,0.05,sticks_011.tif,22.43598235966462,0.2678047555713774,0.9252621531486511,0.034543585032224655,0.3318695087917149
TotalVariationFilter,poisson_1_gauss_0.05,1.0,0.05,sticks_006.tif,23.464581605264208,0.24540018802479152,0.909586489200592,0.031076904386281967,0.3185900808311999
TotalVariationFilter,poisson_1_gauss_0.05,1.0,0.05,sticks_010.tif,22.826777295516663,0.2553903673696557,0.9165487885475159,0.03300275281071663,0.32314605233259497
TotalVariationFilter,poisson_1_gauss_0.05,1.0,0.05,sticks_012.tif,22.536664828034795,0.2575250960597371,0.9178823232650757,0.033875130116939545,0.34740286925807595
TotalVariationFilter,poisson_1_gauss_0.05,1.0,0.05,sticks_016.tif,22.878604084535816,0.26018717385938694,0.9178322553634644,0.0330527164041996,0.31993840478826313
TotalVariationFilter,poisson_1_gauss_0.05,1.0,0.05,sticks_013.tif,22.673299094099395,0.27093842838482823,0.9250074625015259,0.0339234359562397,0.3234418801032007
TotalVariationFilter,poisson_1_gauss_0.05,1.0,0.05,sticks_014.tif,23.27732281488538,0.24022876336539314,0.9074346423149109,0.031031373888254166,0.35210945981089026
TotalVariationFilter,poisson_1_gauss_0.05,1.0,0.05,sticks_015.tif,22.97671348424446,0.2595033135733846,0.9179721474647522,0.03268017992377281,0.32712231974583117
TotalVariationFilter,poisson_1_gauss_0.05,1.0,0.05,sticks_018.tif,22.560261113456445,0.2598195538249734,0.9228548407554626,0.03401831164956093,0.33920765165239575
TotalVariationFilter,poisson_1_gauss_0.05,1.0,0.05,sticks_020.tif,22.708360947280624,0.26521473866805184,0.9204869866371155,0.03365667536854744,0.32359108459204433
TotalVariationFilter,poisson_1_gauss_0.05,1.0,0.05,sticks_017.tif,22.90300929951872,0.2552268191570692,0.9127995371818542,0.032659366726875305,0.3442915430292487
TotalVariationFilter,poisson_1_gauss_0.05,1.0,0.05,sticks_019.tif,22.63357068009855,0.2670831955713365,0.9224048256874084,0.03391578420996666,0.31598313483409585
TotalVariationFilter,poisson_1_gauss_0.05,1.0,0.05,sticks_021.tif,22.942517451264507,0.26425062532854915,0.9186472296714783,0.032769691199064255,0.31275586630217733
TotalVariationFilter,poisson_1_gauss_0.05,1.0,0.05,sticks_022.tif,22.986099781614936,0.2539882828959213,0.9160615801811218,0.03242962062358856,0.33105947172734884
TotalVariationFilter,poisson_1_gauss_0.05,1.0,0.05,sticks_023.tif,22.157128381796063,0.2723138315322845,0.924882709980011,0.03565911203622818,0.3283320767339319
TotalVariationFilter,poisson_1_gauss_0.05,1.0,0.05,sticks_024.tif,23.056473458043584,0.25307250024830696,0.9098329544067383,0.03216473013162613,0.32976841237396004
TotalVariationFilter,poisson_1_gauss_0.05,1.0,0.05,sticks_025.tif,22.576615727628685,0.2732292349833953,0.9258269667625427,0.03425540775060654,0.32849767757579684
TotalVariationFilter,poisson_1_gauss_0.05,1.0,0.05,sticks_026.tif,22.799297694007876,0.25008773448183536,0.9131731390953064,0.03291163221001625,0.3292542500654235
TotalVariationFilter,poisson_1_gauss_0.05,1.0,0.05,sticks_027.tif,21.657640036069235,0.27131136111514786,0.9253583550453186,0.03740110248327255,0.3759777064435184
TotalVariationFilter,poisson_1_gauss_0.05,1.0,0.05,sticks_028.tif,22.92312720794026,0.24807288220747098,0.9089714884757996,0.03241359442472458,0.3238888913299888
TotalVariationFilter,poisson_1_gauss_0.05,1.0,0.05,sticks_029.tif,22.281482453202127,0.2660570550694894,0.9150778651237488,0.03500771522521973,0.32776875696144997
TotalVariationFilter,poisson_1_gauss_0.05,1.0,0.05,sticks_030.tif,22.573508774907317,0.26648184699906985,0.9191955327987671,0.034073714166879654,0.3296323900576681
TotalVariationFilter,poisson_1_gauss_0.05,1.0,0.05,sticks_032.tif,22.69517397768553,0.27147446820170534,0.9179900884628296,0.03381776064634323,0.3143064691219479
TotalVariationFilter,poisson_1_gauss_0.05,1.0,0.05,sticks_031.tif,22.94322679744234,0.2531667958709184,0.9137572050094604,0.032424356788396835,0.33690692195668814
TotalVariationFilter,poisson_1_gauss_0.05,1.0,0.05,sticks_033.tif,22.375042973456853,0.265389107048036,0.9094181060791016,0.034684546291828156,0.3160777241922915
TotalVariationFilter,poisson_1_gauss_0.05,1.0,0.05,sticks_034.tif,22.753025206244082,0.2524792329685232,0.9188222885131836,0.03327050060033798,0.3362593909725547
TotalVariationFilter,poisson_1_gauss_0.05,1.0,0.05,sticks_035.tif,22.66047370459564,0.2686415116833882,0.923578143119812,0.033775679767131805,0.3208116159774363
TotalVariationFilter,poisson_1_gauss_0.05,1.0,0.05,sticks_036.tif,23.550001940785947,0.2467818425417676,0.9080078601837158,0.030795861035585403,0.3055099479155615
TotalVariationFilter,poisson_1_gauss_0.05,1.0,0.05,sticks_037.tif,22.781504966917776,0.2535502120932553,0.9087361693382263,0.03310311213135719,0.33760187588632107
TotalVariationFilter,poisson_1_gauss_0.05,1.0,0.05,sticks_038.tif,23.430705592311824,0.23833984510982079,0.9095485806465149,0.03072400763630867,0.3338976188097149
TotalVariationFilter,poisson_1_gauss_0.05,1.0,0.05,sticks_040.tif,22.37423191106594,0.26435575869987304,0.9190402030944824,0.034706998616456985,0.3194190076785162
TotalVariationFilter,poisson_1_gauss_0.05,1.0,0.05,sticks_039.tif,22.833459033643244,0.26418295007842313,0.9253148436546326,0.03313111513853073,0.32282033578958363
TotalVariationFilter,poisson_1_gauss_0.05,1.0,0.05,sticks_041.tif,23.228273331531394,0.2471884426974078,0.9148026704788208,0.031620025634765625,0.325817034393549
TotalVariationFilter,poisson_1_gauss_0.05,1.0,0.05,sticks_042.tif,23.4052025704403,0.23936578145430962,0.905292809009552,0.03092440590262413,0.342176204174757
TotalVariationFilter,poisson_1_gauss_0.05,1.0,0.05,sticks_043.tif,22.4382964375744,0.2760665390996134,0.9300808906555176,0.03464650362730026,0.32202480314299464
TotalVariationFilter,poisson_1_gauss_0.05,1.0,0.05,sticks_044.tif,22.411844713424802,0.27139041812373543,0.916871964931488,0.03474421426653862,0.3205630234442651
TotalVariationFilter,poisson_1_gauss_0.05,1.0,0.05,sticks_045.tif,23.360966098247754,0.24991897834160817,0.9167414903640747,0.03129792958498001,0.3166734904050827
TotalVariationFilter,poisson_1_gauss_0.05,1.0,0.05,sticks_046.tif,23.41712315114095,0.24107667115111184,0.9048304557800293,0.030810808762907982,0.3320051543880254
TotalVariationFilter,poisson_1_gauss_0.05,1.0,0.05,sticks_047.tif,23.46320741736012,0.24144768112808712,0.9048181176185608,0.03059559501707554,0.3250780681613833
TotalVariationFilter,poisson_1_gauss_0.05,1.0,0.05,sticks_049.tif,23.01064946836795,0.25854456565365225,0.919593334197998,0.03245348483324051,0.30795464280527085
TotalVariationFilter,poisson_1_gauss_0.05,1.0,0.05,sticks_048.tif,22.596340997073288,0.2542636815252034,0.9142901301383972,0.03368453308939934,0.33594433828257025
TotalVariationFilter,poisson_1_gauss_0.05,1.0,0.05,sticks_050.tif,23.567046740352588,0.24348417161704303,0.9085314869880676,0.030454542487859726,0.3164287144318223
TotalVariationFilter,poisson_1_gauss_0.05,1.0,0.05,sticks_051.tif,22.18805386359103,0.27019551406510506,0.9234714508056641,0.03549477830529213,0.35351828252896667
TotalVariationFilter,poisson_1_gauss_0.05,1.0,0.05,sticks_053.tif,22.443529655844593,0.2689398381019154,0.9244452714920044,0.03461607173085213,0.3335851318668574
TotalVariationFilter,poisson_1_gauss_0.05,1.0,0.05,sticks_052.tif,22.783755659344003,0.26669207350768886,0.9251464605331421,0.03342606872320175,0.3059108407236636
TotalVariationFilter,poisson_1_gauss_0.05,1.0,0.05,sticks_054.tif,23.30064009024096,0.245224003493542,0.9028531312942505,0.031287290155887604,0.31183167374692855
TotalVariationFilter,poisson_1_gauss_0.05,1.0,0.05,sticks_055.tif,22.32770896347791,0.26587846364301326,0.929875910282135,0.03493368253111839,0.33265205402858555
TotalVariationFilter,poisson_1_gauss_0.05,1.0,0.05,sticks_056.tif,22.729980498225352,0.2534642850231787,0.9183368682861328,0.03330085799098015,0.3217472589109093
TotalVariationFilter,poisson_1_gauss_0.05,1.0,0.05,sticks_059.tif,23.500196776063113,0.24977133076724226,0.9047776460647583,0.030644673854112625,0.3209993405267596
TotalVariationFilter,poisson_1_gauss_0.05,1.0,0.05,sticks_058.tif,22.71561398570976,0.25783313519400636,0.9183920621871948,0.033530473709106445,0.33645158386789265
TotalVariationFilter,poisson_1_gauss_0.05,1.0,0.05,sticks_057.tif,22.697910613497946,0.2757250778968183,0.9242645502090454,0.033751413226127625,0.3274334284942597
TotalVariationFilter,poisson_1_gauss_0.05,1.0,0.05,sticks_060.tif,23.274474793446423,0.24027126514440994,0.9105679988861084,0.031338535249233246,0.33365490089636296
TotalVariationFilter,poisson_1_gauss_0.05,1.0,0.05,sticks_063.tif,22.58636705031199,0.25910128113873393,0.9204217791557312,0.033627673983573914,0.33864335012622176
TotalVariationFilter,poisson_1_gauss_0.05,1.0,0.05,sticks_061.tif,22.2677890698808,0.2747194494868926,0.9272547364234924,0.035342030227184296,0.31469932876061646
TotalVariationFilter,poisson_1_gauss_0.05,1.0,0.05,sticks_062.tif,23.19380733714052,0.2469038613197023,0.917759358882904,0.031926851719617844,0.31365340428892524
TotalVariationFilter,poisson_1_gauss_0.05,1.0,0.05,sticks_067.tif,22.443024726291497,0.26564503466423256,0.9203857183456421,0.03442852944135666,0.32391970383469015
TotalVariationFilter,poisson_1_gauss_0.05,1.0,0.05,sticks_066.tif,22.739509547408122,0.2645743202458954,0.9187645316123962,0.033514074981212616,0.30840032920241356
TotalVariationFilter,poisson_1_gauss_0.05,1.0,0.05,sticks_065.tif,22.830689649762178,0.2625841651700238,0.9245135188102722,0.0331757590174675,0.33462595036253334
TotalVariationFilter,poisson_1_gauss_0.05,1.0,0.05,sticks_068.tif,22.991903526130265,0.24227469180455694,0.9102901220321655,0.03213786333799362,0.339784326357767
TotalVariationFilter,poisson_1_gauss_0.05,1.0,0.05,sticks_069.tif,22.557060127859877,0.26075054487709987,0.9213264584541321,0.034014992415905,0.3452886308077723
TotalVariationFilter,poisson_1_gauss_0.05,1.0,0.05,sticks_064.tif,22.801588022368232,0.24958522186424517,0.9154871106147766,0.032958727329969406,0.3331287959590554
TotalVariationFilter,poisson_1_gauss_0.05,1.0,0.05,sticks_070.tif,22.78129010004911,0.25686953145330244,0.9133514761924744,0.033069711178541183,0.32787576226983217
TotalVariationFilter,poisson_1_gauss_0.05,1.0,0.05,sticks_071.tif,22.65877966609804,0.26517915446720985,0.9180011749267578,0.03363442048430443,0.32805176111869516
TotalVariationFilter,poisson_1_gauss_0.05,1.0,0.05,sticks_072.tif,23.294792606404833,0.24418255380025533,0.9106093049049377,0.031192520633339882,0.31904440151993185
TotalVariationFilter,poisson_1_gauss_0.05,1.0,0.05,sticks_073.tif,22.951643735088894,0.24602545744259346,0.9117782711982727,0.03233007341623306,0.3297563965898007
TotalVariationFilter,poisson_1_gauss_0.05,1.0,0.05,sticks_074.tif,23.18258686073897,0.25366216172623673,0.9063262939453125,0.03187345340847969,0.3064482126850635
TotalVariationFilter,poisson_1_gauss_0.05,1.0,0.05,sticks_075.tif,22.69354245991842,0.26993402914545406,0.9220245480537415,0.033859677612781525,0.30967453855555505
TotalVariationFilter,poisson_1_gauss_0.05,1.0,0.05,sticks_076.tif,22.607126626325375,0.26221151107200324,0.9179003834724426,0.03357314318418503,0.35225948069710283
TotalVariationFilter,poisson_1_gauss_0.05,1.0,0.05,sticks_077.tif,22.477243363278152,0.27273496068697434,0.9276607036590576,0.034555502235889435,0.3206453785765916
TotalVariationFilter,poisson_1_gauss_0.05,1.0,0.05,sticks_078.tif,23.08011013963991,0.2607687683470048,0.925214409828186,0.03246266394853592,0.3103368980344385
TotalVariationFilter,poisson_1_gauss_0.05,1.0,0.05,sticks_079.tif,22.516427037447126,0.2606364819762519,0.9154009222984314,0.03394728899002075,0.35164056713692843
TotalVariationFilter,poisson_1_gauss_0.05,1.0,0.05,sticks_080.tif,22.228606471068222,0.2748097681747335,0.9231633543968201,0.035528041422367096,0.3366416668985039
TotalVariationFilter,poisson_1_gauss_0.05,1.0,0.05,sticks_081.tif,22.265824622016957,0.26905773332403915,0.9186354279518127,0.03515803813934326,0.3357978218002245
TotalVariationFilter,poisson_1_gauss_0.05,1.0,0.05,sticks_082.tif,22.40112154919491,0.27113941419070275,0.9259335994720459,0.03459106385707855,0.34854070506989954
TotalVariationFilter,poisson_1_gauss_0.05,1.0,0.05,sticks_084.tif,22.493558819809355,0.2608907052105324,0.92259281873703,0.03424501419067383,0.3500840900931507
TotalVariationFilter,poisson_1_gauss_0.05,1.0,0.05,sticks_083.tif,23.100918499631604,0.25284773911996855,0.9122389554977417,0.03205680847167969,0.31965981491375717
TotalVariationFilter,poisson_1_gauss_0.05,1.0,0.05,sticks_085.tif,22.883410580246707,0.25636081882235917,0.9250805974006653,0.03314640372991562,0.30921066356822846
TotalVariationFilter,poisson_1_gauss_0.05,1.0,0.05,sticks_086.tif,22.88194828607706,0.2676534150818019,0.9279401302337646,0.03311318904161453,0.3133074759505689
TotalVariationFilter,poisson_1_gauss_0.05,1.0,0.05,sticks_088.tif,23.162763182047286,0.26225597628430536,0.9203036427497864,0.032218750566244125,0.29605266149155796
TotalVariationFilter,poisson_1_gauss_0.05,1.0,0.05,sticks_087.tif,22.625548482073896,0.2567994721348609,0.9245805740356445,0.033776167780160904,0.3444688033312559
TotalVariationFilter,poisson_1_gauss_0.05,1.0,0.05,sticks_089.tif,23.09025874843926,0.2550374263547423,0.9133524894714355,0.03201647847890854,0.31785857053473593
TotalVariationFilter,poisson_1_gauss_0.05,1.0,0.05,sticks_090.tif,22.62024649146575,0.27020093449462507,0.9280397891998291,0.033970266580581665,0.3124438608298078
TotalVariationFilter,poisson_1_gauss_0.05,1.0,0.05,sticks_091.tif,23.4827770943841,0.25660886191963206,0.9160700440406799,0.031155338510870934,0.2918307536281645
TotalVariationFilter,poisson_1_gauss_0.05,1.0,0.05,sticks_092.tif,22.650588757130215,0.253904303804936,0.9183514714241028,0.03353613242506981,0.34218731983564793
TotalVariationFilter,poisson_1_gauss_0.05,1.0,0.05,sticks_093.tif,22.269659095927373,0.2709047918894177,0.9197424054145813,0.035108745098114014,0.34444729157257825
TotalVariationFilter,poisson_1_gauss_0.05,1.0,0.05,sticks_095.tif,21.813111017752476,0.2809020891098005,0.9300722479820251,0.03724142163991928,0.35142441587522627
TotalVariationFilter,poisson_1_gauss_0.05,1.0,0.05,sticks_096.tif,22.44990593152653,0.2680945952613269,0.9181232452392578,0.03450215607881546,0.32583482218906284
TotalVariationFilter,poisson_1_gauss_0.05,1.0,0.05,sticks_097.tif,22.620755663549946,0.25945636480169754,0.9213383197784424,0.033585075289011,0.33560326071456076
TotalVariationFilter,poisson_1_gauss_0.05,1.0,0.05,sticks_098.tif,22.407419258156143,0.27759354910166945,0.9275524020195007,0.03474341705441475,0.3292052884586155
TotalVariationFilter,poisson_1_gauss_0.05,1.0,0.05,sticks_099.tif,22.50685414857584,0.259150529968782,0.9240598082542419,0.034129928797483444,0.34452800448052584
TotalVariationFilter,poisson_1_gauss_0.05,1.0,0.05,sticks_094.tif,23.01481649544755,0.2670514496717223,0.9162991046905518,0.032820332795381546,0.29637647038325665
TotalVariationFilter,poisson_1_gauss_0.1,1.0,0.1,sticks_000.tif,22.205954937585513,0.1415013713533549,0.8651832938194275,0.05119812488555908,0.36674590930342676
TotalVariationFilter,poisson_1_gauss_0.1,1.0,0.1,sticks_001.tif,21.386739549623634,0.160326742282146,0.8811375498771667,0.05480694770812988,0.4002528816461563
TotalVariationFilter,poisson_1_gauss_0.1,1.0,0.1,sticks_002.tif,22.768243169251097,0.12485594992774926,0.8598226308822632,0.04952681064605713,0.32473526056855917
TotalVariationFilter,poisson_1_gauss_0.1,1.0,0.1,sticks_003.tif,22.18938026068747,0.14882306366558315,0.8658137917518616,0.051605671644210815,0.35383357033133506
TotalVariationFilter,poisson_1_gauss_0.1,1.0,0.1,sticks_004.tif,21.906200450876696,0.15282504056465282,0.8692193031311035,0.05260699242353439,0.36897866167128085
TotalVariationFilter,poisson_1_gauss_0.1,1.0,0.1,sticks_005.tif,22.572160377410913,0.13272603321190135,0.8467234373092651,0.04993205517530441,0.3478841479867697
TotalVariationFilter,poisson_1_gauss_0.1,1.0,0.1,sticks_007.tif,21.73865579864239,0.15178050084158357,0.881081759929657,0.05312312766909599,0.3795904716476798
TotalVariationFilter,poisson_1_gauss_0.1,1.0,0.1,sticks_009.tif,22.631995154601103,0.12993552803319117,0.8577518463134766,0.04980780929327011,0.3470385927706957
TotalVariationFilter,poisson_1_gauss_0.1,1.0,0.1,sticks_008.tif,21.802137153078434,0.15205767017678692,0.8633525967597961,0.05258431285619736,0.37043302673846484
TotalVariationFilter,poisson_1_gauss_0.1,1.0,0.1,sticks_011.tif,21.85715563237323,0.15536442523003746,0.8810967206954956,0.052897803485393524,0.3654782138764858
TotalVariationFilter,poisson_1_gauss_0.1,1.0,0.1,sticks_006.tif,22.579589827827455,0.13137457599366,0.8533180356025696,0.0503205731511116,0.3501034345477819
TotalVariationFilter,poisson_1_gauss_0.1,1.0,0.1,sticks_010.tif,22.16052447114851,0.14409421448829732,0.8666502237319946,0.05148231238126755,0.3598815117031336
TotalVariationFilter,poisson_1_gauss_0.1,1.0,0.1,sticks_012.tif,21.946872257537635,0.14559648886343785,0.8709490895271301,0.05212557315826416,0.3795771926641464
TotalVariationFilter,poisson_1_gauss_0.1,1.0,0.1,sticks_016.tif,22.246861439142496,0.14815670284115,0.8690251708030701,0.051454562693834305,0.3464387308806181
TotalVariationFilter,poisson_1_gauss_0.1,1.0,0.1,sticks_013.tif,21.930721170724077,0.15402591432699947,0.8762873411178589,0.05301602929830551,0.35807228162884713
TotalVariationFilter,poisson_1_gauss_0.1,1.0,0.1,sticks_014.tif,22.39121187507998,0.12465909418175206,0.8563072681427002,0.05001196265220642,0.37888036035001277
TotalVariationFilter,poisson_1_gauss_0.1,1.0,0.1,sticks_015.tif,22.180478949671972,0.14521560614583626,0.870407223701477,0.0517737977206707,0.35661256946623326
TotalVariationFilter,poisson_1_gauss_0.1,1.0,0.1,sticks_018.tif,21.84996969298703,0.1459581144296177,0.8764097690582275,0.05303025245666504,0.37394871432334187
TotalVariationFilter,poisson_1_gauss_0.1,1.0,0.1,sticks_020.tif,22.06438083056486,0.14944063997689253,0.8698269128799438,0.05212024971842766,0.3577499482780695
TotalVariationFilter,poisson_1_gauss_0.1,1.0,0.1,sticks_017.tif,22.080464002635146,0.13837946985470262,0.8616756796836853,0.05175088718533516,0.3771409774199128
TotalVariationFilter,poisson_1_gauss_0.1,1.0,0.1,sticks_019.tif,21.921537478431006,0.15193003791251336,0.874777615070343,0.05288780853152275,0.35148945935070514
TotalVariationFilter,poisson_1_gauss_0.1,1.0,0.1,sticks_021.tif,22.23569149056345,0.1493261238477562,0.8686851263046265,0.05141081660985947,0.34075286984443665
TotalVariationFilter,poisson_1_gauss_0.1,1.0,0.1,sticks_022.tif,22.292833297493612,0.1398895577648561,0.8660293221473694,0.05101694539189339,0.35955140069127084
TotalVariationFilter,poisson_1_gauss_0.1,1.0,0.1,sticks_023.tif,21.62897607554557,0.16108429577946431,0.8827627897262573,0.05391959473490715,0.36213790290057657
TotalVariationFilter,poisson_1_gauss_0.1,1.0,0.1,sticks_024.tif,22.326280354750885,0.13852481666483965,0.8578366637229919,0.05073423311114311,0.35950428433716297
TotalVariationFilter,poisson_1_gauss_0.1,1.0,0.1,sticks_025.tif,21.91963384553855,0.15882856887839675,0.8818111419677734,0.0528697669506073,0.3625653821974993
TotalVariationFilter,poisson_1_gauss_0.1,1.0,0.1,sticks_026.tif,22.07156180211574,0.13639212334360812,0.8603606820106506,0.05164675787091255,0.36414385996758936
TotalVariationFilter,poisson_1_gauss_0.1,1.0,0.1,sticks_027.tif,21.18354568783881,0.16482604605310044,0.886854887008667,0.055373091250658035,0.402799154818058
TotalVariationFilter,poisson_1_gauss_0.1,1.0,0.1,sticks_028.tif,22.228800643501895,0.1370917149424387,0.8580609560012817,0.05101620405912399,0.35455742962658404
TotalVariationFilter,poisson_1_gauss_0.1,1.0,0.1,sticks_029.tif,21.73968591153004,0.15452945211963406,0.8689674139022827,0.053209833800792694,0.3637685887515545
TotalVariationFilter,poisson_1_gauss_0.1,1.0,0.1,sticks_030.tif,22.02349047460109,0.15447651510490323,0.8738031983375549,0.05213214084506035,0.35966829117387533
TotalVariationFilter,poisson_1_gauss_0.1,1.0,0.1,sticks_032.tif,21.993743672241465,0.15666276903306423,0.8701292872428894,0.05261611193418503,0.3521943636238575
TotalVariationFilter,poisson_1_gauss_0.1,1.0,0.1,sticks_031.tif,22.173640407163,0.13806354502312035,0.8636535406112671,0.05111221596598625,0.3697391148656607
TotalVariationFilter,poisson_1_gauss_0.1,1.0,0.1,sticks_033.tif,21.8432326039374,0.15470586877958076,0.8579449653625488,0.05283151939511299,0.35273903254419564
TotalVariationFilter,poisson_1_gauss_0.1,1.0,0.1,sticks_034.tif,22.120996527236013,0.1407454494481443,0.8679843544960022,0.05165901035070419,0.36759607680141926
TotalVariationFilter,poisson_1_gauss_0.1,1.0,0.1,sticks_035.tif,22.02991253776166,0.15441504944909593,0.8779429197311401,0.05223134160041809,0.35356552228331567
TotalVariationFilter,poisson_1_gauss_0.1,1.0,0.1,sticks_036.tif,22.723223930508265,0.13177986037662057,0.850679337978363,0.04971980303525925,0.3354429742321372
TotalVariationFilter,poisson_1_gauss_0.1,1.0,0.1,sticks_037.tif,22.094996921869104,0.14123574498302816,0.8542260527610779,0.0517532043159008,0.3712598180398345
TotalVariationFilter,poisson_1_gauss_0.1,1.0,0.1,sticks_038.tif,22.507726823030634,0.12271725676572812,0.8559483289718628,0.04997103661298752,0.36394314356148244
TotalVariationFilter,poisson_1_gauss_0.1,1.0,0.1,sticks_040.tif,21.811515210966455,0.1537951217823976,0.8747544288635254,0.0530378632247448,0.3545558825135231
TotalVariationFilter,poisson_1_gauss_0.1,1.0,0.1,sticks_039.tif,22.15132268037113,0.14876544945588407,0.8814033269882202,0.051701635122299194,0.3576793534681201
TotalVariationFilter,poisson_1_gauss_0.1,1.0,0.1,sticks_041.tif,22.503586535314785,0.13363781507325706,0.8662447333335876,0.05019913986325264,0.3532776305451989
TotalVariationFilter,poisson_1_gauss_0.1,1.0,0.1,sticks_042.tif,22.60057008777805,0.1270506659967321,0.8533747792243958,0.04964941740036011,0.3668150519952178
TotalVariationFilter,poisson_1_gauss_0.1,1.0,0.1,sticks_043.tif,21.71626540064237,0.1586851585934267,0.8868764638900757,0.05362892895936966,0.35760743357241154
TotalVariationFilter,poisson_1_gauss_0.1,1.0,0.1,sticks_044.tif,21.82115046891917,0.1593185724606563,0.8674019575119019,0.053276628255844116,0.35627485141158105
TotalVariationFilter,poisson_1_gauss_0.1,1.0,0.1,sticks_045.tif,22.432721079707285,0.13140747527089428,0.8663110733032227,0.050708871334791183,0.3472642578184605
TotalVariationFilter,poisson_1_gauss_0.1,1.0,0.1,sticks_046.tif,22.432364840942633,0.12385188480470992,0.8478261232376099,0.05028751492500305,0.3623576913028955
TotalVariationFilter,poisson_1_gauss_0.1,1.0,0.1,sticks_047.tif,22.557097366878196,0.12471540300338323,0.846739649772644,0.04965312406420708,0.3541975077241659
TotalVariationFilter,poisson_1_gauss_0.1,1.0,0.1,sticks_049.tif,22.24769903547506,0.14112030380550536,0.8700690269470215,0.051385242491960526,0.33913488760590554
TotalVariationFilter,poisson_1_gauss_0.1,1.0,0.1,sticks_048.tif,22.05769060471698,0.14536098415603452,0.8681463599205017,0.05166943743824959,0.3678440298885107
TotalVariationFilter,poisson_1_gauss_0.1,1.0,0.1,sticks_050.tif,22.55924098307635,0.12323162822955674,0.8514068722724915,0.05009257793426514,0.35079493522644045
TotalVariationFilter,poisson_1_gauss_0.1,1.0,0.1,sticks_051.tif,21.57969691797482,0.157788539487822,0.8786879777908325,0.054041843861341476,0.3839401379227638
TotalVariationFilter,poisson_1_gauss_0.1,1.0,0.1,sticks_053.tif,21.835620250081508,0.15628828484185942,0.8776463866233826,0.05303775146603584,0.36502438597381115
TotalVariationFilter,poisson_1_gauss_0.1,1.0,0.1,sticks_052.tif,22.144085865340088,0.15221505035553295,0.8813441395759583,0.052083570510149,0.3359174069017172
TotalVariationFilter,poisson_1_gauss_0.1,1.0,0.1,sticks_054.tif,22.399339725665083,0.12902624741312463,0.8510171175003052,0.05057644844055176,0.34521035123616456
TotalVariationFilter,poisson_1_gauss_0.1,1.0,0.1,sticks_055.tif,21.776072439521343,0.15323926633727047,0.8893041610717773,0.05318700522184372,0.3644613794982433
TotalVariationFilter,poisson_1_gauss_0.1,1.0,0.1,sticks_056.tif,22.07192118834316,0.14048408130972984,0.868127167224884,0.05182383581995964,0.3573945078998804
TotalVariationFilter,poisson_1_gauss_0.1,1.0,0.1,sticks_059.tif,22.649562241143983,0.13239361933799879,0.8496508598327637,0.04937722533941269,0.35030851773917676
TotalVariationFilter,poisson_1_gauss_0.1,1.0,0.1,sticks_058.tif,22.04897868557631,0.1467015561925253,0.8706260323524475,0.05218330770730972,0.3678396940231323
TotalVariationFilter,poisson_1_gauss_0.1,1.0,0.1,sticks_057.tif,22.01380250839902,0.15983501026186037,0.877990186214447,0.052277833223342896,0.36109631061553954
TotalVariationFilter,poisson_1_gauss_0.1,1.0,0.1,sticks_060.tif,22.684178926270583,0.1323339658913379,0.862533688545227,0.04913514107465744,0.35999017842113973
TotalVariationFilter,poisson_1_gauss_0.1,1.0,0.1,sticks_063.tif,21.89983098240453,0.14469238512652693,0.873936653137207,0.052169691771268845,0.37132452633231877
TotalVariationFilter,poisson_1_gauss_0.1,1.0,0.1,sticks_061.tif,21.86910687011749,0.16693545985560918,0.8881829977035522,0.052895285189151764,0.34826978128403424
TotalVariationFilter,poisson_1_gauss_0.1,1.0,0.1,sticks_062.tif,22.49632825349866,0.13152993451761885,0.8714123368263245,0.05043221265077591,0.3432698896154761
TotalVariationFilter,poisson_1_gauss_0.1,1.0,0.1,sticks_067.tif,21.783134633107167,0.15278157209279705,0.8747713565826416,0.053057897835969925,0.36190424878150224
TotalVariationFilter,poisson_1_gauss_0.1,1.0,0.1,sticks_066.tif,22.15439127412775,0.1523782174389236,0.8708457946777344,0.051849205046892166,0.3380484215915203
TotalVariationFilter,poisson_1_gauss_0.1,1.0,0.1,sticks_065.tif,22.054630070560076,0.14482152244294297,0.878907322883606,0.052221596240997314,0.36032210364937783
TotalVariationFilter,poisson_1_gauss_0.1,1.0,0.1,sticks_068.tif,22.289643316583337,0.13246369097144486,0.858677864074707,0.050690919160842896,0.3682946054264903
TotalVariationFilter,poisson_1_gauss_0.1,1.0,0.1,sticks_069.tif,21.897335951971026,0.14861128172447796,0.876422643661499,0.052739061415195465,0.37659508623182775
TotalVariationFilter,poisson_1_gauss_0.1,1.0,0.1,sticks_064.tif,22.017951943261775,0.1349067791917669,0.866158127784729,0.051840752363204956,0.37027879171073436
TotalVariationFilter,poisson_1_gauss_0.1,1.0,0.1,sticks_070.tif,22.052650588613783,0.14428376504919546,0.8633947372436523,0.05185897275805473,0.3641941023990512
TotalVariationFilter,poisson_1_gauss_0.1,1.0,0.1,sticks_071.tif,21.93187930647199,0.1486165229591061,0.8680165410041809,0.05250357463955879,0.3637172719463706
TotalVariationFilter,poisson_1_gauss_0.1,1.0,0.1,sticks_072.tif,22.61238026113879,0.13154699235704623,0.8604592680931091,0.04941518232226372,0.34698200654238465
TotalVariationFilter,poisson_1_gauss_0.1,1.0,0.1,sticks_073.tif,22.223227697806244,0.13325057691327238,0.8621044754981995,0.05104684829711914,0.35744827557355163
TotalVariationFilter,poisson_1_gauss_0.1,1.0,0.1,sticks_074.tif,22.389061192811774,0.13836695988293496,0.8523906469345093,0.05086912587285042,0.3389513185247779
TotalVariationFilter,poisson_1_gauss_0.1,1.0,0.1,sticks_075.tif,22.06711655685867,0.1578339109814883,0.8751127123832703,0.05243610590696335,0.33748269118368623
TotalVariationFilter,poisson_1_gauss_0.1,1.0,0.1,sticks_076.tif,21.911083054051986,0.1491181031619781,0.8710530400276184,0.05210120230913162,0.3839520175009966
TotalVariationFilter,poisson_1_gauss_0.1,1.0,0.1,sticks_077.tif,21.862187058281563,0.15852982615610717,0.8840344548225403,0.05323401093482971,0.35594042390584946
TotalVariationFilter,poisson_1_gauss_0.1,1.0,0.1,sticks_078.tif,22.27006250272002,0.14321112349861762,0.8763709664344788,0.0517415776848793,0.34126839470118286
TotalVariationFilter,poisson_1_gauss_0.1,1.0,0.1,sticks_079.tif,21.891965125883107,0.14876139160271232,0.8691776394844055,0.052247337996959686,0.3821389090269804
TotalVariationFilter,poisson_1_gauss_0.1,1.0,0.1,sticks_080.tif,21.625566817412654,0.16292309199441404,0.8770567178726196,0.05424673482775688,0.3708583265542984
TotalVariationFilter,poisson_1_gauss_0.1,1.0,0.1,sticks_081.tif,21.713444070531807,0.15912753330616036,0.8718490600585938,0.05349496006965637,0.36902468390762805
TotalVariationFilter,poisson_1_gauss_0.1,1.0,0.1,sticks_082.tif,21.7120197109599,0.15421029215879647,0.8810928463935852,0.053349293768405914,0.3804154098033905
TotalVariationFilter,poisson_1_gauss_0.1,1.0,0.1,sticks_084.tif,21.846818800068686,0.14797760763681883,0.8775866031646729,0.05282105132937431,0.3835254730656743
TotalVariationFilter,poisson_1_gauss_0.1,1.0,0.1,sticks_083.tif,22.255224636751496,0.13777354459462826,0.8593822121620178,0.05138476938009262,0.3522528219968081
TotalVariationFilter,poisson_1_gauss_0.1,1.0,0.1,sticks_085.tif,22.105172800244194,0.13776241870783407,0.8759429454803467,0.05246095731854439,0.34116646833717823
TotalVariationFilter,poisson_1_gauss_0.1,1.0,0.1,sticks_086.tif,22.142615105515336,0.14858081097470552,0.8801538348197937,0.05215615779161453,0.3429155025631189
TotalVariationFilter,poisson_1_gauss_0.1,1.0,0.1,sticks_088.tif,22.41906645650473,0.1467182787783206,0.8693894147872925,0.05104058235883713,0.32814313750714064
TotalVariationFilter,poisson_1_gauss_0.1,1.0,0.1,sticks_087.tif,22.064190540746736,0.14606351256987074,0.8793394565582275,0.05195525288581848,0.373972712084651
TotalVariationFilter,poisson_1_gauss_0.1,1.0,0.1,sticks_089.tif,22.31863999445022,0.13947496961192446,0.862259566783905,0.050763197243213654,0.34813641645014287
TotalVariationFilter,poisson_1_gauss_0.1,1.0,0.1,sticks_090.tif,21.92963083902729,0.1537706754599483,0.8838315010070801,0.052822668105363846,0.34976491387933495
TotalVariationFilter,poisson_1_gauss_0.1,1.0,0.1,sticks_091.tif,22.60762293510535,0.13874258520092103,0.8623954057693481,0.05027330666780472,0.3249906424432993
TotalVariationFilter,poisson_1_gauss_0.1,1.0,0.1,sticks_092.tif,21.956825464752207,0.13948471121382142,0.8687261343002319,0.052224744111299515,0.37640300989151
TotalVariationFilter,poisson_1_gauss_0.1,1.0,0.1,sticks_093.tif,21.714657147571536,0.1599348514705831,0.8743693232536316,0.053223900496959686,0.375104440189898
TotalVariationFilter,poisson_1_gauss_0.1,1.0,0.1,sticks_095.tif,21.425560276166156,0.1709919786467858,0.8888289928436279,0.05484134703874588,0.37873402908444403
TotalVariationFilter,poisson_1_gauss_0.1,1.0,0.1,sticks_096.tif,21.777412292219786,0.15388982883408897,0.8691589832305908,0.053242094814777374,0.35793315451592206
TotalVariationFilter,poisson_1_gauss_0.1,1.0,0.1,sticks_097.tif,22.049792264986877,0.14784943107710657,0.8781331777572632,0.05156794190406799,0.3671753227710724
TotalVariationFilter,poisson_1_gauss_0.1,1.0,0.1,sticks_098.tif,21.765994212212796,0.15954294992161333,0.8829657435417175,0.0533166341483593,0.3617383264005184
TotalVariationFilter,poisson_1_gauss_0.1,1.0,0.1,sticks_099.tif,21.885578755299274,0.14627504403904681,0.8791090250015259,0.05258456990122795,0.37563312202692034
TotalVariationFilter,poisson_1_gauss_0.1,1.0,0.1,sticks_094.tif,22.294634478744214,0.15138492903816908,0.8650622963905334,0.051688939332962036,0.32655070051550866
TotalVariationFilter,poisson_1_gauss_0.2,1.0,0.2,sticks_000.tif,18.821807543861368,0.07931890832124193,0.6915894150733948,0.09018634259700775,0.6688308835029602
TotalVariationFilter,poisson_1_gauss_0.2,1.0,0.2,sticks_001.tif,18.66809090612464,0.10069475852355564,0.7256689071655273,0.0909864529967308,0.662992599606514
TotalVariationFilter,poisson_1_gauss_0.2,1.0,0.2,sticks_002.tif,19.524885138989113,0.07364378017685672,0.7536890506744385,0.0909159854054451,0.5899231970310211
TotalVariationFilter,poisson_1_gauss_0.2,1.0,0.2,sticks_003.tif,19.12726057005714,0.08895821464087093,0.7022149562835693,0.087657630443573,0.654143825173378
TotalVariationFilter,poisson_1_gauss_0.2,1.0,0.2,sticks_004.tif,19.129302829755144,0.09476249074172664,0.7171782851219177,0.08719657361507416,0.6538233980536461
TotalVariationFilter,poisson_1_gauss_0.2,1.0,0.2,sticks_005.tif,19.545375333262566,0.08078812997787159,0.7434385418891907,0.09003373980522156,0.5951906383037567
TotalVariationFilter,poisson_1_gauss_0.2,1.0,0.2,sticks_007.tif,18.791902191384192,0.09139424185674405,0.7188277244567871,0.09006938338279724,0.671103622019291
TotalVariationFilter,poisson_1_gauss_0.2,1.0,0.2,sticks_009.tif,19.48552168171736,0.07701963546636992,0.75251704454422,0.09076229482889175,0.5888746187090874
TotalVariationFilter,poisson_1_gauss_0.2,1.0,0.2,sticks_008.tif,18.942324060669705,0.09286965716085414,0.7102003693580627,0.08850505948066711,0.6710673347115517
TotalVariationFilter,poisson_1_gauss_0.2,1.0,0.2,sticks_011.tif,18.8369768927397,0.09380017530563409,0.719354510307312,0.09010687470436096,0.6633710786700249
TotalVariationFilter,poisson_1_gauss_0.2,1.0,0.2,sticks_006.tif,19.412991344972962,0.07941233868420837,0.7442282438278198,0.09181998670101166,0.5930844247341156
TotalVariationFilter,poisson_1_gauss_0.2,1.0,0.2,sticks_010.tif,18.982842885537966,0.08374650094282235,0.6999427676200867,0.08877406269311905,0.6642275229096413
TotalVariationFilter,poisson_1_gauss_0.2,1.0,0.2,sticks_012.tif,18.72245474024078,0.0833587485159073,0.7022925615310669,0.09089045226573944,0.6679724872112274
TotalVariationFilter,poisson_1_gauss_0.2,1.0,0.2,sticks_016.tif,19.092220405138494,0.08735987032494234,0.7017457485198975,0.08814910054206848,0.650673896074295
TotalVariationFilter,poisson_1_gauss_0.2,1.0,0.2,sticks_013.tif,18.90412882620038,0.09400533922633435,0.7121019959449768,0.08993255347013474,0.6441527143120765
TotalVariationFilter,poisson_1_gauss_0.2,1.0,0.2,sticks_014.tif,18.956719772351747,0.06499930555666511,0.6823506355285645,0.08856196701526642,0.679179209470749
TotalVariationFilter,poisson_1_gauss_0.2,1.0,0.2,sticks_015.tif,18.913556310953183,0.08429402766199257,0.7050818204879761,0.08976011723279953,0.6560061380267144
TotalVariationFilter,poisson_1_gauss_0.2,1.0,0.2,sticks_018.tif,18.88190005464406,0.08776859089757676,0.7129369974136353,0.08968689292669296,0.6567071691155434
TotalVariationFilter,poisson_1_gauss_0.2,1.0,0.2,sticks_020.tif,18.92192386864547,0.08827359443975906,0.7013289332389832,0.08962380886077881,0.6530147522687912
TotalVariationFilter,poisson_1_gauss_0.2,1.0,0.2,sticks_017.tif,18.942584289521367,0.07965098729461204,0.6974892020225525,0.08900268375873566,0.6656268656253814
TotalVariationFilter,poisson_1_gauss_0.2,1.0,0.2,sticks_019.tif,19.110758285823074,0.09480788704536104,0.7200383543968201,0.08777807652950287,0.6449102029204369
TotalVariationFilter,poisson_1_gauss_0.2,1.0,0.2,sticks_021.tif,19.0341709938378,0.08804269207407447,0.7033646106719971,0.08864142745733261,0.6515238657593727
TotalVariationFilter,poisson_1_gauss_0.2,1.0,0.2,sticks_022.tif,19.06617305865839,0.07971999098723154,0.6956865787506104,0.0881194919347763,0.6602709397673607
TotalVariationFilter,poisson_1_gauss_0.2,1.0,0.2,sticks_023.tif,18.813575810977113,0.10075060957599825,0.7269651293754578,0.09014163166284561,0.6575133159756661
TotalVariationFilter,poisson_1_gauss_0.2,1.0,0.2,sticks_024.tif,18.96279930629563,0.07697346077420085,0.6882359385490417,0.08897127956151962,0.67419985383749
TotalVariationFilter,poisson_1_gauss_0.2,1.0,0.2,sticks_025.tif,18.939139507084477,0.09696374396823326,0.7216009497642517,0.08942460268735886,0.6524962097406387
TotalVariationFilter,poisson_1_gauss_0.2,1.0,0.2,sticks_026.tif,19.086219729617792,0.079505541237994,0.693867564201355,0.08745592832565308,0.6643139705061912
TotalVariationFilter,poisson_1_gauss_0.2,1.0,0.2,sticks_027.tif,18.648591834524076,0.10552396831249151,0.7365853190422058,0.09061577171087265,0.6596557259559631
TotalVariationFilter,poisson_1_gauss_0.2,1.0,0.2,sticks_028.tif,19.11745024312482,0.07889999879349621,0.6930807828903198,0.08727632462978363,0.6716943114995957
TotalVariationFilter,poisson_1_gauss_0.2,1.0,0.2,sticks_029.tif,18.896717298601637,0.09475746892937482,0.7143365740776062,0.089205801486969,0.6660529285669327
TotalVariationFilter,poisson_1_gauss_0.2,1.0,0.2,sticks_030.tif,18.891192353919728,0.09189197861340578,0.7124767303466797,0.08967365324497223,0.6519631803035736
TotalVariationFilter,poisson_1_gauss_0.2,1.0,0.2,sticks_032.tif,18.844252653013374,0.09435415671829908,0.7121692895889282,0.09048920124769211,0.65532406270504
TotalVariationFilter,poisson_1_gauss_0.2,1.0,0.2,sticks_031.tif,18.997368967093223,0.07793359516035642,0.6941280961036682,0.08834490925073624,0.6645776003599166
TotalVariationFilter,poisson_1_gauss_0.2,1.0,0.2,sticks_033.tif,18.8102052851113,0.09381191583589714,0.6994208097457886,0.09032042324542999,0.6636815384030342
TotalVariationFilter,poisson_1_gauss_0.2,1.0,0.2,sticks_034.tif,19.095293077980365,0.0822500519052588,0.697672426700592,0.0878070592880249,0.6535956487059593
TotalVariationFilter,poisson_1_gauss_0.2,1.0,0.2,sticks_035.tif,18.959843202498952,0.09259012595841414,0.7178423404693604,0.0892050638794899,0.6508427172899246
TotalVariationFilter,poisson_1_gauss_0.2,1.0,0.2,sticks_036.tif,19.413446935944055,0.0777890341325278,0.7402251958847046,0.09184833616018295,0.5918977811932564
TotalVariationFilter,poisson_1_gauss_0.2,1.0,0.2,sticks_037.tif,18.97861729785879,0.08233443122310774,0.6875259876251221,0.0887453556060791,0.6633055239915848
TotalVariationFilter,poisson_1_gauss_0.2,1.0,0.2,sticks_038.tif,19.48484021612739,0.0730250472028099,0.7509609460830688,0.09031526744365692,0.6046932101249695
TotalVariationFilter,poisson_1_gauss_0.2,1.0,0.2,sticks_040.tif,18.894631722531827,0.0943990904869219,0.7166377305984497,0.08950008451938629,0.6591533243656158
TotalVariationFilter,poisson_1_gauss_0.2,1.0,0.2,sticks_039.tif,19.112851342527126,0.08895411925698461,0.7179756760597229,0.08780725300312042,0.6570449233055115
TotalVariationFilter,poisson_1_gauss_0.2,1.0,0.2,sticks_041.tif,19.14262488467803,0.07352151360920893,0.6949209570884705,0.0875413790345192,0.6642939686775208
TotalVariationFilter,poisson_1_gauss_0.2,1.0,0.2,sticks_042.tif,19.396345006351186,0.07409610172307425,0.745088517665863,0.09124107658863068,0.593203504383564
TotalVariationFilter,poisson_1_gauss_0.2,1.0,0.2,sticks_043.tif,18.849608772157403,0.09904796466404578,0.7274662852287292,0.08998171985149384,0.6498293176293373
TotalVariationFilter,poisson_1_gauss_0.2,1.0,0.2,sticks_044.tif,18.930543538927292,0.09890239558499116,0.7117909789085388,0.08937989175319672,0.6558383598923683
TotalVariationFilter,poisson_1_gauss_0.2,1.0,0.2,sticks_045.tif,19.46230814624554,0.0804642196534914,0.7652153372764587,0.09098660200834274,0.588644552230835
TotalVariationFilter,poisson_1_gauss_0.2,1.0,0.2,sticks_046.tif,19.484452383012226,0.07465591839330969,0.7444590926170349,0.09015491604804993,0.5954635977745056
TotalVariationFilter,poisson_1_gauss_0.2,1.0,0.2,sticks_047.tif,19.575654736008673,0.0747696142918916,0.7416245341300964,0.08939807116985321,0.5980378597974777
TotalVariationFilter,poisson_1_gauss_0.2,1.0,0.2,sticks_049.tif,19.0670758013594,0.08175439244380063,0.700847864151001,0.08834730088710785,0.6587083548307419
TotalVariationFilter,poisson_1_gauss_0.2,1.0,0.2,sticks_048.tif,19.081890720022564,0.08579496610962052,0.7070696353912354,0.08748067915439606,0.6637825757265091
TotalVariationFilter,poisson_1_gauss_0.2,1.0,0.2,sticks_050.tif,19.50211971908605,0.07378688172199668,0.7455685138702393,0.09054220467805862,0.6031206220388412
TotalVariationFilter,poisson_1_gauss_0.2,1.0,0.2,sticks_051.tif,18.847218909818405,0.09854711770559157,0.7210085391998291,0.08961572498083115,0.6530646800994873
TotalVariationFilter,poisson_1_gauss_0.2,1.0,0.2,sticks_053.tif,18.877586716886885,0.09601788791245855,0.7129605412483215,0.08976518362760544,0.6541391894221306
TotalVariationFilter,poisson_1_gauss_0.2,1.0,0.2,sticks_052.tif,18.99963385179672,0.0914842362190232,0.7137805819511414,0.08915580809116364,0.6497251719236374
TotalVariationFilter,poisson_1_gauss_0.2,1.0,0.2,sticks_054.tif,19.07436208368583,0.07113493262627481,0.6834021210670471,0.08807139098644257,0.6635919392108918
TotalVariationFilter,poisson_1_gauss_0.2,1.0,0.2,sticks_055.tif,18.92979118680967,0.0936494992303836,0.7284920811653137,0.08905767649412155,0.6488678961992264
TotalVariationFilter,poisson_1_gauss_0.2,1.0,0.2,sticks_056.tif,19.155269198721513,0.08358234670673988,0.7031233906745911,0.08706125617027283,0.6610381186008454
TotalVariationFilter,poisson_1_gauss_0.2,1.0,0.2,sticks_059.tif,19.449388784018986,0.07868354156083353,0.7428377866744995,0.09079255163669586,0.5951750427484512
TotalVariationFilter,poisson_1_gauss_0.2,1.0,0.2,sticks_058.tif,19.07122314917547,0.08839933530426458,0.7088432312011719,0.08803989738225937,0.6505972519516945
TotalVariationFilter,poisson_1_gauss_0.2,1.0,0.2,sticks_057.tif,18.983697683058878,0.09777598926336238,0.719626784324646,0.08887387812137604,0.6546809405088425
TotalVariationFilter,poisson_1_gauss_0.2,1.0,0.2,sticks_060.tif,19.499140028891837,0.0775252328799827,0.7544714212417603,0.09014008194208145,0.5981538027524949
TotalVariationFilter,poisson_1_gauss_0.2,1.0,0.2,sticks_063.tif,19.06302183228493,0.08696044432607776,0.7113504409790039,0.08737947046756744,0.6623639419674874
TotalVariationFilter,poisson_1_gauss_0.2,1.0,0.2,sticks_061.tif,18.942808197874612,0.10414823589053168,0.7310388088226318,0.08929243683815002,0.6537276521325112
TotalVariationFilter,poisson_1_gauss_0.2,1.0,0.2,sticks_062.tif,19.24020013437836,0.0728866195945778,0.6969265341758728,0.0868675485253334,0.6602516055107117
TotalVariationFilter,poisson_1_gauss_0.2,1.0,0.2,sticks_067.tif,18.92857091736936,0.09411543337612067,0.7163466811180115,0.08902619034051895,0.6605001658201217
TotalVariationFilter,poisson_1_gauss_0.2,1.0,0.2,sticks_066.tif,18.928002090839627,0.09006752881524048,0.7029927968978882,0.0897136852145195,0.6552445471286774
TotalVariationFilter,poisson_1_gauss_0.2,1.0,0.2,sticks_065.tif,19.067945614755352,0.08576006064407334,0.7140688896179199,0.0881301760673523,0.6489853441715241
TotalVariationFilter,poisson_1_gauss_0.2,1.0,0.2,sticks_068.tif,18.91629320116598,0.07223946761430092,0.6803953647613525,0.08914748579263687,0.6771041005849838
TotalVariationFilter,poisson_1_gauss_0.2,1.0,0.2,sticks_069.tif,19.07135160501769,0.09086372823067042,0.718948245048523,0.08786530047655106,0.6567579433321953
TotalVariationFilter,poisson_1_gauss_0.2,1.0,0.2,sticks_064.tif,18.89930511211486,0.07649748497333239,0.6980006098747253,0.08926233649253845,0.6710940316319466
TotalVariationFilter,poisson_1_gauss_0.2,1.0,0.2,sticks_070.tif,18.92396921801978,0.08457521229179385,0.6996098160743713,0.0892009437084198,0.6704247623682023
TotalVariationFilter,poisson_1_gauss_0.2,1.0,0.2,sticks_071.tif,18.893346610505933,0.08896478778218683,0.7064923644065857,0.0895293802022934,0.6621746808290482
TotalVariationFilter,poisson_1_gauss_0.2,1.0,0.2,sticks_072.tif,19.11186053417864,0.07007575432481047,0.6849868297576904,0.0876561775803566,0.6687337353825569
TotalVariationFilter,poisson_1_gauss_0.2,1.0,0.2,sticks_073.tif,19.02918190901643,0.07495702241308173,0.6943879127502441,0.08821162581443787,0.6635734915733338
TotalVariationFilter,poisson_1_gauss_0.2,1.0,0.2,sticks_074.tif,19.06878755971661,0.07902813078391611,0.6877160668373108,0.08839433640241623,0.6680190235376358
TotalVariationFilter,poisson_1_gauss_0.2,1.0,0.2,sticks_075.tif,19.01568542436501,0.09658722180702835,0.7140540480613708,0.08897261321544647,0.6467476889491082
TotalVariationFilter,poisson_1_gauss_0.2,1.0,0.2,sticks_076.tif,18.96071209561712,0.08920825755250411,0.7141150236129761,0.0883503332734108,0.6668357238173485
TotalVariationFilter,poisson_1_gauss_0.2,1.0,0.2,sticks_077.tif,19.02333955115112,0.09943685659247273,0.7256696820259094,0.08871328830718994,0.6479127377271652
TotalVariationFilter,poisson_1_gauss_0.2,1.0,0.2,sticks_078.tif,19.125970904548577,0.08490903369619959,0.7057084441184998,0.08813457190990448,0.6486739635467529
TotalVariationFilter,poisson_1_gauss_0.2,1.0,0.2,sticks_079.tif,18.790592873764886,0.08713828670072798,0.7082200646400452,0.09001452475786209,0.6664200976490975
TotalVariationFilter,poisson_1_gauss_0.2,1.0,0.2,sticks_080.tif,18.749746404083073,0.10286045401945475,0.7193242907524109,0.09108607470989227,0.6530862152576447
TotalVariationFilter,poisson_1_gauss_0.2,1.0,0.2,sticks_081.tif,18.97084032845139,0.10034660740371108,0.719819962978363,0.08864748477935791,0.6564661547541618
TotalVariationFilter,poisson_1_gauss_0.2,1.0,0.2,sticks_082.tif,18.9101108905145,0.09532538978589865,0.7232774496078491,0.08902544528245926,0.6592521578073501
TotalVariationFilter,poisson_1_gauss_0.2,1.0,0.2,sticks_084.tif,18.977848144034105,0.08973234591871042,0.717997133731842,0.08857356011867523,0.6591624706983567
TotalVariationFilter,poisson_1_gauss_0.2,1.0,0.2,sticks_083.tif,19.031966029760188,0.07922355086384597,0.6920382380485535,0.08858047425746918,0.6611916035413742
TotalVariationFilter,poisson_1_gauss_0.2,1.0,0.2,sticks_085.tif,18.955388422063628,0.07999347633479115,0.7010988593101501,0.08989240229129791,0.6515719801187515
TotalVariationFilter,poisson_1_gauss_0.2,1.0,0.2,sticks_086.tif,19.157811718684105,0.09033503165897876,0.7143046855926514,0.08776983618736267,0.6464812830090523
TotalVariationFilter,poisson_1_gauss_0.2,1.0,0.2,sticks_088.tif,19.15067108968624,0.08680463641359841,0.701267659664154,0.08806396275758743,0.6534412026405334
TotalVariationFilter,poisson_1_gauss_0.2,1.0,0.2,sticks_087.tif,19.049259342957225,0.08631020576421518,0.7144821882247925,0.08816830813884735,0.6518737599253654
TotalVariationFilter,poisson_1_gauss_0.2,1.0,0.2,sticks_089.tif,18.97807130691917,0.07821368937520391,0.6924173831939697,0.08891362696886063,0.6688918083906173
TotalVariationFilter,poisson_1_gauss_0.2,1.0,0.2,sticks_090.tif,19.119605846537983,0.09637334169673419,0.7242912650108337,0.0877719521522522,0.6532844439148903
TotalVariationFilter,poisson_1_gauss_0.2,1.0,0.2,sticks_091.tif,19.56576417350324,0.08560309530713119,0.7578821182250977,0.09044717997312546,0.5823690667748451
TotalVariationFilter,poisson_1_gauss_0.2,1.0,0.2,sticks_092.tif,18.99073786161463,0.08194077178516757,0.7038480639457703,0.08845745027065277,0.6610818192362785
TotalVariationFilter,poisson_1_gauss_0.2,1.0,0.2,sticks_093.tif,18.816036580833885,0.09860674724726856,0.7171585559844971,0.08986522257328033,0.6625770017504692
TotalVariationFilter,poisson_1_gauss_0.2,1.0,0.2,sticks_095.tif,18.675728974403995,0.1084160842637146,0.7295217514038086,0.09135796129703522,0.6424338951706886
TotalVariationFilter,poisson_1_gauss_0.2,1.0,0.2,sticks_096.tif,19.037211128258644,0.0958603868844398,0.7102850079536438,0.08809809386730194,0.6504253029823304
TotalVariationFilter,poisson_1_gauss_0.2,1.0,0.2,sticks_097.tif,18.999369564375474,0.08665122562242716,0.7157410979270935,0.08814499527215958,0.6666915833950042
TotalVariationFilter,poisson_1_gauss_0.2,1.0,0.2,sticks_098.tif,18.809781778283625,0.09798337448524179,0.7184924483299255,0.09038500487804413,0.6567540615797043
TotalVariationFilter,poisson_1_gauss_0.2,1.0,0.2,sticks_099.tif,18.886966688745773,0.08646462311799767,0.7114553451538086,0.0893976092338562,0.6615646958351136
TotalVariationFilter,poisson_1_gauss_0.2,1.0,0.2,sticks_094.tif,19.030124330573766,0.08976343059058535,0.6989171504974365,0.08928142488002777,0.6442986458539963
TotalVariationFilter,poisson_4_gauss_0.05,4.0,0.05,sticks_000.tif,28.87265906114903,0.3500841834592915,0.9440274238586426,0.025120863690972328,0.2054070203565061
TotalVariationFilter,poisson_4_gauss_0.05,4.0,0.05,sticks_001.tif,27.579005951853755,0.36267896181115433,0.9499724507331848,0.027231043204665184,0.23891225997358562
TotalVariationFilter,poisson_4_gauss_0.05,4.0,0.05,sticks_002.tif,29.212977954530317,0.3170121591520667,0.9357038140296936,0.024892132729291916,0.17535190964117647
TotalVariationFilter,poisson_4_gauss_0.05,4.0,0.05,sticks_003.tif,28.3718801730151,0.34286042749514795,0.9399051666259766,0.02616046369075775,0.20672807372175156
TotalVariationFilter,poisson_4_gauss_0.05,4.0,0.05,sticks_004.tif,28.47183764123702,0.3629391965873326,0.9466633200645447,0.025803375989198685,0.21234765355475246
TotalVariationFilter,poisson_4_gauss_0.05,4.0,0.05,sticks_005.tif,29.267219478542966,0.33862711666138856,0.9330728054046631,0.02466047927737236,0.19247139450162648
TotalVariationFilter,poisson_4_gauss_0.05,4.0,0.05,sticks_007.tif,28.084639626081707,0.3556800531668377,0.9502274394035339,0.026446405798196793,0.22222801786847413
TotalVariationFilter,poisson_4_gauss_0.05,4.0,0.05,sticks_009.tif,29.29951363329306,0.3333133868355589,0.9370512962341309,0.024637926369905472,0.18934356630779803
TotalVariationFilter,poisson_4_gauss_0.05,4.0,0.05,sticks_008.tif,28.099932680305656,0.3564521180320882,0.9402040839195251,0.026396607980132103,0.21380353956483306
TotalVariationFilter,poisson_4_gauss_0.05,4.0,0.05,sticks_011.tif,28.112815667666446,0.3560440844250927,0.9510607719421387,0.026321593672037125,0.21263783369213343
TotalVariationFilter,poisson_4_gauss_0.05,4.0,0.05,sticks_006.tif,29.302710730980657,0.3365832796420441,0.937089741230011,0.024513596668839455,0.19451872403733433
TotalVariationFilter,poisson_4_gauss_0.05,4.0,0.05,sticks_010.tif,28.59219301927403,0.34722428945150957,0.9425797462463379,0.02565319463610649,0.20541878072544933
TotalVariationFilter,poisson_4_gauss_0.05,4.0,0.05,sticks_012.tif,28.415710276734167,0.35059866152442465,0.945820152759552,0.02587823010981083,0.21456643203273415
TotalVariationFilter,poisson_4_gauss_0.05,4.0,0.05,sticks_016.tif,28.39971708969078,0.34226961963996216,0.9409701228141785,0.02608417347073555,0.2002725419588387
TotalVariationFilter,poisson_4_gauss_0.05,4.0,0.05,sticks_013.tif,28.06874764631056,0.34785004857841895,0.946802020072937,0.02655712328851223,0.20522741116583348
TotalVariationFilter,poisson_4_gauss_0.05,4.0,0.05,sticks_014.tif,29.124541888229068,0.3303300998800927,0.9359914660453796,0.025070076808333397,0.21113368021324277
TotalVariationFilter,poisson_4_gauss_0.05,4.0,0.05,sticks_015.tif,28.489772019701228,0.34291785416174636,0.9436567425727844,0.026036133989691734,0.20510131204500795
TotalVariationFilter,poisson_4_gauss_0.05,4.0,0.05,sticks_018.tif,28.31931582169606,0.3494699468623216,0.9487443566322327,0.02610822021961212,0.21276547135785223
TotalVariationFilter,poisson_4_gauss_0.05,4.0,0.05,sticks_020.tif,28.420368705362755,0.34958817292858874,0.9447082877159119,0.025733837857842445,0.20241250041872264
TotalVariationFilter,poisson_4_gauss_0.05,4.0,0.05,sticks_017.tif,28.757323808884074,0.3469124469539548,0.9412117004394531,0.025357600301504135,0.2121844316832721
TotalVariationFilter,poisson_4_gauss_0.05,4.0,0.05,sticks_019.tif,28.100967247177024,0.34779686271145743,0.9471639394760132,0.026481514796614647,0.19915095269680022
TotalVariationFilter,poisson_4_gauss_0.05,4.0,0.05,sticks_021.tif,28.560310848743462,0.34711223409033776,0.9435611963272095,0.025721576064825058,0.19304233193397521
TotalVariationFilter,poisson_4_gauss_0.05,4.0,0.05,sticks_022.tif,28.6410638832331,0.33871189325354617,0.9416411519050598,0.025607382878661156,0.20287636909633874
TotalVariationFilter,poisson_4_gauss_0.05,4.0,0.05,sticks_023.tif,27.786612868243882,0.3621467737906751,0.9502665996551514,0.026921728625893593,0.21282441136427224
TotalVariationFilter,poisson_4_gauss_0.05,4.0,0.05,sticks_024.tif,28.845571502630246,0.34101472952148715,0.9377104640007019,0.02525070682168007,0.20727697256952524
TotalVariationFilter,poisson_4_gauss_0.05,4.0,0.05,sticks_025.tif,28.10600724918192,0.35825313898006295,0.9507455825805664,0.026423146948218346,0.21099450141191484
TotalVariationFilter,poisson_4_gauss_0.05,4.0,0.05,sticks_026.tif,28.814032489447303,0.3462412213109494,0.9406973123550415,0.025161171332001686,0.20153448497876525
TotalVariationFilter,poisson_4_gauss_0.05,4.0,0.05,sticks_027.tif,27.72453600223082,0.38334675225475456,0.9564149379730225,0.026839638128876686,0.24422717057168483
TotalVariationFilter,poisson_4_gauss_0.05,4.0,0.05,sticks_028.tif,28.802112623834006,0.34254291327909603,0.9374903440475464,0.025495707988739014,0.1991665911860764
TotalVariationFilter,poisson_4_gauss_0.05,4.0,0.05,sticks_029.tif,27.92129742518396,0.3540080855216937,0.9409549236297607,0.026730451732873917,0.21526497239246964
TotalVariationFilter,poisson_4_gauss_0.05,4.0,0.05,sticks_030.tif,28.301709667988362,0.35646554502450223,0.947059690952301,0.026005562394857407,0.20744624524377286
TotalVariationFilter,poisson_4_gauss_0.05,4.0,0.05,sticks_032.tif,28.19006935530946,0.35526256623169167,0.9439646601676941,0.02626720443367958,0.2051161657553166
TotalVariationFilter,poisson_4_gauss_0.05,4.0,0.05,sticks_031.tif,28.73337106463986,0.344281600591156,0.9407401084899902,0.025486890226602554,0.2075369075872004
TotalVariationFilter,poisson_4_gauss_0.05,4.0,0.05,sticks_033.tif,28.033458955051287,0.3548080395437483,0.9364722967147827,0.02642521820962429,0.20500012384727598
TotalVariationFilter,poisson_4_gauss_0.05,4.0,0.05,sticks_034.tif,28.311181852062425,0.33328226544752476,0.9411566853523254,0.026219567283988,0.2041043238248676
TotalVariationFilter,poisson_4_gauss_0.05,4.0,0.05,sticks_035.tif,28.27034363962401,0.3534587982105175,0.9492357969284058,0.02604927495121956,0.1996531474404037
TotalVariationFilter,poisson_4_gauss_0.05,4.0,0.05,sticks_036.tif,29.05043695016942,0.3236193333359783,0.9307129979133606,0.025119036436080933,0.18174141203053296
TotalVariationFilter,poisson_4_gauss_0.05,4.0,0.05,sticks_037.tif,28.55212405457795,0.3429093183955521,0.9350593686103821,0.02573493681848049,0.20782128190621735
TotalVariationFilter,poisson_4_gauss_0.05,4.0,0.05,sticks_038.tif,29.342947040956247,0.32895908964734705,0.9373019933700562,0.024692852050065994,0.1981764340773225
TotalVariationFilter,poisson_4_gauss_0.05,4.0,0.05,sticks_040.tif,28.229463119408766,0.35966791874215587,0.9484979510307312,0.026020923629403114,0.20127971642650663
TotalVariationFilter,poisson_4_gauss_0.05,4.0,0.05,sticks_039.tif,28.298025339914744,0.3427257386215231,0.9485524296760559,0.02615492045879364,0.2033565109129995
TotalVariationFilter,poisson_4_gauss_0.05,4.0,0.05,sticks_041.tif,29.059150240729466,0.335940552621845,0.9419190883636475,0.024953024461865425,0.19752330230548978
TotalVariationFilter,poisson_4_gauss_0.05,4.0,0.05,sticks_042.tif,29.61903992895202,0.34020083052736266,0.9371668100357056,0.024098243564367294,0.19770225952379405
TotalVariationFilter,poisson_4_gauss_0.05,4.0,0.05,sticks_043.tif,27.98681020769594,0.3596855161966816,0.9545773267745972,0.026552721858024597,0.20521611287258565
TotalVariationFilter,poisson_4_gauss_0.05,4.0,0.05,sticks_044.tif,28.14477079931696,0.3640556352042069,0.94442218542099,0.026189714670181274,0.20605365484952926
TotalVariationFilter,poisson_4_gauss_0.05,4.0,0.05,sticks_045.tif,28.963448149940163,0.33021681662236296,0.9422972798347473,0.025199860334396362,0.19505062839016318
TotalVariationFilter,poisson_4_gauss_0.05,4.0,0.05,sticks_046.tif,29.04001888538343,0.32234208287167604,0.9300597906112671,0.025429215282201767,0.2016007461119443
TotalVariationFilter,poisson_4_gauss_0.05,4.0,0.05,sticks_047.tif,29.330022972860146,0.32804648497546135,0.9321190118789673,0.024639571085572243,0.19358787122182547
TotalVariationFilter,poisson_4_gauss_0.05,4.0,0.05,sticks_049.tif,28.701923871979105,0.34340567583423565,0.9445863366127014,0.025227615609765053,0.19247497161850333
TotalVariationFilter,poisson_4_gauss_0.05,4.0,0.05,sticks_048.tif,28.300673066954477,0.3448958446374227,0.9413509964942932,0.02631259895861149,0.20823138025589288
TotalVariationFilter,poisson_4_gauss_0.05,4.0,0.05,sticks_050.tif,29.278318847177935,0.32307467099768933,0.9323974847793579,0.024763699620962143,0.19374390323646368
TotalVariationFilter,poisson_4_gauss_0.05,4.0,0.05,sticks_051.tif,28.038931847319674,0.3673984437523829,0.9512472152709961,0.026486938819289207,0.22279982175678015
TotalVariationFilter,poisson_4_gauss_0.05,4.0,0.05,sticks_053.tif,28.098325213444113,0.3560061343186502,0.9488770365715027,0.026398882269859314,0.21009106929413973
TotalVariationFilter,poisson_4_gauss_0.05,4.0,0.05,sticks_052.tif,28.212285522329505,0.3423096491398592,0.9466819167137146,0.0263357013463974,0.19245839929208158
TotalVariationFilter,poisson_4_gauss_0.05,4.0,0.05,sticks_054.tif,29.01235791405589,0.331545882272613,0.9293834567070007,0.02516745589673519,0.18950124680995942
TotalVariationFilter,poisson_4_gauss_0.05,4.0,0.05,sticks_055.tif,28.03174870828226,0.3533422485138499,0.9541004300117493,0.02647167444229126,0.21077636000700295
TotalVariationFilter,poisson_4_gauss_0.05,4.0,0.05,sticks_056.tif,28.41246016882337,0.3381737970257634,0.9428364038467407,0.02596370317041874,0.2025588823016733
TotalVariationFilter,poisson_4_gauss_0.05,4.0,0.05,sticks_059.tif,29.240533557603044,0.3340412104904258,0.9320299029350281,0.024770917370915413,0.19478722102940083
TotalVariationFilter,poisson_4_gauss_0.05,4.0,0.05,sticks_058.tif,28.26424199922893,0.341625894244312,0.9428975582122803,0.02643321081995964,0.20812048320658505
TotalVariationFilter,poisson_4_gauss_0.05,4.0,0.05,sticks_057.tif,28.253603383267112,0.3600868937774162,0.9496977925300598,0.026188010349869728,0.21116497139446438
TotalVariationFilter,poisson_4_gauss_0.05,4.0,0.05,sticks_060.tif,29.17934282756952,0.33255204158157675,0.9383208751678467,0.02496149390935898,0.20135615691542624
TotalVariationFilter,poisson_4_gauss_0.05,4.0,0.05,sticks_063.tif,28.616889400198623,0.3585261110586937,0.9496526718139648,0.025389034301042557,0.2099518344271928
TotalVariationFilter,poisson_4_gauss_0.05,4.0,0.05,sticks_061.tif,27.915195578705152,0.36454311032950676,0.9533221125602722,0.026603594422340393,0.20457096653990448
TotalVariationFilter,poisson_4_gauss_0.05,4.0,0.05,sticks_062.tif,28.96996380437304,0.3290829365857214,0.9410413503646851,0.024967052042484283,0.19262920604087413
TotalVariationFilter,poisson_4_gauss_0.05,4.0,0.05,sticks_067.tif,28.394549916677917,0.36617457651176666,0.9498510956764221,0.025636261329054832,0.20578219518065452
TotalVariationFilter,poisson_4_gauss_0.05,4.0,0.05,sticks_066.tif,28.24112153275841,0.34513998324515605,0.9428683519363403,0.026240980252623558,0.19572869171388446
TotalVariationFilter,poisson_4_gauss_0.05,4.0,0.05,sticks_065.tif,28.558336738952207,0.34953926491973725,0.950713038444519,0.02562594972550869,0.21125282384455205
TotalVariationFilter,poisson_4_gauss_0.05,4.0,0.05,sticks_068.tif,28.884136497621725,0.3362203885116994,0.9366970658302307,0.025392139330506325,0.20843039713799955
TotalVariationFilter,poisson_4_gauss_0.05,4.0,0.05,sticks_069.tif,28.217937678702846,0.35039982775669576,0.9480092525482178,0.026332253590226173,0.22002512570470573
TotalVariationFilter,poisson_4_gauss_0.05,4.0,0.05,sticks_064.tif,28.806692259094284,0.34793146822585985,0.9454345703125,0.02518417499959469,0.20668086223304272
TotalVariationFilter,poisson_4_gauss_0.05,4.0,0.05,sticks_070.tif,28.635704582617723,0.35327736112965713,0.9429084658622742,0.025524470955133438,0.20586207332089543
TotalVariationFilter,poisson_4_gauss_0.05,4.0,0.05,sticks_071.tif,28.27724874693297,0.348349451164304,0.9432351589202881,0.026107003912329674,0.20579100255854427
TotalVariationFilter,poisson_4_gauss_0.05,4.0,0.05,sticks_072.tif,29.31110600972889,0.33998783473218097,0.9403098225593567,0.024411145597696304,0.192965882550925
TotalVariationFilter,poisson_4_gauss_0.05,4.0,0.05,sticks_073.tif,28.774886991349,0.3358225083600311,0.9400511980056763,0.025398995727300644,0.202544903755188
TotalVariationFilter,poisson_4_gauss_0.05,4.0,0.05,sticks_074.tif,28.576810879345995,0.3308681605741765,0.9305961728096008,0.025830339640378952,0.19065046613104641
TotalVariationFilter,poisson_4_gauss_0.05,4.0,0.05,sticks_075.tif,28.371105328138263,0.35827315842271995,0.9483470916748047,0.0258766021579504,0.19499023526441306
TotalVariationFilter,poisson_4_gauss_0.05,4.0,0.05,sticks_076.tif,28.570305694755973,0.3613484540970754,0.9473204016685486,0.0256620142608881,0.2186055881436914
TotalVariationFilter,poisson_4_gauss_0.05,4.0,0.05,sticks_077.tif,27.95116477671915,0.3540391708063155,0.9517991542816162,0.02656242810189724,0.20730524850077928
TotalVariationFilter,poisson_4_gauss_0.05,4.0,0.05,sticks_078.tif,28.553791518178144,0.337918135489662,0.9474807977676392,0.025714565068483353,0.19460789067670703
TotalVariationFilter,poisson_4_gauss_0.05,4.0,0.05,sticks_079.tif,28.38942415792427,0.35816951473494507,0.9455752372741699,0.025922778993844986,0.21779843028634788
TotalVariationFilter,poisson_4_gauss_0.05,4.0,0.05,sticks_080.tif,28.008624821295868,0.3679629577880317,0.9494765996932983,0.026468584313988686,0.21663633291609585
TotalVariationFilter,poisson_4_gauss_0.05,4.0,0.05,sticks_081.tif,28.012768509542664,0.36304439558877416,0.9463298320770264,0.026498515158891678,0.21704177442006767
TotalVariationFilter,poisson_4_gauss_0.05,4.0,0.05,sticks_082.tif,28.08805123605314,0.3580323625505138,0.9512196183204651,0.026370462030172348,0.22116141724400223
TotalVariationFilter,poisson_4_gauss_0.05,4.0,0.05,sticks_084.tif,28.20126499611614,0.3499462598505367,0.9490177035331726,0.02626042440533638,0.2232968288473785
TotalVariationFilter,poisson_4_gauss_0.05,4.0,0.05,sticks_083.tif,29.02914902690247,0.3486931964825596,0.9421871304512024,0.024854155257344246,0.19524000720120965
TotalVariationFilter,poisson_4_gauss_0.05,4.0,0.05,sticks_085.tif,28.432848794627574,0.33324892690581914,0.9473403096199036,0.025599315762519836,0.19353203997015953
TotalVariationFilter,poisson_4_gauss_0.05,4.0,0.05,sticks_086.tif,28.426070312678597,0.34453426624752015,0.950380265712738,0.025643011555075645,0.19790810286067426
TotalVariationFilter,poisson_4_gauss_0.05,4.0,0.05,sticks_088.tif,28.682883346342457,0.342628763438638,0.9439637660980225,0.025362621992826462,0.183449468575418
TotalVariationFilter,poisson_4_gauss_0.05,4.0,0.05,sticks_087.tif,28.404832576063495,0.3460529687291957,0.9493468999862671,0.025906380265951157,0.21325349928811194
TotalVariationFilter,poisson_4_gauss_0.05,4.0,0.05,sticks_089.tif,28.685823181601823,0.3380449658771968,0.9386240839958191,0.025572706013917923,0.1936451497487724
TotalVariationFilter,poisson_4_gauss_0.05,4.0,0.05,sticks_090.tif,28.191011401034842,0.3521690287336172,0.9520533084869385,0.0260726697742939,0.20020306636579335
TotalVariationFilter,poisson_4_gauss_0.05,4.0,0.05,sticks_091.tif,29.297963022843973,0.34643600054249635,0.9430983066558838,0.02429145947098732,0.1779105009045452
TotalVariationFilter,poisson_4_gauss_0.05,4.0,0.05,sticks_092.tif,28.343125802754138,0.3387099656536652,0.9433059692382812,0.02608494460582733,0.21418766835704445
TotalVariationFilter,poisson_4_gauss_0.05,4.0,0.05,sticks_093.tif,27.884377557861146,0.36186428865373715,0.9458852410316467,0.026806335896253586,0.2191316626034677
TotalVariationFilter,poisson_4_gauss_0.05,4.0,0.05,sticks_095.tif,27.513401503760715,0.3707599218144983,0.9546250104904175,0.027271676808595657,0.22417505774646998
TotalVariationFilter,poisson_4_gauss_0.05,4.0,0.05,sticks_096.tif,28.26127481505733,0.3616171555081321,0.9453461170196533,0.026009339839220047,0.20258627831935883
TotalVariationFilter,poisson_4_gauss_0.05,4.0,0.05,sticks_097.tif,28.5321483077594,0.35640366185262756,0.9495660662651062,0.025581147521734238,0.2077229481190443
TotalVariationFilter,poisson_4_gauss_0.05,4.0,0.05,sticks_098.tif,27.959768000179572,0.3607957706899456,0.9515532851219177,0.02645324170589447,0.2121452670544386
TotalVariationFilter,poisson_4_gauss_0.05,4.0,0.05,sticks_099.tif,28.174966774110004,0.3463289413107872,0.9484611749649048,0.026399333029985428,0.2149546418339014
TotalVariationFilter,poisson_4_gauss_0.05,4.0,0.05,sticks_094.tif,28.445044151762232,0.3468397605969766,0.9414698481559753,0.025775590911507607,0.19050379521213473
TotalVariationFilter,poisson_4_gauss_0.1,4.0,0.1,sticks_000.tif,25.447776577797825,0.2116955270323128,0.8864812254905701,0.04577479511499405,0.29066693857312204
TotalVariationFilter,poisson_4_gauss_0.1,4.0,0.1,sticks_001.tif,25.092385283722574,0.23923616145301713,0.904800295829773,0.046212367713451385,0.32208492830395696
TotalVariationFilter,poisson_4_gauss_0.1,4.0,0.1,sticks_002.tif,25.627310044471216,0.1831755338402022,0.8785558938980103,0.0457572303712368,0.2508160926401615
TotalVariationFilter,poisson_4_gauss_0.1,4.0,0.1,sticks_003.tif,25.458558322404016,0.21743213114426807,0.8876519799232483,0.04576557129621506,0.27232157774269583
TotalVariationFilter,poisson_4_gauss_0.1,4.0,0.1,sticks_004.tif,25.44552329347056,0.23114413535688372,0.8965556025505066,0.04556890204548836,0.289640437066555
TotalVariationFilter,poisson_4_gauss_0.1,4.0,0.1,sticks_005.tif,25.75646356854778,0.20215806286618856,0.8714626431465149,0.044915758073329926,0.263919660076499
TotalVariationFilter,poisson_4_gauss_0.1,4.0,0.1,sticks_007.tif,25.235746438585593,0.2266344423728264,0.9046409130096436,0.046129439026117325,0.3002819702029228
TotalVariationFilter,poisson_4_gauss_0.1,4.0,0.1,sticks_009.tif,25.6900463369856,0.19486881791945393,0.878940224647522,0.04533126577734947,0.26177659183740615
TotalVariationFilter,poisson_4_gauss_0.1,4.0,0.1,sticks_008.tif,25.149538923813274,0.22797306496405131,0.8872721791267395,0.04662676900625229,0.2986868407577276
TotalVariationFilter,poisson_4_gauss_0.1,4.0,0.1,sticks_011.tif,25.15469248553049,0.22371143166053048,0.9024558663368225,0.04659659415483475,0.29372214898467064
TotalVariationFilter,poisson_4_gauss_0.1,4.0,0.1,sticks_006.tif,25.437248543567517,0.192806793884085,0.8715246915817261,0.04650205001235008,0.2724985219538212
TotalVariationFilter,poisson_4_gauss_0.1,4.0,0.1,sticks_010.tif,25.540606002239596,0.21726332446620997,0.8898011445999146,0.045249633491039276,0.2879542652517557
TotalVariationFilter,poisson_4_gauss_0.1,4.0,0.1,sticks_012.tif,25.20458035323154,0.21593530112923529,0.8923142552375793,0.04656679183244705,0.2974238399416208
TotalVariationFilter,poisson_4_gauss_0.1,4.0,0.1,sticks_016.tif,25.33249159291337,0.2123472461773117,0.8880400061607361,0.04633285850286484,0.26694927252829076
TotalVariationFilter,poisson_4_gauss_0.1,4.0,0.1,sticks_013.tif,25.145164405061674,0.21809328487717083,0.8964334726333618,0.046895209699869156,0.2687500540167093
TotalVariationFilter,poisson_4_gauss_0.1,4.0,0.1,sticks_014.tif,25.6727194594251,0.1991167581207188,0.8811498880386353,0.04523622989654541,0.2962663248181343
TotalVariationFilter,poisson_4_gauss_0.1,4.0,0.1,sticks_015.tif,25.336977531150833,0.2133284660580381,0.892906129360199,0.04642641544342041,0.2719301775097847
TotalVariationFilter,poisson_4_gauss_0.1,4.0,0.1,sticks_018.tif,25.15392071498582,0.2158355330756732,0.8982791304588318,0.04680084064602852,0.2951144129037857
TotalVariationFilter,poisson_4_gauss_0.1,4.0,0.1,sticks_020.tif,25.287875556325975,0.21335899361826194,0.8888038992881775,0.04615292325615883,0.2823671091347933
TotalVariationFilter,poisson_4_gauss_0.1,4.0,0.1,sticks_017.tif,25.447554717856345,0.2113715738055526,0.8863816261291504,0.04572732001543045,0.2942164525389671
TotalVariationFilter,poisson_4_gauss_0.1,4.0,0.1,sticks_019.tif,25.25919004600567,0.22060721584383314,0.8994752764701843,0.04639996960759163,0.26451502814888955
TotalVariationFilter,poisson_4_gauss_0.1,4.0,0.1,sticks_021.tif,25.496097203964784,0.21671805825973403,0.8902537822723389,0.04556819051504135,0.2599292408674955
TotalVariationFilter,poisson_4_gauss_0.1,4.0,0.1,sticks_022.tif,25.628684871988845,0.21007817813199822,0.8890781998634338,0.045049749314785004,0.26921022981405257
TotalVariationFilter,poisson_4_gauss_0.1,4.0,0.1,sticks_023.tif,25.01316600786978,0.23296844049142124,0.9043039083480835,0.04696335643529892,0.2907440323382616
TotalVariationFilter,poisson_4_gauss_0.1,4.0,0.1,sticks_024.tif,25.465655934507446,0.20544874006290947,0.8787632584571838,0.04580003395676613,0.2928138505667448
TotalVariationFilter,poisson_4_gauss_0.1,4.0,0.1,sticks_025.tif,25.222081568947896,0.22711256167690938,0.9029438495635986,0.04630710557103157,0.2867178861051798
TotalVariationFilter,poisson_4_gauss_0.1,4.0,0.1,sticks_026.tif,25.710936116410043,0.21353390864298277,0.8858090043067932,0.04449966922402382,0.2808503281325102
TotalVariationFilter,poisson_4_gauss_0.1,4.0,0.1,sticks_027.tif,24.823699481874677,0.24868163416723213,0.9112558364868164,0.047398582100868225,0.33046453818678856
TotalVariationFilter,poisson_4_gauss_0.1,4.0,0.1,sticks_028.tif,25.502440721035274,0.21110390295762624,0.8807482123374939,0.045666083693504333,0.28862190470099447
TotalVariationFilter,poisson_4_gauss_0.1,4.0,0.1,sticks_029.tif,25.10973027984898,0.2261390127569112,0.891083300113678,0.046679895371198654,0.2956979118287563
TotalVariationFilter,poisson_4_gauss_0.1,4.0,0.1,sticks_030.tif,25.227096509037928,0.22137647327315144,0.8954377174377441,0.04637797921895981,0.28584946542978285
TotalVariationFilter,poisson_4_gauss_0.1,4.0,0.1,sticks_032.tif,25.35404111633719,0.22673345326020006,0.8949412703514099,0.04598033055663109,0.26827129647135733
TotalVariationFilter,poisson_4_gauss_0.1,4.0,0.1,sticks_031.tif,25.45535905187475,0.21100488529447758,0.8866925835609436,0.045749787241220474,0.2906243972480297
TotalVariationFilter,poisson_4_gauss_0.1,4.0,0.1,sticks_033.tif,25.07992036292247,0.22382139588864566,0.8793837428092957,0.046865444630384445,0.2882124610245228
TotalVariationFilter,poisson_4_gauss_0.1,4.0,0.1,sticks_034.tif,25.263580574516034,0.2049063574830904,0.8860476613044739,0.046454526484012604,0.2861428793519735
TotalVariationFilter,poisson_4_gauss_0.1,4.0,0.1,sticks_035.tif,25.25015050064312,0.21979715875061898,0.900285005569458,0.046405088156461716,0.2664392199367285
TotalVariationFilter,poisson_4_gauss_0.1,4.0,0.1,sticks_036.tif,25.659057701446176,0.19233524308458239,0.8692745566368103,0.045452017337083817,0.25594727024436
TotalVariationFilter,poisson_4_gauss_0.1,4.0,0.1,sticks_037.tif,25.374983161592844,0.21139552742743492,0.8763283491134644,0.045999858528375626,0.2924042444676161
TotalVariationFilter,poisson_4_gauss_0.1,4.0,0.1,sticks_038.tif,25.804022056122086,0.19507492364329737,0.8809283375740051,0.044865384697914124,0.2721202753484249
TotalVariationFilter,poisson_4_gauss_0.1,4.0,0.1,sticks_040.tif,25.31621138921618,0.22750361494810153,0.8998448252677917,0.04581622779369354,0.2815891709178686
TotalVariationFilter,poisson_4_gauss_0.1,4.0,0.1,sticks_039.tif,25.36213388145702,0.21443068811203597,0.9026418328285217,0.046006880700588226,0.2699503157287836
TotalVariationFilter,poisson_4_gauss_0.1,4.0,0.1,sticks_041.tif,25.553742863571077,0.198406447542843,0.8868690729141235,0.045761946588754654,0.2694631922990084
TotalVariationFilter,poisson_4_gauss_0.1,4.0,0.1,sticks_042.tif,25.92261366818226,0.19981009866288094,0.8785042762756348,0.04433567821979523,0.2663112860172987
TotalVariationFilter,poisson_4_gauss_0.1,4.0,0.1,sticks_043.tif,24.99158693071667,0.2269970927427677,0.90742427110672,0.047206975519657135,0.2868313994258642
TotalVariationFilter,poisson_4_gauss_0.1,4.0,0.1,sticks_044.tif,25.12294455529057,0.22863538727242963,0.8893951177597046,0.04664967209100723,0.28815384618937967
TotalVariationFilter,poisson_4_gauss_0.1,4.0,0.1,sticks_045.tif,25.546377932980427,0.19602565339979416,0.8890135288238525,0.0457887277007103,0.26691066697239874
TotalVariationFilter,poisson_4_gauss_0.1,4.0,0.1,sticks_046.tif,25.620878541496754,0.194691194287342,0.8719959259033203,0.04573416709899902,0.27398615777492524
TotalVariationFilter,poisson_4_gauss_0.1,4.0,0.1,sticks_047.tif,25.939848439298302,0.19679303133995585,0.8725917339324951,0.04417799785733223,0.2628717090934515
TotalVariationFilter,poisson_4_gauss_0.1,4.0,0.1,sticks_049.tif,25.52180148584774,0.20736782566586642,0.8916776180267334,0.0454287976026535,0.2611934632062912
TotalVariationFilter,poisson_4_gauss_0.1,4.0,0.1,sticks_048.tif,25.409981239756235,0.21913217378792277,0.8917096853256226,0.04572662338614464,0.2867302119731903
TotalVariationFilter,poisson_4_gauss_0.1,4.0,0.1,sticks_050.tif,25.82023193803419,0.1920192225423291,0.8747012615203857,0.044729672372341156,0.26803927794098853
TotalVariationFilter,poisson_4_gauss_0.1,4.0,0.1,sticks_051.tif,25.169812290749256,0.23469841463558425,0.9027724266052246,0.04638003557920456,0.2960994567722082
TotalVariationFilter,poisson_4_gauss_0.1,4.0,0.1,sticks_053.tif,25.25217865733978,0.2265607291184337,0.8987612724304199,0.04610270634293556,0.2869189206510782
TotalVariationFilter,poisson_4_gauss_0.1,4.0,0.1,sticks_052.tif,25.33474669171994,0.214583548532457,0.8999737501144409,0.04614899307489395,0.2589250780642033
TotalVariationFilter,poisson_4_gauss_0.1,4.0,0.1,sticks_054.tif,25.54481868614269,0.19869705762665493,0.873969554901123,0.04586544260382652,0.26344078294932843
TotalVariationFilter,poisson_4_gauss_0.1,4.0,0.1,sticks_055.tif,25.273115964382505,0.22369840546934217,0.9109294414520264,0.04593254253268242,0.285438771545887
TotalVariationFilter,poisson_4_gauss_0.1,4.0,0.1,sticks_056.tif,25.25959459047663,0.20699482852122914,0.8874561190605164,0.04645177349448204,0.28941703476011754
TotalVariationFilter,poisson_4_gauss_0.1,4.0,0.1,sticks_059.tif,25.812331768841446,0.2016249858906186,0.873609721660614,0.0447082556784153,0.2652701295912266
TotalVariationFilter,poisson_4_gauss_0.1,4.0,0.1,sticks_058.tif,25.319551134151915,0.21586106747904338,0.8924736976623535,0.04626759514212608,0.2855709124356508
TotalVariationFilter,poisson_4_gauss_0.1,4.0,0.1,sticks_057.tif,25.337160444962954,0.22972813026894545,0.9006218910217285,0.04586143046617508,0.28883328698575494
TotalVariationFilter,poisson_4_gauss_0.1,4.0,0.1,sticks_060.tif,25.383243234482762,0.19357029313579105,0.8784880638122559,0.04675576835870743,0.28030511513352396
TotalVariationFilter,poisson_4_gauss_0.1,4.0,0.1,sticks_063.tif,25.29343536335365,0.2193610840236279,0.8970471620559692,0.046120502054691315,0.29375980943441393
TotalVariationFilter,poisson_4_gauss_0.1,4.0,0.1,sticks_061.tif,25.133403191972246,0.2337138072211929,0.9084007740020752,0.04644862562417984,0.2841553777456284
TotalVariationFilter,poisson_4_gauss_0.1,4.0,0.1,sticks_062.tif,25.750109004794194,0.19367873861165125,0.8908100724220276,0.04465522989630699,0.26008901447057725
TotalVariationFilter,poisson_4_gauss_0.1,4.0,0.1,sticks_067.tif,25.307508544163575,0.2292794435884091,0.8995711207389832,0.04586367681622505,0.2870951533317566
TotalVariationFilter,poisson_4_gauss_0.1,4.0,0.1,sticks_066.tif,25.337011979218108,0.2168109537084829,0.8908482193946838,0.04610699787735939,0.26211032941937445
TotalVariationFilter,poisson_4_gauss_0.1,4.0,0.1,sticks_065.tif,25.26381150926525,0.21079621576640417,0.899137556552887,0.046443477272987366,0.2909386992454529
TotalVariationFilter,poisson_4_gauss_0.1,4.0,0.1,sticks_068.tif,25.38054849643764,0.2020757393557153,0.8777847290039062,0.04629024863243103,0.2985581737011671
TotalVariationFilter,poisson_4_gauss_0.1,4.0,0.1,sticks_069.tif,25.129231735575637,0.21847407294764085,0.8982598781585693,0.04692396894097328,0.3009112115949392
TotalVariationFilter,poisson_4_gauss_0.1,4.0,0.1,sticks_064.tif,25.169525651112327,0.2041264711461219,0.8880773782730103,0.04703911766409874,0.29886392056941985
TotalVariationFilter,poisson_4_gauss_0.1,4.0,0.1,sticks_070.tif,25.365107830400497,0.21867781351445614,0.8878074884414673,0.04602266475558281,0.29101712442934513
TotalVariationFilter,poisson_4_gauss_0.1,4.0,0.1,sticks_071.tif,25.34671498953,0.2190781553641782,0.891323447227478,0.04586239531636238,0.28526458889245987
TotalVariationFilter,poisson_4_gauss_0.1,4.0,0.1,sticks_072.tif,25.624249482718117,0.19841436201037946,0.8813010454177856,0.04544280096888542,0.2681487914174795
TotalVariationFilter,poisson_4_gauss_0.1,4.0,0.1,sticks_073.tif,25.542839098356076,0.2049817351892048,0.8859218955039978,0.045358095318078995,0.286414822563529
TotalVariationFilter,poisson_4_gauss_0.1,4.0,0.1,sticks_074.tif,25.542319910539177,0.20510963927370057,0.875025749206543,0.045556895434856415,0.2621834196150303
TotalVariationFilter,poisson_4_gauss_0.1,4.0,0.1,sticks_075.tif,25.171139060976124,0.22121503205856308,0.8947140574455261,0.04687675088644028,0.26254504211246965
TotalVariationFilter,poisson_4_gauss_0.1,4.0,0.1,sticks_076.tif,25.23047432907715,0.22549315147505913,0.8949010372161865,0.046541620045900345,0.30146522670984266
TotalVariationFilter,poisson_4_gauss_0.1,4.0,0.1,sticks_077.tif,25.122694866174715,0.22327802032468322,0.9044839143753052,0.04665679112076759,0.28695034570991995
TotalVariationFilter,poisson_4_gauss_0.1,4.0,0.1,sticks_078.tif,25.37172017562067,0.20419946840828815,0.8953975439071655,0.0462145134806633,0.26400143317878244
TotalVariationFilter,poisson_4_gauss_0.1,4.0,0.1,sticks_079.tif,25.372910761257685,0.22650725146874048,0.89548259973526,0.04575342684984207,0.29669735990464685
TotalVariationFilter,poisson_4_gauss_0.1,4.0,0.1,sticks_080.tif,25.333237624316457,0.23922496069419097,0.9018079042434692,0.04556486755609512,0.2867778606712818
TotalVariationFilter,poisson_4_gauss_0.1,4.0,0.1,sticks_081.tif,25.18303895741458,0.23346369212737064,0.896010160446167,0.046353619545698166,0.29322090148925783
TotalVariationFilter,poisson_4_gauss_0.1,4.0,0.1,sticks_082.tif,25.19126552285833,0.22794551517074219,0.9042496085166931,0.04629993438720703,0.297996673732996
TotalVariationFilter,poisson_4_gauss_0.1,4.0,0.1,sticks_084.tif,25.21067336479095,0.21885353105241,0.9001818299293518,0.04646226391196251,0.3012784894555807
TotalVariationFilter,poisson_4_gauss_0.1,4.0,0.1,sticks_083.tif,25.574492360934414,0.2100705096146435,0.8848894238471985,0.04546298831701279,0.26665822230279446
TotalVariationFilter,poisson_4_gauss_0.1,4.0,0.1,sticks_085.tif,25.346034010446395,0.19652003580274952,0.8949136137962341,0.04602112993597984,0.2623297289013863
TotalVariationFilter,poisson_4_gauss_0.1,4.0,0.1,sticks_086.tif,25.279108610004343,0.20651197000229105,0.8983572721481323,0.04634862393140793,0.26595118306577203
TotalVariationFilter,poisson_4_gauss_0.1,4.0,0.1,sticks_088.tif,25.419669878199336,0.20595877626573672,0.8883312940597534,0.04607004672288895,0.25526672042906284
TotalVariationFilter,poisson_4_gauss_0.1,4.0,0.1,sticks_087.tif,25.38278008890982,0.2141767053463154,0.8999265432357788,0.04580836743116379,0.2901225470006466
TotalVariationFilter,poisson_4_gauss_0.1,4.0,0.1,sticks_089.tif,25.39611496447653,0.20608226919711384,0.883084237575531,0.04622117429971695,0.26675199493765833
TotalVariationFilter,poisson_4_gauss_0.1,4.0,0.1,sticks_090.tif,25.256483218896992,0.21940825743699913,0.9056097269058228,0.04625370725989342,0.2661549910902977
TotalVariationFilter,poisson_4_gauss_0.1,4.0,0.1,sticks_091.tif,25.519291575192774,0.19832347305071346,0.8811236619949341,0.04599164053797722,0.2548099931329489
TotalVariationFilter,poisson_4_gauss_0.1,4.0,0.1,sticks_092.tif,25.38857044335448,0.2105234517362628,0.8920612335205078,0.04581718519330025,0.29202986881136894
TotalVariationFilter,poisson_4_gauss_0.1,4.0,0.1,sticks_093.tif,25.14741841118225,0.23553928216364364,0.8976277709007263,0.04643421247601509,0.29660468474030494
TotalVariationFilter,poisson_4_gauss_0.1,4.0,0.1,sticks_095.tif,24.956457306021843,0.24079742722660086,0.908541202545166,0.046667780727148056,0.30675609931349757
TotalVariationFilter,poisson_4_gauss_0.1,4.0,0.1,sticks_096.tif,25.227847033893298,0.2264612485397639,0.8920252323150635,0.04631928354501724,0.2796402763575315
TotalVariationFilter,poisson_4_gauss_0.1,4.0,0.1,sticks_097.tif,25.317289264349117,0.21978394698538983,0.8998355269432068,0.04607349634170532,0.2926375661045313
TotalVariationFilter,poisson_4_gauss_0.1,4.0,0.1,sticks_098.tif,25.060897920006013,0.22644050463063053,0.9025359749794006,0.04679854214191437,0.2896296322345734
TotalVariationFilter,poisson_4_gauss_0.1,4.0,0.1,sticks_099.tif,25.167402251599718,0.21628801601373857,0.8995984792709351,0.046685315668582916,0.2961501132696867
TotalVariationFilter,poisson_4_gauss_0.1,4.0,0.1,sticks_094.tif,25.31503074652219,0.2110860240294169,0.8850841522216797,0.046375565230846405,0.25847753547132013
TotalVariationFilter,poisson_4_gauss_0.2,4.0,0.2,sticks_000.tif,20.256854276981215,0.12886422515514437,0.7823933959007263,0.0886605754494667,0.5688141405582428
TotalVariationFilter,poisson_4_gauss_0.2,4.0,0.2,sticks_001.tif,19.79874403142595,0.1420202287032394,0.7497543692588806,0.08532141149044037,0.6363676935434341
TotalVariationFilter,poisson_4_gauss_0.2,4.0,0.2,sticks_002.tif,20.304358663614188,0.10618049819720345,0.7702257633209229,0.08885519206523895,0.570000384747982
TotalVariationFilter,poisson_4_gauss_0.2,4.0,0.2,sticks_003.tif,19.994800082254745,0.13055931675024376,0.7768521904945374,0.09129144251346588,0.5701422348618508
TotalVariationFilter,poisson_4_gauss_0.2,4.0,0.2,sticks_004.tif,20.252491415086098,0.14322763732324467,0.7950882315635681,0.08847005665302277,0.5647569105029107
TotalVariationFilter,poisson_4_gauss_0.2,4.0,0.2,sticks_005.tif,20.38684599758353,0.11796334836629135,0.7629787921905518,0.08776865899562836,0.5694501429796219
TotalVariationFilter,poisson_4_gauss_0.2,4.0,0.2,sticks_007.tif,19.664297758156916,0.12732563138583625,0.7383987307548523,0.08677858859300613,0.6499707281589509
TotalVariationFilter,poisson_4_gauss_0.2,4.0,0.2,sticks_009.tif,20.286322911436876,0.11225667452073447,0.7704578638076782,0.08883161842823029,0.5641402885317802
TotalVariationFilter,poisson_4_gauss_0.2,4.0,0.2,sticks_008.tif,19.744804454556828,0.1302669133874376,0.7302046418190002,0.08600017428398132,0.6511753425002098
TotalVariationFilter,poisson_4_gauss_0.2,4.0,0.2,sticks_011.tif,19.880146674059997,0.13070715556533205,0.7432755827903748,0.08486011624336243,0.6426134467124939
TotalVariationFilter,poisson_4_gauss_0.2,4.0,0.2,sticks_006.tif,20.106735616524823,0.11331353661535817,0.7598729133605957,0.09065459668636322,0.573291440308094
TotalVariationFilter,poisson_4_gauss_0.2,4.0,0.2,sticks_010.tif,20.373285892635366,0.13310923667535007,0.7877139449119568,0.0875357836484909,0.570301178097725
TotalVariationFilter,poisson_4_gauss_0.2,4.0,0.2,sticks_012.tif,20.238919016162992,0.13499521522682675,0.7910358309745789,0.08855707198381424,0.5659501880407334
TotalVariationFilter,poisson_4_gauss_0.2,4.0,0.2,sticks_016.tif,20.037262357991416,0.12836719238625696,0.7786773443222046,0.09090448915958405,0.5618159428238869
TotalVariationFilter,poisson_4_gauss_0.2,4.0,0.2,sticks_013.tif,20.149296488074558,0.13803939480690372,0.7937955856323242,0.08966952562332153,0.5473820358514786
TotalVariationFilter,poisson_4_gauss_0.2,4.0,0.2,sticks_014.tif,20.34832007849446,0.11466874895278575,0.7755146622657776,0.08793403208255768,0.5770583733916282
TotalVariationFilter,poisson_4_gauss_0.2,4.0,0.2,sticks_015.tif,20.09090868300354,0.12944576180514067,0.787147581577301,0.0903841182589531,0.5612490892410278
TotalVariationFilter,poisson_4_gauss_0.2,4.0,0.2,sticks_018.tif,20.13921673110172,0.13468816937140626,0.7972938418388367,0.08960544317960739,0.5639121621847153
TotalVariationFilter,poisson_4_gauss_0.2,4.0,0.2,sticks_020.tif,20.17586856380521,0.13241316834445657,0.7840827107429504,0.08932904154062271,0.558384470641613
TotalVariationFilter,poisson_4_gauss_0.2,4.0,0.2,sticks_017.tif,20.36765647372733,0.12937165837913037,0.7854729294776917,0.08755684643983841,0.5639982402324677
TotalVariationFilter,poisson_4_gauss_0.2,4.0,0.2,sticks_019.tif,20.166890705093884,0.13870238951786953,0.7973753809928894,0.08945783227682114,0.5556089043617248
TotalVariationFilter,poisson_4_gauss_0.2,4.0,0.2,sticks_021.tif,20.234507739454962,0.13336310859146655,0.7830451726913452,0.08894157409667969,0.5578173503279686
TotalVariationFilter,poisson_4_gauss_0.2,4.0,0.2,sticks_022.tif,20.422805135342017,0.1268057597041479,0.7831753492355347,0.08718553185462952,0.5610981047153473
TotalVariationFilter,poisson_4_gauss_0.2,4.0,0.2,sticks_023.tif,19.754625869575772,0.13847769944576432,0.7481452822685242,0.08593511581420898,0.6377657666802407
TotalVariationFilter,poisson_4_gauss_0.2,4.0,0.2,sticks_024.tif,20.15522201855598,0.12245162359365329,0.7721602916717529,0.08975748717784882,0.5802961826324463
TotalVariationFilter,poisson_4_gauss_0.2,4.0,0.2,sticks_025.tif,19.952810266307445,0.13342339714563237,0.745299220085144,0.08430414646863937,0.631193482875824
TotalVariationFilter,poisson_4_gauss_0.2,4.0,0.2,sticks_026.tif,20.1023457400777,0.12451272613875303,0.7747247815132141,0.09013600647449493,0.5725295782089234
TotalVariationFilter,poisson_4_gauss_0.2,4.0,0.2,sticks_027.tif,19.74025695669298,0.14979971718047444,0.7613485455513,0.08566833287477493,0.6367394834756851
TotalVariationFilter,poisson_4_gauss_0.2,4.0,0.2,sticks_028.tif,20.300720719708664,0.1267226894906981,0.7771000862121582,0.08826402574777603,0.5766786828637123
TotalVariationFilter,poisson_4_gauss_0.2,4.0,0.2,sticks_029.tif,19.963648612230273,0.1334250320391122,0.7379515171051025,0.08393164724111557,0.643425926566124
TotalVariationFilter,poisson_4_gauss_0.2,4.0,0.2,sticks_030.tif,20.1093413011233,0.13815292248522135,0.7936477065086365,0.08990956842899323,0.5586191803216934
TotalVariationFilter,poisson_4_gauss_0.2,4.0,0.2,sticks_032.tif,20.45232313023405,0.14488818263686773,0.7975526452064514,0.08671987801790237,0.5559092372655868
TotalVariationFilter,poisson_4_gauss_0.2,4.0,0.2,sticks_031.tif,20.01939160908078,0.12361635685113251,0.778308629989624,0.09100831300020218,0.5712166473269462
TotalVariationFilter,poisson_4_gauss_0.2,4.0,0.2,sticks_033.tif,19.893538493456443,0.13221859270066258,0.7245858311653137,0.08469866216182709,0.6425659000873566
TotalVariationFilter,poisson_4_gauss_0.2,4.0,0.2,sticks_034.tif,20.08002286934412,0.12474437836042213,0.7770937085151672,0.09031210094690323,0.5618586272001267
TotalVariationFilter,poisson_4_gauss_0.2,4.0,0.2,sticks_035.tif,20.177992485913357,0.13770452068887531,0.7985877394676208,0.0893496423959732,0.5560877576470376
TotalVariationFilter,poisson_4_gauss_0.2,4.0,0.2,sticks_036.tif,20.226912144606317,0.11170619838077081,0.7573238015174866,0.08949729055166245,0.5689726695418358
TotalVariationFilter,poisson_4_gauss_0.2,4.0,0.2,sticks_037.tif,20.409079677360204,0.13185020981825038,0.7737963199615479,0.08717574924230576,0.5655767619609833
TotalVariationFilter,poisson_4_gauss_0.2,4.0,0.2,sticks_038.tif,20.268689544428224,0.10939139103248738,0.768169641494751,0.08888831734657288,0.5803849339485169
TotalVariationFilter,poisson_4_gauss_0.2,4.0,0.2,sticks_040.tif,19.892527489562926,0.13184270654658656,0.7400667667388916,0.08473608642816544,0.6390397772192955
TotalVariationFilter,poisson_4_gauss_0.2,4.0,0.2,sticks_039.tif,20.293234318542073,0.13355129341140445,0.80044025182724,0.08833348751068115,0.5628105208277703
TotalVariationFilter,poisson_4_gauss_0.2,4.0,0.2,sticks_041.tif,20.34216361352363,0.11729622005322893,0.7824541926383972,0.08812776207923889,0.5676296532154084
TotalVariationFilter,poisson_4_gauss_0.2,4.0,0.2,sticks_042.tif,20.35174818084834,0.11256781469150182,0.7658184170722961,0.08808419108390808,0.5647304147481919
TotalVariationFilter,poisson_4_gauss_0.2,4.0,0.2,sticks_043.tif,19.85102426434526,0.1363067553647817,0.7503722906112671,0.08511032909154892,0.6327287629246712
TotalVariationFilter,poisson_4_gauss_0.2,4.0,0.2,sticks_044.tif,19.813476391977574,0.1341971540787594,0.7329729199409485,0.08554162085056305,0.6367816641926766
TotalVariationFilter,poisson_4_gauss_0.2,4.0,0.2,sticks_045.tif,20.412193158399525,0.1170679142967761,0.7854390740394592,0.08751974254846573,0.5658654347062111
TotalVariationFilter,poisson_4_gauss_0.2,4.0,0.2,sticks_046.tif,20.35147882211418,0.11282681026592573,0.7634340524673462,0.08803678303956985,0.5703773349523544
TotalVariationFilter,poisson_4_gauss_0.2,4.0,0.2,sticks_047.tif,20.22976977132812,0.10973307960370476,0.7566584944725037,0.08925850689411163,0.5765887036919594
TotalVariationFilter,poisson_4_gauss_0.2,4.0,0.2,sticks_049.tif,20.205962438860823,0.12472483805026163,0.7851319909095764,0.08932048082351685,0.5651032671332359
TotalVariationFilter,poisson_4_gauss_0.2,4.0,0.2,sticks_048.tif,20.187655508083484,0.1329466214155102,0.7890682816505432,0.089185431599617,0.564764016866684
TotalVariationFilter,poisson_4_gauss_0.2,4.0,0.2,sticks_050.tif,20.184278259789323,0.10847429919840489,0.7611489295959473,0.08980454504489899,0.5852560430765152
TotalVariationFilter,poisson_4_gauss_0.2,4.0,0.2,sticks_051.tif,19.83497132523185,0.13652497155831486,0.7433621287345886,0.085164375603199,0.6300659105181694
TotalVariationFilter,poisson_4_gauss_0.2,4.0,0.2,sticks_053.tif,19.795662310727252,0.13197615957642247,0.7337512969970703,0.08564511686563492,0.6346432656049729
TotalVariationFilter,poisson_4_gauss_0.2,4.0,0.2,sticks_052.tif,20.156256625587595,0.1334810560284893,0.7961076498031616,0.08971668779850006,0.559093464910984
TotalVariationFilter,poisson_4_gauss_0.2,4.0,0.2,sticks_054.tif,20.173179618251705,0.1154611852133763,0.7676785588264465,0.08978787064552307,0.5711389169096946
TotalVariationFilter,poisson_4_gauss_0.2,4.0,0.2,sticks_055.tif,19.85326359561993,0.12870391104883036,0.7485108971595764,0.08507440239191055,0.633429066836834
TotalVariationFilter,poisson_4_gauss_0.2,4.0,0.2,sticks_056.tif,20.035928386581038,0.12583367946620183,0.7808833122253418,0.09078988432884216,0.5730542108416558
TotalVariationFilter,poisson_4_gauss_0.2,4.0,0.2,sticks_059.tif,20.44687204615322,0.11800769787392879,0.7648866772651672,0.08712837100028992,0.5701525315642357
TotalVariationFilter,poisson_4_gauss_0.2,4.0,0.2,sticks_058.tif,20.10198503022961,0.13255623455994106,0.7876145243644714,0.09014773368835449,0.5563002273440361
TotalVariationFilter,poisson_4_gauss_0.2,4.0,0.2,sticks_057.tif,20.111417096453383,0.14335278136439414,0.7974759340286255,0.08995542675256729,0.5653337657451629
TotalVariationFilter,poisson_4_gauss_0.2,4.0,0.2,sticks_060.tif,20.21069643293994,0.11338012728642138,0.7702146172523499,0.0894172191619873,0.5755491256713867
TotalVariationFilter,poisson_4_gauss_0.2,4.0,0.2,sticks_063.tif,20.268760308380052,0.13626113276699395,0.7964080572128296,0.08827830851078033,0.5678537055850029
TotalVariationFilter,poisson_4_gauss_0.2,4.0,0.2,sticks_061.tif,19.831971190148924,0.13963316153463298,0.751828134059906,0.08531991392374039,0.6339637741446496
TotalVariationFilter,poisson_4_gauss_0.2,4.0,0.2,sticks_062.tif,20.309022038335023,0.11175379245584224,0.7841718196868896,0.08848430216312408,0.5650888085365295
TotalVariationFilter,poisson_4_gauss_0.2,4.0,0.2,sticks_067.tif,19.94023017327878,0.13248806353820597,0.7395604252815247,0.08423779904842377,0.6406890392303467
TotalVariationFilter,poisson_4_gauss_0.2,4.0,0.2,sticks_066.tif,20.266792165900362,0.1358463764322882,0.7865774631500244,0.08857320249080658,0.5588546440005302
TotalVariationFilter,poisson_4_gauss_0.2,4.0,0.2,sticks_065.tif,20.32416593161887,0.1306740691521435,0.7990468740463257,0.08795515447854996,0.5545679420232773
TotalVariationFilter,poisson_4_gauss_0.2,4.0,0.2,sticks_068.tif,20.264757422529623,0.12107756344632194,0.7719787955284119,0.08870984613895416,0.5775409504771233
TotalVariationFilter,poisson_4_gauss_0.2,4.0,0.2,sticks_069.tif,20.357584306178378,0.13927465869466796,0.8018625378608704,0.08752001821994781,0.5633993908762932
TotalVariationFilter,poisson_4_gauss_0.2,4.0,0.2,sticks_064.tif,20.178534776971798,0.12391422098510865,0.7868760228157043,0.08931571245193481,0.5757425144314766
TotalVariationFilter,poisson_4_gauss_0.2,4.0,0.2,sticks_070.tif,20.185096134446333,0.13423462656116555,0.7848749756813049,0.08935677260160446,0.5704075530171394
TotalVariationFilter,poisson_4_gauss_0.2,4.0,0.2,sticks_071.tif,20.194061816306586,0.13649454246195014,0.7882223129272461,0.08906645327806473,0.5649264588952064
TotalVariationFilter,poisson_4_gauss_0.2,4.0,0.2,sticks_072.tif,20.37005809533056,0.11631558916204585,0.7734875082969666,0.08782103657722473,0.5733395323157311
TotalVariationFilter,poisson_4_gauss_0.2,4.0,0.2,sticks_073.tif,20.16356937463283,0.12096908339915369,0.7794871926307678,0.08964197337627411,0.5713452622294426
TotalVariationFilter,poisson_4_gauss_0.2,4.0,0.2,sticks_074.tif,20.35287002828113,0.12412080243361594,0.7716703414916992,0.08800631761550903,0.572630986571312
TotalVariationFilter,poisson_4_gauss_0.2,4.0,0.2,sticks_075.tif,20.223457729740716,0.1412180816172234,0.7939049005508423,0.08901454508304596,0.5500801905989647
TotalVariationFilter,poisson_4_gauss_0.2,4.0,0.2,sticks_076.tif,20.28699138475489,0.14232088942683177,0.7975530624389648,0.08809418976306915,0.5654647186398506
TotalVariationFilter,poisson_4_gauss_0.2,4.0,0.2,sticks_077.tif,19.937319532992795,0.13376434831552697,0.7470608353614807,0.08442606031894684,0.6319983273744583
TotalVariationFilter,poisson_4_gauss_0.2,4.0,0.2,sticks_078.tif,20.19439377709314,0.12470623343962214,0.788007378578186,0.0895177572965622,0.5612976729869843
TotalVariationFilter,poisson_4_gauss_0.2,4.0,0.2,sticks_079.tif,19.897221522466392,0.12648472555707035,0.7344388961791992,0.08457796275615692,0.6428413420915604
TotalVariationFilter,poisson_4_gauss_0.2,4.0,0.2,sticks_080.tif,19.816153251780683,0.14156624622076036,0.7437038421630859,0.0854455903172493,0.6327388495206833
TotalVariationFilter,poisson_4_gauss_0.2,4.0,0.2,sticks_081.tif,19.801050376567957,0.13700418833914374,0.7394979000091553,0.08552095293998718,0.6407127112150193
TotalVariationFilter,poisson_4_gauss_0.2,4.0,0.2,sticks_082.tif,19.833181055173835,0.13310730837507784,0.7448635697364807,0.08518718183040619,0.6399752542376518
TotalVariationFilter,poisson_4_gauss_0.2,4.0,0.2,sticks_084.tif,19.799209631989484,0.12370435441625587,0.736328661441803,0.08558132499456406,0.6400393217802047
TotalVariationFilter,poisson_4_gauss_0.2,4.0,0.2,sticks_083.tif,20.352380349293,0.1265292802554229,0.7786337733268738,0.08797430247068405,0.5643511891365052
TotalVariationFilter,poisson_4_gauss_0.2,4.0,0.2,sticks_085.tif,20.155031042599862,0.11936464763526965,0.7873392701148987,0.08981861174106598,0.5582294747233391
TotalVariationFilter,poisson_4_gauss_0.2,4.0,0.2,sticks_086.tif,20.16966028593214,0.12866519073610416,0.7928312420845032,0.08965863287448883,0.5570560783147812
TotalVariationFilter,poisson_4_gauss_0.2,4.0,0.2,sticks_088.tif,20.26888982552392,0.12727350312784896,0.7815505266189575,0.08885680884122849,0.5606685876846313
TotalVariationFilter,poisson_4_gauss_0.2,4.0,0.2,sticks_087.tif,20.27334459777957,0.13189170015993593,0.7971621155738831,0.08836838603019714,0.5580551609396934
TotalVariationFilter,poisson_4_gauss_0.2,4.0,0.2,sticks_089.tif,20.0354843130091,0.12273221191412718,0.7753087878227234,0.09097211807966232,0.5735739901661873
TotalVariationFilter,poisson_4_gauss_0.2,4.0,0.2,sticks_090.tif,20.343479795333373,0.14089380541356955,0.8063827157020569,0.08772342652082443,0.5603559896349907
TotalVariationFilter,poisson_4_gauss_0.2,4.0,0.2,sticks_091.tif,20.137789689218014,0.11713782417179429,0.7717559933662415,0.09035848826169968,0.5667220786213875
TotalVariationFilter,poisson_4_gauss_0.2,4.0,0.2,sticks_092.tif,20.0350592834683,0.12635695615246428,0.7853236794471741,0.09071026742458344,0.5663796961307526
TotalVariationFilter,poisson_4_gauss_0.2,4.0,0.2,sticks_093.tif,19.680053863149713,0.13645409540737544,0.7376983165740967,0.08656472712755203,0.6432345166802407
TotalVariationFilter,poisson_4_gauss_0.2,4.0,0.2,sticks_095.tif,19.895884272036366,0.14834805969814321,0.7561410069465637,0.08446024358272552,0.6187741056084632
TotalVariationFilter,poisson_4_gauss_0.2,4.0,0.2,sticks_096.tif,19.95843052365907,0.1321858059006586,0.7316733002662659,0.08408062160015106,0.6314993172883987
TotalVariationFilter,poisson_4_gauss_0.2,4.0,0.2,sticks_097.tif,20.27019587239396,0.13602973028357415,0.8006355166435242,0.08832740038633347,0.5705570548772811
TotalVariationFilter,poisson_4_gauss_0.2,4.0,0.2,sticks_098.tif,19.964739952386232,0.13601944849191935,0.7435977458953857,0.084015391767025,0.6333553865551949
TotalVariationFilter,poisson_4_gauss_0.2,4.0,0.2,sticks_099.tif,19.79665569608759,0.12181182763296486,0.7311766147613525,0.08559207618236542,0.6441077932715416
TotalVariationFilter,poisson_4_gauss_0.2,4.0,0.2,sticks_094.tif,20.166390657985815,0.13016291026838692,0.7790245413780212,0.08980238437652588,0.5563447505235672
WaveletFilter,poisson_16_gauss_0.05,16.0,0.05,sticks_000.tif,24.213553155251958,0.7052630753046581,0.6384335160255432,0.015196071937680244,0.30742243211716413
WaveletFilter,poisson_16_gauss_0.05,16.0,0.05,sticks_001.tif,22.434056934790142,0.6764309390246598,0.555359959602356,0.020357059314846992,0.35266378447413443
WaveletFilter,poisson_16_gauss_0.05,16.0,0.05,sticks_002.tif,25.16711065764751,0.7463534143575554,0.6819498538970947,0.012159371748566628,0.27733538094908
WaveletFilter,poisson_16_gauss_0.05,16.0,0.05,sticks_003.tif,23.739255921906448,0.7030510512340612,0.6281182169914246,0.015664009377360344,0.30965760331600906
WaveletFilter,poisson_16_gauss_0.05,16.0,0.05,sticks_004.tif,23.522768375034904,0.6795405089127714,0.5972958207130432,0.016585135832428932,0.32187396213412284
WaveletFilter,poisson_16_gauss_0.05,16.0,0.05,sticks_005.tif,25.004392607605908,0.7176248625670915,0.662424623966217,0.013062149286270142,0.28399108722805977
WaveletFilter,poisson_16_gauss_0.05,16.0,0.05,sticks_007.tif,22.981168684656865,0.6887571690167866,0.5841655135154724,0.01822134666144848,0.32096709683537483
WaveletFilter,poisson_16_gauss_0.05,16.0,0.05,sticks_009.tif,25.17795954025349,0.726599649522949,0.6688385605812073,0.012783912941813469,0.30018380768597125
WaveletFilter,poisson_16_gauss_0.05,16.0,0.05,sticks_008.tif,23.261754718063294,0.6807746065213397,0.6012799143791199,0.01773146353662014,0.30793014243245126
WaveletFilter,poisson_16_gauss_0.05,16.0,0.05,sticks_011.tif,22.71304115914738,0.6933492180221738,0.5829877853393555,0.018060771748423576,0.31956353709101676
WaveletFilter,poisson_16_gauss_0.05,16.0,0.05,sticks_006.tif,25.024636976224578,0.7258914635744769,0.6750802397727966,0.012805907055735588,0.29108379911631344
WaveletFilter,poisson_16_gauss_0.05,16.0,0.05,sticks_010.tif,23.94668428968334,0.7006931057161819,0.629584014415741,0.015495727770030499,0.2986882675439119
WaveletFilter,poisson_16_gauss_0.05,16.0,0.05,sticks_012.tif,23.588399600721157,0.6981735243539661,0.6140015721321106,0.016790086403489113,0.32710900213569405
WaveletFilter,poisson_16_gauss_0.05,16.0,0.05,sticks_016.tif,23.42261917341822,0.7047392488538731,0.6318287253379822,0.015797266736626625,0.3194946315139532
WaveletFilter,poisson_16_gauss_0.05,16.0,0.05,sticks_013.tif,22.777571074109233,0.7016679171374505,0.601957380771637,0.017354106530547142,0.3303717881441116
WaveletFilter,poisson_16_gauss_0.05,16.0,0.05,sticks_014.tif,25.7383307012992,0.7146057670844191,0.6617632508277893,0.013024707324802876,0.30492671094834806
WaveletFilter,poisson_16_gauss_0.05,16.0,0.05,sticks_015.tif,23.91729616105981,0.6984895379932224,0.6082048416137695,0.015127627179026604,0.319027880160138
WaveletFilter,poisson_16_gauss_0.05,16.0,0.05,sticks_018.tif,23.33262836005314,0.6997848500409933,0.5921966433525085,0.016863416880369186,0.32553186397999523
WaveletFilter,poisson_16_gauss_0.05,16.0,0.05,sticks_020.tif,22.913175072904423,0.7123220538829643,0.6247889995574951,0.017096038907766342,0.31352324057370423
WaveletFilter,poisson_16_gauss_0.05,16.0,0.05,sticks_017.tif,24.19402831731185,0.7052600957179891,0.6301956176757812,0.015314233489334583,0.31997850462794303
WaveletFilter,poisson_16_gauss_0.05,16.0,0.05,sticks_019.tif,22.85976792572832,0.7002170341485731,0.5908364653587341,0.01724882610142231,0.31499568521976473
WaveletFilter,poisson_16_gauss_0.05,16.0,0.05,sticks_021.tif,23.561337985689686,0.7059029223153251,0.6194702386856079,0.015730854123830795,0.31459912527352574
WaveletFilter,poisson_16_gauss_0.05,16.0,0.05,sticks_022.tif,24.041850335869132,0.7131497506657135,0.6431697010993958,0.015063425526022911,0.30623171776533126
WaveletFilter,poisson_16_gauss_0.05,16.0,0.05,sticks_023.tif,22.231882225976154,0.6806322343705304,0.5679251551628113,0.019640974700450897,0.3272797459736466
WaveletFilter,poisson_16_gauss_0.05,16.0,0.05,sticks_024.tif,24.335489506481764,0.7133974375338469,0.6492044925689697,0.01467075478285551,0.3019744993187487
WaveletFilter,poisson_16_gauss_0.05,16.0,0.05,sticks_025.tif,22.702412914488722,0.6878176319219792,0.5761557817459106,0.017832383513450623,0.33122246004641054
WaveletFilter,poisson_16_gauss_0.05,16.0,0.05,sticks_026.tif,24.187152112796113,0.7102105421951658,0.6496652364730835,0.015422877855598927,0.30575260091573
WaveletFilter,poisson_16_gauss_0.05,16.0,0.05,sticks_027.tif,22.47787716434367,0.6502993936144483,0.5268226265907288,0.021084818989038467,0.3715213529765606
WaveletFilter,poisson_16_gauss_0.05,16.0,0.05,sticks_028.tif,24.547975582333006,0.7005826722490157,0.6505212783813477,0.014581197872757912,0.29841380855068567
WaveletFilter,poisson_16_gauss_0.05,16.0,0.05,sticks_029.tif,18.077574831518262,0.12636856241992483,0.7835586667060852,0.12044470012187958,0.4738067641854286
WaveletFilter,poisson_16_gauss_0.05,16.0,0.05,sticks_030.tif,18.572133803514568,0.1266959722491244,0.792194664478302,0.11336346715688705,0.46512071788311005
WaveletFilter,poisson_16_gauss_0.05,16.0,0.05,sticks_032.tif,18.902168366684325,0.13252420318653688,0.7951990365982056,0.10888584703207016,0.46873514652252196
WaveletFilter,poisson_16_gauss_0.05,16.0,0.05,sticks_031.tif,19.63043409546402,0.12134619991878097,0.7988105416297913,0.0993599072098732,0.4861902490258217
WaveletFilter,poisson_16_gauss_0.05,16.0,0.05,sticks_033.tif,18.95715771944823,0.1328947578819532,0.7779344916343689,0.1080394834280014,0.48391218706965444
WaveletFilter,poisson_16_gauss_0.05,16.0,0.05,sticks_034.tif,18.935601247637088,0.11725454008998118,0.7898985743522644,0.1084248423576355,0.4729049727320671
WaveletFilter,poisson_16_gauss_0.05,16.0,0.05,sticks_035.tif,18.07814012114636,0.12107202684857434,0.7897332906723022,0.12050043046474457,0.462357147783041
WaveletFilter,poisson_16_gauss_0.05,16.0,0.05,sticks_036.tif,19.02340087158811,0.10523070788146598,0.7697445750236511,0.1076226606965065,0.4629583269357681
WaveletFilter,poisson_16_gauss_0.05,16.0,0.05,sticks_037.tif,18.80188624367497,0.11907895181090825,0.7736952304840088,0.11022237688302994,0.478726040571928
WaveletFilter,poisson_16_gauss_0.05,16.0,0.05,sticks_038.tif,19.775194011882157,0.10497372397919368,0.7909842729568481,0.09782086312770844,0.4861985258758068
WaveletFilter,poisson_16_gauss_0.05,16.0,0.05,sticks_040.tif,19.143408406383024,0.13514377182651377,0.8047370910644531,0.10550320148468018,0.47565509751439095
WaveletFilter,poisson_16_gauss_0.05,16.0,0.05,sticks_039.tif,18.363456668935854,0.1180074889438241,0.7992197275161743,0.11634663492441177,0.47230031341314316
WaveletFilter,poisson_16_gauss_0.05,16.0,0.05,sticks_041.tif,19.964432010002923,0.11559589042890249,0.8049501180648804,0.09542904049158096,0.47984416633844373
WaveletFilter,poisson_16_gauss_0.05,16.0,0.05,sticks_042.tif,20.851758111702505,0.11896201125521923,0.8029322028160095,0.08525244891643524,0.484599819034338
WaveletFilter,poisson_16_gauss_0.05,16.0,0.05,sticks_043.tif,18.43925695937558,0.13282657520662222,0.8078739047050476,0.11509648710489273,0.46836449950933456
WaveletFilter,poisson_16_gauss_0.05,16.0,0.05,sticks_044.tif,17.906218092013354,0.12574993346401087,0.7741765975952148,0.12299288809299469,0.4676958091557026
WaveletFilter,poisson_16_gauss_0.05,16.0,0.05,sticks_045.tif,19.258454662881928,0.10931141637674888,0.7959099411964417,0.1043800339102745,0.47103016898036004
WaveletFilter,poisson_16_gauss_0.05,16.0,0.05,sticks_046.tif,21.22164831657112,0.12162899877682568,0.8015532493591309,0.08118201047182083,0.48881080448627473
WaveletFilter,poisson_16_gauss_0.05,16.0,0.05,sticks_047.tif,19.004774691669667,0.1007653767715967,0.7665387392044067,0.10767214000225067,0.486951020359993
WaveletFilter,poisson_16_gauss_0.05,16.0,0.05,sticks_049.tif,17.322939880459042,0.10335696863193086,0.7715732455253601,0.13218942284584045,0.4656392395496368
WaveletFilter,poisson_16_gauss_0.05,16.0,0.05,sticks_048.tif,19.18263520577041,0.12515615870511143,0.8000020384788513,0.10504889488220215,0.48321333825588225
WaveletFilter,poisson_16_gauss_0.05,16.0,0.05,sticks_050.tif,20.92920032178092,0.11667522596602913,0.8024532794952393,0.0844823494553566,0.48833682388067245
WaveletFilter,poisson_16_gauss_0.05,16.0,0.05,sticks_051.tif,18.77295438765812,0.13706001007786414,0.8041201829910278,0.11035211384296417,0.47057257816195486
WaveletFilter,poisson_16_gauss_0.05,16.0,0.05,sticks_053.tif,18.832522171163106,0.13334141702381963,0.7999038100242615,0.10966269671916962,0.4730884350836277
WaveletFilter,poisson_16_gauss_0.05,16.0,0.05,sticks_052.tif,17.985542898801743,0.11810148131949759,0.7955812811851501,0.12200011312961578,0.4558511897921562
WaveletFilter,poisson_16_gauss_0.05,16.0,0.05,sticks_054.tif,20.384932869683155,0.11851887478016786,0.7963682413101196,0.09042449295520782,0.48839397728443146
WaveletFilter,poisson_16_gauss_0.05,16.0,0.05,sticks_055.tif,17.306361637681032,0.11745379998185775,0.8019256591796875,0.1321445107460022,0.46365821212530134
WaveletFilter,poisson_16_gauss_0.05,16.0,0.05,sticks_056.tif,19.922731294253143,0.1260704358809974,0.8022114038467407,0.09580619633197784,0.4824929229915142
WaveletFilter,poisson_16_gauss_0.05,16.0,0.05,sticks_059.tif,18.966589799096447,0.10715754149578331,0.7672783136367798,0.10821318626403809,0.4786956049501896
WaveletFilter,poisson_16_gauss_0.05,16.0,0.05,sticks_058.tif,19.223546972369995,0.12764470742368322,0.8009525537490845,0.10466653108596802,0.4703445829451084
WaveletFilter,poisson_16_gauss_0.05,16.0,0.05,sticks_057.tif,18.826582717420816,0.13409978431274294,0.8001632690429688,0.10981754213571548,0.46655346229672434
WaveletFilter,poisson_16_gauss_0.05,16.0,0.05,sticks_060.tif,19.566788832000064,0.10776647568817355,0.7873578071594238,0.10027718544006348,0.48967806771397593
WaveletFilter,poisson_16_gauss_0.05,16.0,0.05,sticks_063.tif,18.419411151731683,0.11926857279566291,0.7946081161499023,0.11540494114160538,0.4833741158246994
WaveletFilter,poisson_16_gauss_0.05,16.0,0.05,sticks_061.tif,17.905806269936416,0.13149861368821386,0.7997080683708191,0.12300290912389755,0.46641925647854804
WaveletFilter,poisson_16_gauss_0.05,16.0,0.05,sticks_062.tif,18.50965071853422,0.09980006499255256,0.7942422032356262,0.1144866943359375,0.4724889412522316
WaveletFilter,poisson_16_gauss_0.05,16.0,0.05,sticks_067.tif,17.939837096723544,0.12375823454016063,0.7872336506843567,0.12238675355911255,0.4781269945204258
WaveletFilter,poisson_16_gauss_0.05,16.0,0.05,sticks_066.tif,18.265085504866313,0.12057138770335507,0.7800785303115845,0.11794497072696686,0.4598050951957703
WaveletFilter,poisson_16_gauss_0.05,16.0,0.05,sticks_065.tif,19.223130351342057,0.12314303745469447,0.8098086714744568,0.10467934608459473,0.4662981390953064
WaveletFilter,poisson_16_gauss_0.05,16.0,0.05,sticks_068.tif,19.934975805665395,0.1188977263745126,0.7944545745849609,0.09579892456531525,0.49234495535492895
WaveletFilter,poisson_16_gauss_0.05,16.0,0.05,sticks_069.tif,19.414866214251763,0.13200038860359609,0.8116873502731323,0.102097287774086,0.4815546482801437
WaveletFilter,poisson_16_gauss_0.05,16.0,0.05,sticks_064.tif,19.742872440832674,0.12073784838426735,0.8054766654968262,0.09790471196174622,0.4893753662705421
WaveletFilter,poisson_16_gauss_0.05,16.0,0.05,sticks_070.tif,18.961123898929763,0.12452194788438223,0.7887106537818909,0.10802517831325531,0.4901220962405205
WaveletFilter,poisson_16_gauss_0.05,16.0,0.05,sticks_071.tif,18.674091428040715,0.12577174841866912,0.789348840713501,0.11200153827667236,0.47376167848706247
WaveletFilter,poisson_16_gauss_0.05,16.0,0.05,sticks_072.tif,19.25454010761501,0.10730445694384283,0.7839293479919434,0.10433511435985565,0.4893773220479488
WaveletFilter,poisson_16_gauss_0.05,16.0,0.05,sticks_073.tif,20.276080459592634,0.12345169733557318,0.8051853179931641,0.09167879074811935,0.48548343777656555
WaveletFilter,poisson_16_gauss_0.05,16.0,0.05,sticks_074.tif,18.82082970155718,0.11280984999958737,0.7725592851638794,0.11023777723312378,0.4744942493736744
WaveletFilter,poisson_16_gauss_0.05,16.0,0.05,sticks_075.tif,18.258513301003564,0.12643583710247497,0.7881869673728943,0.11799019575119019,0.4527999572455883
WaveletFilter,poisson_16_gauss_0.05,16.0,0.05,sticks_076.tif,18.7612413724815,0.12880603608692795,0.7952120304107666,0.11064445972442627,0.48942985385656357
WaveletFilter,poisson_16_gauss_0.05,16.0,0.05,sticks_077.tif,18.34731088136909,0.12970413517024518,0.8031882643699646,0.11655670404434204,0.4670293055474758
WaveletFilter,poisson_16_gauss_0.05,16.0,0.05,sticks_078.tif,18.552210334002552,0.11342725709107059,0.7947263121604919,0.11389221251010895,0.4596881687641144
WaveletFilter,poisson_16_gauss_0.05,16.0,0.05,sticks_079.tif,18.6417892243482,0.12621584756945967,0.7928780317306519,0.11222004890441895,0.48321676552295684
WaveletFilter,poisson_16_gauss_0.05,16.0,0.05,sticks_080.tif,18.142095543781917,0.13622757621706663,0.7929313778877258,0.11933523416519165,0.4680062189698219
WaveletFilter,poisson_16_gauss_0.05,16.0,0.05,sticks_081.tif,18.364948989606166,0.13328065046653256,0.7869211435317993,0.11612197011709213,0.4772935971617699
WaveletFilter,poisson_16_gauss_0.05,16.0,0.05,sticks_082.tif,18.64310668176888,0.1331206216611726,0.8045621514320374,0.1123259887099266,0.4782849714159966
WaveletFilter,poisson_16_gauss_0.05,16.0,0.05,sticks_084.tif,19.30673118944005,0.12992568939769986,0.8074078559875488,0.10354671627283096,0.4772218786180019
WaveletFilter,poisson_16_gauss_0.05,16.0,0.05,sticks_083.tif,19.043484165560056,0.1169795988759635,0.7840890884399414,0.107110396027565,0.47231214568018914
WaveletFilter,poisson_16_gauss_0.05,16.0,0.05,sticks_085.tif,18.632017625219795,0.11011253783852339,0.7975730299949646,0.11264052242040634,0.4613243542611599
WaveletFilter,poisson_16_gauss_0.05,16.0,0.05,sticks_086.tif,18.318230746674114,0.11624513796092442,0.7933752536773682,0.11715526878833771,0.45786707401275634
WaveletFilter,poisson_16_gauss_0.05,16.0,0.05,sticks_088.tif,19.179149663199844,0.12169843523706957,0.7933693528175354,0.10536842048168182,0.46071522682905197
WaveletFilter,poisson_16_gauss_0.05,16.0,0.05,sticks_087.tif,19.51732250673077,0.12753441783671296,0.813985288143158,0.10074640810489655,0.4752672649919987
WaveletFilter,poisson_16_gauss_0.05,16.0,0.05,sticks_089.tif,19.98773148024474,0.12445969511078957,0.79957115650177,0.09510517120361328,0.48367142900824545
WaveletFilter,poisson_16_gauss_0.05,16.0,0.05,sticks_090.tif,18.229718168700025,0.12373221259413786,0.8003832697868347,0.11824407428503036,0.47009654641151427
WaveletFilter,poisson_16_gauss_0.05,16.0,0.05,sticks_091.tif,18.45321353575272,0.1063003465362302,0.7730337381362915,0.11541769653558731,0.4561588726937771
WaveletFilter,poisson_16_gauss_0.05,16.0,0.05,sticks_092.tif,20.176238222445434,0.12997866360428714,0.8106629252433777,0.09283272922039032,0.47957150265574455
WaveletFilter,poisson_16_gauss_0.05,16.0,0.05,sticks_093.tif,18.908304303151066,0.1395374722981887,0.7990107536315918,0.10860500484704971,0.48108087107539177
WaveletFilter,poisson_16_gauss_0.05,16.0,0.05,sticks_095.tif,16.97914032912994,0.1298432372545254,0.7859963178634644,0.13730520009994507,0.45695770159363747
WaveletFilter,poisson_16_gauss_0.05,16.0,0.05,sticks_096.tif,18.689454892952305,0.13090759119729456,0.7911280393600464,0.11162076890468597,0.4733628049492836
WaveletFilter,poisson_16_gauss_0.05,16.0,0.05,sticks_097.tif,17.689777022423094,0.1133628275278212,0.7867241501808167,0.12621363997459412,0.4792936258018017
WaveletFilter,poisson_16_gauss_0.05,16.0,0.05,sticks_098.tif,18.031063281237053,0.1273631426092672,0.794402003288269,0.12101827561855316,0.4704691879451275
WaveletFilter,poisson_16_gauss_0.05,16.0,0.05,sticks_099.tif,18.71906076783939,0.12287228402076847,0.8038722276687622,0.11132828146219254,0.4769632130861282
WaveletFilter,poisson_16_gauss_0.05,16.0,0.05,sticks_094.tif,18.757460628564143,0.12109716688167457,0.7829439043998718,0.11105086654424667,0.4558823622763157
WaveletFilter,poisson_16_gauss_0.1,16.0,0.1,sticks_000.tif,17.659159670049952,0.09511454654924982,0.7365098595619202,0.11956384032964706,0.6952831774950028
WaveletFilter,poisson_16_gauss_0.1,16.0,0.1,sticks_001.tif,17.959341354832286,0.12243222939663173,0.7674269676208496,0.11448109149932861,0.6862126052379608
WaveletFilter,poisson_16_gauss_0.1,16.0,0.1,sticks_002.tif,18.544363683868724,0.08238041896096669,0.7395753264427185,0.10559166967868805,0.7046455606818199
WaveletFilter,poisson_16_gauss_0.1,16.0,0.1,sticks_003.tif,18.09741918639322,0.10427865595172262,0.7451829314231873,0.11249589920043945,0.6810798034071922
WaveletFilter,poisson_16_gauss_0.1,16.0,0.1,sticks_004.tif,17.657038175593588,0.10758543317076699,0.7487495541572571,0.11972365528345108,0.6831191048026085
WaveletFilter,poisson_16_gauss_0.1,16.0,0.1,sticks_005.tif,17.903829367838348,0.08551953392247635,0.7180050611495972,0.11546768248081207,0.7027859151363373
WaveletFilter,poisson_16_gauss_0.1,16.0,0.1,sticks_007.tif,17.167017443364696,0.10312367588077835,0.7527373433113098,0.12779401242733002,0.6918327569961548
WaveletFilter,poisson_16_gauss_0.1,16.0,0.1,sticks_009.tif,18.18060102008315,0.0840847222534846,0.7341338396072388,0.11124445497989655,0.6958745747804642
WaveletFilter,poisson_16_gauss_0.1,16.0,0.1,sticks_008.tif,16.856040100145734,0.10297931147706044,0.7317003607749939,0.13319642841815948,0.6963500708341599
WaveletFilter,poisson_16_gauss_0.1,16.0,0.1,sticks_011.tif,17.205566890722118,0.10518149374731126,0.7533332109451294,0.12721166014671326,0.6819613590836525
WaveletFilter,poisson_16_gauss_0.1,16.0,0.1,sticks_006.tif,18.25835429399854,0.0879619969648318,0.7278798222541809,0.10975710302591324,0.7035719737410545
WaveletFilter,poisson_16_gauss_0.1,16.0,0.1,sticks_010.tif,17.482846200656713,0.09628763309620471,0.7366739511489868,0.12251100689172745,0.6870377600193024
WaveletFilter,poisson_16_gauss_0.1,16.0,0.1,sticks_012.tif,18.102703007858075,0.10363200027579175,0.7504920363426208,0.11217932403087616,0.697190098464489
WaveletFilter,poisson_16_gauss_0.1,16.0,0.1,sticks_016.tif,17.96664133776785,0.1016190063010709,0.7455487847328186,0.11460026353597641,0.6801144063472748
WaveletFilter,poisson_16_gauss_0.1,16.0,0.1,sticks_013.tif,17.36037690742806,0.10576222457006271,0.7495542168617249,0.12472007423639297,0.6591767281293869
WaveletFilter,poisson_16_gauss_0.1,16.0,0.1,sticks_014.tif,18.759830549604054,0.08543158896830297,0.7426377534866333,0.10195821523666382,0.7224455535411834
WaveletFilter,poisson_16_gauss_0.1,16.0,0.1,sticks_015.tif,17.924865465807507,0.10045427826160343,0.7507152557373047,0.11522211134433746,0.6838426679372788
WaveletFilter,poisson_16_gauss_0.1,16.0,0.1,sticks_018.tif,17.719164269286765,0.10261574769524025,0.7541699409484863,0.11882500350475311,0.6800354719161987
WaveletFilter,poisson_16_gauss_0.1,16.0,0.1,sticks_020.tif,17.079256150589668,0.09773581342643607,0.7352790832519531,0.12966449558734894,0.6735882326960564
WaveletFilter,poisson_16_gauss_0.1,16.0,0.1,sticks_017.tif,18.230348326387947,0.09834709337544865,0.7463645935058594,0.1103120669722557,0.7000705927610398
WaveletFilter,poisson_16_gauss_0.1,16.0,0.1,sticks_019.tif,17.682158401293275,0.10771924728415648,0.7538112998008728,0.11944969743490219,0.6737087532877922
WaveletFilter,poisson_16_gauss_0.1,16.0,0.1,sticks_021.tif,17.21296106118371,0.09885680515413214,0.7324667572975159,0.12733685970306396,0.6800005152821541
WaveletFilter,poisson_16_gauss_0.1,16.0,0.1,sticks_022.tif,17.17089734345713,0.08795860598280514,0.7258195877075195,0.1279008388519287,0.689989410340786
WaveletFilter,poisson_16_gauss_0.1,16.0,0.1,sticks_023.tif,17.49865010157504,0.11511456154025758,0.7618361711502075,0.12224757671356201,0.6789954483509064
WaveletFilter,poisson_16_gauss_0.1,16.0,0.1,sticks_024.tif,18.050411032668528,0.09345998732671094,0.7347359657287598,0.11335402727127075,0.6998089507222176
WaveletFilter,poisson_16_gauss_0.1,16.0,0.1,sticks_025.tif,17.731584731992143,0.11140023554674565,0.7630224823951721,0.11851654946804047,0.6716302797198296
WaveletFilter,poisson_16_gauss_0.1,16.0,0.1,sticks_026.tif,17.692500786548496,0.09101995810263608,0.7282589673995972,0.11902546882629395,0.7009087324142456
WaveletFilter,poisson_16_gauss_0.1,16.0,0.1,sticks_027.tif,17.854510023510972,0.12747379811015574,0.7771099209785461,0.11594754457473755,0.6871478632092476
WaveletFilter,poisson_16_gauss_0.1,16.0,0.1,sticks_028.tif,17.58366678984509,0.09060085577887175,0.7285616397857666,0.12080778926610947,0.7061596155166626
WaveletFilter,poisson_16_gauss_0.1,16.0,0.1,sticks_029.tif,16.88618715799681,0.10431345785630015,0.7392420768737793,0.1330057978630066,0.6794528663158417
WaveletFilter,poisson_16_gauss_0.1,16.0,0.1,sticks_030.tif,17.38727460142322,0.10455804302072419,0.74626624584198,0.12420016527175903,0.6724409997463227
WaveletFilter,poisson_16_gauss_0.1,16.0,0.1,sticks_032.tif,17.652223484560775,0.10959346453841534,0.7511734366416931,0.11972932517528534,0.6732546672224998
WaveletFilter,poisson_16_gauss_0.1,16.0,0.1,sticks_031.tif,18.160546506697703,0.0946469198001192,0.7406674027442932,0.11140642315149307,0.7029922306537628
WaveletFilter,poisson_16_gauss_0.1,16.0,0.1,sticks_033.tif,17.503103992312557,0.10916740478683216,0.7341423034667969,0.12222979962825775,0.6910513922572136
WaveletFilter,poisson_16_gauss_0.1,16.0,0.1,sticks_034.tif,17.754314555312895,0.09506540819231446,0.7376905083656311,0.11817462742328644,0.6874603196978569
WaveletFilter,poisson_16_gauss_0.1,16.0,0.1,sticks_035.tif,17.039854792439893,0.10102749169927003,0.7458917498588562,0.13020820915699005,0.6733689278364181
WaveletFilter,poisson_16_gauss_0.1,16.0,0.1,sticks_036.tif,17.636391605155573,0.08270047187361665,0.7154849171638489,0.12018195539712906,0.6897949174046516
WaveletFilter,poisson_16_gauss_0.1,16.0,0.1,sticks_037.tif,17.705770883459174,0.09671842006554354,0.724838376045227,0.11890240758657455,0.6890043765306473
WaveletFilter,poisson_16_gauss_0.1,16.0,0.1,sticks_038.tif,18.212631781849474,0.07829476203209562,0.7273772954940796,0.11058706045150757,0.7113410413265229
WaveletFilter,poisson_16_gauss_0.1,16.0,0.1,sticks_040.tif,17.815258297869278,0.11155978305069922,0.7588649392127991,0.11705206334590912,0.6824907511472702
WaveletFilter,poisson_16_gauss_0.1,16.0,0.1,sticks_039.tif,17.16918266911426,0.09676311145961722,0.747104287147522,0.12799543142318726,0.6820333212614059
WaveletFilter,poisson_16_gauss_0.1,16.0,0.1,sticks_041.tif,18.28021299509292,0.0884761073348198,0.7448067665100098,0.10954604297876358,0.6997277185320854
WaveletFilter,poisson_16_gauss_0.1,16.0,0.1,sticks_042.tif,18.75926337401682,0.08586971034839555,0.7351350784301758,0.10214106738567352,0.7077864006161689
WaveletFilter,poisson_16_gauss_0.1,16.0,0.1,sticks_043.tif,17.320850313595646,0.11159799525842973,0.7619329690933228,0.12526553869247437,0.6731173008680343
WaveletFilter,poisson_16_gauss_0.1,16.0,0.1,sticks_044.tif,16.577025810679075,0.10375590339644074,0.7284916639328003,0.13850542902946472,0.6711979985237122
WaveletFilter,poisson_16_gauss_0.1,16.0,0.1,sticks_045.tif,17.703197774650064,0.08473343372128804,0.7390363216400146,0.11904826015233994,0.6879187643527984
WaveletFilter,poisson_16_gauss_0.1,16.0,0.1,sticks_046.tif,19.128369902839317,0.08823642537661844,0.735641598701477,0.09653197228908539,0.7121579095721244
WaveletFilter,poisson_16_gauss_0.1,16.0,0.1,sticks_047.tif,17.821666985470465,0.07791133453457347,0.7110933661460876,0.11692110449075699,0.7102621838450431
WaveletFilter,poisson_16_gauss_0.1,16.0,0.1,sticks_049.tif,16.62546444489394,0.0868374587699632,0.7257867455482483,0.1377865970134735,0.6816050663590432
WaveletFilter,poisson_16_gauss_0.1,16.0,0.1,sticks_048.tif,17.96453736758642,0.10048336678620691,0.7497391104698181,0.11445726454257965,0.7004850968718529
WaveletFilter,poisson_16_gauss_0.1,16.0,0.1,sticks_050.tif,18.951256361517572,0.08664629875970811,0.7383665442466736,0.09927378594875336,0.7083985134959221
WaveletFilter,poisson_16_gauss_0.1,16.0,0.1,sticks_051.tif,17.47880190645343,0.11237320360364246,0.7570525407791138,0.12238647788763046,0.6758069097995758
WaveletFilter,poisson_16_gauss_0.1,16.0,0.1,sticks_053.tif,17.628325856785178,0.11112258959434068,0.7531394958496094,0.11999784409999847,0.679869481921196
WaveletFilter,poisson_16_gauss_0.1,16.0,0.1,sticks_052.tif,16.979844780312995,0.0993856858131769,0.747566819190979,0.13158296048641205,0.66439129114151
WaveletFilter,poisson_16_gauss_0.1,16.0,0.1,sticks_054.tif,18.58426336436989,0.08987393373194508,0.7394694685935974,0.10487798601388931,0.7061480581760406
WaveletFilter,poisson_16_gauss_0.1,16.0,0.1,sticks_055.tif,16.691851161330575,0.10066144415784435,0.7603629231452942,0.1363438069820404,0.672154700756073
WaveletFilter,poisson_16_gauss_0.1,16.0,0.1,sticks_056.tif,18.164004877719897,0.09854982264446964,0.7454172968864441,0.11112044006586075,0.6990395292639733
WaveletFilter,poisson_16_gauss_0.1,16.0,0.1,sticks_059.tif,17.791977561302335,0.0843367560372664,0.716405987739563,0.11738407611846924,0.7044650405645371
WaveletFilter,poisson_16_gauss_0.1,16.0,0.1,sticks_058.tif,18.021059150363413,0.10426680959607353,0.7517480850219727,0.11388440430164337,0.682050670683384
WaveletFilter,poisson_16_gauss_0.1,16.0,0.1,sticks_057.tif,17.578797434185812,0.11087861200323289,0.7543708682060242,0.12095193564891815,0.6708693549036979
WaveletFilter,poisson_16_gauss_0.1,16.0,0.1,sticks_060.tif,18.00799386313582,0.08127607006253516,0.7248759865760803,0.11351029574871063,0.710465969145298
WaveletFilter,poisson_16_gauss_0.1,16.0,0.1,sticks_063.tif,17.223630046696968,0.09627387349570458,0.7428706884384155,0.12678542733192444,0.6975634753704071
WaveletFilter,poisson_16_gauss_0.1,16.0,0.1,sticks_061.tif,16.780422860545105,0.11127206129793075,0.7579779624938965,0.13474515080451965,0.6720389068126679
WaveletFilter,poisson_16_gauss_0.1,16.0,0.1,sticks_062.tif,17.354829699110528,0.07994302239624515,0.7362240552902222,0.12475794553756714,0.6926392331719399
WaveletFilter,poisson_16_gauss_0.1,16.0,0.1,sticks_067.tif,16.98656038525405,0.10351637606720952,0.7420888543128967,0.1309787482023239,0.6839856564998626
WaveletFilter,poisson_16_gauss_0.1,16.0,0.1,sticks_066.tif,17.206716065431532,0.10070745781817837,0.7338618636131287,0.12752947211265564,0.671563483774662
WaveletFilter,poisson_16_gauss_0.1,16.0,0.1,sticks_065.tif,17.58551567181798,0.09676007160925439,0.7532337307929993,0.12094901502132416,0.6778646633028984
WaveletFilter,poisson_16_gauss_0.1,16.0,0.1,sticks_068.tif,18.510064234122932,0.09210451039059188,0.7357224225997925,0.10594819486141205,0.7136654615402221
WaveletFilter,poisson_16_gauss_0.1,16.0,0.1,sticks_069.tif,17.955537857167176,0.105886467730148,0.7600762844085693,0.11476002633571625,0.6873047903180123
WaveletFilter,poisson_16_gauss_0.1,16.0,0.1,sticks_064.tif,18.242000520453807,0.09428408336202668,0.7505732774734497,0.11016716808080673,0.7027645587921143
WaveletFilter,poisson_16_gauss_0.1,16.0,0.1,sticks_070.tif,17.622016543679656,0.09990249147668234,0.7394643425941467,0.12019182741641998,0.7000844717025757
WaveletFilter,poisson_16_gauss_0.1,16.0,0.1,sticks_071.tif,17.51534508747618,0.10379006712713072,0.7446386218070984,0.12190810590982437,0.6901678308844567
WaveletFilter,poisson_16_gauss_0.1,16.0,0.1,sticks_072.tif,17.844814201665574,0.08298275824746616,0.7270876169204712,0.11639350652694702,0.7100874990224838
WaveletFilter,poisson_16_gauss_0.1,16.0,0.1,sticks_073.tif,18.589736622593673,0.0951402411484303,0.749153196811676,0.10469050705432892,0.7019865393638611
WaveletFilter,poisson_16_gauss_0.1,16.0,0.1,sticks_074.tif,17.469023703869283,0.09012869166125705,0.7244388461112976,0.12254737317562103,0.6977256700396538
WaveletFilter,poisson_16_gauss_0.1,16.0,0.1,sticks_075.tif,17.108956218816363,0.1058125280724029,0.7431187033653259,0.12915310263633728,0.6637527912855148
WaveletFilter,poisson_16_gauss_0.1,16.0,0.1,sticks_076.tif,17.38526091093138,0.10247813615748927,0.7451318502426147,0.12402771413326263,0.7011630579829216
WaveletFilter,poisson_16_gauss_0.1,16.0,0.1,sticks_077.tif,17.18841542224698,0.10927100146156186,0.7587028741836548,0.1277218908071518,0.670376355946064
WaveletFilter,poisson_16_gauss_0.1,16.0,0.1,sticks_078.tif,17.295468871461132,0.09270709351039574,0.7419512271881104,0.12587563693523407,0.6707226023077965
WaveletFilter,poisson_16_gauss_0.1,16.0,0.1,sticks_079.tif,17.59724877679495,0.10370452075505221,0.7482403516769409,0.12048663198947906,0.6933096274733543
WaveletFilter,poisson_16_gauss_0.1,16.0,0.1,sticks_080.tif,17.34604294223422,0.11743982127985673,0.7526641488075256,0.12499292939901352,0.6704416766762733
WaveletFilter,poisson_16_gauss_0.1,16.0,0.1,sticks_081.tif,17.250179124338832,0.11118811600489902,0.7439531683921814,0.1261531412601471,0.6842023432254791
WaveletFilter,poisson_16_gauss_0.1,16.0,0.1,sticks_082.tif,17.601555589234202,0.11123671762685373,0.760785698890686,0.12070697546005249,0.6858055472373963
WaveletFilter,poisson_16_gauss_0.1,16.0,0.1,sticks_084.tif,17.81971495008422,0.10438616540930816,0.7569581270217896,0.11689640581607819,0.6879016175866127
WaveletFilter,poisson_16_gauss_0.1,16.0,0.1,sticks_083.tif,17.85362508345482,0.09385338437335297,0.7338709235191345,0.11652418226003647,0.6892104640603065
WaveletFilter,poisson_16_gauss_0.1,16.0,0.1,sticks_085.tif,17.416447983504607,0.09134359570631242,0.7483544945716858,0.12407324463129044,0.6701082855463028
WaveletFilter,poisson_16_gauss_0.1,16.0,0.1,sticks_086.tif,16.872252592656707,0.09548039594290626,0.7423462867736816,0.13343216478824615,0.6647317379713058
WaveletFilter,poisson_16_gauss_0.1,16.0,0.1,sticks_088.tif,17.83371022227023,0.09983089488625117,0.7446609735488892,0.11686378717422485,0.6794201597571373
WaveletFilter,poisson_16_gauss_0.1,16.0,0.1,sticks_087.tif,18.001154432114028,0.10208771610358884,0.7605485320091248,0.11404812335968018,0.6847816303372383
WaveletFilter,poisson_16_gauss_0.1,16.0,0.1,sticks_089.tif,18.441439712086634,0.09807128030648705,0.7473248243331909,0.10711197555065155,0.7029926672577858
WaveletFilter,poisson_16_gauss_0.1,16.0,0.1,sticks_090.tif,17.170681906333197,0.10474963884147157,0.7554503083229065,0.12791749835014343,0.6747060582041741
WaveletFilter,poisson_16_gauss_0.1,16.0,0.1,sticks_091.tif,17.4220529650466,0.08650149704712104,0.7235972285270691,0.12381027638912201,0.6789912402629852
WaveletFilter,poisson_16_gauss_0.1,16.0,0.1,sticks_092.tif,18.51157192639029,0.1022528731271375,0.7576753497123718,0.10587948560714722,0.6944906070828438
WaveletFilter,poisson_16_gauss_0.1,16.0,0.1,sticks_093.tif,17.628990872921648,0.11502367109220761,0.7540169954299927,0.11999049037694931,0.6876786082983017
WaveletFilter,poisson_16_gauss_0.1,16.0,0.1,sticks_095.tif,16.402192658947445,0.1141659254574258,0.7497150897979736,0.1415174901485443,0.6584931507706642
WaveletFilter,poisson_16_gauss_0.1,16.0,0.1,sticks_096.tif,17.358273866996846,0.10707001912812937,0.7413205504417419,0.12467515468597412,0.68368551582098
WaveletFilter,poisson_16_gauss_0.1,16.0,0.1,sticks_097.tif,16.486096414593607,0.09151335745700404,0.7363247871398926,0.13997821509838104,0.6912792071700096
WaveletFilter,poisson_16_gauss_0.1,16.0,0.1,sticks_098.tif,16.712867013986,0.10587032453604985,0.7467697262763977,0.1359625607728958,0.6780675575137138
WaveletFilter,poisson_16_gauss_0.1,16.0,0.1,sticks_099.tif,17.601179677181335,0.1004760985179064,0.7531350255012512,0.12052340805530548,0.6915290772914886
WaveletFilter,poisson_16_gauss_0.1,16.0,0.1,sticks_094.tif,17.926390409730875,0.10363216426167297,0.7435687780380249,0.11574540287256241,0.6665634959936142
WaveletFilter,poisson_16_gauss_0.2,16.0,0.2,sticks_000.tif,14.754233619310625,0.05468901010523763,0.6074718832969666,0.1511804759502411,0.9301071017980576
WaveletFilter,poisson_16_gauss_0.2,16.0,0.2,sticks_001.tif,14.980551265037253,0.07531164937724438,0.6471217274665833,0.14528504014015198,0.920663072168827
WaveletFilter,poisson_16_gauss_0.2,16.0,0.2,sticks_002.tif,15.06913515297957,0.044712636437303215,0.5985652804374695,0.14227859675884247,0.940203121304512
WaveletFilter,poisson_16_gauss_0.2,16.0,0.2,sticks_003.tif,14.972938880201262,0.06070657862745639,0.6168045401573181,0.14554166793823242,0.9191147327423096
WaveletFilter,poisson_16_gauss_0.2,16.0,0.2,sticks_004.tif,14.753036257110747,0.06313784026207404,0.6274914145469666,0.1517292857170105,0.9197887659072876
WaveletFilter,poisson_16_gauss_0.2,16.0,0.2,sticks_005.tif,14.909602281093012,0.047269472593707104,0.5916894674301147,0.14696918427944183,0.9360541671514511
WaveletFilter,poisson_16_gauss_0.2,16.0,0.2,sticks_007.tif,14.562352378739007,0.06338960369578248,0.6320132613182068,0.15676389634609222,0.9237453207373619
WaveletFilter,poisson_16_gauss_0.2,16.0,0.2,sticks_009.tif,14.796680446318094,0.04443104134079778,0.5956454277038574,0.14954310655593872,0.9334142908453942
WaveletFilter,poisson_16_gauss_0.2,16.0,0.2,sticks_008.tif,14.275716275653991,0.06217515346267582,0.6196566820144653,0.16410215198993683,0.926508717238903
WaveletFilter,poisson_16_gauss_0.2,16.0,0.2,sticks_011.tif,14.577779371825113,0.06595539052116339,0.6344278454780579,0.1567726880311966,0.9142204120755195
WaveletFilter,poisson_16_gauss_0.2,16.0,0.2,sticks_006.tif,14.956274495185225,0.04840653050628453,0.5913970470428467,0.14531221985816956,0.9366514578461647
WaveletFilter,poisson_16_gauss_0.2,16.0,0.2,sticks_010.tif,14.734627993553236,0.05675312281800119,0.6105949282646179,0.1516699194908142,0.9256603211164475
WaveletFilter,poisson_16_gauss_0.2,16.0,0.2,sticks_012.tif,14.986680977284754,0.060047396888436855,0.6216858625411987,0.14483991265296936,0.9311499699950219
WaveletFilter,poisson_16_gauss_0.2,16.0,0.2,sticks_016.tif,14.934435016972248,0.06079602001374722,0.6184450387954712,0.14750558137893677,0.9152753084897995
WaveletFilter,poisson_16_gauss_0.2,16.0,0.2,sticks_013.tif,14.615303952680472,0.06650163898274795,0.6281428933143616,0.15561546385288239,0.8982520535588264
WaveletFilter,poisson_16_gauss_0.2,16.0,0.2,sticks_014.tif,15.262215962383141,0.042556622726532954,0.5984863042831421,0.13685429096221924,0.9579682976007462
WaveletFilter,poisson_16_gauss_0.2,16.0,0.2,sticks_015.tif,14.81957389236288,0.05801984161119189,0.6225031614303589,0.14909687638282776,0.9225937917828559
WaveletFilter,poisson_16_gauss_0.2,16.0,0.2,sticks_018.tif,14.77200134816763,0.06095008165620326,0.6253615021705627,0.15075354278087616,0.9180509895086288
WaveletFilter,poisson_16_gauss_0.2,16.0,0.2,sticks_020.tif,14.357350093145422,0.06041701450559405,0.6133758425712585,0.16263090074062347,0.9091130390763282
WaveletFilter,poisson_16_gauss_0.2,16.0,0.2,sticks_017.tif,14.916990733361699,0.05465484897908336,0.6144984364509583,0.14682814478874207,0.9334674701094627
WaveletFilter,poisson_16_gauss_0.2,16.0,0.2,sticks_019.tif,14.653282547320659,0.06590344036380813,0.6320767998695374,0.15431272983551025,0.9103950291872025
WaveletFilter,poisson_16_gauss_0.2,16.0,0.2,sticks_021.tif,14.54259450290258,0.06022390125059098,0.6138572096824646,0.15710648894309998,0.9172264143824578
WaveletFilter,poisson_16_gauss_0.2,16.0,0.2,sticks_022.tif,14.372470758776863,0.05093546394073345,0.598380982875824,0.1615956723690033,0.9235141143202782
WaveletFilter,poisson_16_gauss_0.2,16.0,0.2,sticks_023.tif,14.701416550976795,0.07248862954965958,0.6444703340530396,0.153066486120224,0.9129575356841088
WaveletFilter,poisson_16_gauss_0.2,16.0,0.2,sticks_024.tif,14.917236099761801,0.05253253649129591,0.6057454943656921,0.14673872292041779,0.9351489990949631
WaveletFilter,poisson_16_gauss_0.2,16.0,0.2,sticks_025.tif,14.688963775207991,0.0680490044581086,0.638517439365387,0.15340843796730042,0.9067472860217094
WaveletFilter,poisson_16_gauss_0.2,16.0,0.2,sticks_026.tif,14.699368834630109,0.05147087047501199,0.5978017449378967,0.15277782082557678,0.9361917391419411
WaveletFilter,poisson_16_gauss_0.2,16.0,0.2,sticks_027.tif,14.931969097948265,0.07719062241327303,0.6561594009399414,0.1470746099948883,0.9194808453321457
WaveletFilter,poisson_16_gauss_0.2,16.0,0.2,sticks_028.tif,14.669375547658458,0.050807556180661115,0.6014640927314758,0.15374280512332916,0.9364299803972245
WaveletFilter,poisson_16_gauss_0.2,16.0,0.2,sticks_029.tif,14.35301613807534,0.0647897142162137,0.6250364184379578,0.16249790787696838,0.915614464879036
WaveletFilter,poisson_16_gauss_0.2,16.0,0.2,sticks_030.tif,14.659695145178446,0.06425265906447437,0.626566469669342,0.15414634346961975,0.9128295212984086
WaveletFilter,poisson_16_gauss_0.2,16.0,0.2,sticks_032.tif,14.735492212696608,0.06698018390340742,0.6331648826599121,0.15199866890907288,0.9087614834308624
WaveletFilter,poisson_16_gauss_0.2,16.0,0.2,sticks_031.tif,14.93256678507704,0.0520246025289456,0.6036328673362732,0.14615291357040405,0.9386833593249321
WaveletFilter,poisson_16_gauss_0.2,16.0,0.2,sticks_033.tif,14.735698810240713,0.06806195616536685,0.6216270327568054,0.15174835920333862,0.9245020538568497
WaveletFilter,poisson_16_gauss_0.2,16.0,0.2,sticks_034.tif,14.786480212943928,0.055442200823387286,0.6052893400192261,0.15039977431297302,0.9248018026351928
WaveletFilter,poisson_16_gauss_0.2,16.0,0.2,sticks_035.tif,14.535726721089446,0.06402214253413178,0.6317762732505798,0.15789921581745148,0.9084783062338829
WaveletFilter,poisson_16_gauss_0.2,16.0,0.2,sticks_036.tif,14.71683108812613,0.04706491344925608,0.5858938097953796,0.1521862894296646,0.929741932451725
WaveletFilter,poisson_16_gauss_0.2,16.0,0.2,sticks_037.tif,14.85416912689788,0.05652583162855739,0.6006549000740051,0.14929309487342834,0.9242945984005928
WaveletFilter,poisson_16_gauss_0.2,16.0,0.2,sticks_038.tif,15.1088354152116,0.041442202353939445,0.589484691619873,0.14211530983448029,0.9452234178781509
WaveletFilter,poisson_16_gauss_0.2,16.0,0.2,sticks_040.tif,14.66335093240522,0.06694407262832948,0.6332303881645203,0.15367940068244934,0.9168268278241157
WaveletFilter,poisson_16_gauss_0.2,16.0,0.2,sticks_039.tif,14.530772169110078,0.059729991480672116,0.6243190169334412,0.15766023099422455,0.9193795695900917
WaveletFilter,poisson_16_gauss_0.2,16.0,0.2,sticks_041.tif,15.038561439756204,0.04881826981457312,0.6074225306510925,0.14320948719978333,0.9347963839769363
WaveletFilter,poisson_16_gauss_0.2,16.0,0.2,sticks_042.tif,15.292002475717245,0.043635759539567366,0.5921019315719604,0.136468306183815,0.9451525390148163
WaveletFilter,poisson_16_gauss_0.2,16.0,0.2,sticks_043.tif,14.520896090934484,0.07005193029715007,0.64054274559021,0.157931387424469,0.9082177683711052
WaveletFilter,poisson_16_gauss_0.2,16.0,0.2,sticks_044.tif,14.246781397622463,0.0668701238200154,0.6198060512542725,0.16559001803398132,0.9083960220217705
WaveletFilter,poisson_16_gauss_0.2,16.0,0.2,sticks_045.tif,14.68034513313639,0.04773078140857204,0.6076693534851074,0.15299630165100098,0.9277326062321662
WaveletFilter,poisson_16_gauss_0.2,16.0,0.2,sticks_046.tif,15.331564428035428,0.0435828248035477,0.5905390381813049,0.13502906262874603,0.950352144241333
WaveletFilter,poisson_16_gauss_0.2,16.0,0.2,sticks_047.tif,14.863139721628487,0.041895338703938016,0.5801407694816589,0.14869853854179382,0.9430745616555214
WaveletFilter,poisson_16_gauss_0.2,16.0,0.2,sticks_049.tif,13.960950549251844,0.052860063948443496,0.6030248999595642,0.17330989241600037,0.9161455005407333
WaveletFilter,poisson_16_gauss_0.2,16.0,0.2,sticks_048.tif,14.818330036027492,0.05692380736488618,0.6176328063011169,0.14935004711151123,0.935375826060772
WaveletFilter,poisson_16_gauss_0.2,16.0,0.2,sticks_050.tif,15.429595063286236,0.04601565946600776,0.5955860018730164,0.13360752165317535,0.942377670109272
WaveletFilter,poisson_16_gauss_0.2,16.0,0.2,sticks_051.tif,14.745250813274787,0.06892623749184718,0.635470986366272,0.15183621644973755,0.9099327221512794
WaveletFilter,poisson_16_gauss_0.2,16.0,0.2,sticks_053.tif,14.754352109977091,0.0689969412192552,0.6290924549102783,0.1516951471567154,0.9118244186043739
WaveletFilter,poisson_16_gauss_0.2,16.0,0.2,sticks_052.tif,14.306678764903335,0.06259691686354975,0.6239399909973145,0.1640370935201645,0.9030900508165359
WaveletFilter,poisson_16_gauss_0.2,16.0,0.2,sticks_054.tif,15.135795870009805,0.04765502526047247,0.6027225852012634,0.14067895710468292,0.9424452275037766
WaveletFilter,poisson_16_gauss_0.2,16.0,0.2,sticks_055.tif,14.24666288963557,0.06334381835489118,0.6384983658790588,0.16622114181518555,0.9070201426744461
WaveletFilter,poisson_16_gauss_0.2,16.0,0.2,sticks_056.tif,15.03674158729931,0.05768614105099938,0.6148019433021545,0.14399535953998566,0.932952243089676
WaveletFilter,poisson_16_gauss_0.2,16.0,0.2,sticks_059.tif,14.718403460997614,0.045530316879989076,0.5882964730262756,0.15168419480323792,0.9419686421751976
WaveletFilter,poisson_16_gauss_0.2,16.0,0.2,sticks_058.tif,14.921102556459644,0.06104206996513068,0.621868371963501,0.14673879742622375,0.9208792209625244
WaveletFilter,poisson_16_gauss_0.2,16.0,0.2,sticks_057.tif,14.641911274622005,0.06756879213214861,0.6343739032745361,0.15451781451702118,0.90999895632267
WaveletFilter,poisson_16_gauss_0.2,16.0,0.2,sticks_060.tif,14.929813564160026,0.043514265101725666,0.5885751247406006,0.14614072442054749,0.9429473742842674
WaveletFilter,poisson_16_gauss_0.2,16.0,0.2,sticks_063.tif,14.512475966213152,0.05696782022022541,0.6150380373001099,0.158030703663826,0.9287078350782394
WaveletFilter,poisson_16_gauss_0.2,16.0,0.2,sticks_061.tif,14.330539765640866,0.07313464294984229,0.6444899439811707,0.1632404327392578,0.9026433095335961
WaveletFilter,poisson_16_gauss_0.2,16.0,0.2,sticks_062.tif,14.634175628414177,0.04716675999823277,0.6015082001686096,0.15461298823356628,0.9281452551484108
WaveletFilter,poisson_16_gauss_0.2,16.0,0.2,sticks_067.tif,14.362090853229063,0.06417265925287863,0.6242411136627197,0.1622130572795868,0.91787848174572
WaveletFilter,poisson_16_gauss_0.2,16.0,0.2,sticks_066.tif,14.42020094596679,0.06182908386069341,0.6131730675697327,0.1606602519750595,0.910250124335289
WaveletFilter,poisson_16_gauss_0.2,16.0,0.2,sticks_065.tif,14.7271592136443,0.057206105877672726,0.623655378818512,0.1522710621356964,0.9167352572083474
WaveletFilter,poisson_16_gauss_0.2,16.0,0.2,sticks_068.tif,15.123749727826405,0.04931254886158716,0.5948566198348999,0.14111317694187164,0.9449925318360328
WaveletFilter,poisson_16_gauss_0.2,16.0,0.2,sticks_069.tif,14.946274304881339,0.06258015674949986,0.631146252155304,0.14585907757282257,0.9225781738758088
WaveletFilter,poisson_16_gauss_0.2,16.0,0.2,sticks_064.tif,14.989428469797094,0.05232075768269524,0.6152743101119995,0.14471952617168427,0.9370245933532715
WaveletFilter,poisson_16_gauss_0.2,16.0,0.2,sticks_070.tif,14.75878488717833,0.057871520693677146,0.6151764392852783,0.15150561928749084,0.9335303112864495
WaveletFilter,poisson_16_gauss_0.2,16.0,0.2,sticks_071.tif,14.684914485467246,0.06305432937138884,0.6241813898086548,0.15344375371932983,0.9231201007962226
WaveletFilter,poisson_16_gauss_0.2,16.0,0.2,sticks_072.tif,14.98699377249142,0.0462465118182172,0.5958796143531799,0.14567358791828156,0.941021928191185
WaveletFilter,poisson_16_gauss_0.2,16.0,0.2,sticks_073.tif,15.123862349478351,0.05179938161896112,0.6110216975212097,0.1410328596830368,0.9380299970507622
WaveletFilter,poisson_16_gauss_0.2,16.0,0.2,sticks_074.tif,14.671065472565228,0.05346882226542325,0.6044672727584839,0.15349820256233215,0.9298739939928055
WaveletFilter,poisson_16_gauss_0.2,16.0,0.2,sticks_075.tif,14.444172444096292,0.06655988794200735,0.6268233060836792,0.16006729006767273,0.9040909826755523
WaveletFilter,poisson_16_gauss_0.2,16.0,0.2,sticks_076.tif,14.608779801650948,0.05915631150200277,0.6237910389900208,0.1553836613893509,0.9342759802937508
WaveletFilter,poisson_16_gauss_0.2,16.0,0.2,sticks_077.tif,14.584726552814082,0.07079381221195584,0.6410139203071594,0.1560438573360443,0.903658190369606
WaveletFilter,poisson_16_gauss_0.2,16.0,0.2,sticks_078.tif,14.528572345392181,0.05692059074758317,0.6132269501686096,0.1576519012451172,0.9094663515686989
WaveletFilter,poisson_16_gauss_0.2,16.0,0.2,sticks_079.tif,14.597715049196152,0.06016367286120755,0.6232576966285706,0.1555561125278473,0.9258326798677444
WaveletFilter,poisson_16_gauss_0.2,16.0,0.2,sticks_080.tif,14.603748142616217,0.0741449235673039,0.6374699473381042,0.1558278501033783,0.9045598611235619
WaveletFilter,poisson_16_gauss_0.2,16.0,0.2,sticks_081.tif,14.613826639527703,0.06968394186034436,0.6314073204994202,0.15530332922935486,0.9177272751927376
WaveletFilter,poisson_16_gauss_0.2,16.0,0.2,sticks_082.tif,14.613141083637501,0.06691728375152824,0.6367630362510681,0.15544454753398895,0.9191333264112472
WaveletFilter,poisson_16_gauss_0.2,16.0,0.2,sticks_084.tif,14.820889745207113,0.062192351852370285,0.6308224201202393,0.14995025098323822,0.9187234148383141
WaveletFilter,poisson_16_gauss_0.2,16.0,0.2,sticks_083.tif,14.817012648197988,0.05319319851991856,0.6053955554962158,0.14941544830799103,0.9308063626289368
WaveletFilter,poisson_16_gauss_0.2,16.0,0.2,sticks_085.tif,14.656428445359335,0.05778637090977304,0.6203734278678894,0.15424013137817383,0.9060100302100181
WaveletFilter,poisson_16_gauss_0.2,16.0,0.2,sticks_086.tif,14.454809152556155,0.06253333029862719,0.6248031258583069,0.16028931736946106,0.8991440162062645
WaveletFilter,poisson_16_gauss_0.2,16.0,0.2,sticks_088.tif,14.745456904697605,0.06065295434677482,0.6174454689025879,0.15161897242069244,0.9160915404558182
WaveletFilter,poisson_16_gauss_0.2,16.0,0.2,sticks_087.tif,15.050381658460484,0.06068354657303993,0.6291435360908508,0.1433642953634262,0.9217080786824227
WaveletFilter,poisson_16_gauss_0.2,16.0,0.2,sticks_089.tif,15.065102710277465,0.054731649698066064,0.6134400963783264,0.1428748220205307,0.9370388284325599
WaveletFilter,poisson_16_gauss_0.2,16.0,0.2,sticks_090.tif,14.37628969873886,0.06690699165230206,0.6329261064529419,0.16202257573604584,0.9037120342254639
WaveletFilter,poisson_16_gauss_0.2,16.0,0.2,sticks_091.tif,14.552394491503078,0.05035794199159135,0.5988671779632568,0.15693190693855286,0.9186428979039192
WaveletFilter,poisson_16_gauss_0.2,16.0,0.2,sticks_092.tif,15.067390594142598,0.05785687975868838,0.6211488246917725,0.14336368441581726,0.925723546743393
WaveletFilter,poisson_16_gauss_0.2,16.0,0.2,sticks_093.tif,14.79406274841709,0.07044057654726539,0.6351616382598877,0.15049108862876892,0.9220328986644745
WaveletFilter,poisson_16_gauss_0.2,16.0,0.2,sticks_095.tif,13.983197846331695,0.07565920653499573,0.6367141008377075,0.17308983206748962,0.8919172614812851
WaveletFilter,poisson_16_gauss_0.2,16.0,0.2,sticks_096.tif,14.58910739050629,0.0651826852131524,0.6203795671463013,0.15597108006477356,0.9167708784341813
WaveletFilter,poisson_16_gauss_0.2,16.0,0.2,sticks_097.tif,13.98838079149425,0.05455704890054622,0.6158154606819153,0.1723782867193222,0.9231351837515831
WaveletFilter,poisson_16_gauss_0.2,16.0,0.2,sticks_098.tif,14.354686470969904,0.06922947702710179,0.6301221251487732,0.1627005636692047,0.9081540241837501
WaveletFilter,poisson_16_gauss_0.2,16.0,0.2,sticks_099.tif,14.685031333287743,0.05929617153584672,0.6215077042579651,0.153399258852005,0.9253819838166237
WaveletFilter,poisson_16_gauss_0.2,16.0,0.2,sticks_094.tif,14.841721929629825,0.06450771837554019,0.6218456029891968,0.1493988335132599,0.905537585914135
WaveletFilter,poisson_1_gauss_0.05,1.0,0.05,sticks_000.tif,16.151876840335714,0.04459597957009515,0.7319210171699524,0.14034071564674377,0.5589367873966694
WaveletFilter,poisson_1_gauss_0.05,1.0,0.05,sticks_001.tif,16.165954263403698,0.05708689908347719,0.7474333643913269,0.1367998868227005,0.5825998015701771
WaveletFilter,poisson_1_gauss_0.05,1.0,0.05,sticks_002.tif,17.201055805016377,0.040893302223673454,0.7463470697402954,0.12218239158391953,0.5397112905979157
WaveletFilter,poisson_1_gauss_0.05,1.0,0.05,sticks_003.tif,16.49896566599717,0.050234562780895026,0.7355021238327026,0.1336122751235962,0.5520843736827373
WaveletFilter,poisson_1_gauss_0.05,1.0,0.05,sticks_004.tif,16.29517207960198,0.05198287716313963,0.7370691895484924,0.13685552775859833,0.5579691410064698
WaveletFilter,poisson_1_gauss_0.05,1.0,0.05,sticks_005.tif,16.624196336345264,0.041265241963712944,0.7156663537025452,0.13195262849330902,0.5566261731088161
WaveletFilter,poisson_1_gauss_0.05,1.0,0.05,sticks_007.tif,15.532228188908519,0.048181787335695885,0.7421461939811707,0.152269646525383,0.5674986198544503
WaveletFilter,poisson_1_gauss_0.05,1.0,0.05,sticks_009.tif,16.628547390817868,0.040093708280331146,0.7337701320648193,0.13218781352043152,0.5476989284157753
WaveletFilter,poisson_1_gauss_0.05,1.0,0.05,sticks_008.tif,15.104763220463141,0.04584925999742136,0.7079671621322632,0.16176843643188477,0.5675599865615368
WaveletFilter,poisson_1_gauss_0.05,1.0,0.05,sticks_011.tif,15.789688741012682,0.05155006185638611,0.7422476410865784,0.14752283692359924,0.5544487103819847
WaveletFilter,poisson_1_gauss_0.05,1.0,0.05,sticks_006.tif,16.719071945893905,0.04230711189964402,0.7263309955596924,0.13109418749809265,0.5508830428123475
WaveletFilter,poisson_1_gauss_0.05,1.0,0.05,sticks_010.tif,16.036396863425836,0.045808429755844565,0.7318969368934631,0.1429515779018402,0.5545112773776054
WaveletFilter,poisson_1_gauss_0.05,1.0,0.05,sticks_012.tif,16.177449013861583,0.04721625560939356,0.7386629581451416,0.13832181692123413,0.567543176561594
WaveletFilter,poisson_1_gauss_0.05,1.0,0.05,sticks_016.tif,16.657173218234075,0.051353707963838126,0.7419276237487793,0.13066598773002625,0.546262077242136
WaveletFilter,poisson_1_gauss_0.05,1.0,0.05,sticks_013.tif,16.093972278876794,0.05374011713013737,0.7420611381530762,0.14171674847602844,0.5418337434530258
WaveletFilter,poisson_1_gauss_0.05,1.0,0.05,sticks_014.tif,17.069018221234774,0.03919258129942159,0.7435402274131775,0.12172125279903412,0.5772590793669223
WaveletFilter,poisson_1_gauss_0.05,1.0,0.05,sticks_015.tif,16.283559487345418,0.048203272020876306,0.739154040813446,0.13819441199302673,0.5516554191708565
WaveletFilter,poisson_1_gauss_0.05,1.0,0.05,sticks_018.tif,16.050577030948517,0.048588513750737784,0.7452028393745422,0.14185020327568054,0.5580269180238246
WaveletFilter,poisson_1_gauss_0.05,1.0,0.05,sticks_020.tif,15.40242459975412,0.04695347380054416,0.7228919863700867,0.15634635090827942,0.5445803999900818
WaveletFilter,poisson_1_gauss_0.05,1.0,0.05,sticks_017.tif,16.230096185306635,0.044551945648549036,0.7315446138381958,0.13863761723041534,0.5627109669148922
WaveletFilter,poisson_1_gauss_0.05,1.0,0.05,sticks_019.tif,15.97709299023522,0.05196367607971404,0.736987829208374,0.14426137506961823,0.5440403327345849
WaveletFilter,poisson_1_gauss_0.05,1.0,0.05,sticks_021.tif,16.01914436858078,0.04861910538388459,0.7261396646499634,0.14391791820526123,0.5417245127260685
WaveletFilter,poisson_1_gauss_0.05,1.0,0.05,sticks_022.tif,15.392633665739153,0.04049423727923888,0.7190024256706238,0.15662871301174164,0.5527901351451874
WaveletFilter,poisson_1_gauss_0.05,1.0,0.05,sticks_023.tif,15.865377717169135,0.05525080331830866,0.744808554649353,0.14488905668258667,0.5583999827504158
WaveletFilter,poisson_1_gauss_0.05,1.0,0.05,sticks_024.tif,16.4838312966652,0.04410114651704044,0.7282594442367554,0.1338033825159073,0.5612478092312813
WaveletFilter,poisson_1_gauss_0.05,1.0,0.05,sticks_025.tif,16.040587750910852,0.05458485965677804,0.746473491191864,0.1423502266407013,0.5492745779454709
WaveletFilter,poisson_1_gauss_0.05,1.0,0.05,sticks_026.tif,15.973343774296433,0.04182202405777953,0.7245414853096008,0.14390762150287628,0.5566552624106407
WaveletFilter,poisson_1_gauss_0.05,1.0,0.05,sticks_027.tif,16.039385622434907,0.05838756942837415,0.7542021870613098,0.1384551078081131,0.5844973079860211
WaveletFilter,poisson_1_gauss_0.05,1.0,0.05,sticks_028.tif,16.217219425411443,0.04254434308750905,0.7259235978126526,0.138771191239357,0.5607075482606888
WaveletFilter,poisson_1_gauss_0.05,1.0,0.05,sticks_029.tif,15.133551582832334,0.04837634871282148,0.7201389074325562,0.16161134839057922,0.5500341407954693
WaveletFilter,poisson_1_gauss_0.05,1.0,0.05,sticks_030.tif,15.635518156308997,0.049477279562177526,0.7293215394020081,0.15081627666950226,0.5513608299195767
WaveletFilter,poisson_1_gauss_0.05,1.0,0.05,sticks_032.tif,16.172016347591317,0.05402123930872953,0.7343752980232239,0.14022159576416016,0.5475766144692897
WaveletFilter,poisson_1_gauss_0.05,1.0,0.05,sticks_031.tif,16.480655197454507,0.04377575232809885,0.7399033308029175,0.13273997604846954,0.5646492585539817
WaveletFilter,poisson_1_gauss_0.05,1.0,0.05,sticks_033.tif,15.915581387292006,0.05175106806728133,0.7169026136398315,0.14441083371639252,0.5573004826903343
WaveletFilter,poisson_1_gauss_0.05,1.0,0.05,sticks_034.tif,16.138831478187917,0.04486642391418712,0.733965277671814,0.14042872190475464,0.5563465557992459
WaveletFilter,poisson_1_gauss_0.05,1.0,0.05,sticks_035.tif,15.932799252994192,0.05146451859020168,0.7369994521141052,0.14494670927524567,0.5464617624878884
WaveletFilter,poisson_1_gauss_0.05,1.0,0.05,sticks_036.tif,16.164473873138704,0.03990321880561893,0.7138063311576843,0.14260931313037872,0.5360943846404552
WaveletFilter,poisson_1_gauss_0.05,1.0,0.05,sticks_037.tif,16.128228430289965,0.04536851818957357,0.7178798913955688,0.14085373282432556,0.5590138033032417
WaveletFilter,poisson_1_gauss_0.05,1.0,0.05,sticks_038.tif,16.203634326388826,0.035179116055969746,0.7297554612159729,0.13967005908489227,0.5618351317942143
WaveletFilter,poisson_1_gauss_0.05,1.0,0.05,sticks_040.tif,16.195595923036834,0.0531640557734581,0.7429313063621521,0.13865287601947784,0.5530838787555694
WaveletFilter,poisson_1_gauss_0.05,1.0,0.05,sticks_039.tif,15.552300565058651,0.046454019927727054,0.739226222038269,0.15356245636940002,0.5493944540619851
WaveletFilter,poisson_1_gauss_0.05,1.0,0.05,sticks_041.tif,16.820395497704965,0.042857644299918514,0.7482286691665649,0.12761591374874115,0.5577261403203011
WaveletFilter,poisson_1_gauss_0.05,1.0,0.05,sticks_042.tif,17.25898468544517,0.04083094853697848,0.7398231625556946,0.11896511167287827,0.5662473663687706
WaveletFilter,poisson_1_gauss_0.05,1.0,0.05,sticks_043.tif,15.747864522101265,0.0540928405406581,0.7467291355133057,0.1482710987329483,0.5506279215216636
WaveletFilter,poisson_1_gauss_0.05,1.0,0.05,sticks_044.tif,15.363222697131649,0.0516957411804309,0.7150018215179443,0.15717527270317078,0.5476974949240685
WaveletFilter,poisson_1_gauss_0.05,1.0,0.05,sticks_045.tif,16.76113081168147,0.042817295021697344,0.7448439598083496,0.1292215883731842,0.549028004705906
WaveletFilter,poisson_1_gauss_0.05,1.0,0.05,sticks_046.tif,17.025198466496967,0.03918392652045616,0.7302801012992859,0.1236010417342186,0.5610227696597576
WaveletFilter,poisson_1_gauss_0.05,1.0,0.05,sticks_047.tif,16.32316336183822,0.03618885259917805,0.714885950088501,0.13743886351585388,0.5583584345877171
WaveletFilter,poisson_1_gauss_0.05,1.0,0.05,sticks_049.tif,15.349166104873461,0.042574660580806056,0.7229651212692261,0.15842266380786896,0.5378585949540138
WaveletFilter,poisson_1_gauss_0.05,1.0,0.05,sticks_048.tif,16.577814701794505,0.04838190799889429,0.7465236186981201,0.13051359355449677,0.5657784096896649
WaveletFilter,poisson_1_gauss_0.05,1.0,0.05,sticks_050.tif,17.40642512647377,0.04136339879966492,0.7449740767478943,0.11709985882043839,0.5580901242792606
WaveletFilter,poisson_1_gauss_0.05,1.0,0.05,sticks_051.tif,15.999574644189487,0.0548660842540566,0.7423441410064697,0.14216920733451843,0.5620808705687523
WaveletFilter,poisson_1_gauss_0.05,1.0,0.05,sticks_053.tif,16.039719847767575,0.053732811018183745,0.739928662776947,0.1423574984073639,0.5537476100027561
WaveletFilter,poisson_1_gauss_0.05,1.0,0.05,sticks_052.tif,15.455062246028515,0.048846848354261285,0.7406803369522095,0.155827596783638,0.5354856945574283
WaveletFilter,poisson_1_gauss_0.05,1.0,0.05,sticks_054.tif,16.823685860980817,0.041342093543964197,0.7351287007331848,0.1274615377187729,0.55577093064785
WaveletFilter,poisson_1_gauss_0.05,1.0,0.05,sticks_055.tif,15.205432390791787,0.04833194799192217,0.748311460018158,0.15965208411216736,0.5490907892584801
WaveletFilter,poisson_1_gauss_0.05,1.0,0.05,sticks_056.tif,16.421905714495622,0.04648318330999449,0.7387896776199341,0.13453662395477295,0.5533819645643234
WaveletFilter,poisson_1_gauss_0.05,1.0,0.05,sticks_059.tif,16.081361180951937,0.0383116230649386,0.7081479430198669,0.14288154244422913,0.5513227865099907
WaveletFilter,poisson_1_gauss_0.05,1.0,0.05,sticks_058.tif,16.190978540740282,0.04900957002593191,0.7397013306617737,0.13951657712459564,0.5543288134038449
WaveletFilter,poisson_1_gauss_0.05,1.0,0.05,sticks_057.tif,16.199349030038668,0.0549302566733826,0.7411158084869385,0.13898663222789764,0.5533895909786224
WaveletFilter,poisson_1_gauss_0.05,1.0,0.05,sticks_060.tif,16.41098638922758,0.03791844542728784,0.7302579879760742,0.1359747350215912,0.5630030184984207
WaveletFilter,poisson_1_gauss_0.05,1.0,0.05,sticks_063.tif,15.335430713366762,0.04329773488416774,0.7311974763870239,0.1565232276916504,0.560434778034687
WaveletFilter,poisson_1_gauss_0.05,1.0,0.05,sticks_061.tif,15.244048539031683,0.054669324548273904,0.7377668023109436,0.15965016186237335,0.5447402201592922
WaveletFilter,poisson_1_gauss_0.05,1.0,0.05,sticks_062.tif,15.791550838761578,0.03839577215046426,0.7430545687675476,0.1491701900959015,0.5426871545612812
WaveletFilter,poisson_1_gauss_0.05,1.0,0.05,sticks_067.tif,15.360437888515765,0.047977019673509,0.7276893258094788,0.1565691977739334,0.55643340498209
WaveletFilter,poisson_1_gauss_0.05,1.0,0.05,sticks_066.tif,15.465149710577608,0.04799589404331832,0.7207558155059814,0.1555563509464264,0.5394025810062886
WaveletFilter,poisson_1_gauss_0.05,1.0,0.05,sticks_065.tif,16.364358246873525,0.048517285870430284,0.7514109015464783,0.135358065366745,0.5542899392545223
WaveletFilter,poisson_1_gauss_0.05,1.0,0.05,sticks_068.tif,16.440208419132002,0.04091372160716025,0.7333729267120361,0.1342189460992813,0.5679983966052532
WaveletFilter,poisson_1_gauss_0.05,1.0,0.05,sticks_069.tif,16.305034745551488,0.05078104632088777,0.7482491135597229,0.1367904394865036,0.562212985008955
WaveletFilter,poisson_1_gauss_0.05,1.0,0.05,sticks_064.tif,16.645336967327584,0.044528129618423215,0.7465428113937378,0.12933558225631714,0.5654457472264767
WaveletFilter,poisson_1_gauss_0.05,1.0,0.05,sticks_070.tif,15.941818107897799,0.04596257834702296,0.7259817719459534,0.14465287327766418,0.5612357795238495
WaveletFilter,poisson_1_gauss_0.05,1.0,0.05,sticks_071.tif,16.043975645891855,0.049891037378209345,0.7315270900726318,0.14233717322349548,0.5541337735950946
WaveletFilter,poisson_1_gauss_0.05,1.0,0.05,sticks_072.tif,16.15170532070266,0.037959939262615594,0.7254253029823303,0.14138105511665344,0.5515931881964207
WaveletFilter,poisson_1_gauss_0.05,1.0,0.05,sticks_073.tif,16.975982715917684,0.044729563930846955,0.7443442344665527,0.1236044391989708,0.5612926267087459
WaveletFilter,poisson_1_gauss_0.05,1.0,0.05,sticks_074.tif,15.894941202399425,0.04251309424409415,0.7140846848487854,0.14687684178352356,0.5464676469564438
WaveletFilter,poisson_1_gauss_0.05,1.0,0.05,sticks_075.tif,16.016070712620206,0.05400974616784217,0.7341554164886475,0.14401990175247192,0.5369023382663727
WaveletFilter,poisson_1_gauss_0.05,1.0,0.05,sticks_076.tif,15.300346144826724,0.0445299072105463,0.7235574722290039,0.15710808336734772,0.5705990582704544
WaveletFilter,poisson_1_gauss_0.05,1.0,0.05,sticks_077.tif,15.863310246682351,0.05521199041173463,0.7453247308731079,0.14641058444976807,0.5458114378154277
WaveletFilter,poisson_1_gauss_0.05,1.0,0.05,sticks_078.tif,15.79623145515638,0.04629063512943299,0.7379216551780701,0.14928176999092102,0.535738131403923
WaveletFilter,poisson_1_gauss_0.05,1.0,0.05,sticks_079.tif,15.869006513808108,0.04761201261714557,0.7315159440040588,0.14497599005699158,0.5673777006566525
WaveletFilter,poisson_1_gauss_0.05,1.0,0.05,sticks_080.tif,15.79369733015441,0.057228602437889395,0.7347639203071594,0.14715027809143066,0.5529464729130268
WaveletFilter,poisson_1_gauss_0.05,1.0,0.05,sticks_081.tif,15.360779907652065,0.05147223269943761,0.7202287316322327,0.15645834803581238,0.5571200378239155
WaveletFilter,poisson_1_gauss_0.05,1.0,0.05,sticks_082.tif,15.905416617702057,0.05200165517810539,0.7454402446746826,0.14402024447917938,0.5662432447075844
WaveletFilter,poisson_1_gauss_0.05,1.0,0.05,sticks_084.tif,16.45787638042713,0.05095788173770807,0.7506757378578186,0.13294830918312073,0.5671342194080353
WaveletFilter,poisson_1_gauss_0.05,1.0,0.05,sticks_083.tif,16.600696911411383,0.04600513592000799,0.7311413884162903,0.13221889734268188,0.5529825456440449
WaveletFilter,poisson_1_gauss_0.05,1.0,0.05,sticks_085.tif,16.384835892499574,0.047708412516930844,0.7497875094413757,0.1368260234594345,0.535269558429718
WaveletFilter,poisson_1_gauss_0.05,1.0,0.05,sticks_086.tif,15.954584877259954,0.05055733455133403,0.7424840927124023,0.14540043473243713,0.5362641453742981
WaveletFilter,poisson_1_gauss_0.05,1.0,0.05,sticks_088.tif,16.63110026020196,0.05136260190396202,0.7407711744308472,0.13221706449985504,0.5357273362576962
WaveletFilter,poisson_1_gauss_0.05,1.0,0.05,sticks_087.tif,16.60354833978952,0.05025713214729426,0.7575972080230713,0.13074776530265808,0.559341698884964
WaveletFilter,poisson_1_gauss_0.05,1.0,0.05,sticks_089.tif,16.635889621146625,0.045543087757318725,0.737192690372467,0.1306341588497162,0.5568082593381405
WaveletFilter,poisson_1_gauss_0.05,1.0,0.05,sticks_090.tif,15.656699604905121,0.051744340124311144,0.7441297173500061,0.15108393132686615,0.5434662796556949
WaveletFilter,poisson_1_gauss_0.05,1.0,0.05,sticks_091.tif,16.057275507529233,0.04257529701618109,0.7221542000770569,0.14411506056785583,0.5328690849244595
WaveletFilter,poisson_1_gauss_0.05,1.0,0.05,sticks_092.tif,16.693469605580262,0.0479808316873747,0.7479985356330872,0.12845344841480255,0.5636159300804138
WaveletFilter,poisson_1_gauss_0.05,1.0,0.05,sticks_093.tif,15.895397137076998,0.05354340297652318,0.7353630661964417,0.14394061267375946,0.5679242476820946
WaveletFilter,poisson_1_gauss_0.05,1.0,0.05,sticks_095.tif,15.06982055389055,0.05717648467109257,0.7303545475006104,0.162628173828125,0.5527619369328022
WaveletFilter,poisson_1_gauss_0.05,1.0,0.05,sticks_096.tif,16.045395597115956,0.052174214091085844,0.7343088388442993,0.14141246676445007,0.5546889208257199
WaveletFilter,poisson_1_gauss_0.05,1.0,0.05,sticks_097.tif,15.14901015534493,0.043018504141186395,0.7298913598060608,0.1610042303800583,0.5595418646931648
WaveletFilter,poisson_1_gauss_0.05,1.0,0.05,sticks_098.tif,15.409490106687072,0.05248548260875899,0.736598789691925,0.15527421236038208,0.5521542944014073
WaveletFilter,poisson_1_gauss_0.05,1.0,0.05,sticks_099.tif,16.002788213383315,0.04765253402798263,0.7477481961250305,0.1428222954273224,0.5616183929145336
WaveletFilter,poisson_1_gauss_0.05,1.0,0.05,sticks_094.tif,16.737085884389543,0.05481741201718673,0.7368819713592529,0.12968721985816956,0.5301419541239738
WaveletFilter,poisson_1_gauss_0.1,1.0,0.1,sticks_000.tif,16.06025056608188,0.04345633426030463,0.7027403712272644,0.13780847191810608,0.7160111993551255
WaveletFilter,poisson_1_gauss_0.1,1.0,0.1,sticks_001.tif,15.929327114506426,0.05621603881444053,0.7200978994369507,0.1385127753019333,0.719659635424614
WaveletFilter,poisson_1_gauss_0.1,1.0,0.1,sticks_002.tif,16.788758872946016,0.03784288737558315,0.7086894512176514,0.1245671734213829,0.711181902885437
WaveletFilter,poisson_1_gauss_0.1,1.0,0.1,sticks_003.tif,16.163515813916717,0.04811258785204008,0.7049721479415894,0.13553360104560852,0.7057122066617012
WaveletFilter,poisson_1_gauss_0.1,1.0,0.1,sticks_004.tif,16.00288864518929,0.050019088372380664,0.7091567516326904,0.13803009688854218,0.7102865725755692
WaveletFilter,poisson_1_gauss_0.1,1.0,0.1,sticks_005.tif,16.340804804902994,0.03920781486679785,0.6845755577087402,0.13311021029949188,0.7138466745615005
WaveletFilter,poisson_1_gauss_0.1,1.0,0.1,sticks_007.tif,15.396768361829922,0.04715915365401624,0.7136120200157166,0.15108703076839447,0.7175394743680954
WaveletFilter,poisson_1_gauss_0.1,1.0,0.1,sticks_009.tif,16.59783179943929,0.03870525461340198,0.7045815587043762,0.12753120064735413,0.7120748639106751
WaveletFilter,poisson_1_gauss_0.1,1.0,0.1,sticks_008.tif,15.076285088553812,0.04570314382944736,0.6873047351837158,0.15856993198394775,0.7191539406776428
WaveletFilter,poisson_1_gauss_0.1,1.0,0.1,sticks_011.tif,15.581033686557333,0.050521997234607305,0.7142940163612366,0.14814387261867523,0.7043653532862664
WaveletFilter,poisson_1_gauss_0.1,1.0,0.1,sticks_006.tif,16.431282312842107,0.04010930425983303,0.6940671801567078,0.13180242478847504,0.7112379848957062
WaveletFilter,poisson_1_gauss_0.1,1.0,0.1,sticks_010.tif,15.715934212953027,0.04375989716878439,0.6997649669647217,0.14520713686943054,0.7097852602601051
WaveletFilter,poisson_1_gauss_0.1,1.0,0.1,sticks_012.tif,15.914483587206742,0.045529094330226574,0.7071958780288696,0.13955217599868774,0.7171609282493592
WaveletFilter,poisson_1_gauss_0.1,1.0,0.1,sticks_016.tif,16.47550092665812,0.049757723844040175,0.7129471302032471,0.1293281614780426,0.7007489070296288
WaveletFilter,poisson_1_gauss_0.1,1.0,0.1,sticks_013.tif,15.850035102928786,0.052382654669237895,0.7133384346961975,0.14288529753684998,0.6891741394996643
WaveletFilter,poisson_1_gauss_0.1,1.0,0.1,sticks_014.tif,16.66534911339555,0.036081054604284575,0.7076868414878845,0.12420432269573212,0.7332410231232643
WaveletFilter,poisson_1_gauss_0.1,1.0,0.1,sticks_015.tif,16.184490307567316,0.04713278526619526,0.7127496600151062,0.13548783957958221,0.7057544514536858
WaveletFilter,poisson_1_gauss_0.1,1.0,0.1,sticks_018.tif,15.88008295383611,0.04736394199434998,0.7151763439178467,0.14116869866847992,0.7076414138078689
WaveletFilter,poisson_1_gauss_0.1,1.0,0.1,sticks_020.tif,15.289246657186162,0.046095426047128484,0.695610761642456,0.1550193578004837,0.6974836543202401
WaveletFilter,poisson_1_gauss_0.1,1.0,0.1,sticks_017.tif,16.146336124051423,0.0430840599546549,0.7056413888931274,0.13510149717330933,0.7195932358503342
WaveletFilter,poisson_1_gauss_0.1,1.0,0.1,sticks_019.tif,15.796373586638259,0.05083258085756557,0.7098230719566345,0.14372996985912323,0.6981380820274353
WaveletFilter,poisson_1_gauss_0.1,1.0,0.1,sticks_021.tif,15.660551367875248,0.04650507669486649,0.6967967748641968,0.14680258929729462,0.6993847757577896
WaveletFilter,poisson_1_gauss_0.1,1.0,0.1,sticks_022.tif,15.418065434921695,0.03989968233969067,0.6901452541351318,0.15249261260032654,0.7071240752935409
WaveletFilter,poisson_1_gauss_0.1,1.0,0.1,sticks_023.tif,15.560849852697142,0.05387252186199671,0.7169933915138245,0.14765100181102753,0.7054435163736343
WaveletFilter,poisson_1_gauss_0.1,1.0,0.1,sticks_024.tif,16.125684822573074,0.041974019744194103,0.6969540119171143,0.13668128848075867,0.7161952257156372
WaveletFilter,poisson_1_gauss_0.1,1.0,0.1,sticks_025.tif,16.0414145508914,0.054427483840333135,0.7230280041694641,0.13802072405815125,0.6991731181740761
WaveletFilter,poisson_1_gauss_0.1,1.0,0.1,sticks_026.tif,15.916552615332787,0.04073785294563351,0.694839358329773,0.14093032479286194,0.7125520870089531
WaveletFilter,poisson_1_gauss_0.1,1.0,0.1,sticks_027.tif,15.886451550680839,0.05784528341063154,0.7304589748382568,0.13790570199489594,0.7196983620524406
WaveletFilter,poisson_1_gauss_0.1,1.0,0.1,sticks_028.tif,15.936194957112708,0.04064056032501333,0.6938145160675049,0.14035487174987793,0.7189239442348481
WaveletFilter,poisson_1_gauss_0.1,1.0,0.1,sticks_029.tif,15.167665761557656,0.048204130143387994,0.6978257298469543,0.15703018009662628,0.7040599256753921
WaveletFilter,poisson_1_gauss_0.1,1.0,0.1,sticks_030.tif,15.417019947608342,0.04820790025691711,0.7023808360099792,0.15141412615776062,0.7012497171759605
WaveletFilter,poisson_1_gauss_0.1,1.0,0.1,sticks_032.tif,15.95354648495051,0.05276855820787081,0.7081151008605957,0.14067639410495758,0.6984808996319771
WaveletFilter,poisson_1_gauss_0.1,1.0,0.1,sticks_031.tif,16.14506602288223,0.04140203046548492,0.7048571705818176,0.13496807217597961,0.7172958791255951
WaveletFilter,poisson_1_gauss_0.1,1.0,0.1,sticks_033.tif,15.748141484741494,0.05092395956400432,0.6928131580352783,0.1438390612602234,0.7099393263459206
WaveletFilter,poisson_1_gauss_0.1,1.0,0.1,sticks_034.tif,15.921603903950999,0.0433415380853891,0.7028757333755493,0.14066186547279358,0.7084885343909264
WaveletFilter,poisson_1_gauss_0.1,1.0,0.1,sticks_035.tif,15.76679473758009,0.050313569907260394,0.7100421786308289,0.1444820612668991,0.6982443392276764
WaveletFilter,poisson_1_gauss_0.1,1.0,0.1,sticks_036.tif,15.820911182257069,0.03763712939252227,0.6807602047920227,0.14505168795585632,0.7006081983447074
WaveletFilter,poisson_1_gauss_0.1,1.0,0.1,sticks_037.tif,15.808034381005696,0.04314355830405023,0.6873290538787842,0.14269375801086426,0.7138122513890266
WaveletFilter,poisson_1_gauss_0.1,1.0,0.1,sticks_038.tif,16.173346391135006,0.03367547673383635,0.6956632733345032,0.1357302963733673,0.7233593851327896
WaveletFilter,poisson_1_gauss_0.1,1.0,0.1,sticks_040.tif,16.086457391052363,0.052355700430560634,0.7185155153274536,0.13609987497329712,0.7090460196137428
WaveletFilter,poisson_1_gauss_0.1,1.0,0.1,sticks_039.tif,15.538752851542473,0.04550120790887437,0.711772620677948,0.14913782477378845,0.7094487056136132
WaveletFilter,poisson_1_gauss_0.1,1.0,0.1,sticks_041.tif,16.380795367256326,0.04008044304581044,0.7103134989738464,0.13196924328804016,0.7123922660946846
WaveletFilter,poisson_1_gauss_0.1,1.0,0.1,sticks_042.tif,16.906427390052375,0.03799735318175465,0.7043468952178955,0.12062795460224152,0.7218968063592911
WaveletFilter,poisson_1_gauss_0.1,1.0,0.1,sticks_043.tif,15.48979526299783,0.052521061973023725,0.7188863158226013,0.14946961402893066,0.7015745431184769
WaveletFilter,poisson_1_gauss_0.1,1.0,0.1,sticks_044.tif,14.97402787577296,0.05002373730128539,0.6864618062973022,0.16244040429592133,0.6976515606045723
WaveletFilter,poisson_1_gauss_0.1,1.0,0.1,sticks_045.tif,16.113412183167352,0.03903202232403701,0.706345796585083,0.1370813250541687,0.7080735817551613
WaveletFilter,poisson_1_gauss_0.1,1.0,0.1,sticks_046.tif,16.681708232874605,0.03663976408611224,0.695038378238678,0.1251281201839447,0.7194134086370468
WaveletFilter,poisson_1_gauss_0.1,1.0,0.1,sticks_047.tif,15.959461269257467,0.033748637923085724,0.6796979904174805,0.14029276371002197,0.719530065357685
WaveletFilter,poisson_1_gauss_0.1,1.0,0.1,sticks_049.tif,15.187696411802854,0.04119184349622966,0.6927638053894043,0.15789392590522766,0.7002971231937408
WaveletFilter,poisson_1_gauss_0.1,1.0,0.1,sticks_048.tif,16.29348644802429,0.046205093957740036,0.7154263257980347,0.13121725618839264,0.7221214011311531
WaveletFilter,poisson_1_gauss_0.1,1.0,0.1,sticks_050.tif,16.930336879084464,0.03801821375227423,0.7057095170021057,0.12089760601520538,0.7205995440483093
WaveletFilter,poisson_1_gauss_0.1,1.0,0.1,sticks_051.tif,15.991107811835006,0.05436297794933095,0.7194187045097351,0.13780157268047333,0.7066810593008995
WaveletFilter,poisson_1_gauss_0.1,1.0,0.1,sticks_053.tif,15.704384235745628,0.051904186680072815,0.7109538912773132,0.14514432847499847,0.7022024556994438
WaveletFilter,poisson_1_gauss_0.1,1.0,0.1,sticks_052.tif,15.59948105279222,0.049126494407458726,0.7134096026420593,0.14891566336154938,0.692019322514534
WaveletFilter,poisson_1_gauss_0.1,1.0,0.1,sticks_054.tif,16.478647367564964,0.039158647100909216,0.7021917700767517,0.12933681905269623,0.7165408089756966
WaveletFilter,poisson_1_gauss_0.1,1.0,0.1,sticks_055.tif,15.03784218333635,0.04752664113270398,0.7205665111541748,0.1599702537059784,0.695867320895195
WaveletFilter,poisson_1_gauss_0.1,1.0,0.1,sticks_056.tif,16.298114158146937,0.04529241094479374,0.7100452780723572,0.1321757435798645,0.7131410285830497
WaveletFilter,poisson_1_gauss_0.1,1.0,0.1,sticks_059.tif,15.675050153014594,0.03587161003363341,0.6759243607521057,0.14704278111457825,0.7117859706282615
WaveletFilter,poisson_1_gauss_0.1,1.0,0.1,sticks_058.tif,15.905626867250046,0.04699539386369303,0.7094512581825256,0.1407875269651413,0.705367223918438
WaveletFilter,poisson_1_gauss_0.1,1.0,0.1,sticks_057.tif,16.051562130969746,0.05396689723976973,0.7155194282531738,0.13757012784481049,0.7040835291147232
WaveletFilter,poisson_1_gauss_0.1,1.0,0.1,sticks_060.tif,16.051514957485978,0.03505390089635696,0.6914138793945312,0.1377902626991272,0.725683531165123
WaveletFilter,poisson_1_gauss_0.1,1.0,0.1,sticks_063.tif,15.38237269794273,0.0428531678679415,0.7052116990089417,0.15119972825050354,0.7157887935638427
WaveletFilter,poisson_1_gauss_0.1,1.0,0.1,sticks_061.tif,15.314848357515986,0.05510940435307292,0.7168799042701721,0.15410228073596954,0.6992949992418289
WaveletFilter,poisson_1_gauss_0.1,1.0,0.1,sticks_062.tif,15.709482492523218,0.037250469293395025,0.7073699235916138,0.1468096673488617,0.703371986746788
WaveletFilter,poisson_1_gauss_0.1,1.0,0.1,sticks_067.tif,15.006079288936562,0.046346954500524236,0.6981433629989624,0.16058270633220673,0.7101058810949326
WaveletFilter,poisson_1_gauss_0.1,1.0,0.1,sticks_066.tif,15.220015385042462,0.04674499926881784,0.6910017728805542,0.15726298093795776,0.6929856777191162
WaveletFilter,poisson_1_gauss_0.1,1.0,0.1,sticks_065.tif,16.270346153149838,0.04725380065593704,0.7220001816749573,0.13268975913524628,0.7033429071307182
WaveletFilter,poisson_1_gauss_0.1,1.0,0.1,sticks_068.tif,16.238416872831728,0.03888164582203799,0.6988224983215332,0.13321933150291443,0.7273102775216103
WaveletFilter,poisson_1_gauss_0.1,1.0,0.1,sticks_069.tif,15.906418269979927,0.04826035887270832,0.7167809009552002,0.14051121473312378,0.7106741815805435
WaveletFilter,poisson_1_gauss_0.1,1.0,0.1,sticks_064.tif,16.195814572979465,0.04176842083232639,0.7125853896141052,0.13394686579704285,0.7205962434411048
WaveletFilter,poisson_1_gauss_0.1,1.0,0.1,sticks_070.tif,15.726016701260786,0.04440168674377886,0.6988242864608765,0.1446770280599594,0.7175713390111923
WaveletFilter,poisson_1_gauss_0.1,1.0,0.1,sticks_071.tif,16.022691072409366,0.04927118975036053,0.7079407572746277,0.1380324810743332,0.7108992099761963
WaveletFilter,poisson_1_gauss_0.1,1.0,0.1,sticks_072.tif,16.165190814457922,0.036886783893686256,0.6952404379844666,0.1366548389196396,0.7157461911439895
WaveletFilter,poisson_1_gauss_0.1,1.0,0.1,sticks_073.tif,16.697307820282013,0.042500356349709174,0.7134727239608765,0.12400498241186142,0.7177169635891915
WaveletFilter,poisson_1_gauss_0.1,1.0,0.1,sticks_074.tif,15.676092788629333,0.04103886921880273,0.6854525208473206,0.14708928763866425,0.7108271658420563
WaveletFilter,poisson_1_gauss_0.1,1.0,0.1,sticks_075.tif,15.740462830251872,0.05253787563892017,0.7057321667671204,0.1457391083240509,0.6895930171012878
WaveletFilter,poisson_1_gauss_0.1,1.0,0.1,sticks_076.tif,15.411694165757206,0.04466660371602435,0.7013658285140991,0.15080662071704865,0.7211624205112457
WaveletFilter,poisson_1_gauss_0.1,1.0,0.1,sticks_077.tif,15.792950547316709,0.054762516854429524,0.7197688817977905,0.14391669631004333,0.6964287683367729
WaveletFilter,poisson_1_gauss_0.1,1.0,0.1,sticks_078.tif,15.70866259832558,0.04517173632370738,0.7070802450180054,0.1469307690858841,0.6916393473744392
WaveletFilter,poisson_1_gauss_0.1,1.0,0.1,sticks_079.tif,15.846710040838818,0.04711629211613423,0.7078255414962769,0.14138178527355194,0.7144372329115868
WaveletFilter,poisson_1_gauss_0.1,1.0,0.1,sticks_080.tif,15.72993797246566,0.056851011407795936,0.7114022970199585,0.14421989023685455,0.7013254910707474
WaveletFilter,poisson_1_gauss_0.1,1.0,0.1,sticks_081.tif,15.339761653314337,0.05122324694705346,0.6978742480278015,0.1528129130601883,0.7074684038758278
WaveletFilter,poisson_1_gauss_0.1,1.0,0.1,sticks_082.tif,15.835432498847952,0.05136155492336879,0.7201573252677917,0.14137256145477295,0.7129599258303643
WaveletFilter,poisson_1_gauss_0.1,1.0,0.1,sticks_084.tif,16.13702030627772,0.04899881559717219,0.7199428081512451,0.13521744310855865,0.7147042632102967
WaveletFilter,poisson_1_gauss_0.1,1.0,0.1,sticks_083.tif,16.20045064883701,0.04327618588281224,0.699101984500885,0.1352970153093338,0.7115520432591438
WaveletFilter,poisson_1_gauss_0.1,1.0,0.1,sticks_085.tif,16.003944668829398,0.04534347309005315,0.7159855961799622,0.14029651880264282,0.6909954696893692
WaveletFilter,poisson_1_gauss_0.1,1.0,0.1,sticks_086.tif,15.825091147852184,0.049296143868475965,0.7128098011016846,0.14362013339996338,0.6930140480399132
WaveletFilter,poisson_1_gauss_0.1,1.0,0.1,sticks_088.tif,15.996447320466247,0.047902438511369896,0.704230546951294,0.1407623589038849,0.6952745571732522
WaveletFilter,poisson_1_gauss_0.1,1.0,0.1,sticks_087.tif,16.387512007467947,0.04847513644242368,0.7268438339233398,0.13035008311271667,0.7094527557492256
WaveletFilter,poisson_1_gauss_0.1,1.0,0.1,sticks_089.tif,16.235349734933415,0.04320805739757667,0.7046173810958862,0.1342579424381256,0.7162977248430252
WaveletFilter,poisson_1_gauss_0.1,1.0,0.1,sticks_090.tif,15.461275630534711,0.05071569552064703,0.7157040238380432,0.15131649374961853,0.6979436978697777
WaveletFilter,poisson_1_gauss_0.1,1.0,0.1,sticks_091.tif,15.906117203100074,0.04124878060187875,0.6902226209640503,0.1431024670600891,0.6929904788732528
WaveletFilter,poisson_1_gauss_0.1,1.0,0.1,sticks_092.tif,16.613413072469697,0.04650626142745651,0.7203727960586548,0.12451658397912979,0.7176498636603356
WaveletFilter,poisson_1_gauss_0.1,1.0,0.1,sticks_093.tif,15.832638329031782,0.05318795563335602,0.7114545702934265,0.1410985291004181,0.71522326618433
WaveletFilter,poisson_1_gauss_0.1,1.0,0.1,sticks_095.tif,14.696481181531878,0.055469317618876864,0.7032329440116882,0.1678125411272049,0.6927317902445793
WaveletFilter,poisson_1_gauss_0.1,1.0,0.1,sticks_096.tif,15.871652809153465,0.05108538779643083,0.705590009689331,0.14109103381633759,0.7051371410489082
WaveletFilter,poisson_1_gauss_0.1,1.0,0.1,sticks_097.tif,15.155906751274003,0.04259009822331102,0.7038595676422119,0.15731771290302277,0.7104746118187905
WaveletFilter,poisson_1_gauss_0.1,1.0,0.1,sticks_098.tif,15.419112710248957,0.052433033028779524,0.7120618224143982,0.15121404826641083,0.701286406815052
WaveletFilter,poisson_1_gauss_0.1,1.0,0.1,sticks_099.tif,15.683201612008947,0.045612217839195036,0.7147501707077026,0.1455773413181305,0.7101410746574401
WaveletFilter,poisson_1_gauss_0.1,1.0,0.1,sticks_094.tif,16.32525056281613,0.05239563026148592,0.7062541246414185,0.13345210254192352,0.6866072252392769
WaveletFilter,poisson_1_gauss_0.2,1.0,0.2,sticks_000.tif,14.415089373501441,0.03483795152007123,0.6023029685020447,0.15775389969348907,0.9085262462496757
WaveletFilter,poisson_1_gauss_0.2,1.0,0.2,sticks_001.tif,14.553473058468702,0.047423657787772355,0.6330558061599731,0.1518438756465912,0.9086091116070747
WaveletFilter,poisson_1_gauss_0.2,1.0,0.2,sticks_002.tif,14.94128844343255,0.029440553956258896,0.5996259450912476,0.14451660215854645,0.915853476524353
WaveletFilter,poisson_1_gauss_0.2,1.0,0.2,sticks_003.tif,14.60136373714681,0.03904429248044036,0.6082369685173035,0.15155944228172302,0.9046608090400696
WaveletFilter,poisson_1_gauss_0.2,1.0,0.2,sticks_004.tif,14.406816246809306,0.040539311496853386,0.6163496971130371,0.15729081630706787,0.9048710659146308
WaveletFilter,poisson_1_gauss_0.2,1.0,0.2,sticks_005.tif,14.598651068803498,0.030541406219665435,0.5872285962104797,0.1533251702785492,0.9152401715517045
WaveletFilter,poisson_1_gauss_0.2,1.0,0.2,sticks_007.tif,14.319119509064897,0.0408911256289681,0.623598039150238,0.1610707938671112,0.906448832154274
WaveletFilter,poisson_1_gauss_0.2,1.0,0.2,sticks_009.tif,14.784036323130525,0.029817126608730357,0.5982467532157898,0.14875420928001404,0.910294272005558
WaveletFilter,poisson_1_gauss_0.2,1.0,0.2,sticks_008.tif,13.76641752965152,0.038420985765077485,0.6050839424133301,0.1747942864894867,0.912416273355484
WaveletFilter,poisson_1_gauss_0.2,1.0,0.2,sticks_011.tif,14.125218157196118,0.0418835014835376,0.6205973625183105,0.16539962589740753,0.9028680264949799
WaveletFilter,poisson_1_gauss_0.2,1.0,0.2,sticks_006.tif,14.735718930182895,0.03145280194157357,0.5901932716369629,0.14913222193717957,0.9146445855498314
WaveletFilter,poisson_1_gauss_0.2,1.0,0.2,sticks_010.tif,14.545269462639439,0.03685645125665483,0.6068965792655945,0.15475931763648987,0.9041921839118003
WaveletFilter,poisson_1_gauss_0.2,1.0,0.2,sticks_012.tif,14.625178841658093,0.03837350561616442,0.6145450472831726,0.15190771222114563,0.9102891907095909
WaveletFilter,poisson_1_gauss_0.2,1.0,0.2,sticks_016.tif,14.75364768006644,0.039998424282618246,0.6116294860839844,0.14874514937400818,0.9004864901304245
WaveletFilter,poisson_1_gauss_0.2,1.0,0.2,sticks_013.tif,14.35741650151356,0.043592893400444165,0.6176451444625854,0.1606871485710144,0.8830455124378205
WaveletFilter,poisson_1_gauss_0.2,1.0,0.2,sticks_014.tif,14.941730385665144,0.027408613463987944,0.600640594959259,0.1417032927274704,0.9335956871509552
WaveletFilter,poisson_1_gauss_0.2,1.0,0.2,sticks_015.tif,14.566410889274028,0.03796084308354366,0.6158921122550964,0.15353724360466003,0.9032838195562363
WaveletFilter,poisson_1_gauss_0.2,1.0,0.2,sticks_018.tif,14.429896940122774,0.039044050549724985,0.6176045536994934,0.15642677247524261,0.9034636929631233
WaveletFilter,poisson_1_gauss_0.2,1.0,0.2,sticks_020.tif,14.267362747506837,0.03972923588249844,0.6057561039924622,0.16237954795360565,0.8942238360643386
WaveletFilter,poisson_1_gauss_0.2,1.0,0.2,sticks_017.tif,14.547279091137808,0.03475810294773021,0.6078907251358032,0.15361924469470978,0.9149839833378792
WaveletFilter,poisson_1_gauss_0.2,1.0,0.2,sticks_019.tif,14.449566797748775,0.04312137097804153,0.6207945942878723,0.1580648422241211,0.8899683311581612
WaveletFilter,poisson_1_gauss_0.2,1.0,0.2,sticks_021.tif,14.415169001333366,0.03959397359604751,0.6078441739082336,0.1592690497636795,0.8968113720417022
WaveletFilter,poisson_1_gauss_0.2,1.0,0.2,sticks_022.tif,13.892577241011903,0.032043547920716904,0.5917197465896606,0.17216825485229492,0.9039125695824624
WaveletFilter,poisson_1_gauss_0.2,1.0,0.2,sticks_023.tif,14.356791362568494,0.04637710063027193,0.6304851770401001,0.1589011698961258,0.8992926001548767
WaveletFilter,poisson_1_gauss_0.2,1.0,0.2,sticks_024.tif,14.486937855097652,0.03304865833857214,0.5985414385795593,0.15378034114837646,0.9213237360119819
WaveletFilter,poisson_1_gauss_0.2,1.0,0.2,sticks_025.tif,14.59995104610572,0.045265772621685546,0.6286184787750244,0.1526704579591751,0.8947917953133583
WaveletFilter,poisson_1_gauss_0.2,1.0,0.2,sticks_026.tif,14.26633815684273,0.03213562337962626,0.5933161973953247,0.1604088395833969,0.9165150821208954
WaveletFilter,poisson_1_gauss_0.2,1.0,0.2,sticks_027.tif,14.440018161250885,0.048102396821518234,0.6418942809104919,0.1533166915178299,0.9095305114984512
WaveletFilter,poisson_1_gauss_0.2,1.0,0.2,sticks_028.tif,14.31276653690917,0.03225639735242487,0.5958150625228882,0.15915809571743011,0.9211774438619613
WaveletFilter,poisson_1_gauss_0.2,1.0,0.2,sticks_029.tif,14.046960298796893,0.041315832249836926,0.6138044595718384,0.16858941316604614,0.89887885004282
WaveletFilter,poisson_1_gauss_0.2,1.0,0.2,sticks_030.tif,14.2998775263293,0.04122799028056246,0.6148260831832886,0.16104185581207275,0.8948262497782707
WaveletFilter,poisson_1_gauss_0.2,1.0,0.2,sticks_032.tif,14.51156007437815,0.04385074000440942,0.6199604272842407,0.1557127684354782,0.8942539066076278
WaveletFilter,poisson_1_gauss_0.2,1.0,0.2,sticks_031.tif,14.612970471091323,0.03316905593331464,0.6016217470169067,0.15118160843849182,0.9189195707440376
WaveletFilter,poisson_1_gauss_0.2,1.0,0.2,sticks_033.tif,14.181501486962961,0.04227471643025766,0.605143666267395,0.16294746100902557,0.9091590568423271
WaveletFilter,poisson_1_gauss_0.2,1.0,0.2,sticks_034.tif,14.498051292141426,0.03554797580514573,0.601504921913147,0.15521661937236786,0.9041715502738953
WaveletFilter,poisson_1_gauss_0.2,1.0,0.2,sticks_035.tif,14.339465207690122,0.041728550433272664,0.6195778250694275,0.15931670367717743,0.898500970005989
WaveletFilter,poisson_1_gauss_0.2,1.0,0.2,sticks_036.tif,14.386795758588434,0.03036576829426302,0.5825549364089966,0.15971492230892181,0.9058645278215408
WaveletFilter,poisson_1_gauss_0.2,1.0,0.2,sticks_037.tif,14.36517958771594,0.03537525403202008,0.5929476618766785,0.15832266211509705,0.9079117849469185
WaveletFilter,poisson_1_gauss_0.2,1.0,0.2,sticks_038.tif,14.552571036213248,0.02610217171020485,0.5880229473114014,0.1543664187192917,0.918898007273674
WaveletFilter,poisson_1_gauss_0.2,1.0,0.2,sticks_040.tif,14.635724938542985,0.044047019013007414,0.6266180872917175,0.1514333188533783,0.9033703297376633
WaveletFilter,poisson_1_gauss_0.2,1.0,0.2,sticks_039.tif,14.214830732947268,0.03822767541360005,0.6147065758705139,0.16340042650699615,0.9063779264688492
WaveletFilter,poisson_1_gauss_0.2,1.0,0.2,sticks_041.tif,14.76922509477945,0.03164949978547902,0.605764627456665,0.148319810628891,0.9124530792236328
WaveletFilter,poisson_1_gauss_0.2,1.0,0.2,sticks_042.tif,14.961259063609951,0.028242603750534365,0.5925600528717041,0.14126311242580414,0.9243257582187653
WaveletFilter,poisson_1_gauss_0.2,1.0,0.2,sticks_043.tif,14.531211704359745,0.0464590208463416,0.6321862936019897,0.1556086242198944,0.8923144251108169
WaveletFilter,poisson_1_gauss_0.2,1.0,0.2,sticks_044.tif,14.041071104844452,0.04350648308560411,0.6066527962684631,0.16883821785449982,0.8955738127231598
WaveletFilter,poisson_1_gauss_0.2,1.0,0.2,sticks_045.tif,14.718743868816686,0.03179466948520205,0.6075751185417175,0.1501859724521637,0.9074046581983566
WaveletFilter,poisson_1_gauss_0.2,1.0,0.2,sticks_046.tif,14.757897923732877,0.027292598518749673,0.5864971280097961,0.14660130441188812,0.9248516857624054
WaveletFilter,poisson_1_gauss_0.2,1.0,0.2,sticks_047.tif,14.481978176361652,0.026728749489430603,0.5796666145324707,0.1564086526632309,0.91688172519207
WaveletFilter,poisson_1_gauss_0.2,1.0,0.2,sticks_049.tif,14.153003677562573,0.035201720082299943,0.6009597182273865,0.1663665473461151,0.9000572547316551
WaveletFilter,poisson_1_gauss_0.2,1.0,0.2,sticks_048.tif,14.827230947818105,0.03789265865170781,0.6173184514045715,0.14576920866966248,0.9186136931180954
WaveletFilter,poisson_1_gauss_0.2,1.0,0.2,sticks_050.tif,15.003945263297812,0.028989540737511376,0.5934675335884094,0.1422158032655716,0.9174132242798805
WaveletFilter,poisson_1_gauss_0.2,1.0,0.2,sticks_051.tif,14.329361042198602,0.04409084011615418,0.6232417821884155,0.15844060480594635,0.8997353687882423
WaveletFilter,poisson_1_gauss_0.2,1.0,0.2,sticks_053.tif,14.396533681263321,0.04405207000594891,0.6174630522727966,0.15836605429649353,0.8971328914165497
WaveletFilter,poisson_1_gauss_0.2,1.0,0.2,sticks_052.tif,14.251219375839263,0.041405842071348745,0.6169103980064392,0.16358503699302673,0.8889594957232475
WaveletFilter,poisson_1_gauss_0.2,1.0,0.2,sticks_054.tif,14.589527728652659,0.030033763615505846,0.5975368022918701,0.15209394693374634,0.9182277545332909
WaveletFilter,poisson_1_gauss_0.2,1.0,0.2,sticks_055.tif,13.996893065128136,0.0408359024979162,0.6285814642906189,0.16917982697486877,0.8940361008048058
WaveletFilter,poisson_1_gauss_0.2,1.0,0.2,sticks_056.tif,14.601619941939557,0.0366772509300525,0.607725203037262,0.1532890647649765,0.9085319638252258
WaveletFilter,poisson_1_gauss_0.2,1.0,0.2,sticks_059.tif,14.287252632679168,0.028963697612956644,0.5841783881187439,0.16177824139595032,0.9134029552340508
WaveletFilter,poisson_1_gauss_0.2,1.0,0.2,sticks_058.tif,14.615526612940624,0.03928214828886303,0.6150025129318237,0.15147244930267334,0.9041411563754082
WaveletFilter,poisson_1_gauss_0.2,1.0,0.2,sticks_057.tif,14.365423467032713,0.04388166546148837,0.6215178966522217,0.1584438979625702,0.8983473822474479
WaveletFilter,poisson_1_gauss_0.2,1.0,0.2,sticks_060.tif,14.439349488067117,0.027340463509005663,0.5855923295021057,0.15554416179656982,0.9246110871434212
WaveletFilter,poisson_1_gauss_0.2,1.0,0.2,sticks_063.tif,14.029246524834424,0.03541678125237163,0.6069663763046265,0.16711720824241638,0.9104647979140281
WaveletFilter,poisson_1_gauss_0.2,1.0,0.2,sticks_061.tif,14.13342877641049,0.047700952590978285,0.629500687122345,0.1662444919347763,0.8917480364441872
WaveletFilter,poisson_1_gauss_0.2,1.0,0.2,sticks_062.tif,14.345699077152423,0.03056665977376963,0.6014724969863892,0.16088005900382996,0.905412869155407
WaveletFilter,poisson_1_gauss_0.2,1.0,0.2,sticks_067.tif,13.956602678343781,0.04050355765914942,0.6126052737236023,0.17113052308559418,0.9003574699163437
WaveletFilter,poisson_1_gauss_0.2,1.0,0.2,sticks_066.tif,14.120695196953736,0.03979716281133104,0.6024513840675354,0.16600492596626282,0.8968895226716995
WaveletFilter,poisson_1_gauss_0.2,1.0,0.2,sticks_065.tif,14.515789852238274,0.03747889951269645,0.6173893213272095,0.1539873480796814,0.9013904705643654
WaveletFilter,poisson_1_gauss_0.2,1.0,0.2,sticks_068.tif,14.629391560787894,0.03095861448953865,0.5931357145309448,0.1514810025691986,0.9208673924207688
WaveletFilter,poisson_1_gauss_0.2,1.0,0.2,sticks_069.tif,14.560401801173128,0.040059342086413686,0.6221100687980652,0.1526331901550293,0.9053847223520279
WaveletFilter,poisson_1_gauss_0.2,1.0,0.2,sticks_064.tif,14.878378960384396,0.03450952792451813,0.6141777634620667,0.14573600888252258,0.9150822058320045
WaveletFilter,poisson_1_gauss_0.2,1.0,0.2,sticks_070.tif,14.38074804842977,0.036753290113627816,0.6071200966835022,0.15872034430503845,0.9144551008939743
WaveletFilter,poisson_1_gauss_0.2,1.0,0.2,sticks_071.tif,14.477268302941585,0.04088435043264849,0.6148170232772827,0.15652531385421753,0.9040968969464303
WaveletFilter,poisson_1_gauss_0.2,1.0,0.2,sticks_072.tif,14.320813068048938,0.028227076758021722,0.5893879532814026,0.1592523157596588,0.9207205221056938
WaveletFilter,poisson_1_gauss_0.2,1.0,0.2,sticks_073.tif,14.883123422947303,0.03343614768640835,0.6092951893806458,0.14535170793533325,0.9129336848855019
WaveletFilter,poisson_1_gauss_0.2,1.0,0.2,sticks_074.tif,14.091075788961174,0.03332792686599719,0.5926364660263062,0.1664341241121292,0.9117565661668777
WaveletFilter,poisson_1_gauss_0.2,1.0,0.2,sticks_075.tif,14.435492218393486,0.04438623281874474,0.6165201663970947,0.15820257365703583,0.8917010113596916
WaveletFilter,poisson_1_gauss_0.2,1.0,0.2,sticks_076.tif,14.100079192919425,0.03672790544986296,0.6121999621391296,0.1649787425994873,0.9163447871804238
WaveletFilter,poisson_1_gauss_0.2,1.0,0.2,sticks_077.tif,14.546196412716515,0.04693829895131616,0.6294856071472168,0.15467679500579834,0.8906357601284981
WaveletFilter,poisson_1_gauss_0.2,1.0,0.2,sticks_078.tif,14.290159320493334,0.037542023890329804,0.6071653366088867,0.16344818472862244,0.8882520630955696
WaveletFilter,poisson_1_gauss_0.2,1.0,0.2,sticks_079.tif,14.467900712898846,0.03890000783409633,0.6182010769844055,0.15494780242443085,0.9124540895223617
WaveletFilter,poisson_1_gauss_0.2,1.0,0.2,sticks_080.tif,14.299710592587902,0.04821449630764428,0.6227876543998718,0.161867156624794,0.8893286898732186
WaveletFilter,poisson_1_gauss_0.2,1.0,0.2,sticks_081.tif,14.127266404535249,0.043944853648122714,0.6153552532196045,0.16583219170570374,0.8991670191287995
WaveletFilter,poisson_1_gauss_0.2,1.0,0.2,sticks_082.tif,14.252223087645554,0.042102855250608605,0.6239611506462097,0.16101130843162537,0.9052259370684623
WaveletFilter,poisson_1_gauss_0.2,1.0,0.2,sticks_084.tif,14.545370628235757,0.03987136794163404,0.6225237250328064,0.15238037705421448,0.907961392402649
WaveletFilter,poisson_1_gauss_0.2,1.0,0.2,sticks_083.tif,14.571473212136919,0.03450714873423137,0.6010096073150635,0.1529425084590912,0.9113105848431587
WaveletFilter,poisson_1_gauss_0.2,1.0,0.2,sticks_085.tif,14.62968613253173,0.03804644225773064,0.6138617992401123,0.15316756069660187,0.8912022083997726
WaveletFilter,poisson_1_gauss_0.2,1.0,0.2,sticks_086.tif,14.636474668976678,0.042495445980929254,0.6189558506011963,0.15364724397659302,0.8873438760638237
WaveletFilter,poisson_1_gauss_0.2,1.0,0.2,sticks_088.tif,14.82325899695793,0.04093965012870082,0.612727165222168,0.14805522561073303,0.8998499482870101
WaveletFilter,poisson_1_gauss_0.2,1.0,0.2,sticks_087.tif,14.739626781140755,0.03906791246419871,0.6227647662162781,0.14810362458229065,0.9038307458162308
WaveletFilter,poisson_1_gauss_0.2,1.0,0.2,sticks_089.tif,14.52382936187906,0.034372750031478376,0.6048517823219299,0.15479806065559387,0.9157589688897133
WaveletFilter,poisson_1_gauss_0.2,1.0,0.2,sticks_090.tif,14.437036565095578,0.04434734603850824,0.6249935626983643,0.15850286185741425,0.8917130425572395
WaveletFilter,poisson_1_gauss_0.2,1.0,0.2,sticks_091.tif,14.443190486113576,0.03340362222617072,0.5945507287979126,0.15776637196540833,0.9008920878171921
WaveletFilter,poisson_1_gauss_0.2,1.0,0.2,sticks_092.tif,14.774168435518417,0.036758645277071164,0.6152616143226624,0.1454862505197525,0.9143932729959487
WaveletFilter,poisson_1_gauss_0.2,1.0,0.2,sticks_093.tif,14.489134504809517,0.04514006546605013,0.6233595609664917,0.15499302744865417,0.906916755437851
WaveletFilter,poisson_1_gauss_0.2,1.0,0.2,sticks_095.tif,14.01741786471107,0.05018334711346235,0.6234734058380127,0.16959698498249054,0.8811904892325402
WaveletFilter,poisson_1_gauss_0.2,1.0,0.2,sticks_096.tif,14.286501364712896,0.041732987336632416,0.6094421148300171,0.15992552042007446,0.9068116828799248
WaveletFilter,poisson_1_gauss_0.2,1.0,0.2,sticks_097.tif,13.89291301527447,0.035361911667323345,0.6107839941978455,0.17166893184185028,0.9105517774820328
WaveletFilter,poisson_1_gauss_0.2,1.0,0.2,sticks_098.tif,14.124159282870295,0.04472590945225188,0.6187034249305725,0.16598303616046906,0.8970520988106727
WaveletFilter,poisson_1_gauss_0.2,1.0,0.2,sticks_099.tif,14.260245603331363,0.03734147147525251,0.6144450306892395,0.1608409732580185,0.9088156744837761
WaveletFilter,poisson_1_gauss_0.2,1.0,0.2,sticks_094.tif,14.743414306520389,0.043307260048395156,0.6115208268165588,0.14947685599327087,0.8907299324870109
WaveletFilter,poisson_4_gauss_0.05,4.0,0.05,sticks_000.tif,17.725188258029256,0.08143330317445535,0.7703015804290771,0.12233912944793701,0.523436626791954
WaveletFilter,poisson_4_gauss_0.05,4.0,0.05,sticks_001.tif,17.764310099519133,0.10142443927534947,0.7892263531684875,0.12022463232278824,0.5373217545449733
WaveletFilter,poisson_4_gauss_0.05,4.0,0.05,sticks_002.tif,18.871949885979284,0.07418577993965447,0.7816832661628723,0.10589326918125153,0.5106945432722568
WaveletFilter,poisson_4_gauss_0.05,4.0,0.05,sticks_003.tif,18.351757372378664,0.09137450895938166,0.7775581479072571,0.11247887462377548,0.5162891201674938
WaveletFilter,poisson_4_gauss_0.05,4.0,0.05,sticks_004.tif,17.77239981224038,0.09236303345737497,0.7773499488830566,0.12127441167831421,0.5202650479972363
WaveletFilter,poisson_4_gauss_0.05,4.0,0.05,sticks_005.tif,18.352751412197517,0.0768969056309523,0.7553793787956238,0.11326529085636139,0.5214080572128296
WaveletFilter,poisson_4_gauss_0.05,4.0,0.05,sticks_007.tif,16.989265669468615,0.08612787175625652,0.7805709838867188,0.1340421736240387,0.5310870781540871
WaveletFilter,poisson_4_gauss_0.05,4.0,0.05,sticks_009.tif,18.361289079990513,0.07455339458843747,0.7727092504501343,0.11312247812747955,0.5122255861759186
WaveletFilter,poisson_4_gauss_0.05,4.0,0.05,sticks_008.tif,16.847771861478122,0.08568960085455227,0.7543185949325562,0.13653072714805603,0.5339093640446663
WaveletFilter,poisson_4_gauss_0.05,4.0,0.05,sticks_011.tif,17.13314240837739,0.08921178247084785,0.7808730602264404,0.13164620101451874,0.517750957608223
WaveletFilter,poisson_4_gauss_0.05,4.0,0.05,sticks_006.tif,18.170817780817032,0.07592135810790103,0.76141756772995,0.1160769909620285,0.5185132950544358
WaveletFilter,poisson_4_gauss_0.05,4.0,0.05,sticks_010.tif,17.61052631061897,0.08302241422712027,0.7712602615356445,0.12412403523921967,0.5217708572745323
WaveletFilter,poisson_4_gauss_0.05,4.0,0.05,sticks_012.tif,18.19022342815146,0.08893805085148165,0.7824313640594482,0.11462472379207611,0.5263489075005054
WaveletFilter,poisson_4_gauss_0.05,4.0,0.05,sticks_016.tif,18.097114362143245,0.08885751552935767,0.7774102091789246,0.11642104387283325,0.5090300284326077
WaveletFilter,poisson_4_gauss_0.05,4.0,0.05,sticks_013.tif,17.361752212689442,0.09096339338695276,0.7781484127044678,0.12805792689323425,0.5007051594555378
WaveletFilter,poisson_4_gauss_0.05,4.0,0.05,sticks_014.tif,19.14618213603397,0.07680636269813755,0.7867250442504883,0.101215660572052,0.5424690239131451
WaveletFilter,poisson_4_gauss_0.05,4.0,0.05,sticks_015.tif,18.036331750665408,0.08740851012109703,0.7819850444793701,0.11753334850072861,0.5139700621366501
WaveletFilter,poisson_4_gauss_0.05,4.0,0.05,sticks_018.tif,17.619525904008555,0.08691947091105853,0.7844966650009155,0.123712457716465,0.5186454102396965
WaveletFilter,poisson_4_gauss_0.05,4.0,0.05,sticks_020.tif,16.834930834545393,0.08248047291851962,0.7609971165657043,0.13716839253902435,0.5067422047257424
WaveletFilter,poisson_4_gauss_0.05,4.0,0.05,sticks_017.tif,18.292571901056984,0.08427575334175609,0.7777253985404968,0.11326196044683456,0.527481883764267
WaveletFilter,poisson_4_gauss_0.05,4.0,0.05,sticks_019.tif,17.473125406403,0.09041445570940274,0.7788774371147156,0.12595777213573456,0.5117883421480656
WaveletFilter,poisson_4_gauss_0.05,4.0,0.05,sticks_021.tif,17.143952001289946,0.08378268802473832,0.759739339351654,0.1320161670446396,0.5064565390348434
WaveletFilter,poisson_4_gauss_0.05,4.0,0.05,sticks_022.tif,16.956099224549416,0.07431679583878442,0.7583553791046143,0.13526064157485962,0.5147320315241813
WaveletFilter,poisson_4_gauss_0.05,4.0,0.05,sticks_023.tif,17.29147979841025,0.09613442596506037,0.7852267622947693,0.12855376303195953,0.5203193239867687
WaveletFilter,poisson_4_gauss_0.05,4.0,0.05,sticks_024.tif,18.012832023183353,0.07975681150987889,0.7657967805862427,0.11782947927713394,0.5285641059279442
WaveletFilter,poisson_4_gauss_0.05,4.0,0.05,sticks_025.tif,17.387101709705565,0.09353726110923574,0.7851699590682983,0.12744592130184174,0.50966517329216
WaveletFilter,poisson_4_gauss_0.05,4.0,0.05,sticks_026.tif,17.72303476589406,0.0777333915828241,0.7643734812736511,0.12227754294872284,0.5245599672198296
WaveletFilter,poisson_4_gauss_0.05,4.0,0.05,sticks_027.tif,17.729246964142757,0.1057198661932755,0.7990010380744934,0.12041336297988892,0.5409138657152652
WaveletFilter,poisson_4_gauss_0.05,4.0,0.05,sticks_028.tif,17.593462767615357,0.07756311562397082,0.760459840297699,0.12463913857936859,0.5272048987448216
WaveletFilter,poisson_4_gauss_0.05,4.0,0.05,sticks_029.tif,16.482633668725345,0.08542161456599355,0.7602951526641846,0.1429770439863205,0.518425565212965
WaveletFilter,poisson_4_gauss_0.05,4.0,0.05,sticks_030.tif,17.398634171261033,0.08925382884267298,0.7741666436195374,0.12716376781463623,0.5136329285800457
WaveletFilter,poisson_4_gauss_0.05,4.0,0.05,sticks_032.tif,17.645858096349308,0.09386199130546281,0.775550365447998,0.12327482551336288,0.5132436357438565
WaveletFilter,poisson_4_gauss_0.05,4.0,0.05,sticks_031.tif,18.419600867848576,0.08294527594186667,0.7808862328529358,0.11145105212926865,0.5274955578148365
WaveletFilter,poisson_4_gauss_0.05,4.0,0.05,sticks_033.tif,17.450836307598873,0.0916332463759815,0.7567145228385925,0.12629464268684387,0.5221373602747917
WaveletFilter,poisson_4_gauss_0.05,4.0,0.05,sticks_034.tif,17.59764150347892,0.08023088569893043,0.7703084945678711,0.12415417283773422,0.5164994336664677
WaveletFilter,poisson_4_gauss_0.05,4.0,0.05,sticks_035.tif,17.114918082211926,0.08749184312881808,0.7732646465301514,0.13228031992912292,0.5053261883556843
WaveletFilter,poisson_4_gauss_0.05,4.0,0.05,sticks_036.tif,17.544575815048937,0.07109350509612829,0.748680591583252,0.12596626579761505,0.5040824927389622
WaveletFilter,poisson_4_gauss_0.05,4.0,0.05,sticks_037.tif,17.736341355783466,0.08257344685531044,0.7564811706542969,0.12210942804813385,0.5230007559061051
WaveletFilter,poisson_4_gauss_0.05,4.0,0.05,sticks_038.tif,18.486024136518818,0.07020110297565271,0.7733567953109741,0.11120593547821045,0.5302482068538665
WaveletFilter,poisson_4_gauss_0.05,4.0,0.05,sticks_040.tif,17.77179313539638,0.09412325944604227,0.7844613790512085,0.12097311019897461,0.5177872233092785
WaveletFilter,poisson_4_gauss_0.05,4.0,0.05,sticks_039.tif,17.213853650557915,0.08322890163340584,0.7816140055656433,0.13061191141605377,0.5159274838864804
WaveletFilter,poisson_4_gauss_0.05,4.0,0.05,sticks_041.tif,18.734482198503407,0.07983877051355306,0.7878226041793823,0.10730499029159546,0.5209317006170749
WaveletFilter,poisson_4_gauss_0.05,4.0,0.05,sticks_042.tif,19.38824785858824,0.07942767047408136,0.7824523448944092,0.0982866957783699,0.5277495384216309
WaveletFilter,poisson_4_gauss_0.05,4.0,0.05,sticks_043.tif,17.174475453859227,0.09402861064945371,0.7877925038337708,0.1308346390724182,0.5116913802921772
WaveletFilter,poisson_4_gauss_0.05,4.0,0.05,sticks_044.tif,16.662133416463945,0.08912069519083264,0.7545676231384277,0.14002873003482819,0.5112175829708576
WaveletFilter,poisson_4_gauss_0.05,4.0,0.05,sticks_045.tif,18.06986342223298,0.07547949251394004,0.7788378596305847,0.117239810526371,0.5132713466882706
WaveletFilter,poisson_4_gauss_0.05,4.0,0.05,sticks_046.tif,19.343519312078985,0.07807031157977609,0.7759490609169006,0.09885817021131516,0.5273873262107373
WaveletFilter,poisson_4_gauss_0.05,4.0,0.05,sticks_047.tif,18.037076920852968,0.06883529529035524,0.7520252466201782,0.11803430318832397,0.5237846791744232
WaveletFilter,poisson_4_gauss_0.05,4.0,0.05,sticks_049.tif,16.468404899504993,0.07388892076113711,0.7568313479423523,0.14404071867465973,0.505126278847456
WaveletFilter,poisson_4_gauss_0.05,4.0,0.05,sticks_048.tif,18.18279042112379,0.08755075980327469,0.7847383618354797,0.11468613147735596,0.52862948179245
WaveletFilter,poisson_4_gauss_0.05,4.0,0.05,sticks_050.tif,19.544705563189396,0.07892072655149666,0.7846552729606628,0.09622471779584885,0.5261025570333004
WaveletFilter,poisson_4_gauss_0.05,4.0,0.05,sticks_051.tif,17.437074126446145,0.09573998594679588,0.7832520008087158,0.12612459063529968,0.5203007444739342
WaveletFilter,poisson_4_gauss_0.05,4.0,0.05,sticks_053.tif,17.7361084503585,0.09524847897881258,0.7827847003936768,0.12157982587814331,0.5169092856347561
WaveletFilter,poisson_4_gauss_0.05,4.0,0.05,sticks_052.tif,16.771274279341952,0.0842575679804706,0.7769688367843628,0.13849090039730072,0.49772724509239197
WaveletFilter,poisson_4_gauss_0.05,4.0,0.05,sticks_054.tif,18.7929784471815,0.07871794277755988,0.7748569846153259,0.10657242685556412,0.52428954616189
WaveletFilter,poisson_4_gauss_0.05,4.0,0.05,sticks_055.tif,16.32747864801382,0.08362048859099427,0.7845166921615601,0.14589154720306396,0.507708141952753
WaveletFilter,poisson_4_gauss_0.05,4.0,0.05,sticks_056.tif,18.09955119214393,0.08415774152670594,0.7772756218910217,0.11631746590137482,0.5192645594477654
WaveletFilter,poisson_4_gauss_0.05,4.0,0.05,sticks_059.tif,17.533861765213118,0.0709607737148246,0.7444718480110168,0.126069575548172,0.515699551999569
WaveletFilter,poisson_4_gauss_0.05,4.0,0.05,sticks_058.tif,18.067160149379053,0.0897458949765751,0.7836866974830627,0.11675238609313965,0.5155679732561111
WaveletFilter,poisson_4_gauss_0.05,4.0,0.05,sticks_057.tif,17.797675411819096,0.09657711737956504,0.7829232811927795,0.12081694602966309,0.5149557143449783
WaveletFilter,poisson_4_gauss_0.05,4.0,0.05,sticks_060.tif,18.120457246979036,0.07131722817400296,0.7667495608329773,0.11662979423999786,0.5307186849415302
WaveletFilter,poisson_4_gauss_0.05,4.0,0.05,sticks_063.tif,17.127284449545307,0.08093430104319527,0.7750982642173767,0.13170196115970612,0.5257744535803794
WaveletFilter,poisson_4_gauss_0.05,4.0,0.05,sticks_061.tif,16.497257129965806,0.09318945517999036,0.7784045934677124,0.14286310970783234,0.5111334823071957
WaveletFilter,poisson_4_gauss_0.05,4.0,0.05,sticks_062.tif,17.301169984702092,0.06918967702738764,0.7774013876914978,0.1297711879014969,0.508220711350441
WaveletFilter,poisson_4_gauss_0.05,4.0,0.05,sticks_067.tif,16.790776048784647,0.08622503943527435,0.7679736018180847,0.13776272535324097,0.5198718026280403
WaveletFilter,poisson_4_gauss_0.05,4.0,0.05,sticks_066.tif,16.749033074215163,0.08358395409338418,0.7575808763504028,0.13896192610263824,0.4998022735118866
WaveletFilter,poisson_4_gauss_0.05,4.0,0.05,sticks_065.tif,17.817814348739006,0.08548692849895068,0.7892011404037476,0.12064460664987564,0.5104140475392341
WaveletFilter,poisson_4_gauss_0.05,4.0,0.05,sticks_068.tif,18.14756351869982,0.07688372228692245,0.7704066634178162,0.11577699333429337,0.535503713786602
WaveletFilter,poisson_4_gauss_0.05,4.0,0.05,sticks_069.tif,17.992154929018707,0.0908319561654276,0.7913088798522949,0.11742997169494629,0.5282902486622334
WaveletFilter,poisson_4_gauss_0.05,4.0,0.05,sticks_064.tif,18.335146850887316,0.0818420189457608,0.7856394052505493,0.11256138980388641,0.5288091227412224
WaveletFilter,poisson_4_gauss_0.05,4.0,0.05,sticks_070.tif,17.4360679409653,0.08345623420048562,0.7652424573898315,0.12702004611492157,0.527301025390625
WaveletFilter,poisson_4_gauss_0.05,4.0,0.05,sticks_071.tif,17.34201244021238,0.08716358729418673,0.7690670490264893,0.12832696735858917,0.5164810180664062
WaveletFilter,poisson_4_gauss_0.05,4.0,0.05,sticks_072.tif,17.924716911527707,0.07164081560964781,0.7647224068641663,0.11962799727916718,0.5235276207327842
WaveletFilter,poisson_4_gauss_0.05,4.0,0.05,sticks_073.tif,18.67452855165837,0.08216776639688315,0.7834357023239136,0.10775920003652573,0.5256443969905377
WaveletFilter,poisson_4_gauss_0.05,4.0,0.05,sticks_074.tif,17.60315643596463,0.07807374334467508,0.7542977929115295,0.12482224404811859,0.5141976282000542
WaveletFilter,poisson_4_gauss_0.05,4.0,0.05,sticks_075.tif,17.118203298011743,0.09066822468408932,0.7695629596710205,0.13242322206497192,0.4974034123122692
WaveletFilter,poisson_4_gauss_0.05,4.0,0.05,sticks_076.tif,17.234233708385887,0.08530248349831188,0.7705426216125488,0.12996160984039307,0.5337794072926044
WaveletFilter,poisson_4_gauss_0.05,4.0,0.05,sticks_077.tif,17.236409420564314,0.09408641224370942,0.7855051159858704,0.13002869486808777,0.5076606258749962
WaveletFilter,poisson_4_gauss_0.05,4.0,0.05,sticks_078.tif,17.143720618343174,0.07988668517007341,0.7739607095718384,0.1323869675397873,0.4990264713764191
WaveletFilter,poisson_4_gauss_0.05,4.0,0.05,sticks_079.tif,17.453918660780822,0.08683645566465864,0.7731168866157532,0.12624555826187134,0.5274883635342121
WaveletFilter,poisson_4_gauss_0.05,4.0,0.05,sticks_080.tif,17.330287407506997,0.09974441768583253,0.7778327465057373,0.12807631492614746,0.513355727493763
WaveletFilter,poisson_4_gauss_0.05,4.0,0.05,sticks_081.tif,17.13274002403578,0.09337492749600945,0.7663491368293762,0.13163094222545624,0.5194669909775257
WaveletFilter,poisson_4_gauss_0.05,4.0,0.05,sticks_082.tif,17.369776929662958,0.09214329751680558,0.7858731150627136,0.12729229032993317,0.5276620045304299
WaveletFilter,poisson_4_gauss_0.05,4.0,0.05,sticks_084.tif,17.859544439113677,0.0892799965884968,0.7877521514892578,0.11958666890859604,0.52824916690588
WaveletFilter,poisson_4_gauss_0.05,4.0,0.05,sticks_083.tif,17.628727890246036,0.07934599607397293,0.7626823782920837,0.12415450811386108,0.5155967682600021
WaveletFilter,poisson_4_gauss_0.05,4.0,0.05,sticks_085.tif,17.460158034293457,0.07887205888309412,0.7815831303596497,0.12637028098106384,0.5016658999025821
WaveletFilter,poisson_4_gauss_0.05,4.0,0.05,sticks_086.tif,17.172855062121293,0.08463343491033275,0.7766063213348389,0.13152994215488434,0.4976566664874554
WaveletFilter,poisson_4_gauss_0.05,4.0,0.05,sticks_088.tif,17.868077216068688,0.08680009193183055,0.7742795348167419,0.1203596219420433,0.4977466270327568
WaveletFilter,poisson_4_gauss_0.05,4.0,0.05,sticks_087.tif,18.169759014823647,0.08888914478316005,0.7945820093154907,0.11504508554935455,0.5184374779462815
WaveletFilter,poisson_4_gauss_0.05,4.0,0.05,sticks_089.tif,18.49856497607281,0.08438056962893879,0.7787571549415588,0.11038340628147125,0.5226315647363663
WaveletFilter,poisson_4_gauss_0.05,4.0,0.05,sticks_090.tif,16.997674881622743,0.08831172312972468,0.7823818325996399,0.1340634673833847,0.5109290421009064
WaveletFilter,poisson_4_gauss_0.05,4.0,0.05,sticks_091.tif,17.473508452867726,0.07565682205290597,0.7573663592338562,0.12722909450531006,0.49373086392879484
WaveletFilter,poisson_4_gauss_0.05,4.0,0.05,sticks_092.tif,18.68793806393922,0.08868650677337703,0.7918310165405273,0.1069037914276123,0.5274312175810337
WaveletFilter,poisson_4_gauss_0.05,4.0,0.05,sticks_093.tif,17.671368949113504,0.09727760955298281,0.7800979018211365,0.12227413803339005,0.5281726643443108
WaveletFilter,poisson_4_gauss_0.05,4.0,0.05,sticks_095.tif,15.941105558718764,0.09400147893331083,0.7680074572563171,0.15266212821006775,0.5093745931982994
WaveletFilter,poisson_4_gauss_0.05,4.0,0.05,sticks_096.tif,17.414572306637925,0.09141545666287425,0.7708857655525208,0.12685666978359222,0.5125823505222797
WaveletFilter,poisson_4_gauss_0.05,4.0,0.05,sticks_097.tif,16.2941842840678,0.07659848755489734,0.7652261257171631,0.14668110013008118,0.5193650044500828
WaveletFilter,poisson_4_gauss_0.05,4.0,0.05,sticks_098.tif,16.54986876967063,0.08917158513618008,0.7720491886138916,0.141779825091362,0.513753180205822
WaveletFilter,poisson_4_gauss_0.05,4.0,0.05,sticks_099.tif,17.310368317934923,0.08375961713677317,0.783174991607666,0.12874945998191833,0.5231305010616779
WaveletFilter,poisson_4_gauss_0.05,4.0,0.05,sticks_094.tif,17.765311555066717,0.0895317632775438,0.7683666348457336,0.1219157800078392,0.4945834308862686
WaveletFilter,poisson_4_gauss_0.1,4.0,0.1,sticks_000.tif,16.67756683204461,0.06981654781807506,0.7249239087104797,0.1336183249950409,0.7052109688520432
WaveletFilter,poisson_4_gauss_0.1,4.0,0.1,sticks_001.tif,17.31729485567782,0.09352479859651115,0.758994996547699,0.12058651447296143,0.7053375363349914
WaveletFilter,poisson_4_gauss_0.1,4.0,0.1,sticks_002.tif,17.939245044514912,0.0630409366209271,0.7338774800300598,0.11183146387338638,0.7090792492032051
WaveletFilter,poisson_4_gauss_0.1,4.0,0.1,sticks_003.tif,17.562996746652303,0.08107431801489123,0.7383507490158081,0.11811890453100204,0.6917645141482354
WaveletFilter,poisson_4_gauss_0.1,4.0,0.1,sticks_004.tif,17.200502797952623,0.08308333249792609,0.7429423332214355,0.12362624704837799,0.6997072115540505
WaveletFilter,poisson_4_gauss_0.1,4.0,0.1,sticks_005.tif,17.2461908073413,0.06450938950527477,0.7099478840827942,0.12358631938695908,0.7105094954371453
WaveletFilter,poisson_4_gauss_0.1,4.0,0.1,sticks_007.tif,16.59270012438005,0.07864326748371044,0.7460201978683472,0.1347101479768753,0.7071218088269233
WaveletFilter,poisson_4_gauss_0.1,4.0,0.1,sticks_009.tif,17.164640657408686,0.061701891178486776,0.7226853370666504,0.12518925964832306,0.7028709188103676
WaveletFilter,poisson_4_gauss_0.1,4.0,0.1,sticks_008.tif,16.18510030249127,0.0770187781281322,0.7214676737785339,0.14267569780349731,0.7103997141122818
WaveletFilter,poisson_4_gauss_0.1,4.0,0.1,sticks_011.tif,16.493656602319557,0.08063107819718725,0.7438993453979492,0.13695964217185974,0.6942303478717804
WaveletFilter,poisson_4_gauss_0.1,4.0,0.1,sticks_006.tif,17.602330478164824,0.06677934237776557,0.7206666469573975,0.1174590215086937,0.7094881564378739
WaveletFilter,poisson_4_gauss_0.1,4.0,0.1,sticks_010.tif,16.866185527468254,0.07317604023182551,0.7294777631759644,0.13014225661754608,0.7013504549860954
WaveletFilter,poisson_4_gauss_0.1,4.0,0.1,sticks_012.tif,17.412048613843186,0.07838337234303601,0.7423919439315796,0.11982641369104385,0.7065169379115105
WaveletFilter,poisson_4_gauss_0.1,4.0,0.1,sticks_016.tif,17.371843426868683,0.07884445965309488,0.7385349273681641,0.12092532962560654,0.6901762992143631
WaveletFilter,poisson_4_gauss_0.1,4.0,0.1,sticks_013.tif,16.78476713353168,0.08255773905515977,0.7420052886009216,0.13159556686878204,0.6766774773597717
WaveletFilter,poisson_4_gauss_0.1,4.0,0.1,sticks_014.tif,17.98493747006399,0.0629975554165683,0.7356428503990173,0.11035579442977905,0.7287045150995255
WaveletFilter,poisson_4_gauss_0.1,4.0,0.1,sticks_015.tif,17.3191097639637,0.07721797631235149,0.7433608174324036,0.12196030467748642,0.696140943467617
WaveletFilter,poisson_4_gauss_0.1,4.0,0.1,sticks_018.tif,17.16045849565607,0.07887287899260988,0.7481751441955566,0.12448934465646744,0.696654537320137
WaveletFilter,poisson_4_gauss_0.1,4.0,0.1,sticks_020.tif,16.262902890679072,0.07448611269469586,0.7247930765151978,0.14179503917694092,0.6842641502618789
WaveletFilter,poisson_4_gauss_0.1,4.0,0.1,sticks_017.tif,17.35024428338975,0.07289209302403858,0.7358934879302979,0.12120109796524048,0.7106291353702545
WaveletFilter,poisson_4_gauss_0.1,4.0,0.1,sticks_019.tif,16.88283555978235,0.08227260528142687,0.7429680228233337,0.12985515594482422,0.6875492870807648
WaveletFilter,poisson_4_gauss_0.1,4.0,0.1,sticks_021.tif,16.662660361179004,0.07607139046347386,0.7250561118125916,0.1341627985239029,0.6900690153241158
WaveletFilter,poisson_4_gauss_0.1,4.0,0.1,sticks_022.tif,16.30021994862905,0.06537632659712607,0.7154359817504883,0.1411370187997818,0.6975459411740303
WaveletFilter,poisson_4_gauss_0.1,4.0,0.1,sticks_023.tif,16.699856287727847,0.08759080553171653,0.7511182427406311,0.1326841413974762,0.6931919559836388
WaveletFilter,poisson_4_gauss_0.1,4.0,0.1,sticks_024.tif,17.27629702696055,0.07004519818956031,0.7258281111717224,0.12285780906677246,0.7104889780282975
WaveletFilter,poisson_4_gauss_0.1,4.0,0.1,sticks_025.tif,16.89894658631857,0.08526498239206702,0.7521955370903015,0.12921661138534546,0.685994091629982
WaveletFilter,poisson_4_gauss_0.1,4.0,0.1,sticks_026.tif,16.929499353207117,0.06763037469345771,0.7204820513725281,0.12879817187786102,0.7094188153743743
WaveletFilter,poisson_4_gauss_0.1,4.0,0.1,sticks_027.tif,17.09498480439987,0.09587236060094854,0.7667140364646912,0.1243666261434555,0.703068844974041
WaveletFilter,poisson_4_gauss_0.1,4.0,0.1,sticks_028.tif,17.07803048845932,0.06890192842273045,0.7224499583244324,0.12647150456905365,0.7144178971648216
WaveletFilter,poisson_4_gauss_0.1,4.0,0.1,sticks_029.tif,16.1853129334648,0.0787902308501367,0.7303623557090759,0.14269939064979553,0.6959451451897621
WaveletFilter,poisson_4_gauss_0.1,4.0,0.1,sticks_030.tif,16.946206720451347,0.08162015065550886,0.7403919100761414,0.12868784368038177,0.6882364988327027
WaveletFilter,poisson_4_gauss_0.1,4.0,0.1,sticks_032.tif,17.018921511440045,0.08486100987105584,0.7420673370361328,0.12710940837860107,0.6886699140071869
WaveletFilter,poisson_4_gauss_0.1,4.0,0.1,sticks_031.tif,17.489434690719335,0.07118387105084245,0.7341330051422119,0.11874040216207504,0.7105446696281433
WaveletFilter,poisson_4_gauss_0.1,4.0,0.1,sticks_033.tif,16.375660400263722,0.0806747592274131,0.719079852104187,0.13913138210773468,0.6989178419113159
WaveletFilter,poisson_4_gauss_0.1,4.0,0.1,sticks_034.tif,17.099580636968422,0.07231198158417013,0.7309076189994812,0.1261155754327774,0.6945896551012993
WaveletFilter,poisson_4_gauss_0.1,4.0,0.1,sticks_035.tif,16.735852368734108,0.08029161083397625,0.7413942217826843,0.13260610401630402,0.6855807572603225
WaveletFilter,poisson_4_gauss_0.1,4.0,0.1,sticks_036.tif,16.931106153042318,0.062410176211503375,0.7071593403816223,0.1295868456363678,0.6968795508146286
WaveletFilter,poisson_4_gauss_0.1,4.0,0.1,sticks_037.tif,17.013873823383552,0.0728120071562851,0.7168394327163696,0.12743619084358215,0.7011740624904632
WaveletFilter,poisson_4_gauss_0.1,4.0,0.1,sticks_038.tif,17.399171785310177,0.05792585594905743,0.7197025418281555,0.12091045081615448,0.7181095212697983
WaveletFilter,poisson_4_gauss_0.1,4.0,0.1,sticks_040.tif,17.10042325134744,0.08484542797813177,0.7492971420288086,0.12531714141368866,0.698675899207592
WaveletFilter,poisson_4_gauss_0.1,4.0,0.1,sticks_039.tif,16.514931814804104,0.07407985524902687,0.7396145462989807,0.13669005036354065,0.6965488821268082
WaveletFilter,poisson_4_gauss_0.1,4.0,0.1,sticks_041.tif,17.58190661091707,0.06694036811684419,0.7378730773925781,0.11748162657022476,0.7079149276018143
WaveletFilter,poisson_4_gauss_0.1,4.0,0.1,sticks_042.tif,18.13203955876257,0.06448486507022058,0.729345977306366,0.10789970308542252,0.718869423866272
WaveletFilter,poisson_4_gauss_0.1,4.0,0.1,sticks_043.tif,16.704508784164656,0.08617912559831713,0.753608226776123,0.13269135355949402,0.6890297085046768
WaveletFilter,poisson_4_gauss_0.1,4.0,0.1,sticks_044.tif,16.073704447984984,0.08083131653849164,0.7217101454734802,0.1451830416917801,0.6875958159565926
WaveletFilter,poisson_4_gauss_0.1,4.0,0.1,sticks_045.tif,17.309740302239245,0.06575294851256866,0.7353404760360718,0.12263859808444977,0.6980622351169586
WaveletFilter,poisson_4_gauss_0.1,4.0,0.1,sticks_046.tif,18.25980743141155,0.06510453861025708,0.7264390587806702,0.1063884049654007,0.7146754637360573
WaveletFilter,poisson_4_gauss_0.1,4.0,0.1,sticks_047.tif,17.22359880874732,0.05835005408640758,0.705626904964447,0.12404701858758926,0.7152794808149338
WaveletFilter,poisson_4_gauss_0.1,4.0,0.1,sticks_049.tif,16.05473629282438,0.06667054754368018,0.7193119525909424,0.1459449976682663,0.6934921860694885
WaveletFilter,poisson_4_gauss_0.1,4.0,0.1,sticks_048.tif,17.35866715740523,0.07656950056253063,0.7437107563018799,0.12076075375080109,0.7116762325167656
WaveletFilter,poisson_4_gauss_0.1,4.0,0.1,sticks_050.tif,18.317226208607003,0.06538420398092315,0.733151376247406,0.10543230921030045,0.7143386542797089
WaveletFilter,poisson_4_gauss_0.1,4.0,0.1,sticks_051.tif,16.975833068908734,0.08763532209408963,0.7496949434280396,0.1278095692396164,0.687822999060154
WaveletFilter,poisson_4_gauss_0.1,4.0,0.1,sticks_053.tif,17.064895993229978,0.08599414791891456,0.7455798983573914,0.12606416642665863,0.6932332307100296
WaveletFilter,poisson_4_gauss_0.1,4.0,0.1,sticks_052.tif,16.57342204945578,0.07851890261896666,0.7417072057723999,0.1363125741481781,0.6757118016481399
WaveletFilter,poisson_4_gauss_0.1,4.0,0.1,sticks_054.tif,17.757624057445916,0.06681015802907612,0.730525553226471,0.11450692266225815,0.7122827708721161
WaveletFilter,poisson_4_gauss_0.1,4.0,0.1,sticks_055.tif,16.01168930094099,0.07695973411187247,0.7515009641647339,0.146273672580719,0.6839698910713196
WaveletFilter,poisson_4_gauss_0.1,4.0,0.1,sticks_056.tif,17.696315985774373,0.07641828845362555,0.7409293055534363,0.11538030952215195,0.7044410601258277
WaveletFilter,poisson_4_gauss_0.1,4.0,0.1,sticks_059.tif,16.93696955655765,0.0619324787206422,0.7060801982879639,0.1291394978761673,0.7085746645927429
WaveletFilter,poisson_4_gauss_0.1,4.0,0.1,sticks_058.tif,17.335036973391084,0.0795393221846226,0.7439517974853516,0.12148551642894745,0.6949603214859963
WaveletFilter,poisson_4_gauss_0.1,4.0,0.1,sticks_057.tif,16.95880150597719,0.08565063412303203,0.7455762624740601,0.1279449164867401,0.6901671200990677
WaveletFilter,poisson_4_gauss_0.1,4.0,0.1,sticks_060.tif,17.41595816974892,0.06129281212974951,0.7191128730773926,0.12040194123983383,0.718024492263794
WaveletFilter,poisson_4_gauss_0.1,4.0,0.1,sticks_063.tif,16.64156431214566,0.07280636254138848,0.7365433573722839,0.1338948756456375,0.7073034152388573
WaveletFilter,poisson_4_gauss_0.1,4.0,0.1,sticks_061.tif,16.127868924221058,0.08659585336581672,0.7483400106430054,0.1440802812576294,0.6862268641591072
WaveletFilter,poisson_4_gauss_0.1,4.0,0.1,sticks_062.tif,16.81631336179567,0.06148039563095805,0.7316617369651794,0.13150475919246674,0.6996078938245773
WaveletFilter,poisson_4_gauss_0.1,4.0,0.1,sticks_067.tif,16.26650922354135,0.07817583450139705,0.7325252294540405,0.14125868678092957,0.6982152014970779
WaveletFilter,poisson_4_gauss_0.1,4.0,0.1,sticks_066.tif,16.27464941995456,0.07591208649915424,0.7214164137840271,0.14157702028751373,0.683156569302082
WaveletFilter,poisson_4_gauss_0.1,4.0,0.1,sticks_065.tif,17.020636910211127,0.07485989328525722,0.7468223571777344,0.1272144764661789,0.6908267870545387
WaveletFilter,poisson_4_gauss_0.1,4.0,0.1,sticks_068.tif,17.519051971806377,0.06712783658953209,0.7258215546607971,0.11824514716863632,0.7216977089643478
WaveletFilter,poisson_4_gauss_0.1,4.0,0.1,sticks_069.tif,17.52183847023131,0.08262014698916567,0.7551289200782776,0.11811178922653198,0.7011676385998726
WaveletFilter,poisson_4_gauss_0.1,4.0,0.1,sticks_064.tif,17.60414064550933,0.07146399894410863,0.7444652318954468,0.11664992570877075,0.7138321250677109
WaveletFilter,poisson_4_gauss_0.1,4.0,0.1,sticks_070.tif,16.919187327695333,0.07493558910013048,0.7305691838264465,0.1290319710969925,0.7107652142643929
WaveletFilter,poisson_4_gauss_0.1,4.0,0.1,sticks_071.tif,16.93604218772639,0.07964291010675517,0.736564576625824,0.12866821885108948,0.700608403980732
WaveletFilter,poisson_4_gauss_0.1,4.0,0.1,sticks_072.tif,17.214291986995423,0.06205206918810349,0.7201169729232788,0.12421713024377823,0.7140747338533402
WaveletFilter,poisson_4_gauss_0.1,4.0,0.1,sticks_073.tif,17.80370631789827,0.07068954429355369,0.7410063147544861,0.11295851320028305,0.7136139124631882
WaveletFilter,poisson_4_gauss_0.1,4.0,0.1,sticks_074.tif,16.74839549439231,0.06822588671253813,0.7152149081230164,0.1326744258403778,0.7034525007009507
WaveletFilter,poisson_4_gauss_0.1,4.0,0.1,sticks_075.tif,16.684033190329647,0.08344362796733158,0.7364440560340881,0.13372869789600372,0.6781312361359596
WaveletFilter,poisson_4_gauss_0.1,4.0,0.1,sticks_076.tif,16.71647262199174,0.0767601584549083,0.736128568649292,0.13262325525283813,0.712266942858696
WaveletFilter,poisson_4_gauss_0.1,4.0,0.1,sticks_077.tif,16.712232891292317,0.0860981998657071,0.751703143119812,0.1328583061695099,0.6853691950440407
WaveletFilter,poisson_4_gauss_0.1,4.0,0.1,sticks_078.tif,16.714888312518113,0.0722720523603916,0.735018789768219,0.13334277272224426,0.683300094306469
WaveletFilter,poisson_4_gauss_0.1,4.0,0.1,sticks_079.tif,16.949626951388375,0.07835230953487865,0.7399684190750122,0.128127783536911,0.7068496674299241
WaveletFilter,poisson_4_gauss_0.1,4.0,0.1,sticks_080.tif,16.5287080922904,0.08965862406161167,0.7411031723022461,0.13608907163143158,0.6855038404464722
WaveletFilter,poisson_4_gauss_0.1,4.0,0.1,sticks_081.tif,16.46922213077631,0.0842269821859411,0.7322264909744263,0.13722480833530426,0.6942599803209305
WaveletFilter,poisson_4_gauss_0.1,4.0,0.1,sticks_082.tif,16.765411541944424,0.08325701903935677,0.750414252281189,0.1314215064048767,0.7017345950007439
WaveletFilter,poisson_4_gauss_0.1,4.0,0.1,sticks_084.tif,17.210698679274092,0.08000659787866625,0.7500887513160706,0.12346724420785904,0.7028355851769448
WaveletFilter,poisson_4_gauss_0.1,4.0,0.1,sticks_083.tif,17.284649002737243,0.07179006989526239,0.7274498343467712,0.12295874208211899,0.6994896471500397
WaveletFilter,poisson_4_gauss_0.1,4.0,0.1,sticks_085.tif,17.017160536741812,0.07205405896203311,0.7441754341125488,0.12754516303539276,0.6840151280164719
WaveletFilter,poisson_4_gauss_0.1,4.0,0.1,sticks_086.tif,16.487382825863207,0.07612731680631338,0.7372410297393799,0.1376403570175171,0.6777691289782524
WaveletFilter,poisson_4_gauss_0.1,4.0,0.1,sticks_088.tif,17.215450837592183,0.07779992051242149,0.7367297410964966,0.1241251602768898,0.6880155459046364
WaveletFilter,poisson_4_gauss_0.1,4.0,0.1,sticks_087.tif,17.456963862910307,0.07873288803618665,0.7549210786819458,0.1190585270524025,0.6990547239780426
WaveletFilter,poisson_4_gauss_0.1,4.0,0.1,sticks_089.tif,17.681949529376283,0.07365032989448679,0.7381417751312256,0.11550359427928925,0.7124219030141831
WaveletFilter,poisson_4_gauss_0.1,4.0,0.1,sticks_090.tif,16.346303034984963,0.08013012434145783,0.7447502613067627,0.13989409804344177,0.6876756489276886
WaveletFilter,poisson_4_gauss_0.1,4.0,0.1,sticks_091.tif,16.743469910124574,0.06618357175064157,0.7146453261375427,0.13311250507831573,0.6868956372141838
WaveletFilter,poisson_4_gauss_0.1,4.0,0.1,sticks_092.tif,17.919954598818947,0.07807950846669495,0.7511860728263855,0.1108521968126297,0.7080916047096253
WaveletFilter,poisson_4_gauss_0.1,4.0,0.1,sticks_093.tif,17.040726211793498,0.0882583747750449,0.7458544969558716,0.12651214003562927,0.7011477783322334
WaveletFilter,poisson_4_gauss_0.1,4.0,0.1,sticks_095.tif,15.57889035052215,0.087515080739522,0.7380414605140686,0.15467378497123718,0.675030779838562
WaveletFilter,poisson_4_gauss_0.1,4.0,0.1,sticks_096.tif,16.874193973066987,0.08305685435609506,0.7354699969291687,0.1296306550502777,0.6950085863471032
WaveletFilter,poisson_4_gauss_0.1,4.0,0.1,sticks_097.tif,16.02095416854613,0.07000806614301498,0.7304665446281433,0.14622336626052856,0.7023821741342544
WaveletFilter,poisson_4_gauss_0.1,4.0,0.1,sticks_098.tif,16.428402407466344,0.0838274437606257,0.742678165435791,0.13805240392684937,0.6908522561192513
WaveletFilter,poisson_4_gauss_0.1,4.0,0.1,sticks_099.tif,16.876194226824282,0.07581594581290603,0.7452012300491333,0.12956322729587555,0.7040374353528023
WaveletFilter,poisson_4_gauss_0.1,4.0,0.1,sticks_094.tif,17.329396046918788,0.08212160305147549,0.7361854314804077,0.12221075594425201,0.6772821798920632
WaveletFilter,poisson_4_gauss_0.2,4.0,0.2,sticks_000.tif,14.733460530422452,0.04837954867208107,0.6137441396713257,0.15188421308994293,0.9217368826270104
WaveletFilter,poisson_4_gauss_0.2,4.0,0.2,sticks_001.tif,14.926926673951236,0.06604365503984236,0.6507302522659302,0.1467726081609726,0.9109813570976257
WaveletFilter,poisson_4_gauss_0.2,4.0,0.2,sticks_002.tif,14.945826592148205,0.039085464224654407,0.6014131903648376,0.14424940943717957,0.9345231011509896
WaveletFilter,poisson_4_gauss_0.2,4.0,0.2,sticks_003.tif,14.77428210019115,0.05284725746012793,0.6191700100898743,0.14970749616622925,0.9122550874948502
WaveletFilter,poisson_4_gauss_0.2,4.0,0.2,sticks_004.tif,14.699820644196349,0.05606295491946288,0.6319646835327148,0.15310905873775482,0.9110084250569344
WaveletFilter,poisson_4_gauss_0.2,4.0,0.2,sticks_005.tif,14.93386432850994,0.0423879678253837,0.5984104871749878,0.14678916335105896,0.9269202545285224
WaveletFilter,poisson_4_gauss_0.2,4.0,0.2,sticks_007.tif,14.507717871513684,0.05559609829283929,0.6359298825263977,0.15788306295871735,0.9170999556779862
WaveletFilter,poisson_4_gauss_0.2,4.0,0.2,sticks_009.tif,14.885673446843644,0.040175241175381335,0.603852391242981,0.14797045290470123,0.9232977867126465
WaveletFilter,poisson_4_gauss_0.2,4.0,0.2,sticks_008.tif,14.114443895599305,0.05370372816517252,0.6217179298400879,0.16736942529678345,0.9239771157503128
WaveletFilter,poisson_4_gauss_0.2,4.0,0.2,sticks_011.tif,14.370453921247673,0.05725668283813954,0.6358328461647034,0.1612464338541031,0.9110809743404389
WaveletFilter,poisson_4_gauss_0.2,4.0,0.2,sticks_006.tif,14.82038534895717,0.04230287373399462,0.5959920287132263,0.14804258942604065,0.9300830483436584
WaveletFilter,poisson_4_gauss_0.2,4.0,0.2,sticks_010.tif,14.588149918794176,0.049547216697719616,0.6146047711372375,0.15519969165325165,0.9172946885228157
WaveletFilter,poisson_4_gauss_0.2,4.0,0.2,sticks_012.tif,14.652899726242339,0.051430555653369674,0.6228610277175903,0.1523647904396057,0.9240457698702812
WaveletFilter,poisson_4_gauss_0.2,4.0,0.2,sticks_016.tif,14.788080492500644,0.0530815814319482,0.6207824349403381,0.1498071551322937,0.9084362491965294
WaveletFilter,poisson_4_gauss_0.2,4.0,0.2,sticks_013.tif,14.496971324644862,0.058443825838453575,0.6307190656661987,0.15862780809402466,0.8911960422992706
WaveletFilter,poisson_4_gauss_0.2,4.0,0.2,sticks_014.tif,15.0807299963341,0.0373455576909059,0.6049748063087463,0.1413925588130951,0.9467708736658096
WaveletFilter,poisson_4_gauss_0.2,4.0,0.2,sticks_015.tif,14.767930639616457,0.051525505610981875,0.6277948617935181,0.1509610265493393,0.9093981325626374
WaveletFilter,poisson_4_gauss_0.2,4.0,0.2,sticks_018.tif,14.641964649956957,0.05346512076050728,0.6306191682815552,0.15426670014858246,0.9097174257040024
WaveletFilter,poisson_4_gauss_0.2,4.0,0.2,sticks_020.tif,14.112398090784541,0.052437459816412034,0.6151246428489685,0.1690748631954193,0.9003371194005012
WaveletFilter,poisson_4_gauss_0.2,4.0,0.2,sticks_017.tif,14.813811394384022,0.04782673429521244,0.6188535094261169,0.14877769351005554,0.9261870592832565
WaveletFilter,poisson_4_gauss_0.2,4.0,0.2,sticks_019.tif,14.429705464139033,0.057201810566037604,0.6332656145095825,0.15914428234100342,0.9043504580855369
WaveletFilter,poisson_4_gauss_0.2,4.0,0.2,sticks_021.tif,14.404330193230322,0.05269535377400447,0.6172484755516052,0.16057226061820984,0.9081036791205406
WaveletFilter,poisson_4_gauss_0.2,4.0,0.2,sticks_022.tif,14.254904078787774,0.04463182777445116,0.6025550365447998,0.16440996527671814,0.9147688105702401
WaveletFilter,poisson_4_gauss_0.2,4.0,0.2,sticks_023.tif,14.512715144108503,0.06292517875291675,0.6457381248474121,0.15714646875858307,0.9067445173859596
WaveletFilter,poisson_4_gauss_0.2,4.0,0.2,sticks_024.tif,14.70925547497516,0.045808541491630626,0.6093569397926331,0.1517535001039505,0.9271224349737167
WaveletFilter,poisson_4_gauss_0.2,4.0,0.2,sticks_025.tif,14.66445874507954,0.06035845998644627,0.6420051455497742,0.1532876193523407,0.9027809754014016
WaveletFilter,poisson_4_gauss_0.2,4.0,0.2,sticks_026.tif,14.492462283471498,0.04438434542830068,0.601165771484375,0.15689587593078613,0.9292276129126549
WaveletFilter,poisson_4_gauss_0.2,4.0,0.2,sticks_027.tif,14.604432145751609,0.06602845567509252,0.6573641300201416,0.15395589172840118,0.9125012904405594
WaveletFilter,poisson_4_gauss_0.2,4.0,0.2,sticks_028.tif,14.534491482309807,0.044451228816288116,0.6056191325187683,0.15641793608665466,0.9304452106356621
WaveletFilter,poisson_4_gauss_0.2,4.0,0.2,sticks_029.tif,14.054634069568639,0.05565653141130311,0.6258107423782349,0.170047327876091,0.9086048513650894
WaveletFilter,poisson_4_gauss_0.2,4.0,0.2,sticks_030.tif,14.529045280852726,0.05629555451656782,0.6297888159751892,0.15695802867412567,0.9047431245446205
WaveletFilter,poisson_4_gauss_0.2,4.0,0.2,sticks_032.tif,14.650436859367348,0.05902769602261866,0.6356673836708069,0.1541898548603058,0.9009576871991157
WaveletFilter,poisson_4_gauss_0.2,4.0,0.2,sticks_031.tif,14.827765964335422,0.045617868455382814,0.6095239520072937,0.14822594821453094,0.9287732243537903
WaveletFilter,poisson_4_gauss_0.2,4.0,0.2,sticks_033.tif,14.500580305494106,0.05866140443230773,0.6220320463180542,0.15709951519966125,0.9165971472859382
WaveletFilter,poisson_4_gauss_0.2,4.0,0.2,sticks_034.tif,14.597000970419373,0.04826432705207755,0.6094560027122498,0.15502174198627472,0.9146394029259681
WaveletFilter,poisson_4_gauss_0.2,4.0,0.2,sticks_035.tif,14.43999974389566,0.056304234765565446,0.6341689825057983,0.15942010283470154,0.9034094005823136
WaveletFilter,poisson_4_gauss_0.2,4.0,0.2,sticks_036.tif,14.662958188914208,0.041790374809320255,0.5914801955223083,0.15449759364128113,0.917533016204834
WaveletFilter,poisson_4_gauss_0.2,4.0,0.2,sticks_037.tif,14.771318651430331,0.04952219430093536,0.6051744818687439,0.1510259211063385,0.9159992769360542
WaveletFilter,poisson_4_gauss_0.2,4.0,0.2,sticks_038.tif,14.759638050778713,0.03557950414197408,0.5914310216903687,0.14949823915958405,0.9401489153504372
WaveletFilter,poisson_4_gauss_0.2,4.0,0.2,sticks_040.tif,14.558133377271993,0.058549170746977755,0.6366259455680847,0.15607543289661407,0.9095791056752205
WaveletFilter,poisson_4_gauss_0.2,4.0,0.2,sticks_039.tif,14.395909043956351,0.05231782668053906,0.6269556283950806,0.16135092079639435,0.9126003816723823
WaveletFilter,poisson_4_gauss_0.2,4.0,0.2,sticks_041.tif,14.96640802441183,0.04293858452470799,0.6126477718353271,0.14497527480125427,0.927708438038826
WaveletFilter,poisson_4_gauss_0.2,4.0,0.2,sticks_042.tif,15.032704906653699,0.0380375749464526,0.5965033173561096,0.1427542120218277,0.9345010951161384
WaveletFilter,poisson_4_gauss_0.2,4.0,0.2,sticks_043.tif,14.486683528998459,0.06172468619197454,0.6443427205085754,0.1585095226764679,0.9010223835706711
WaveletFilter,poisson_4_gauss_0.2,4.0,0.2,sticks_044.tif,14.279561276873496,0.059492301125422906,0.6243405938148499,0.1649252474308014,0.9006708487868309
WaveletFilter,poisson_4_gauss_0.2,4.0,0.2,sticks_045.tif,14.687478735222417,0.042230188348844774,0.613194465637207,0.15203550457954407,0.9211619541049003
WaveletFilter,poisson_4_gauss_0.2,4.0,0.2,sticks_046.tif,15.173205704793675,0.03825495016222517,0.5956976413726807,0.13871894776821136,0.9419916480779648
WaveletFilter,poisson_4_gauss_0.2,4.0,0.2,sticks_047.tif,14.628580997715254,0.03632677947750512,0.5841915011405945,0.15352453291416168,0.9346128821372985
WaveletFilter,poisson_4_gauss_0.2,4.0,0.2,sticks_049.tif,14.048598273016523,0.046961752384219894,0.6089075207710266,0.17079277336597443,0.9095067515969276
WaveletFilter,poisson_4_gauss_0.2,4.0,0.2,sticks_048.tif,14.841148723443895,0.05075687264340885,0.6246219873428345,0.14876772463321686,0.9250875666737557
WaveletFilter,poisson_4_gauss_0.2,4.0,0.2,sticks_050.tif,15.266110439402215,0.04004000978440891,0.5995112657546997,0.1364588588476181,0.9367123872041703
WaveletFilter,poisson_4_gauss_0.2,4.0,0.2,sticks_051.tif,14.48794624344876,0.05968976408920101,0.6373018622398376,0.15714038908481598,0.9052250444889068
WaveletFilter,poisson_4_gauss_0.2,4.0,0.2,sticks_053.tif,14.451778245509031,0.059238746603596085,0.6297346353530884,0.1583537459373474,0.9076011508703232
WaveletFilter,poisson_4_gauss_0.2,4.0,0.2,sticks_052.tif,14.083356118420447,0.05424961015449902,0.6245967149734497,0.16913673281669617,0.8976664170622826
WaveletFilter,poisson_4_gauss_0.2,4.0,0.2,sticks_054.tif,14.928053040462997,0.04151180566241657,0.6068085432052612,0.14489635825157166,0.9341452121734619
WaveletFilter,poisson_4_gauss_0.2,4.0,0.2,sticks_055.tif,14.049010368014587,0.05493678324670603,0.6404839158058167,0.17015141248703003,0.9018033444881439
WaveletFilter,poisson_4_gauss_0.2,4.0,0.2,sticks_056.tif,14.692014209530782,0.0491624207885834,0.6146249175071716,0.15089820325374603,0.9277837872505188
WaveletFilter,poisson_4_gauss_0.2,4.0,0.2,sticks_059.tif,14.400353231347312,0.03934532461712715,0.5912326574325562,0.16036315262317657,0.9274644628167152
WaveletFilter,poisson_4_gauss_0.2,4.0,0.2,sticks_058.tif,14.77568986269301,0.05330648116056783,0.6254376769065857,0.1501099318265915,0.9119823604822159
WaveletFilter,poisson_4_gauss_0.2,4.0,0.2,sticks_057.tif,14.60725933107157,0.05959185494134822,0.6372714638710022,0.15418963134288788,0.9070019945502281
WaveletFilter,poisson_4_gauss_0.2,4.0,0.2,sticks_060.tif,14.668707798972935,0.03785520677867832,0.5929509401321411,0.1523790806531906,0.9357241109013558
WaveletFilter,poisson_4_gauss_0.2,4.0,0.2,sticks_063.tif,14.30874432554338,0.04923255209831429,0.6185102462768555,0.16266480088233948,0.9210641890764236
WaveletFilter,poisson_4_gauss_0.2,4.0,0.2,sticks_061.tif,14.188710736642324,0.06394970891738627,0.6455289125442505,0.16713127493858337,0.8945986405014992
WaveletFilter,poisson_4_gauss_0.2,4.0,0.2,sticks_062.tif,14.425266744149605,0.041085187571643346,0.6054279804229736,0.1601836383342743,0.9179451018571854
WaveletFilter,poisson_4_gauss_0.2,4.0,0.2,sticks_067.tif,14.168696004453544,0.05534482334637797,0.6258443593978882,0.16663353145122528,0.9130102768540382
WaveletFilter,poisson_4_gauss_0.2,4.0,0.2,sticks_066.tif,14.204129531232297,0.053639801075250036,0.6145990490913391,0.16547390818595886,0.9052825197577477
WaveletFilter,poisson_4_gauss_0.2,4.0,0.2,sticks_065.tif,14.62852950751471,0.050427064266940415,0.6287580728530884,0.1540423035621643,0.9080023795366288
WaveletFilter,poisson_4_gauss_0.2,4.0,0.2,sticks_068.tif,14.879648146842076,0.042616723696635536,0.5987914204597473,0.1467054784297943,0.9363701850175857
WaveletFilter,poisson_4_gauss_0.2,4.0,0.2,sticks_069.tif,14.876011306425802,0.05531454671708544,0.6361448764801025,0.14821799099445343,0.9107662171125412
WaveletFilter,poisson_4_gauss_0.2,4.0,0.2,sticks_064.tif,14.835084941470003,0.04571553948303713,0.6199800968170166,0.14799466729164124,0.92977983802557
WaveletFilter,poisson_4_gauss_0.2,4.0,0.2,sticks_070.tif,14.56501819019347,0.05039599186374225,0.6185225248336792,0.1560049206018448,0.9257107809185982
WaveletFilter,poisson_4_gauss_0.2,4.0,0.2,sticks_071.tif,14.640717554271463,0.05530721666404572,0.6278573274612427,0.15359888970851898,0.9189705729484559
WaveletFilter,poisson_4_gauss_0.2,4.0,0.2,sticks_072.tif,14.662412194080058,0.039749212849107256,0.5992186069488525,0.15375351905822754,0.9302778705954552
WaveletFilter,poisson_4_gauss_0.2,4.0,0.2,sticks_073.tif,14.950137144086206,0.045038167305003776,0.6154599189758301,0.14502617716789246,0.9276877209544182
WaveletFilter,poisson_4_gauss_0.2,4.0,0.2,sticks_074.tif,14.558470155032268,0.046818634052567296,0.6073446869850159,0.15639415383338928,0.9218963876366615
WaveletFilter,poisson_4_gauss_0.2,4.0,0.2,sticks_075.tif,14.42194897009215,0.059000655242605324,0.6298353672027588,0.1603311002254486,0.8982313439249993
WaveletFilter,poisson_4_gauss_0.2,4.0,0.2,sticks_076.tif,14.482833304745382,0.05166974526859743,0.6274977922439575,0.15820440649986267,0.9257123738527298
WaveletFilter,poisson_4_gauss_0.2,4.0,0.2,sticks_077.tif,14.46075366672638,0.062029186943448694,0.6423596739768982,0.1592809408903122,0.8965208485722542
WaveletFilter,poisson_4_gauss_0.2,4.0,0.2,sticks_078.tif,14.353603743612876,0.049828617683637916,0.6157557964324951,0.16169968247413635,0.9046965494751931
WaveletFilter,poisson_4_gauss_0.2,4.0,0.2,sticks_079.tif,14.362381130415596,0.052171616862551486,0.6267973780632019,0.16153445839881897,0.9166807934641839
WaveletFilter,poisson_4_gauss_0.2,4.0,0.2,sticks_080.tif,14.348397711958519,0.06419631569875434,0.6377888917922974,0.16170433163642883,0.900309631228447
WaveletFilter,poisson_4_gauss_0.2,4.0,0.2,sticks_081.tif,14.341860076168867,0.06010809071934039,0.6317678689956665,0.16187810897827148,0.9094254523515701
WaveletFilter,poisson_4_gauss_0.2,4.0,0.2,sticks_082.tif,14.511061766469046,0.05848744360181289,0.6400464177131653,0.157574862241745,0.9112641587853432
WaveletFilter,poisson_4_gauss_0.2,4.0,0.2,sticks_084.tif,14.631640926588238,0.053686070349666826,0.6328365802764893,0.15289393067359924,0.917595836520195
WaveletFilter,poisson_4_gauss_0.2,4.0,0.2,sticks_083.tif,14.745958843159702,0.04702236231486257,0.6107226610183716,0.1510869413614273,0.9222751379013061
WaveletFilter,poisson_4_gauss_0.2,4.0,0.2,sticks_085.tif,14.57747830091903,0.05058968592259453,0.6233600378036499,0.15542276203632355,0.9013043761253356
WaveletFilter,poisson_4_gauss_0.2,4.0,0.2,sticks_086.tif,14.359475970931964,0.054893930436180745,0.6265351176261902,0.16167567670345306,0.8978950694203377
WaveletFilter,poisson_4_gauss_0.2,4.0,0.2,sticks_088.tif,14.583404126792292,0.05292649745604394,0.6188594698905945,0.1549970805644989,0.9114515289664269
WaveletFilter,poisson_4_gauss_0.2,4.0,0.2,sticks_087.tif,14.83604840145972,0.05268789529121567,0.6321054697036743,0.14815154671669006,0.9150467172265053
WaveletFilter,poisson_4_gauss_0.2,4.0,0.2,sticks_089.tif,14.940065889233265,0.04801525757159165,0.6180214285850525,0.14564064145088196,0.9289481267333031
WaveletFilter,poisson_4_gauss_0.2,4.0,0.2,sticks_090.tif,14.37147589262578,0.05884495307785253,0.636361837387085,0.16178034245967865,0.8991869777441025
WaveletFilter,poisson_4_gauss_0.2,4.0,0.2,sticks_091.tif,14.43733542082992,0.04433543768904348,0.6022933721542358,0.15909132361412048,0.9140032947063446
WaveletFilter,poisson_4_gauss_0.2,4.0,0.2,sticks_092.tif,15.0230586812099,0.050789284658766136,0.6263753771781921,0.1430698037147522,0.9207631289958954
WaveletFilter,poisson_4_gauss_0.2,4.0,0.2,sticks_093.tif,14.660542109966714,0.06147838566926178,0.6382856369018555,0.1531611680984497,0.9157487258315087
WaveletFilter,poisson_4_gauss_0.2,4.0,0.2,sticks_095.tif,13.955055728009398,0.06665213276635293,0.6398932933807373,0.1735621988773346,0.8848078310489654
WaveletFilter,poisson_4_gauss_0.2,4.0,0.2,sticks_096.tif,14.312123615138566,0.05635532665454798,0.6216674447059631,0.1629394143819809,0.9079568982124329
WaveletFilter,poisson_4_gauss_0.2,4.0,0.2,sticks_097.tif,14.175370746914151,0.04910667233635571,0.6233448386192322,0.16706633567810059,0.9176120176911354
WaveletFilter,poisson_4_gauss_0.2,4.0,0.2,sticks_098.tif,14.145086545410162,0.05994286287523938,0.6312817335128784,0.16749699413776398,0.9033478438854218
WaveletFilter,poisson_4_gauss_0.2,4.0,0.2,sticks_099.tif,14.546284418279365,0.05180911269872111,0.6261022686958313,0.1563580185174942,0.9175184279680252
WaveletFilter,poisson_4_gauss_0.2,4.0,0.2,sticks_094.tif,14.622493893303607,0.05654939772465257,0.6228569149971008,0.15492041409015656,0.8967700749635696
