Method,NoiseFolder,Poisson,Gauss,File,PSNR,SSIM,MS-SSIM,MAE,LPIPS
CARE,poisson_16_gauss_0.05,16.0,0.05,sticks_000.tif,24.529353445927825,0.20265084760584,0.8473349809646606,0.0449533611536026,0.4829579688608646
CARE,poisson_16_gauss_0.05,16.0,0.05,sticks_001.tif,25.00437824422944,0.2472675455988656,0.8420860767364502,0.0393271818757057,0.406271956115961
CARE,poisson_16_gauss_0.05,16.0,0.05,sticks_002.tif,24.886404951748545,0.1746979686621705,0.8424732089042664,0.0436000451445579,0.4586252361536026
CARE,poisson_16_gauss_0.05,16.0,0.05,sticks_003.tif,23.661353137494743,0.1917552216670519,0.8365515470504761,0.0539187379181385,0.4613725453615188
CARE,poisson_16_gauss_0.05,16.0,0.05,sticks_004.tif,25.60093887572956,0.2700825353220173,0.8290926218032837,0.0324302315711975,0.391327279061079
CARE,poisson_16_gauss_0.05,16.0,0.05,sticks_005.tif,24.366807041118484,0.1838388700851681,0.8232955932617188,0.0448435693979263,0.5039499521255493
CARE,poisson_16_gauss_0.05,16.0,0.05,sticks_007.tif,24.499410369639136,0.2167233678197516,0.8530879020690918,0.0438325256109237,0.4651922538876533
CARE,poisson_16_gauss_0.05,16.0,0.05,sticks_009.tif,25.103675207433437,0.1914987350397443,0.8530247807502747,0.0423878394067287,0.4651984803378582
CARE,poisson_16_gauss_0.05,16.0,0.05,sticks_008.tif,23.867313032041487,0.2169792773962466,0.8243589997291565,0.0464482754468917,0.5060268566012383
CARE,poisson_16_gauss_0.05,16.0,0.05,sticks_011.tif,24.634281000577708,0.2232935179014575,0.84880131483078,0.0417667850852012,0.4244902774691582
CARE,poisson_16_gauss_0.05,16.0,0.05,sticks_006.tif,24.44193161113183,0.1897563671710055,0.8380152583122253,0.0437686331570148,0.4992616973817348
CARE,poisson_16_gauss_0.05,16.0,0.05,sticks_010.tif,24.976381536597923,0.2166734568509891,0.8452525734901428,0.0407678000628948,0.4543951891362667
CARE,poisson_16_gauss_0.05,16.0,0.05,sticks_012.tif,24.950369006775578,0.2119729187072785,0.8478030562400818,0.0439036004245281,0.4407542467117309
CARE,poisson_16_gauss_0.05,16.0,0.05,sticks_016.tif,25.38853591506513,0.2339293881502532,0.8422539830207825,0.0369267538189888,0.3815727554261684
CARE,poisson_16_gauss_0.05,16.0,0.05,sticks_013.tif,24.15555941698196,0.203240977741124,0.8530507683753967,0.0496199391782283,0.4249821379780769
CARE,poisson_16_gauss_0.05,16.0,0.05,sticks_014.tif,23.68706727294078,0.1666069279019729,0.8468173742294312,0.0521103218197822,0.5372504897415638
CARE,poisson_16_gauss_0.05,16.0,0.05,sticks_015.tif,25.64175943756157,0.2448081791586796,0.8456721901893616,0.0349046625196933,0.4025199957191944
CARE,poisson_16_gauss_0.05,16.0,0.05,sticks_018.tif,25.320967769974697,0.2254907126634732,0.8552125692367554,0.0394052788615226,0.4095630258321762
CARE,poisson_16_gauss_0.05,16.0,0.05,sticks_020.tif,24.637462789952792,0.2107202320602967,0.8496344089508057,0.0432792045176029,0.4377928607165813
CARE,poisson_16_gauss_0.05,16.0,0.05,sticks_017.tif,24.149974998733853,0.1924070151060374,0.8473058342933655,0.0499033406376838,0.4782994844019413
CARE,poisson_16_gauss_0.05,16.0,0.05,sticks_019.tif,24.53784143757625,0.2193867041412406,0.8437054753303528,0.0427848435938358,0.4195975981652736
CARE,poisson_16_gauss_0.05,16.0,0.05,sticks_021.tif,24.653758948816133,0.2102625881116757,0.8421428799629211,0.0438987649977207,0.4417160473763942
CARE,poisson_16_gauss_0.05,16.0,0.05,sticks_022.tif,23.431848650232222,0.1753883651860942,0.8347979187965393,0.051053799688816,0.5219493970274925
CARE,poisson_16_gauss_0.05,16.0,0.05,sticks_023.tif,24.45608613805247,0.2403367439071447,0.8399038314819336,0.0400080606341362,0.4154278382658958
CARE,poisson_16_gauss_0.05,16.0,0.05,sticks_024.tif,24.51629948881845,0.1921343739892607,0.8356878757476807,0.0468875281512737,0.4657491952180862
CARE,poisson_16_gauss_0.05,16.0,0.05,sticks_025.tif,24.62987780981381,0.2248357292162232,0.8715468049049377,0.0451276339590549,0.4320496134459972
CARE,poisson_16_gauss_0.05,16.0,0.05,sticks_026.tif,24.44480821735437,0.1828829267217091,0.822253406047821,0.0471022799611091,0.4617646105587482
CARE,poisson_16_gauss_0.05,16.0,0.05,sticks_027.tif,25.13726673994764,0.2583567666873769,0.8630072474479675,0.0412900075316429,0.4189734995365143
CARE,poisson_16_gauss_0.05,16.0,0.05,sticks_028.tif,25.211624302945683,0.2088924549035516,0.8345819711685181,0.0407973602414131,0.4583464778959751
CARE,poisson_16_gauss_0.05,16.0,0.05,sticks_029.tif,25.174818867850234,0.2313089216177863,0.8368308544158936,0.0395982414484024,0.4091570906341076
CARE,poisson_16_gauss_0.05,16.0,0.05,sticks_030.tif,25.115206365995885,0.2387213367583118,0.8376093506813049,0.0375891625881195,0.3906330928206444
CARE,poisson_16_gauss_0.05,16.0,0.05,sticks_032.tif,24.41840638309243,0.2226005630575297,0.8313039541244507,0.0428021326661109,0.4314042270183563
CARE,poisson_16_gauss_0.05,16.0,0.05,sticks_031.tif,24.99769886573452,0.2045548974906755,0.8492361307144165,0.0425065010786056,0.4704347997903824
CARE,poisson_16_gauss_0.05,16.0,0.05,sticks_033.tif,23.924718170218974,0.2111145056620391,0.7987253069877625,0.0447372496128082,0.4547697901725769
CARE,poisson_16_gauss_0.05,16.0,0.05,sticks_034.tif,23.26373970867765,0.1755305944624117,0.8434675335884094,0.0561780147254467,0.4909370616078377
CARE,poisson_16_gauss_0.05,16.0,0.05,sticks_035.tif,24.743032088580943,0.2263848936064418,0.8236107230186462,0.0375240892171859,0.3883213177323341
CARE,poisson_16_gauss_0.05,16.0,0.05,sticks_036.tif,25.59091584887977,0.2052512969787106,0.8380008339881897,0.0382969640195369,0.4295682139694691
CARE,poisson_16_gauss_0.05,16.0,0.05,sticks_037.tif,25.31976797179113,0.2178716512560027,0.8417282700538635,0.039777360856533,0.444958622008562
CARE,poisson_16_gauss_0.05,16.0,0.05,sticks_038.tif,25.507080753325184,0.1842234383449702,0.84783935546875,0.0406738892197608,0.4709255062043667
CARE,poisson_16_gauss_0.05,16.0,0.05,sticks_040.tif,24.144283865448163,0.2143784913546277,0.8462581634521484,0.0469796508550643,0.4379475608468056
CARE,poisson_16_gauss_0.05,16.0,0.05,sticks_039.tif,23.871625491056832,0.1901104936365698,0.8464670181274414,0.048158586025238,0.4731216982007026
CARE,poisson_16_gauss_0.05,16.0,0.05,sticks_041.tif,23.77217608673641,0.1751592538837588,0.8402338027954102,0.0496684871613979,0.5069980159401893
CARE,poisson_16_gauss_0.05,16.0,0.05,sticks_042.tif,25.10071974386178,0.1892078958757233,0.8548009991645813,0.0431916490197181,0.4825060032308101
CARE,poisson_16_gauss_0.05,16.0,0.05,sticks_043.tif,23.4260058539854,0.2057287364131354,0.8522855639457703,0.0504854507744312,0.4695887558162212
CARE,poisson_16_gauss_0.05,16.0,0.05,sticks_044.tif,23.80814706561238,0.209807893692931,0.8228519558906555,0.0481501147150993,0.4480016030371189
CARE,poisson_16_gauss_0.05,16.0,0.05,sticks_045.tif,24.865149833131035,0.1912289889934154,0.8554449677467346,0.0431538857519626,0.4659171603620052
CARE,poisson_16_gauss_0.05,16.0,0.05,sticks_046.tif,24.293078131337342,0.1718030837635903,0.8320121765136719,0.0490295216441154,0.5097936958074569
CARE,poisson_16_gauss_0.05,16.0,0.05,sticks_047.tif,23.924617362306368,0.1617816140328367,0.8245840072631836,0.0513105578720569,0.5143983632326126
CARE,poisson_16_gauss_0.05,16.0,0.05,sticks_049.tif,24.61144763822076,0.1949514251405289,0.8397483825683594,0.0434296503663063,0.4411797411739826
CARE,poisson_16_gauss_0.05,16.0,0.05,sticks_048.tif,24.164367298352047,0.203244063017653,0.852516233921051,0.0479544177651405,0.4783173844218254
CARE,poisson_16_gauss_0.05,16.0,0.05,sticks_050.tif,23.940589667671336,0.1661323737558872,0.8381549119949341,0.051860399544239,0.499969144910574
CARE,poisson_16_gauss_0.05,16.0,0.05,sticks_051.tif,25.156449907132963,0.2453387860061853,0.8486029505729675,0.0391885973513126,0.3938558183610439
CARE,poisson_16_gauss_0.05,16.0,0.05,sticks_053.tif,24.773398577915493,0.2213850523921787,0.8162679672241211,0.0392220392823219,0.3692126914858818
CARE,poisson_16_gauss_0.05,16.0,0.05,sticks_052.tif,24.358866657366654,0.2028151978274526,0.8479140400886536,0.0442558415234088,0.4333686992526054
CARE,poisson_16_gauss_0.05,16.0,0.05,sticks_054.tif,24.783899516247303,0.1990702380956722,0.8368766903877258,0.0431620925664901,0.4749044947326183
CARE,poisson_16_gauss_0.05,16.0,0.05,sticks_055.tif,23.89361825639208,0.2053514091634467,0.8689473867416382,0.0489866100251674,0.4592920482158661
CARE,poisson_16_gauss_0.05,16.0,0.05,sticks_056.tif,25.9359367180852,0.2424488663461843,0.8372051119804382,0.0333249494433403,0.3684093981981277
CARE,poisson_16_gauss_0.05,16.0,0.05,sticks_059.tif,25.060014688482028,0.1952380088655756,0.8348900079727173,0.0422818288207054,0.4791589625179767
CARE,poisson_16_gauss_0.05,16.0,0.05,sticks_058.tif,25.33743632460648,0.2294209608392449,0.8543912768363953,0.0389085039496421,0.424648717790842
CARE,poisson_16_gauss_0.05,16.0,0.05,sticks_057.tif,24.548060248916087,0.2247695087203589,0.849849283695221,0.0432938747107982,0.4353463619947433
CARE,poisson_16_gauss_0.05,16.0,0.05,sticks_060.tif,24.78925341886495,0.1777829943587014,0.8266420364379883,0.0425594449043273,0.5087840192019939
CARE,poisson_16_gauss_0.05,16.0,0.05,sticks_063.tif,24.37936154057304,0.2063749301012413,0.8587440848350525,0.0453904755413532,0.4793764904141426
CARE,poisson_16_gauss_0.05,16.0,0.05,sticks_061.tif,23.247587477201986,0.2115746985427392,0.8512082695960999,0.0514074191451072,0.4618488200008869
CARE,poisson_16_gauss_0.05,16.0,0.05,sticks_062.tif,24.511830448729164,0.1740927692575126,0.8377613425254822,0.0442355424165725,0.4712578289210796
CARE,poisson_16_gauss_0.05,16.0,0.05,sticks_067.tif,24.49828497950857,0.2190688009919734,0.8228200078010559,0.0407935231924057,0.435616023093462
CARE,poisson_16_gauss_0.05,16.0,0.05,sticks_066.tif,24.234512359119755,0.2013797599557447,0.8351560831069946,0.0463127084076404,0.4380837552249431
CARE,poisson_16_gauss_0.05,16.0,0.05,sticks_065.tif,25.685387786636227,0.2354090246959358,0.8558303117752075,0.0356671251356601,0.3813822098076344
CARE,poisson_16_gauss_0.05,16.0,0.05,sticks_068.tif,25.03221423560777,0.199132387951554,0.8502572774887085,0.0433318689465522,0.4840704247355461
CARE,poisson_16_gauss_0.05,16.0,0.05,sticks_069.tif,24.65611451648853,0.2140350765747747,0.8538832664489746,0.0449342988431453,0.4353962071239948
CARE,poisson_16_gauss_0.05,16.0,0.05,sticks_064.tif,25.47794483867925,0.2151296882223799,0.8655114769935608,0.0406959503889083,0.4420760586857796
CARE,poisson_16_gauss_0.05,16.0,0.05,sticks_070.tif,23.94720877735777,0.2000061110369133,0.8348850607872009,0.0491924956440925,0.494802039116621
CARE,poisson_16_gauss_0.05,16.0,0.05,sticks_071.tif,24.754159729815637,0.2168886978182564,0.8457701206207275,0.0432471632957458,0.4414112240076065
CARE,poisson_16_gauss_0.05,16.0,0.05,sticks_072.tif,25.43049719759574,0.2020941505038475,0.8420935869216919,0.0388090275228023,0.4736973702907562
CARE,poisson_16_gauss_0.05,16.0,0.05,sticks_073.tif,25.41106079114758,0.2110684127197003,0.8482847213745117,0.0403199568390846,0.4317251205444335
CARE,poisson_16_gauss_0.05,16.0,0.05,sticks_074.tif,24.55933415980943,0.195402314735651,0.8181305527687073,0.043460763990879,0.4666825719177723
CARE,poisson_16_gauss_0.05,16.0,0.05,sticks_075.tif,23.79151508808612,0.2003431505433753,0.82677161693573,0.0491359457373619,0.430672488361597
CARE,poisson_16_gauss_0.05,16.0,0.05,sticks_076.tif,22.97802677466727,0.1985746931726704,0.850369930267334,0.0546158924698829,0.5411420270800591
CARE,poisson_16_gauss_0.05,16.0,0.05,sticks_077.tif,24.104042534196665,0.2076880480458894,0.8317696452140808,0.0457638651132583,0.3943391725420951
CARE,poisson_16_gauss_0.05,16.0,0.05,sticks_078.tif,24.858151768349494,0.2056331485234069,0.8435741066932678,0.0401736088097095,0.4037637591361999
CARE,poisson_16_gauss_0.05,16.0,0.05,sticks_079.tif,24.94285791937515,0.2254554180524889,0.8517412543296814,0.0427261367440223,0.4462473019957542
CARE,poisson_16_gauss_0.05,16.0,0.05,sticks_080.tif,23.47858841854389,0.215843849935978,0.8467313051223755,0.0507454499602317,0.474055129289627
CARE,poisson_16_gauss_0.05,16.0,0.05,sticks_081.tif,23.90358304212597,0.2154066000871871,0.8305493593215942,0.0474259816110134,0.4659270823001861
CARE,poisson_16_gauss_0.05,16.0,0.05,sticks_082.tif,25.07429812235316,0.2338728997619288,0.8505814075469971,0.0402054674923419,0.4116020649671554
CARE,poisson_16_gauss_0.05,16.0,0.05,sticks_084.tif,25.012979180869728,0.2205924488786441,0.850965142250061,0.0416695959866046,0.4243894129991531
CARE,poisson_16_gauss_0.05,16.0,0.05,sticks_083.tif,22.87754550277599,0.1777623498899375,0.8333650827407837,0.0553254559636116,0.5266034372150898
CARE,poisson_16_gauss_0.05,16.0,0.05,sticks_085.tif,23.55057173930886,0.1765039760986277,0.8592880964279175,0.0519154369831085,0.4584201715886593
CARE,poisson_16_gauss_0.05,16.0,0.05,sticks_086.tif,24.784710529368496,0.2055941869940672,0.8373728394508362,0.0405656285583972,0.364372669160366
CARE,poisson_16_gauss_0.05,16.0,0.05,sticks_088.tif,24.27384504391128,0.1993836579289179,0.8406611084938049,0.0455230101943016,0.4346986278891563
CARE,poisson_16_gauss_0.05,16.0,0.05,sticks_087.tif,25.630055602987166,0.2314904981697196,0.854996383190155,0.0373166240751743,0.3864076577126979
CARE,poisson_16_gauss_0.05,16.0,0.05,sticks_089.tif,25.336251535159352,0.2184057853490826,0.8535425662994385,0.0395931638777256,0.4511325240135193
CARE,poisson_16_gauss_0.05,16.0,0.05,sticks_090.tif,23.87516965434545,0.2099573141979931,0.8525636792182922,0.0453385859727859,0.4529382340610027
CARE,poisson_16_gauss_0.05,16.0,0.05,sticks_091.tif,25.465503352908108,0.205669919545937,0.8280134797096252,0.037457849830389,0.4096929386258125
CARE,poisson_16_gauss_0.05,16.0,0.05,sticks_092.tif,25.217025794732898,0.2135600729940109,0.8672370314598083,0.0421186089515686,0.4494593366980552
CARE,poisson_16_gauss_0.05,16.0,0.05,sticks_093.tif,24.17992921572647,0.2178755208525603,0.8383724093437195,0.0479989722371101,0.4483284033834934
CARE,poisson_16_gauss_0.05,16.0,0.05,sticks_095.tif,24.09251521442349,0.226450975281912,0.8497055172920227,0.0457060262560844,0.4150670655071735
CARE,poisson_16_gauss_0.05,16.0,0.05,sticks_096.tif,24.385264453144927,0.2167477171830977,0.8351053595542908,0.0441455692052841,0.4427115850150585
CARE,poisson_16_gauss_0.05,16.0,0.05,sticks_097.tif,24.385956869975303,0.2083533517087516,0.85465407371521,0.0448882654309272,0.4874217301607132
CARE,poisson_16_gauss_0.05,16.0,0.05,sticks_098.tif,24.21172245836713,0.2186785796820737,0.8548405766487122,0.044986855238676,0.4315652318298816
CARE,poisson_16_gauss_0.05,16.0,0.05,sticks_099.tif,24.782061603105625,0.2157832687176171,0.8663620352745056,0.0426335744559764,0.4579779252409935
CARE,poisson_16_gauss_0.05,16.0,0.05,sticks_094.tif,25.04606676147499,0.2231092646661128,0.8281657695770264,0.0385570004582405,0.3454104341566563
CARE,poisson_16_gauss_0.1,16.0,0.1,sticks_000.tif,21.30689063279214,0.1343778785947871,0.7683883905410767,0.0648137480020523,0.7109213158488273
CARE,poisson_16_gauss_0.1,16.0,0.1,sticks_001.tif,21.173678500682733,0.1656010413336451,0.7981977462768555,0.0671461671590805,0.6858652099967003
CARE,poisson_16_gauss_0.1,16.0,0.1,sticks_002.tif,23.10761621032308,0.1250716113266413,0.7813156247138977,0.0517109632492065,0.6525852516293525
CARE,poisson_16_gauss_0.1,16.0,0.1,sticks_003.tif,22.85253517082421,0.1576002833148703,0.7851350903511047,0.0540631227195262,0.6263097703456879
CARE,poisson_16_gauss_0.1,16.0,0.1,sticks_004.tif,23.112608854571395,0.1683885441200238,0.7854418158531189,0.05025265365839,0.6283874906599521
CARE,poisson_16_gauss_0.1,16.0,0.1,sticks_005.tif,21.03679697114149,0.1169597997974043,0.7412171363830566,0.0670211464166641,0.728809243440628
CARE,poisson_16_gauss_0.1,16.0,0.1,sticks_007.tif,22.130227926291823,0.1577260550994669,0.7921997308731079,0.0567164495587348,0.6824551597237587
CARE,poisson_16_gauss_0.1,16.0,0.1,sticks_009.tif,22.311216591793595,0.1258872526283359,0.7743549942970276,0.0571179613471031,0.6857060447335244
CARE,poisson_16_gauss_0.1,16.0,0.1,sticks_008.tif,21.20624316145496,0.1538348039218797,0.7690998911857605,0.0644820481538772,0.7162575975060463
CARE,poisson_16_gauss_0.1,16.0,0.1,sticks_011.tif,21.292717869110263,0.1510567230306705,0.7883099317550659,0.0643999055027961,0.6900864139199256
CARE,poisson_16_gauss_0.1,16.0,0.1,sticks_006.tif,21.53499354926774,0.1219777698816128,0.7572168111801147,0.0622022040188312,0.7132650971412658
CARE,poisson_16_gauss_0.1,16.0,0.1,sticks_010.tif,21.630503441039725,0.1392285582858718,0.7688707113265991,0.0629185661673545,0.6872943222522736
CARE,poisson_16_gauss_0.1,16.0,0.1,sticks_012.tif,21.8510324833152,0.1461932207276247,0.7778469324111938,0.0619386248290538,0.6851367443799973
CARE,poisson_16_gauss_0.1,16.0,0.1,sticks_016.tif,23.109651085838564,0.1594103804797436,0.7923963665962219,0.0506677851080894,0.6192608177661896
CARE,poisson_16_gauss_0.1,16.0,0.1,sticks_013.tif,22.395187458108857,0.1565714896952506,0.7896599173545837,0.0584487728774547,0.6147410154342652
CARE,poisson_16_gauss_0.1,16.0,0.1,sticks_014.tif,21.42738622117588,0.1150442973801667,0.7651656270027161,0.0641310885548591,0.7406562179327011
CARE,poisson_16_gauss_0.1,16.0,0.1,sticks_015.tif,22.06913673727172,0.1486443427946357,0.7889599800109863,0.0581620447337627,0.672031719982624
CARE,poisson_16_gauss_0.1,16.0,0.1,sticks_018.tif,22.10432399147556,0.1490273492005356,0.7884499430656433,0.0601842887699604,0.6567241042852402
CARE,poisson_16_gauss_0.1,16.0,0.1,sticks_020.tif,21.050523844163912,0.1346652197332389,0.764767050743103,0.0723588019609451,0.6547543585300446
CARE,poisson_16_gauss_0.1,16.0,0.1,sticks_017.tif,21.662960677412467,0.1380418542100182,0.7784790396690369,0.0621179454028606,0.7046089112758637
CARE,poisson_16_gauss_0.1,16.0,0.1,sticks_019.tif,21.530593489203063,0.1516394422101414,0.7842746376991272,0.0640088394284248,0.6628938302397728
CARE,poisson_16_gauss_0.1,16.0,0.1,sticks_021.tif,21.46103871634425,0.1432257030709803,0.7716881036758423,0.0658087730407714,0.6774393185973168
CARE,poisson_16_gauss_0.1,16.0,0.1,sticks_022.tif,21.127730574136,0.1225365330599271,0.751618504524231,0.0663281083106994,0.7117768928408623
CARE,poisson_16_gauss_0.1,16.0,0.1,sticks_023.tif,21.5629267846272,0.1626896930143548,0.7923519015312195,0.0625511109828949,0.6670259460806847
CARE,poisson_16_gauss_0.1,16.0,0.1,sticks_024.tif,21.865689586438016,0.1336335038969091,0.7688132524490356,0.0620097815990448,0.6884915992617607
CARE,poisson_16_gauss_0.1,16.0,0.1,sticks_025.tif,21.910751399461027,0.160463058797102,0.8008753657341003,0.0620648972690105,0.650541952252388
CARE,poisson_16_gauss_0.1,16.0,0.1,sticks_026.tif,21.521841206501925,0.1260311967143575,0.7524227499961853,0.063129223883152,0.7067986786365509
CARE,poisson_16_gauss_0.1,16.0,0.1,sticks_027.tif,22.3498852315819,0.1873710548974937,0.8145719170570374,0.0574876070022583,0.6549725696444512
CARE,poisson_16_gauss_0.1,16.0,0.1,sticks_028.tif,21.63831753281574,0.1329035493260267,0.759514331817627,0.0621507354080677,0.7113080352544785
CARE,poisson_16_gauss_0.1,16.0,0.1,sticks_029.tif,22.268732442627265,0.1577234448096482,0.7807116508483887,0.058670300990343,0.6492433115839958
CARE,poisson_16_gauss_0.1,16.0,0.1,sticks_030.tif,22.66278343136606,0.1633590634295019,0.7927863001823425,0.0527608469128608,0.6405531868338585
CARE,poisson_16_gauss_0.1,16.0,0.1,sticks_032.tif,20.938061798975586,0.1483001391499886,0.7726826667785645,0.0707384645938873,0.6700980827212334
CARE,poisson_16_gauss_0.1,16.0,0.1,sticks_031.tif,22.261002958511057,0.1395700434832234,0.7725211977958679,0.0563371889293193,0.6939466461539269
CARE,poisson_16_gauss_0.1,16.0,0.1,sticks_033.tif,21.15348704463201,0.1550994084479648,0.764909565448761,0.0642112717032432,0.7016332313418389
CARE,poisson_16_gauss_0.1,16.0,0.1,sticks_034.tif,23.024596068045685,0.1476434831169261,0.7883690595626831,0.0531726665794849,0.6341724768280983
CARE,poisson_16_gauss_0.1,16.0,0.1,sticks_035.tif,20.901479143301884,0.1391865099302522,0.7739118337631226,0.0675022602081298,0.6884189292788505
CARE,poisson_16_gauss_0.1,16.0,0.1,sticks_036.tif,20.79825098575074,0.1139048432216918,0.7443218231201172,0.0705733299255371,0.7182361215353013
CARE,poisson_16_gauss_0.1,16.0,0.1,sticks_037.tif,22.43875985940429,0.1451857267163103,0.7691147923469543,0.0558790490031242,0.6685825243592263
CARE,poisson_16_gauss_0.1,16.0,0.1,sticks_038.tif,22.6913901221578,0.1177254057990959,0.76283860206604,0.0552488677203655,0.6805165007710456
CARE,poisson_16_gauss_0.1,16.0,0.1,sticks_040.tif,21.021626833606383,0.1520828478832217,0.7872801423072815,0.0686525776982307,0.6844066455960274
CARE,poisson_16_gauss_0.1,16.0,0.1,sticks_039.tif,21.9515756418437,0.1377081997274818,0.7769933342933655,0.0596745312213897,0.6672740370035172
CARE,poisson_16_gauss_0.1,16.0,0.1,sticks_041.tif,21.235054082815093,0.1207539886154088,0.7624709606170654,0.0647355839610099,0.7180896744132041
CARE,poisson_16_gauss_0.1,16.0,0.1,sticks_042.tif,21.516587925261803,0.1155305372051249,0.7605409622192383,0.0636610016226768,0.7199678361415863
CARE,poisson_16_gauss_0.1,16.0,0.1,sticks_043.tif,22.57222947826529,0.1633225294535322,0.7934243083000183,0.0536619499325752,0.6171480610966682
CARE,poisson_16_gauss_0.1,16.0,0.1,sticks_044.tif,21.289258402412187,0.1525122610521523,0.7656254768371582,0.0654008165001869,0.6729785233736039
CARE,poisson_16_gauss_0.1,16.0,0.1,sticks_045.tif,21.88219518206889,0.1227107319785996,0.7726938128471375,0.0627945363521575,0.6725869625806808
CARE,poisson_16_gauss_0.1,16.0,0.1,sticks_046.tif,21.64999245804493,0.1183857312364378,0.7523511648178101,0.0620915591716766,0.7221916899085045
CARE,poisson_16_gauss_0.1,16.0,0.1,sticks_047.tif,21.171897865826665,0.1075832067899605,0.7393113374710083,0.0662871748208999,0.7377168789505959
CARE,poisson_16_gauss_0.1,16.0,0.1,sticks_049.tif,21.98012165944373,0.1324232600138624,0.76997971534729,0.0593846216797828,0.6722384467720985
CARE,poisson_16_gauss_0.1,16.0,0.1,sticks_048.tif,21.248744543235155,0.1379328482114572,0.7755533456802368,0.0665835067629814,0.7043057382106781
CARE,poisson_16_gauss_0.1,16.0,0.1,sticks_050.tif,21.36157959874877,0.1153186324406238,0.7612706422805786,0.0634028539061546,0.7338520810008049
CARE,poisson_16_gauss_0.1,16.0,0.1,sticks_051.tif,22.74683395486987,0.1703236212020426,0.793241024017334,0.0557534806430339,0.6093247607350349
CARE,poisson_16_gauss_0.1,16.0,0.1,sticks_053.tif,21.041851332759904,0.1517628644754561,0.7822083830833435,0.0673304125666618,0.6876122310757637
CARE,poisson_16_gauss_0.1,16.0,0.1,sticks_052.tif,22.521934406050047,0.1500077612149102,0.7869741320610046,0.0543489158153533,0.6284256756305695
CARE,poisson_16_gauss_0.1,16.0,0.1,sticks_054.tif,21.876594090538816,0.1319182832292196,0.7734454274177551,0.0593542642891407,0.7056952118873596
CARE,poisson_16_gauss_0.1,16.0,0.1,sticks_055.tif,21.59681321168855,0.1487557883254422,0.7996907830238342,0.0641274377703666,0.6620066300034523
CARE,poisson_16_gauss_0.1,16.0,0.1,sticks_056.tif,22.54695033573792,0.145761221070212,0.7854382395744324,0.0550097897648811,0.667365887761116
CARE,poisson_16_gauss_0.1,16.0,0.1,sticks_059.tif,21.240413017257097,0.1202674414399558,0.750422477722168,0.0642680153250694,0.7373880073428154
CARE,poisson_16_gauss_0.1,16.0,0.1,sticks_058.tif,22.546750142483678,0.1546913799535553,0.7908626198768616,0.0553980953991413,0.6517803058028221
CARE,poisson_16_gauss_0.1,16.0,0.1,sticks_057.tif,22.006710443070293,0.1600672025939668,0.7895739078521729,0.0593242831528186,0.651176892220974
CARE,poisson_16_gauss_0.1,16.0,0.1,sticks_060.tif,21.15895711064539,0.1098167438393991,0.7327691316604614,0.0631280690431594,0.7461334422230721
CARE,poisson_16_gauss_0.1,16.0,0.1,sticks_063.tif,21.09790367113944,0.1367002401930236,0.7773998975753784,0.0663429126143455,0.716678549349308
CARE,poisson_16_gauss_0.1,16.0,0.1,sticks_061.tif,22.33640749603505,0.1692723157429088,0.7971444129943848,0.0552415363490581,0.619546590745449
CARE,poisson_16_gauss_0.1,16.0,0.1,sticks_062.tif,22.631636927429994,0.1249638992225219,0.769424557685852,0.0535164885222911,0.6607744425535202
CARE,poisson_16_gauss_0.1,16.0,0.1,sticks_067.tif,21.252444199882248,0.1480822960845214,0.7692078351974487,0.0643145963549614,0.694262208044529
CARE,poisson_16_gauss_0.1,16.0,0.1,sticks_066.tif,21.92595802703136,0.1472920626977933,0.7685825824737549,0.0598372742533683,0.6582028120756149
CARE,poisson_16_gauss_0.1,16.0,0.1,sticks_065.tif,21.884489405568964,0.1379701362184102,0.7860962748527527,0.0622860603034496,0.6587869837880135
CARE,poisson_16_gauss_0.1,16.0,0.1,sticks_068.tif,21.724975555498443,0.1279464331329994,0.7603550553321838,0.0626307725906372,0.714634096622467
CARE,poisson_16_gauss_0.1,16.0,0.1,sticks_069.tif,21.14171248596925,0.1435666322472931,0.7854588031768799,0.0668266713619232,0.6998109564185142
CARE,poisson_16_gauss_0.1,16.0,0.1,sticks_064.tif,21.876621959363263,0.1345096309087728,0.7852644324302673,0.0619351379573345,0.6907998979091644
CARE,poisson_16_gauss_0.1,16.0,0.1,sticks_070.tif,21.813136235994023,0.1491144583534534,0.77973473072052,0.0593949481844902,0.7045533925294876
CARE,poisson_16_gauss_0.1,16.0,0.1,sticks_071.tif,21.29043597619564,0.145290547080642,0.7775511741638184,0.0666987895965576,0.6901638761162758
CARE,poisson_16_gauss_0.1,16.0,0.1,sticks_072.tif,21.234145834581987,0.1173731521705655,0.749930739402771,0.0637945458292961,0.7416932955384254
CARE,poisson_16_gauss_0.1,16.0,0.1,sticks_073.tif,21.374005191610173,0.127823080491967,0.7743979692459106,0.0658986866474151,0.7027314007282257
CARE,poisson_16_gauss_0.1,16.0,0.1,sticks_074.tif,21.602975795320447,0.1312219798609324,0.7553873062133789,0.0620354227721691,0.6985501244664192
CARE,poisson_16_gauss_0.1,16.0,0.1,sticks_075.tif,21.75201364470312,0.1535535030541213,0.7743038535118103,0.0622872225940227,0.6429073810577393
CARE,poisson_16_gauss_0.1,16.0,0.1,sticks_076.tif,21.31240537444139,0.1478185612407913,0.7795314192771912,0.0658175349235534,0.7111807256937027
CARE,poisson_16_gauss_0.1,16.0,0.1,sticks_077.tif,22.39565233042963,0.1618265820220922,0.795100212097168,0.0560576319694519,0.6155234694480896
CARE,poisson_16_gauss_0.1,16.0,0.1,sticks_078.tif,21.791754092175168,0.1328881629671559,0.7739231586456299,0.0623396150767803,0.6486968159675598
CARE,poisson_16_gauss_0.1,16.0,0.1,sticks_079.tif,21.59986110420413,0.1504925297651189,0.7856722474098206,0.0636272877454757,0.6882671564817429
CARE,poisson_16_gauss_0.1,16.0,0.1,sticks_080.tif,22.197049241528305,0.1696589729682501,0.7855809926986694,0.0568627826869487,0.6397364035248756
CARE,poisson_16_gauss_0.1,16.0,0.1,sticks_081.tif,22.179408890064657,0.1615562127035999,0.772114098072052,0.0579551942646503,0.6473868429660797
CARE,poisson_16_gauss_0.1,16.0,0.1,sticks_082.tif,22.192430878944485,0.1618340698997049,0.797394871711731,0.0588954463601112,0.6608894512057304
CARE,poisson_16_gauss_0.1,16.0,0.1,sticks_084.tif,21.858783328989198,0.1488722081283806,0.7878984212875366,0.0618663318455219,0.6681606739759445
CARE,poisson_16_gauss_0.1,16.0,0.1,sticks_083.tif,21.60138764550265,0.1344882422837879,0.7677698731422424,0.0624020509421825,0.6966236397624016
CARE,poisson_16_gauss_0.1,16.0,0.1,sticks_085.tif,21.638545968068676,0.1315975006601376,0.7908965349197388,0.06337820738554,0.6604395121335983
CARE,poisson_16_gauss_0.1,16.0,0.1,sticks_086.tif,22.36531066769689,0.1423283985340692,0.7833913564682007,0.057510208338499,0.6173004001379013
CARE,poisson_16_gauss_0.1,16.0,0.1,sticks_088.tif,21.805630844371727,0.1440673001198731,0.7834345698356628,0.0598478429019451,0.6699054405093193
CARE,poisson_16_gauss_0.1,16.0,0.1,sticks_087.tif,22.077548348456645,0.1473830904517011,0.7977791428565979,0.0597736462950706,0.666066563129425
CARE,poisson_16_gauss_0.1,16.0,0.1,sticks_089.tif,21.88339618529864,0.1385344309836804,0.779504656791687,0.0604758486151695,0.6942773312330246
CARE,poisson_16_gauss_0.1,16.0,0.1,sticks_090.tif,22.120015625179636,0.1557269729174202,0.797003448009491,0.0563264191150665,0.6443848729133606
CARE,poisson_16_gauss_0.1,16.0,0.1,sticks_091.tif,21.34308228879356,0.123072753100225,0.7473835349082947,0.0640960782766342,0.698341877758503
CARE,poisson_16_gauss_0.1,16.0,0.1,sticks_092.tif,21.99526009128316,0.1427981306988792,0.792105495929718,0.0599262304604053,0.6855852469801903
CARE,poisson_16_gauss_0.1,16.0,0.1,sticks_093.tif,21.98854537902664,0.1645683396030015,0.7842418551445007,0.0607144646346569,0.6593278184533119
CARE,poisson_16_gauss_0.1,16.0,0.1,sticks_095.tif,22.406746942651043,0.1696486434159864,0.786095917224884,0.0564651116728782,0.5922795191407204
CARE,poisson_16_gauss_0.1,16.0,0.1,sticks_096.tif,22.08235068869772,0.1590512463014303,0.7776159048080444,0.0578589364886283,0.6638716340065003
CARE,poisson_16_gauss_0.1,16.0,0.1,sticks_097.tif,22.044881001394728,0.1439521539445187,0.7793239951133728,0.059938870370388,0.6730300202965737
CARE,poisson_16_gauss_0.1,16.0,0.1,sticks_098.tif,22.03943219202135,0.1586975387548629,0.7932867407798767,0.0594944730401039,0.6455339476466179
CARE,poisson_16_gauss_0.1,16.0,0.1,sticks_099.tif,21.70950506045529,0.14440794747584,0.7884184718132019,0.0612354092299938,0.695623841881752
CARE,poisson_16_gauss_0.1,16.0,0.1,sticks_094.tif,22.645409571219854,0.1558857395775813,0.7873944640159607,0.0553778707981109,0.6131775617599488
CARE,poisson_16_gauss_0.2,16.0,0.2,sticks_000.tif,16.78685343314767,0.0708598756518933,0.6186730265617371,0.1077424138784408,0.9296475976705552
CARE,poisson_16_gauss_0.2,16.0,0.2,sticks_001.tif,17.88771560178368,0.1030107306649352,0.6728330254554749,0.0920119658112526,0.8997621595859527
CARE,poisson_16_gauss_0.2,16.0,0.2,sticks_002.tif,16.84301454807218,0.056071127679326,0.6081064343452454,0.1052423268556594,0.9412429720163346
CARE,poisson_16_gauss_0.2,16.0,0.2,sticks_003.tif,17.354114858453887,0.0813112918048664,0.6383201479911804,0.0983136817812919,0.9114005982875824
CARE,poisson_16_gauss_0.2,16.0,0.2,sticks_004.tif,17.33495980600685,0.0854729194313192,0.6476463079452515,0.0960876792669296,0.9209315255284308
CARE,poisson_16_gauss_0.2,16.0,0.2,sticks_005.tif,17.015888034391196,0.0622783659336606,0.606033980846405,0.1007975488901138,0.9405638054013252
CARE,poisson_16_gauss_0.2,16.0,0.2,sticks_007.tif,17.56782529492864,0.0877099620199884,0.6544747352600098,0.0946412831544876,0.9190864399075508
CARE,poisson_16_gauss_0.2,16.0,0.2,sticks_009.tif,16.700533728083013,0.057121939708344,0.6059435606002808,0.1058415621519088,0.9426383271813392
CARE,poisson_16_gauss_0.2,16.0,0.2,sticks_008.tif,16.97378318108424,0.0860242725046721,0.641261100769043,0.1012356504797935,0.9375890463590622
CARE,poisson_16_gauss_0.2,16.0,0.2,sticks_011.tif,17.018471490477186,0.0866261286027854,0.6482366323471069,0.1036122664809227,0.9164688795804976
CARE,poisson_16_gauss_0.2,16.0,0.2,sticks_006.tif,17.212675008903805,0.0643131810856069,0.6112890839576721,0.0976038128137588,0.9376772776246072
CARE,poisson_16_gauss_0.2,16.0,0.2,sticks_010.tif,16.909397775515863,0.0737805848532681,0.6213181614875793,0.1035741195082664,0.931633359193802
CARE,poisson_16_gauss_0.2,16.0,0.2,sticks_012.tif,17.00024948085417,0.0777658049252692,0.6326391100883484,0.1039144173264503,0.9295271962881088
CARE,poisson_16_gauss_0.2,16.0,0.2,sticks_016.tif,17.41784112281569,0.0801276377834642,0.6385395526885986,0.0972701385617256,0.912324096262455
CARE,poisson_16_gauss_0.2,16.0,0.2,sticks_013.tif,17.604555322657834,0.0902272856610423,0.6514909863471985,0.0950369909405708,0.890855872631073
CARE,poisson_16_gauss_0.2,16.0,0.2,sticks_014.tif,16.756523586710312,0.0535955532021723,0.6056745052337646,0.1042375117540359,0.963867288827896
CARE,poisson_16_gauss_0.2,16.0,0.2,sticks_015.tif,16.892651409920912,0.0749374369991446,0.6360652446746826,0.1041396111249923,0.9257497802376748
CARE,poisson_16_gauss_0.2,16.0,0.2,sticks_018.tif,17.607986691032906,0.0834973875872134,0.6474226117134094,0.0952357202768325,0.9051107838749886
CARE,poisson_16_gauss_0.2,16.0,0.2,sticks_020.tif,17.463426526123765,0.0830299918027092,0.6395344734191895,0.097115471959114,0.9088752210140228
CARE,poisson_16_gauss_0.2,16.0,0.2,sticks_017.tif,17.242541433120916,0.0729490254695483,0.6340071558952332,0.0985742360353469,0.9308702439069748
CARE,poisson_16_gauss_0.2,16.0,0.2,sticks_019.tif,17.508739299561906,0.089482127112136,0.6541328430175781,0.0978210270404815,0.8995522901415824
CARE,poisson_16_gauss_0.2,16.0,0.2,sticks_021.tif,17.369914531358845,0.0828889840528249,0.6386572122573853,0.0977381318807601,0.9157376036047936
CARE,poisson_16_gauss_0.2,16.0,0.2,sticks_022.tif,16.87559378027275,0.0670418207751185,0.609576404094696,0.102612093091011,0.9387865722179412
CARE,poisson_16_gauss_0.2,16.0,0.2,sticks_023.tif,17.73263669832093,0.0980243941660547,0.6663141250610352,0.0938713550567627,0.8992996662855148
CARE,poisson_16_gauss_0.2,16.0,0.2,sticks_024.tif,17.27057564178617,0.0704455169025787,0.62687748670578,0.0975257903337478,0.9347727864980696
CARE,poisson_16_gauss_0.2,16.0,0.2,sticks_025.tif,17.358704603326455,0.0911111112109693,0.6598411798477173,0.0997620970010757,0.901097372174263
CARE,poisson_16_gauss_0.2,16.0,0.2,sticks_026.tif,17.194401722980196,0.0684551109238582,0.6128973364830017,0.0984319895505905,0.9394392743706704
CARE,poisson_16_gauss_0.2,16.0,0.2,sticks_027.tif,17.827002782231254,0.1068229272476436,0.6823292970657349,0.0927978903055191,0.90368772149086
CARE,poisson_16_gauss_0.2,16.0,0.2,sticks_028.tif,17.223838899221114,0.0695121623582547,0.6219775676727295,0.0981219708919525,0.941660477221012
CARE,poisson_16_gauss_0.2,16.0,0.2,sticks_029.tif,17.521438727144446,0.0897547997994938,0.6492985486984253,0.0952972322702407,0.9155924439430236
CARE,poisson_16_gauss_0.2,16.0,0.2,sticks_030.tif,17.462240204398014,0.0863965889038784,0.6478649973869324,0.0946702435612678,0.913117128610611
CARE,poisson_16_gauss_0.2,16.0,0.2,sticks_032.tif,17.28920729544842,0.0894934668994024,0.6521250605583191,0.0977886766195297,0.9094510659575462
CARE,poisson_16_gauss_0.2,16.0,0.2,sticks_031.tif,16.951171680667137,0.0679427291203714,0.6130526065826416,0.1026211604475975,0.9414885088801384
CARE,poisson_16_gauss_0.2,16.0,0.2,sticks_033.tif,17.545734334251605,0.0926972892006262,0.644809901714325,0.0946928262710571,0.9159011110663414
CARE,poisson_16_gauss_0.2,16.0,0.2,sticks_034.tif,17.348415055791303,0.0741032640986625,0.6257026791572571,0.0973417535424232,0.9236754059791564
CARE,poisson_16_gauss_0.2,16.0,0.2,sticks_035.tif,17.41675384112203,0.0852860616331016,0.6517213582992554,0.09645576775074,0.9051620319485664
CARE,poisson_16_gauss_0.2,16.0,0.2,sticks_036.tif,17.03827860844366,0.0629178256257283,0.6050962209701538,0.1030738353729248,0.9308765292167664
CARE,poisson_16_gauss_0.2,16.0,0.2,sticks_037.tif,17.345853351834787,0.0753215451681596,0.6198972463607788,0.0973114445805549,0.9243887543678284
CARE,poisson_16_gauss_0.2,16.0,0.2,sticks_038.tif,16.75039093542267,0.0514893421579694,0.5915389657020569,0.1029366850852966,0.9596474602818488
CARE,poisson_16_gauss_0.2,16.0,0.2,sticks_040.tif,17.66168853370886,0.0924912293051724,0.6608430743217468,0.0939712971448898,0.9079623609781264
CARE,poisson_16_gauss_0.2,16.0,0.2,sticks_039.tif,17.028641908623705,0.0769112892641536,0.6326971650123596,0.101355493068695,0.9272053107619286
CARE,poisson_16_gauss_0.2,16.0,0.2,sticks_041.tif,16.776882579136597,0.0617052225546101,0.6138757467269897,0.1059653013944625,0.9390198513865472
CARE,poisson_16_gauss_0.2,16.0,0.2,sticks_042.tif,16.93550485145532,0.0555395863193442,0.6014773845672607,0.1003843545913696,0.9524199903011322
CARE,poisson_16_gauss_0.2,16.0,0.2,sticks_043.tif,17.538752902847953,0.0942566821300295,0.6608626246452332,0.0959837213158607,0.9005518212914467
CARE,poisson_16_gauss_0.2,16.0,0.2,sticks_044.tif,17.453728681973594,0.0913182982577103,0.6400106549263,0.0968231111764907,0.9037964448332788
CARE,poisson_16_gauss_0.2,16.0,0.2,sticks_045.tif,17.003727542147598,0.0628090812516606,0.6236802339553833,0.1001760140061378,0.9368885427713394
CARE,poisson_16_gauss_0.2,16.0,0.2,sticks_046.tif,16.716134359490034,0.0550729107993734,0.5958636999130249,0.1047224849462509,0.956681278347969
CARE,poisson_16_gauss_0.2,16.0,0.2,sticks_047.tif,16.728678922223338,0.0532591760130723,0.5884565114974976,0.1050444394350051,0.957743848860264
CARE,poisson_16_gauss_0.2,16.0,0.2,sticks_049.tif,16.93855397520792,0.07096245074891,0.6191900968551636,0.1026030331850051,0.9327937543392182
CARE,poisson_16_gauss_0.2,16.0,0.2,sticks_048.tif,17.396879663454527,0.0769181047084507,0.6379700899124146,0.0971549749374389,0.93039660602808
CARE,poisson_16_gauss_0.2,16.0,0.2,sticks_050.tif,16.88843031842202,0.0572561108267052,0.6030350923538208,0.1035289764404296,0.9468464583158492
CARE,poisson_16_gauss_0.2,16.0,0.2,sticks_051.tif,17.669510841726485,0.0940579837550621,0.659035325050354,0.0951477661728859,0.8946299985051155
CARE,poisson_16_gauss_0.2,16.0,0.2,sticks_053.tif,17.54489647103817,0.0922976504852378,0.6500020027160645,0.0968396887183189,0.9002455696463585
CARE,poisson_16_gauss_0.2,16.0,0.2,sticks_052.tif,17.478455643076373,0.0852477146633001,0.6445884108543396,0.0957344025373458,0.9035047471523284
CARE,poisson_16_gauss_0.2,16.0,0.2,sticks_054.tif,17.23830511335602,0.0643081270656367,0.623860239982605,0.0984197258949279,0.9396275818347932
CARE,poisson_16_gauss_0.2,16.0,0.2,sticks_055.tif,17.58309398446549,0.0873260812503007,0.6642376780509949,0.0964525789022445,0.9028743296861648
CARE,poisson_16_gauss_0.2,16.0,0.2,sticks_056.tif,17.13195045025488,0.0741610195812097,0.6286686062812805,0.1005926728248596,0.9337248623371124
CARE,poisson_16_gauss_0.2,16.0,0.2,sticks_059.tif,16.990916246015026,0.0618267346384606,0.6067911982536316,0.1016702279448509,0.948011814057827
CARE,poisson_16_gauss_0.2,16.0,0.2,sticks_058.tif,17.240537597536218,0.0802598013825976,0.6388171911239624,0.1000342741608619,0.9156591057777403
CARE,poisson_16_gauss_0.2,16.0,0.2,sticks_057.tif,17.31112191033589,0.0899619124687343,0.6546956300735474,0.0991897583007812,0.90424085855484
CARE,poisson_16_gauss_0.2,16.0,0.2,sticks_060.tif,16.832637207393365,0.0562280859066777,0.5931575298309326,0.1021725982427597,0.95077346265316
CARE,poisson_16_gauss_0.2,16.0,0.2,sticks_063.tif,17.275464399633808,0.0776490864787363,0.6353173851966858,0.0991811454296112,0.9272421330213548
CARE,poisson_16_gauss_0.2,16.0,0.2,sticks_061.tif,17.414849148131374,0.0981562262552247,0.666949450969696,0.0996856540441513,0.8925357788801194
CARE,poisson_16_gauss_0.2,16.0,0.2,sticks_062.tif,16.803219436328856,0.0605499658480488,0.6035116910934448,0.1066271066665649,0.9325126335024834
CARE,poisson_16_gauss_0.2,16.0,0.2,sticks_067.tif,17.33277988593329,0.0884212046456096,0.6442258358001709,0.0970255061984062,0.920553743839264
CARE,poisson_16_gauss_0.2,16.0,0.2,sticks_066.tif,17.037049008603596,0.0814892590618947,0.6269735097885132,0.1044749245047569,0.9112158104777336
CARE,poisson_16_gauss_0.2,16.0,0.2,sticks_065.tif,17.237393241977014,0.0748378811900241,0.6384021043777466,0.0986776202917099,0.917888866364956
CARE,poisson_16_gauss_0.2,16.0,0.2,sticks_068.tif,17.107895264280714,0.064988581163675,0.6065486669540405,0.0990021303296089,0.9486600860953333
CARE,poisson_16_gauss_0.2,16.0,0.2,sticks_069.tif,16.892281048656002,0.0793925007353785,0.6402484774589539,0.1068287119269371,0.9182861417531968
CARE,poisson_16_gauss_0.2,16.0,0.2,sticks_064.tif,17.19673877375705,0.0686536457881236,0.633195161819458,0.1017554774880409,0.9283742219209672
CARE,poisson_16_gauss_0.2,16.0,0.2,sticks_070.tif,17.062864424881298,0.0771859627968845,0.6336581707000732,0.0997502654790878,0.9418275848031044
CARE,poisson_16_gauss_0.2,16.0,0.2,sticks_071.tif,17.205642083348593,0.0839037363417255,0.6437023282051086,0.1008198261260986,0.9237024635076524
CARE,poisson_16_gauss_0.2,16.0,0.2,sticks_072.tif,16.91656550911474,0.0601660650424731,0.6051619052886963,0.0999527052044868,0.956835700571537
CARE,poisson_16_gauss_0.2,16.0,0.2,sticks_073.tif,17.089395971962066,0.0668341997983118,0.6265262365341187,0.1009337678551673,0.9354025319218636
CARE,poisson_16_gauss_0.2,16.0,0.2,sticks_074.tif,16.979268559951965,0.0713917402528074,0.6208906769752502,0.100054383277893,0.9413111954927444
CARE,poisson_16_gauss_0.2,16.0,0.2,sticks_075.tif,17.284856476673486,0.0901175625096958,0.6450322270393372,0.1008965000510215,0.8980632081627846
CARE,poisson_16_gauss_0.2,16.0,0.2,sticks_076.tif,16.91319056762218,0.0789497443866377,0.6403613090515137,0.1029826551675796,0.9433566451072692
CARE,poisson_16_gauss_0.2,16.0,0.2,sticks_077.tif,17.608615556604448,0.0951202541814515,0.6637332439422607,0.0942036062479019,0.8953776016831398
CARE,poisson_16_gauss_0.2,16.0,0.2,sticks_078.tif,17.17025492496569,0.0749480922871994,0.6275244951248169,0.099241629242897,0.9143167898058892
CARE,poisson_16_gauss_0.2,16.0,0.2,sticks_079.tif,17.198731610030947,0.0815845996582322,0.6458854079246521,0.0993006378412246,0.9284042686223984
CARE,poisson_16_gauss_0.2,16.0,0.2,sticks_080.tif,17.479384747894454,0.0991924003450682,0.656592607498169,0.0958427265286445,0.9006769269704819
CARE,poisson_16_gauss_0.2,16.0,0.2,sticks_081.tif,17.229125608204964,0.0927313726350559,0.6476932764053345,0.0990436375141143,0.918278919160366
CARE,poisson_16_gauss_0.2,16.0,0.2,sticks_082.tif,17.24235916286957,0.0889417466906279,0.655530571937561,0.1000711768865585,0.9192742437124252
CARE,poisson_16_gauss_0.2,16.0,0.2,sticks_084.tif,17.366101875522936,0.0830712409401173,0.6504011750221252,0.0975167155265808,0.9171003863215448
CARE,poisson_16_gauss_0.2,16.0,0.2,sticks_083.tif,17.28505272663225,0.0714701511022806,0.6253755688667297,0.096999667584896,0.9316537261009216
CARE,poisson_16_gauss_0.2,16.0,0.2,sticks_085.tif,17.19244257102081,0.0746169018213182,0.6396440863609314,0.1025548577308654,0.9049410238862038
CARE,poisson_16_gauss_0.2,16.0,0.2,sticks_086.tif,17.44517830453938,0.0819032754852531,0.6435609459877014,0.0980875641107559,0.8971579253673554
CARE,poisson_16_gauss_0.2,16.0,0.2,sticks_088.tif,17.268958954276712,0.0797703432080022,0.6378855109214783,0.1003124341368675,0.9113895073533058
CARE,poisson_16_gauss_0.2,16.0,0.2,sticks_087.tif,17.445158117641178,0.0797134967553405,0.6481590867042542,0.0995097309350967,0.9049508079886436
CARE,poisson_16_gauss_0.2,16.0,0.2,sticks_089.tif,17.286164882321863,0.0726724540668142,0.6329118013381958,0.0970433801412582,0.9359889641404152
CARE,poisson_16_gauss_0.2,16.0,0.2,sticks_090.tif,17.68503259135632,0.0908660933196745,0.6581535935401917,0.0936873853206634,0.8968099325895309
CARE,poisson_16_gauss_0.2,16.0,0.2,sticks_091.tif,17.21498138161749,0.0687587828468607,0.6162351965904236,0.097879372537136,0.925124303996563
CARE,poisson_16_gauss_0.2,16.0,0.2,sticks_092.tif,17.411651938030378,0.0764119516235347,0.6421898603439331,0.0969008728861808,0.9202079966664314
CARE,poisson_16_gauss_0.2,16.0,0.2,sticks_093.tif,17.421611222885353,0.0945564166996005,0.654925525188446,0.0973614230751991,0.915182176232338
CARE,poisson_16_gauss_0.2,16.0,0.2,sticks_095.tif,17.52592084007103,0.1032762993058188,0.6607770323753357,0.0956819504499435,0.8909640416502953
CARE,poisson_16_gauss_0.2,16.0,0.2,sticks_096.tif,17.34500416605431,0.0884431991075456,0.6390989422798157,0.0983501523733139,0.9133439943194388
CARE,poisson_16_gauss_0.2,16.0,0.2,sticks_097.tif,17.118831404445988,0.076220137435717,0.6371046304702759,0.1003239974379539,0.9337469592690468
CARE,poisson_16_gauss_0.2,16.0,0.2,sticks_098.tif,17.161677980585665,0.0902218831150486,0.6473502516746521,0.1026527732610702,0.9068713665008544
CARE,poisson_16_gauss_0.2,16.0,0.2,sticks_099.tif,17.293001138285263,0.0793469946582835,0.6380194425582886,0.0993785038590431,0.9230719313025476
CARE,poisson_16_gauss_0.2,16.0,0.2,sticks_094.tif,17.44043158609587,0.0850320108213158,0.6444861888885498,0.0996963381767273,0.8937304869294167
CARE,poisson_1_gauss_0.05,1.0,0.05,sticks_000.tif,24.08405591113377,0.1263517432834046,0.7161645293235779,0.0471063368022441,0.3484091155230999
CARE,poisson_1_gauss_0.05,1.0,0.05,sticks_001.tif,23.04709766626974,0.1329301435270977,0.6814088821411133,0.0482037439942359,0.3750707488507032
CARE,poisson_1_gauss_0.05,1.0,0.05,sticks_002.tif,24.0774660655322,0.1024244602161036,0.7318803668022156,0.050317894667387,0.3325521651655435
CARE,poisson_1_gauss_0.05,1.0,0.05,sticks_003.tif,23.95063801578842,0.1339818341203218,0.7138880491256714,0.045050773769617,0.3402191143482923
CARE,poisson_1_gauss_0.05,1.0,0.05,sticks_004.tif,23.654282380783236,0.1303118513403613,0.697005033493042,0.0476843938231468,0.3579618658870458
CARE,poisson_1_gauss_0.05,1.0,0.05,sticks_005.tif,24.96670370454611,0.1462460991845181,0.7189894914627075,0.0393474027514457,0.3334107656031847
CARE,poisson_1_gauss_0.05,1.0,0.05,sticks_007.tif,23.57548685100232,0.1444925703741786,0.7130436301231384,0.0433715395629406,0.3513415332883596
CARE,poisson_1_gauss_0.05,1.0,0.05,sticks_009.tif,25.206072018483244,0.1521991995712013,0.7425535917282104,0.0387911535799503,0.3183555874973535
CARE,poisson_1_gauss_0.05,1.0,0.05,sticks_008.tif,22.88227206548765,0.1089929234260537,0.6700745820999146,0.0567174069583416,0.3934979997575283
CARE,poisson_1_gauss_0.05,1.0,0.05,sticks_011.tif,22.990532978721,0.12109925353242,0.6995559930801392,0.0502858534455299,0.3558552093803883
CARE,poisson_1_gauss_0.05,1.0,0.05,sticks_006.tif,24.624765263633265,0.1297483208314402,0.7288181781768799,0.0433641783893108,0.3569689381867647
CARE,poisson_1_gauss_0.05,1.0,0.05,sticks_010.tif,24.255357709125555,0.14717889222277,0.7184198498725891,0.0417295023798942,0.3423054523766041
CARE,poisson_1_gauss_0.05,1.0,0.05,sticks_012.tif,24.12234326755909,0.1509596180930078,0.7166669368743896,0.0416187159717083,0.3331268336623907
CARE,poisson_1_gauss_0.05,1.0,0.05,sticks_016.tif,23.283651565046792,0.1119332202262217,0.7023779153823853,0.051772903650999,0.3414355274289846
CARE,poisson_1_gauss_0.05,1.0,0.05,sticks_013.tif,22.97284368241172,0.1178599460416445,0.706447422504425,0.0518049895763397,0.3434589345008135
CARE,poisson_1_gauss_0.05,1.0,0.05,sticks_014.tif,20.30884015315565,0.0761896032773685,0.7773284912109375,0.0750698968768119,0.560145252943039
CARE,poisson_1_gauss_0.05,1.0,0.05,sticks_015.tif,23.72326497893949,0.1191221273657256,0.7049166560173035,0.0493219532072544,0.3581200439482927
CARE,poisson_1_gauss_0.05,1.0,0.05,sticks_018.tif,19.92104839446488,0.0940068848693087,0.7907332181930542,0.0763490200042724,0.5462851785123348
CARE,poisson_1_gauss_0.05,1.0,0.05,sticks_020.tif,23.288148399298475,0.1270981824668203,0.706577479839325,0.0468996912240982,0.3330218974500895
CARE,poisson_1_gauss_0.05,1.0,0.05,sticks_017.tif,23.18283701105173,0.1059776890249683,0.7057275176048279,0.058875948190689,0.3684902179986238
CARE,poisson_1_gauss_0.05,1.0,0.05,sticks_019.tif,23.16237346869689,0.1240978434273728,0.6961304545402527,0.0482633635401725,0.340693274140358
CARE,poisson_1_gauss_0.05,1.0,0.05,sticks_021.tif,23.6904323871949,0.121656712315621,0.7032270431518555,0.0473706759512424,0.3227740658447146
CARE,poisson_1_gauss_0.05,1.0,0.05,sticks_022.tif,19.88980105453116,0.085918317880874,0.7740796804428101,0.0773794800043106,0.5589067362248897
CARE,poisson_1_gauss_0.05,1.0,0.05,sticks_023.tif,22.99875814724112,0.1674735867721791,0.691580057144165,0.0407467558979988,0.3522324668243527
CARE,poisson_1_gauss_0.05,1.0,0.05,sticks_024.tif,24.62059292307477,0.1500431217855236,0.7239768505096436,0.0402341037988662,0.3302758431062102
CARE,poisson_1_gauss_0.05,1.0,0.05,sticks_025.tif,20.694901783780328,0.1103695583344457,0.7918642163276672,0.0695724561810493,0.5066737689077854
CARE,poisson_1_gauss_0.05,1.0,0.05,sticks_026.tif,23.52198686376699,0.1035161713772815,0.7012320756912231,0.0543999075889587,0.3504544574767351
CARE,poisson_1_gauss_0.05,1.0,0.05,sticks_027.tif,22.84918677235869,0.1278817000817265,0.6895554661750793,0.0547485053539276,0.3916525531560182
CARE,poisson_1_gauss_0.05,1.0,0.05,sticks_028.tif,24.493892056856517,0.1341932180294347,0.7157095670700073,0.0431990437209606,0.3436436938121915
CARE,poisson_1_gauss_0.05,1.0,0.05,sticks_029.tif,19.824575642343667,0.0957728680762247,0.7774623036384583,0.0796298533678054,0.5316142491996289
CARE,poisson_1_gauss_0.05,1.0,0.05,sticks_030.tif,23.402962464512093,0.1348280079378576,0.6913902163505554,0.0453835688531398,0.3369060900062323
CARE,poisson_1_gauss_0.05,1.0,0.05,sticks_032.tif,23.588269184880787,0.1609987356338345,0.692764163017273,0.0396664030849933,0.3563087267801165
CARE,poisson_1_gauss_0.05,1.0,0.05,sticks_031.tif,24.215183484106436,0.1241562446678711,0.721534788608551,0.0470087453722953,0.3407980062067509
CARE,poisson_1_gauss_0.05,1.0,0.05,sticks_033.tif,22.88621941491302,0.1174813346447148,0.6663097143173218,0.0505020543932914,0.3869107738137245
CARE,poisson_1_gauss_0.05,1.0,0.05,sticks_034.tif,21.400586479532944,0.106537202807818,0.7877654433250427,0.0627094358205795,0.5116270862519741
CARE,poisson_1_gauss_0.05,1.0,0.05,sticks_035.tif,23.29765573633093,0.1474986751972916,0.6997642517089844,0.0423806011676788,0.3383661799132824
CARE,poisson_1_gauss_0.05,1.0,0.05,sticks_036.tif,24.51099175472237,0.1198292393591062,0.7242015600204468,0.0456248447299003,0.309260205924511
CARE,poisson_1_gauss_0.05,1.0,0.05,sticks_037.tif,24.165430470961343,0.133439969164481,0.7096024751663208,0.0447597727179527,0.3325496228411794
CARE,poisson_1_gauss_0.05,1.0,0.05,sticks_038.tif,24.66286364728303,0.1164835296504678,0.7421395182609558,0.04820017516613,0.3163374016061425
CARE,poisson_1_gauss_0.05,1.0,0.05,sticks_040.tif,22.992421558322462,0.1183675270118545,0.6964293718338013,0.0512980408966541,0.3581710927188396
CARE,poisson_1_gauss_0.05,1.0,0.05,sticks_039.tif,23.568016519618865,0.1342649323916647,0.720199704170227,0.0446925796568393,0.3440551932901144
CARE,poisson_1_gauss_0.05,1.0,0.05,sticks_041.tif,24.503135435527472,0.1290595520512056,0.7351727485656738,0.0440058894455432,0.3453233815729618
CARE,poisson_1_gauss_0.05,1.0,0.05,sticks_042.tif,24.55606383860043,0.1193327528253467,0.743469774723053,0.0491954162716865,0.3421363532543182
CARE,poisson_1_gauss_0.05,1.0,0.05,sticks_043.tif,23.247153173251224,0.2742747697684465,0.7132694721221924,0.0315108187496662,0.3538944378495216
CARE,poisson_1_gauss_0.05,1.0,0.05,sticks_044.tif,22.202104418695324,0.1010476391308768,0.6615159511566162,0.0605643093585968,0.3619249353185296
CARE,poisson_1_gauss_0.05,1.0,0.05,sticks_045.tif,24.812325084930915,0.1498763706827679,0.7386295199394226,0.0396331548690795,0.3198206497356295
CARE,poisson_1_gauss_0.05,1.0,0.05,sticks_046.tif,25.08124822586054,0.1277867379893048,0.7327854633331299,0.0455249026417732,0.3239751398563385
CARE,poisson_1_gauss_0.05,1.0,0.05,sticks_047.tif,25.09261026436952,0.1353640053582313,0.7389739751815796,0.0428662039339542,0.3222604803740978
CARE,poisson_1_gauss_0.05,1.0,0.05,sticks_049.tif,23.82482685213626,0.1371578035159889,0.7241309881210327,0.043284635990858,0.3148624148219824
CARE,poisson_1_gauss_0.05,1.0,0.05,sticks_048.tif,23.438808353896466,0.1191715482076608,0.7183408737182617,0.0528746731579303,0.3721083831042051
CARE,poisson_1_gauss_0.05,1.0,0.05,sticks_050.tif,25.053320831770915,0.1320256449900702,0.7460135221481323,0.042855255305767,0.3178775791078806
CARE,poisson_1_gauss_0.05,1.0,0.05,sticks_051.tif,22.929990328992822,0.1195505852318202,0.6852397322654724,0.052706092596054,0.3519540674984455
CARE,poisson_1_gauss_0.05,1.0,0.05,sticks_053.tif,22.984956480682683,0.1176222617935019,0.695478618144989,0.0504170842468738,0.362286239489913
CARE,poisson_1_gauss_0.05,1.0,0.05,sticks_052.tif,23.161808401667876,0.1160964546325336,0.7141474485397339,0.0495962686836719,0.3224234502762556
CARE,poisson_1_gauss_0.05,1.0,0.05,sticks_054.tif,24.29876402338044,0.1190766329897818,0.7217247486114502,0.0475281812250614,0.3544359166175127
CARE,poisson_1_gauss_0.05,1.0,0.05,sticks_055.tif,19.96163695199635,0.0982405540877996,0.7937685251235962,0.0771820992231369,0.5343769513070583
CARE,poisson_1_gauss_0.05,1.0,0.05,sticks_056.tif,23.61423521381412,0.1126824556924681,0.7075761556625366,0.0507169142365455,0.3201881857588887
CARE,poisson_1_gauss_0.05,1.0,0.05,sticks_059.tif,24.658136342841612,0.1216985655686911,0.7174485921859741,0.0469392016530036,0.3392541103065014
CARE,poisson_1_gauss_0.05,1.0,0.05,sticks_058.tif,23.370182535736312,0.1119607291950927,0.7035396099090576,0.0528705120086669,0.3627159453928471
CARE,poisson_1_gauss_0.05,1.0,0.05,sticks_057.tif,23.5705828186161,0.1492645773743867,0.700704038143158,0.0420483686029911,0.3424058802425861
CARE,poisson_1_gauss_0.05,1.0,0.05,sticks_060.tif,24.403407942738625,0.1115967957654655,0.7311145067214966,0.0479804910719394,0.3716882307082415
CARE,poisson_1_gauss_0.05,1.0,0.05,sticks_063.tif,24.20262499423984,0.1688366871034053,0.731489360332489,0.0387530364096164,0.3445485901087523
CARE,poisson_1_gauss_0.05,1.0,0.05,sticks_061.tif,21.86680037935165,0.0994064146023532,0.6798629760742188,0.0626911967992782,0.3694613667204976
CARE,poisson_1_gauss_0.05,1.0,0.05,sticks_062.tif,23.89561619883117,0.1135016478115933,0.7366390228271484,0.0473878048360347,0.3245966643095016
CARE,poisson_1_gauss_0.05,1.0,0.05,sticks_067.tif,23.19816410018541,0.1297569299808538,0.7024058699607849,0.0475047342479229,0.3769244162365794
CARE,poisson_1_gauss_0.05,1.0,0.05,sticks_066.tif,22.762481884542,0.1080170603232821,0.7069708704948425,0.0567098744213581,0.3644879596307874
CARE,poisson_1_gauss_0.05,1.0,0.05,sticks_065.tif,23.38981547465369,0.1155002976802988,0.7084656953811646,0.0515587925910949,0.3339930724352598
CARE,poisson_1_gauss_0.05,1.0,0.05,sticks_068.tif,24.348509425717573,0.1194061609105897,0.7288994193077087,0.0492980554699897,0.3307448234409094
CARE,poisson_1_gauss_0.05,1.0,0.05,sticks_069.tif,23.563621842020027,0.1254812417522945,0.698929488658905,0.0483357235789299,0.347256313636899
CARE,poisson_1_gauss_0.05,1.0,0.05,sticks_064.tif,24.09397152518247,0.1292701931029214,0.7252855896949768,0.0470242574810981,0.3271002944558859
CARE,poisson_1_gauss_0.05,1.0,0.05,sticks_070.tif,23.276789912238947,0.1066411482682742,0.6922287344932556,0.0553334280848503,0.3766838487237692
CARE,poisson_1_gauss_0.05,1.0,0.05,sticks_071.tif,23.653410512883926,0.1318385663645193,0.6987347602844238,0.0456339307129383,0.3354915622621774
CARE,poisson_1_gauss_0.05,1.0,0.05,sticks_072.tif,24.779765130742824,0.133928926868329,0.7375951409339905,0.0427439846098423,0.3332414232194424
CARE,poisson_1_gauss_0.05,1.0,0.05,sticks_073.tif,24.49549016356193,0.1356700500436425,0.7204174399375916,0.0434702411293983,0.3382027197629213
CARE,poisson_1_gauss_0.05,1.0,0.05,sticks_074.tif,24.068151562792814,0.1293824820482683,0.7040678262710571,0.0448398664593696,0.3311630738899112
CARE,poisson_1_gauss_0.05,1.0,0.05,sticks_075.tif,23.001046631879927,0.1167296945211815,0.6894721984863281,0.0495748817920684,0.3504918064922094
CARE,poisson_1_gauss_0.05,1.0,0.05,sticks_076.tif,24.0438772346156,0.135124067180877,0.7010493874549866,0.0458291247487068,0.3709326416254043
CARE,poisson_1_gauss_0.05,1.0,0.05,sticks_077.tif,22.47565289406377,0.1096557245249249,0.68365877866745,0.0534489825367927,0.3428436383605003
CARE,poisson_1_gauss_0.05,1.0,0.05,sticks_078.tif,23.63045852480445,0.1310402403144556,0.7261354327201843,0.0442035086452961,0.3276076659560203
CARE,poisson_1_gauss_0.05,1.0,0.05,sticks_079.tif,23.566614890478604,0.1256328696593024,0.7031219005584717,0.0504719018936157,0.3604443471878767
CARE,poisson_1_gauss_0.05,1.0,0.05,sticks_080.tif,22.315356856090563,0.1094528955055724,0.681698739528656,0.0591115579009056,0.3830812480300665
CARE,poisson_1_gauss_0.05,1.0,0.05,sticks_081.tif,22.624503015563448,0.1054536279977157,0.6653485894203186,0.0570284910500049,0.3687335446476936
CARE,poisson_1_gauss_0.05,1.0,0.05,sticks_082.tif,22.899745153977143,0.1078817901073036,0.6783407330513,0.0550566539168357,0.3445997636765242
CARE,poisson_1_gauss_0.05,1.0,0.05,sticks_084.tif,20.099237978047885,0.0968393697136543,0.7886057496070862,0.0750052481889724,0.5481147587299346
CARE,poisson_1_gauss_0.05,1.0,0.05,sticks_083.tif,23.10301824490196,0.1018473269678573,0.701572060585022,0.0589073412120342,0.3785886492580175
CARE,poisson_1_gauss_0.05,1.0,0.05,sticks_085.tif,20.52400983072195,0.0924766552995899,0.7869330644607544,0.0712910890579223,0.505317572504282
CARE,poisson_1_gauss_0.05,1.0,0.05,sticks_086.tif,22.68392846517201,0.1067457515351466,0.7081831097602844,0.0529728829860687,0.3188464324921369
CARE,poisson_1_gauss_0.05,1.0,0.05,sticks_088.tif,23.44214847001817,0.1157749261613572,0.7081530094146729,0.0480618737637996,0.3351866547018289
CARE,poisson_1_gauss_0.05,1.0,0.05,sticks_087.tif,24.132370030291803,0.1712022148923311,0.7262493968009949,0.0377676114439964,0.3305667450651526
CARE,poisson_1_gauss_0.05,1.0,0.05,sticks_089.tif,23.76414090837624,0.1133123063487571,0.7087972164154053,0.0512990951538085,0.3280735287815332
CARE,poisson_1_gauss_0.05,1.0,0.05,sticks_090.tif,22.98495162820556,0.1404665378361294,0.7083641290664673,0.0437598377466201,0.3398002538830041
CARE,poisson_1_gauss_0.05,1.0,0.05,sticks_091.tif,23.775751606356323,0.1052529494777107,0.70572429895401,0.050478059798479,0.323302280344069
CARE,poisson_1_gauss_0.05,1.0,0.05,sticks_092.tif,23.65283354154922,0.1174539788833595,0.7146157622337341,0.0511879324913024,0.3419530145823956
CARE,poisson_1_gauss_0.05,1.0,0.05,sticks_093.tif,22.936510013896047,0.1161003186957095,0.6755579710006714,0.0533814951777458,0.3625298829749226
CARE,poisson_1_gauss_0.05,1.0,0.05,sticks_095.tif,20.480549438059,0.1208469258710472,0.7857038378715515,0.0692519024014473,0.5109473988413811
CARE,poisson_1_gauss_0.05,1.0,0.05,sticks_096.tif,22.8674605751415,0.1082666539462274,0.6857547163963318,0.0545933060348033,0.369736085832119
CARE,poisson_1_gauss_0.05,1.0,0.05,sticks_097.tif,23.625205712409517,0.1261180126799949,0.7197529077529907,0.0487064160406589,0.3505869947373867
CARE,poisson_1_gauss_0.05,1.0,0.05,sticks_098.tif,22.38425836894572,0.1188583288696173,0.716550350189209,0.0557280592620372,0.3779229342937469
CARE,poisson_1_gauss_0.05,1.0,0.05,sticks_099.tif,23.156671890937176,0.1087296688214496,0.7118030786514282,0.0552503392100334,0.3478001926094293
CARE,poisson_1_gauss_0.05,1.0,0.05,sticks_094.tif,23.157031032921005,0.1298248150110443,0.7031199932098389,0.0460282899439334,0.3149350987747311
CARE,poisson_1_gauss_0.1,1.0,0.1,sticks_000.tif,23.099254906911263,0.1195576989982367,0.744978129863739,0.0510714948177337,0.5485012955963612
CARE,poisson_1_gauss_0.1,1.0,0.1,sticks_001.tif,22.06820624428648,0.1167911047872074,0.7129434943199158,0.0599903464317321,0.5425622083246708
CARE,poisson_1_gauss_0.1,1.0,0.1,sticks_002.tif,22.95135430516722,0.0939045333354664,0.7456095814704895,0.0547162778675556,0.5398646742105484
CARE,poisson_1_gauss_0.1,1.0,0.1,sticks_003.tif,22.35830505562901,0.1072463633561261,0.7240615487098694,0.0604658722877502,0.5303229369223118
CARE,poisson_1_gauss_0.1,1.0,0.1,sticks_004.tif,21.7319118347833,0.1043985806723476,0.7095820903778076,0.0684644356369972,0.5385419212281704
CARE,poisson_1_gauss_0.1,1.0,0.1,sticks_005.tif,23.343464545423824,0.1080505149974039,0.7234324216842651,0.0518063977360725,0.5250819474458694
CARE,poisson_1_gauss_0.1,1.0,0.1,sticks_007.tif,22.75579916234865,0.12255011275525,0.7377442717552185,0.0513983480632305,0.534105408936739
CARE,poisson_1_gauss_0.1,1.0,0.1,sticks_009.tif,23.63588107725632,0.1133409993958153,0.7519044876098633,0.0501071996986866,0.5150988735258579
CARE,poisson_1_gauss_0.1,1.0,0.1,sticks_008.tif,21.510803571870515,0.1044754112077874,0.7005642652511597,0.0669587329030036,0.586940436065197
CARE,poisson_1_gauss_0.1,1.0,0.1,sticks_011.tif,22.087015039359954,0.1118291214719583,0.728620707988739,0.0594846233725547,0.5356832072138786
CARE,poisson_1_gauss_0.1,1.0,0.1,sticks_006.tif,23.26329914650945,0.1105922644057577,0.7412244081497192,0.0512355491518974,0.5458025448024273
CARE,poisson_1_gauss_0.1,1.0,0.1,sticks_010.tif,23.13933047591762,0.1210203803368721,0.7372933030128479,0.0509213618934154,0.5269645221531392
CARE,poisson_1_gauss_0.1,1.0,0.1,sticks_012.tif,23.188568615102195,0.1248744629965833,0.7417689561843872,0.050072394311428,0.519240390509367
CARE,poisson_1_gauss_0.1,1.0,0.1,sticks_016.tif,22.399334348850545,0.1072201236198038,0.7261084914207458,0.0588723309338092,0.5173567645251751
CARE,poisson_1_gauss_0.1,1.0,0.1,sticks_013.tif,21.572559134628364,0.103044826550594,0.7269673347473145,0.0666880458593368,0.5381339535117149
CARE,poisson_1_gauss_0.1,1.0,0.1,sticks_014.tif,20.10566635299501,0.0681910207661685,0.7407262921333313,0.0761375203728675,0.6872617289423942
CARE,poisson_1_gauss_0.1,1.0,0.1,sticks_015.tif,22.548046967743808,0.1077939729965863,0.7252017855644226,0.0590729117393493,0.5226926133036613
CARE,poisson_1_gauss_0.1,1.0,0.1,sticks_018.tif,21.71303575555864,0.0990029441547068,0.7264040112495422,0.0668554082512855,0.5507551223039627
CARE,poisson_1_gauss_0.1,1.0,0.1,sticks_020.tif,22.51314679040791,0.1136877208435875,0.7303175926208496,0.0546689555048942,0.5143058888614178
CARE,poisson_1_gauss_0.1,1.0,0.1,sticks_017.tif,19.867489409630437,0.0788203507952189,0.7381085753440857,0.0779320076107978,0.678667189180851
CARE,poisson_1_gauss_0.1,1.0,0.1,sticks_019.tif,22.352801900351203,0.1158094429536691,0.727039635181427,0.0555763244628906,0.5257577784359455
CARE,poisson_1_gauss_0.1,1.0,0.1,sticks_021.tif,23.19275699933005,0.125912401664677,0.7391499280929565,0.0486547984182834,0.5045598857104778
CARE,poisson_1_gauss_0.1,1.0,0.1,sticks_022.tif,19.10069045082308,0.0711551905670553,0.7267880439758301,0.0875813961029052,0.6891503453254699
CARE,poisson_1_gauss_0.1,1.0,0.1,sticks_023.tif,22.372556157446525,0.1324229006880402,0.7267470359802246,0.0504946298897266,0.5299537293612957
CARE,poisson_1_gauss_0.1,1.0,0.1,sticks_024.tif,23.38196968400411,0.1168278396224881,0.7367624640464783,0.0511055588722229,0.5123981587588787
CARE,poisson_1_gauss_0.1,1.0,0.1,sticks_025.tif,19.43914350748883,0.0881349095483076,0.744567334651947,0.0843830034136772,0.6565286532044411
CARE,poisson_1_gauss_0.1,1.0,0.1,sticks_026.tif,22.158092704321668,0.0939129847565705,0.7146776914596558,0.0644331723451614,0.5417401872575283
CARE,poisson_1_gauss_0.1,1.0,0.1,sticks_027.tif,21.94570759741922,0.125465844410835,0.734215259552002,0.0602351427078247,0.5700007550418377
CARE,poisson_1_gauss_0.1,1.0,0.1,sticks_028.tif,22.999722253317515,0.1061508795749656,0.719342052936554,0.0550023503601551,0.5367173001170158
CARE,poisson_1_gauss_0.1,1.0,0.1,sticks_029.tif,19.41926581523694,0.0856825713692114,0.7374222278594971,0.0832267850637435,0.6730967342853547
CARE,poisson_1_gauss_0.1,1.0,0.1,sticks_030.tif,22.768582676229087,0.1250884731490707,0.7267595529556274,0.0512625090777874,0.5148473404347896
CARE,poisson_1_gauss_0.1,1.0,0.1,sticks_032.tif,22.859831911594885,0.1355804096808163,0.7248589396476746,0.0469817966222763,0.527751837670803
CARE,poisson_1_gauss_0.1,1.0,0.1,sticks_031.tif,22.840423580452857,0.1041795203534366,0.7309801578521729,0.0581211373209953,0.5195895805954933
CARE,poisson_1_gauss_0.1,1.0,0.1,sticks_033.tif,22.183038847949096,0.1207184176934758,0.703709065914154,0.053052119910717,0.5699481584131718
CARE,poisson_1_gauss_0.1,1.0,0.1,sticks_034.tif,19.2784478335932,0.0732457883650138,0.7318886518478394,0.0854766368865966,0.6770653873682022
CARE,poisson_1_gauss_0.1,1.0,0.1,sticks_035.tif,22.67330994450349,0.129214268208814,0.7350388169288635,0.0490094348788261,0.520674891024828
CARE,poisson_1_gauss_0.1,1.0,0.1,sticks_036.tif,23.651532067669105,0.1147322287878696,0.7454559206962585,0.0485206991434097,0.5074260622262955
CARE,poisson_1_gauss_0.1,1.0,0.1,sticks_037.tif,22.847293127212712,0.1099037356818397,0.7223525047302246,0.0566545203328132,0.5178970202803612
CARE,poisson_1_gauss_0.1,1.0,0.1,sticks_038.tif,23.311862181237714,0.1006599296739423,0.7543001770973206,0.056318812072277,0.5152079485356807
CARE,poisson_1_gauss_0.1,1.0,0.1,sticks_040.tif,21.672412384815665,0.1040245250919091,0.7166856527328491,0.0657385364174842,0.5371457673609257
CARE,poisson_1_gauss_0.1,1.0,0.1,sticks_039.tif,22.63418070691321,0.1158365529904883,0.7460756897926331,0.0533595867455005,0.529044583439827
CARE,poisson_1_gauss_0.1,1.0,0.1,sticks_041.tif,23.287988497460304,0.1077305206951603,0.7446925640106201,0.0521204099059104,0.5247746333479881
CARE,poisson_1_gauss_0.1,1.0,0.1,sticks_042.tif,22.91807907194773,0.1000978339152514,0.752669632434845,0.0572800040245056,0.5555476531386375
CARE,poisson_1_gauss_0.1,1.0,0.1,sticks_043.tif,22.650973476300965,0.1433833254295922,0.7441016435623169,0.0456950329244136,0.5251690678298473
CARE,poisson_1_gauss_0.1,1.0,0.1,sticks_044.tif,21.596349118374008,0.1088187726467966,0.7021252512931824,0.063973881304264,0.5481250450015068
CARE,poisson_1_gauss_0.1,1.0,0.1,sticks_045.tif,23.78784240911186,0.1237702118462512,0.7588704824447632,0.0463802590966224,0.5032084137201309
CARE,poisson_1_gauss_0.1,1.0,0.1,sticks_046.tif,23.15164244535415,0.0992376945923353,0.7361061573028564,0.0583742558956146,0.5244234792888165
CARE,poisson_1_gauss_0.1,1.0,0.1,sticks_047.tif,23.54657092994551,0.1081091588307864,0.7469667792320251,0.0518170818686485,0.5268715925514698
CARE,poisson_1_gauss_0.1,1.0,0.1,sticks_049.tif,22.883645577262094,0.1135616992042322,0.7425074577331543,0.0522421300411224,0.5067643038928509
CARE,poisson_1_gauss_0.1,1.0,0.1,sticks_048.tif,21.854357608477397,0.1013677609658827,0.7308128476142883,0.0656982362270355,0.5617070287466049
CARE,poisson_1_gauss_0.1,1.0,0.1,sticks_050.tif,23.601146330901784,0.1067625690154667,0.7528735995292664,0.0515639409422874,0.5178555332124233
CARE,poisson_1_gauss_0.1,1.0,0.1,sticks_051.tif,21.84990398747655,0.1104906213220071,0.7151410579681396,0.0649612843990325,0.5271010123193264
CARE,poisson_1_gauss_0.1,1.0,0.1,sticks_053.tif,22.15461124229664,0.1117950472690644,0.7233885526657104,0.058313500136137,0.5327582113444805
CARE,poisson_1_gauss_0.1,1.0,0.1,sticks_052.tif,22.749679017862707,0.1199476344358597,0.746465265750885,0.0511080101132392,0.5025945574045181
CARE,poisson_1_gauss_0.1,1.0,0.1,sticks_054.tif,22.64614815662349,0.0991669111756619,0.7292916774749756,0.0594626776874065,0.5381338387727738
CARE,poisson_1_gauss_0.1,1.0,0.1,sticks_055.tif,18.815300557328744,0.0799519756704915,0.7506446838378906,0.0888330414891243,0.6843426883220672
CARE,poisson_1_gauss_0.1,1.0,0.1,sticks_056.tif,22.83032536988471,0.1092313216234821,0.7356603145599365,0.0558139160275459,0.5078116022050381
CARE,poisson_1_gauss_0.1,1.0,0.1,sticks_059.tif,23.183622758833565,0.1051238186815241,0.7309598326683044,0.0555969774723053,0.5292906731367111
CARE,poisson_1_gauss_0.1,1.0,0.1,sticks_058.tif,22.235676298861485,0.1052424142527557,0.7264136672019958,0.061204470694065,0.5383838839828968
CARE,poisson_1_gauss_0.1,1.0,0.1,sticks_057.tif,22.67639268376704,0.1236903032912217,0.7287145256996155,0.0531909577548503,0.5142926968634128
CARE,poisson_1_gauss_0.1,1.0,0.1,sticks_060.tif,22.48425698544134,0.0869861442489264,0.7173896431922913,0.0617143027484416,0.5570828199386597
CARE,poisson_1_gauss_0.1,1.0,0.1,sticks_063.tif,23.120145170866763,0.1244981740890202,0.7495431303977966,0.0504238829016685,0.5252683632075786
CARE,poisson_1_gauss_0.1,1.0,0.1,sticks_061.tif,21.30030278086506,0.1087571358701608,0.7218031287193298,0.065321497619152,0.5568236589431763
CARE,poisson_1_gauss_0.1,1.0,0.1,sticks_062.tif,22.97962945281477,0.1010188361416808,0.7502651810646057,0.0532126910984516,0.5193902410566806
CARE,poisson_1_gauss_0.1,1.0,0.1,sticks_067.tif,21.81259280653461,0.1060897265749929,0.7188412547111511,0.0632600262761116,0.5573520347476005
CARE,poisson_1_gauss_0.1,1.0,0.1,sticks_066.tif,21.507972617635843,0.0995576713405283,0.7216123342514038,0.0661657080054283,0.5624442756175995
CARE,poisson_1_gauss_0.1,1.0,0.1,sticks_065.tif,22.339095044719368,0.1051216661319722,0.7335147857666016,0.0610722415149211,0.5154448963701725
CARE,poisson_1_gauss_0.1,1.0,0.1,sticks_068.tif,22.432409866730872,0.0962625054057356,0.732100784778595,0.0646252706646919,0.5240851663053036
CARE,poisson_1_gauss_0.1,1.0,0.1,sticks_069.tif,22.860933398970165,0.1210921876592235,0.7326816320419312,0.0531071834266185,0.5195727817714214
CARE,poisson_1_gauss_0.1,1.0,0.1,sticks_064.tif,22.123723850624717,0.0961813933811538,0.7292373180389404,0.0665304809808731,0.5215727277100086
CARE,poisson_1_gauss_0.1,1.0,0.1,sticks_070.tif,22.20990445204084,0.1051082294385041,0.718400239944458,0.0616027191281318,0.559636564552784
CARE,poisson_1_gauss_0.1,1.0,0.1,sticks_071.tif,22.84531207159544,0.1196369648205727,0.7277802228927612,0.0524165853857994,0.5156950071454048
CARE,poisson_1_gauss_0.1,1.0,0.1,sticks_072.tif,23.02834365657103,0.1005575749179259,0.7367407083511353,0.0560484938323497,0.5320037558674813
CARE,poisson_1_gauss_0.1,1.0,0.1,sticks_073.tif,23.6520468974282,0.1271946636481667,0.7502727508544922,0.0464593768119812,0.5250695839524269
CARE,poisson_1_gauss_0.1,1.0,0.1,sticks_074.tif,22.8793858246652,0.1107935057297835,0.7221007943153381,0.053510408848524,0.5295423194766045
CARE,poisson_1_gauss_0.1,1.0,0.1,sticks_075.tif,22.374775818248292,0.1175019348229016,0.7224519848823547,0.0546435713768005,0.519449283182621
CARE,poisson_1_gauss_0.1,1.0,0.1,sticks_076.tif,22.820624763031123,0.1190973187410252,0.7264927625656128,0.0553811788558959,0.5461657419800758
CARE,poisson_1_gauss_0.1,1.0,0.1,sticks_077.tif,21.89903378081241,0.1100559512453054,0.7195177674293518,0.0596120245754718,0.5191482663154602
CARE,poisson_1_gauss_0.1,1.0,0.1,sticks_078.tif,22.62432410075771,0.1096154887466455,0.7432944774627686,0.0544725768268108,0.5136274747550488
CARE,poisson_1_gauss_0.1,1.0,0.1,sticks_079.tif,22.21131094111433,0.1117233688356887,0.7333505153656006,0.0602770522236824,0.5636752374470234
CARE,poisson_1_gauss_0.1,1.0,0.1,sticks_080.tif,21.742632593676344,0.1194853511989806,0.7269903421401978,0.0589696243405342,0.5699526689946651
CARE,poisson_1_gauss_0.1,1.0,0.1,sticks_081.tif,21.479778187440616,0.1031838086571731,0.6934548020362854,0.0692483335733413,0.5385456010699272
CARE,poisson_1_gauss_0.1,1.0,0.1,sticks_082.tif,22.066426589886788,0.1068434803105621,0.7116338014602661,0.063313290476799,0.5129918999969959
CARE,poisson_1_gauss_0.1,1.0,0.1,sticks_084.tif,19.369793924185718,0.0819806168887174,0.745916485786438,0.0827670842409133,0.6830526024103165
CARE,poisson_1_gauss_0.1,1.0,0.1,sticks_083.tif,21.58115414617754,0.0935270161857545,0.7177541851997375,0.0690891072154045,0.5702404074370861
CARE,poisson_1_gauss_0.1,1.0,0.1,sticks_085.tif,19.766920404199546,0.0770073307457109,0.7463823556900024,0.0783249586820602,0.6498518258333206
CARE,poisson_1_gauss_0.1,1.0,0.1,sticks_086.tif,22.264604024746497,0.1076286765354957,0.7386495471000671,0.0562062934041023,0.4991019830107689
CARE,poisson_1_gauss_0.1,1.0,0.1,sticks_088.tif,22.46439355730768,0.1056076376015256,0.7278576493263245,0.0566270351409912,0.5159646406769752
CARE,poisson_1_gauss_0.1,1.0,0.1,sticks_087.tif,23.439665363710475,0.1362103029160088,0.7542023062705994,0.0449991934001445,0.5047450639307499
CARE,poisson_1_gauss_0.1,1.0,0.1,sticks_089.tif,23.020069114724944,0.1132617693959302,0.7385081052780151,0.053199004381895,0.5263667829334736
CARE,poisson_1_gauss_0.1,1.0,0.1,sticks_090.tif,22.29910046250964,0.1189284130415928,0.737323522567749,0.052362460643053,0.5235561639070511
CARE,poisson_1_gauss_0.1,1.0,0.1,sticks_091.tif,22.044246119718792,0.0879651905799781,0.7015659809112549,0.0666106790304184,0.5074834279716015
CARE,poisson_1_gauss_0.1,1.0,0.1,sticks_092.tif,22.63867674118797,0.1076258019552746,0.7399898767471313,0.0573018863797187,0.5359796784818173
CARE,poisson_1_gauss_0.1,1.0,0.1,sticks_093.tif,21.88932226385893,0.1108923673457947,0.7079068422317505,0.0637062564492225,0.5385583057999611
CARE,poisson_1_gauss_0.1,1.0,0.1,sticks_095.tif,19.762379689562717,0.1023813818527485,0.7460610866546631,0.077933445572853,0.6398376017808914
CARE,poisson_1_gauss_0.1,1.0,0.1,sticks_096.tif,21.7075737460741,0.1027185473792139,0.7077641487121582,0.0650793015956878,0.5461593836545944
CARE,poisson_1_gauss_0.1,1.0,0.1,sticks_097.tif,22.743545770406307,0.1189228589063082,0.7504120469093323,0.0538347736001014,0.5418285384774209
CARE,poisson_1_gauss_0.1,1.0,0.1,sticks_098.tif,21.494401762158432,0.1088022893035538,0.7353671193122864,0.0635716915130615,0.5534177027642727
CARE,poisson_1_gauss_0.1,1.0,0.1,sticks_099.tif,22.137905941636657,0.1041547124220009,0.7389028072357178,0.0627879574894905,0.5355434313416481
CARE,poisson_1_gauss_0.1,1.0,0.1,sticks_094.tif,22.538442925415204,0.1155769537759568,0.7265074849128723,0.0536497309803962,0.4927947588264942
CARE,poisson_1_gauss_0.2,1.0,0.2,sticks_000.tif,17.780644120357092,0.0571879946804636,0.6380425691604614,0.0972905308008194,0.8709655165672302
CARE,poisson_1_gauss_0.2,1.0,0.2,sticks_001.tif,17.790183004111206,0.0729413741879854,0.6500920057296753,0.1004054322838783,0.8512650534510613
CARE,poisson_1_gauss_0.2,1.0,0.2,sticks_002.tif,17.663503406916302,0.0449086019621183,0.6283172369003296,0.0980114191770553,0.882800379395485
CARE,poisson_1_gauss_0.2,1.0,0.2,sticks_003.tif,18.17625325544907,0.0647216328606127,0.6438539624214172,0.0931835249066352,0.8501321226358414
CARE,poisson_1_gauss_0.2,1.0,0.2,sticks_004.tif,17.789080622527635,0.0662308090135692,0.6468912363052368,0.097303532063961,0.8635863572359085
CARE,poisson_1_gauss_0.2,1.0,0.2,sticks_005.tif,18.153696073090284,0.0520428289711521,0.624488890171051,0.0936867445707321,0.8635518804192543
CARE,poisson_1_gauss_0.2,1.0,0.2,sticks_007.tif,17.812083854291053,0.0649589794102616,0.6506856679916382,0.0968363657593727,0.8705456703901291
CARE,poisson_1_gauss_0.2,1.0,0.2,sticks_009.tif,18.15384031880876,0.0501725101037804,0.6383669376373291,0.0925899744033813,0.8644385188817978
CARE,poisson_1_gauss_0.2,1.0,0.2,sticks_008.tif,17.74285660503103,0.0667752495521317,0.6397921442985535,0.0969469025731086,0.8771392360329628
CARE,poisson_1_gauss_0.2,1.0,0.2,sticks_011.tif,17.660606347239398,0.0662122003587308,0.6511790752410889,0.099194049835205,0.8663199245929718
CARE,poisson_1_gauss_0.2,1.0,0.2,sticks_006.tif,18.08618990699681,0.0526662399781112,0.6319381594657898,0.0934533551335334,0.8674795731902123
CARE,poisson_1_gauss_0.2,1.0,0.2,sticks_010.tif,17.98774638404602,0.0603859397947994,0.6415238380432129,0.094892606139183,0.8626731693744659
CARE,poisson_1_gauss_0.2,1.0,0.2,sticks_012.tif,17.85517295056341,0.0604568615886985,0.6438114047050476,0.0998642966151237,0.8567070379853249
CARE,poisson_1_gauss_0.2,1.0,0.2,sticks_016.tif,18.02322880972933,0.0626262248959439,0.6430582404136658,0.094718113541603,0.8531137108802795
CARE,poisson_1_gauss_0.2,1.0,0.2,sticks_013.tif,17.791601696734958,0.06696141884954,0.6460662484169006,0.0988924503326416,0.8433882802724838
CARE,poisson_1_gauss_0.2,1.0,0.2,sticks_014.tif,18.464954467417083,0.0496017497168829,0.6474102139472961,0.0909766107797622,0.863948880136013
CARE,poisson_1_gauss_0.2,1.0,0.2,sticks_015.tif,18.11596355394851,0.0631219631484367,0.6506819725036621,0.0943037271499633,0.8502814814448356
CARE,poisson_1_gauss_0.2,1.0,0.2,sticks_018.tif,18.08483992431514,0.063897707879905,0.6506878137588501,0.0965970903635025,0.8419298276305198
CARE,poisson_1_gauss_0.2,1.0,0.2,sticks_020.tif,18.15211310865872,0.0644976464355163,0.6428110599517822,0.095009334385395,0.8402426719665528
CARE,poisson_1_gauss_0.2,1.0,0.2,sticks_017.tif,18.13350583300812,0.0585967334904582,0.6442332863807678,0.0942307785153389,0.8618516758084297
CARE,poisson_1_gauss_0.2,1.0,0.2,sticks_019.tif,17.776543337365332,0.0666106409339173,0.6483359336853027,0.0973488241434097,0.8535607844591141
CARE,poisson_1_gauss_0.2,1.0,0.2,sticks_021.tif,18.16040269933921,0.0649252778612843,0.6463354825973511,0.0928646177053451,0.8526671946048736
CARE,poisson_1_gauss_0.2,1.0,0.2,sticks_022.tif,17.413585333590355,0.0529933612219322,0.6304868459701538,0.1027801260352134,0.8769672080874443
CARE,poisson_1_gauss_0.2,1.0,0.2,sticks_023.tif,17.815022655302318,0.0724648521753308,0.6538600325584412,0.0978900641202926,0.8551736056804657
CARE,poisson_1_gauss_0.2,1.0,0.2,sticks_024.tif,17.922381245875584,0.0553515280486673,0.6350336074829102,0.0988111495971679,0.860956197977066
CARE,poisson_1_gauss_0.2,1.0,0.2,sticks_025.tif,18.24630546413404,0.0712399385660292,0.6573389172554016,0.0932692214846611,0.8375569865107536
CARE,poisson_1_gauss_0.2,1.0,0.2,sticks_026.tif,18.037304983686838,0.0554734017249,0.6320787072181702,0.0948963314294815,0.8669169068336486
CARE,poisson_1_gauss_0.2,1.0,0.2,sticks_027.tif,17.303473105554204,0.0720406687629477,0.656225323677063,0.1042311787605285,0.8726130872964859
CARE,poisson_1_gauss_0.2,1.0,0.2,sticks_028.tif,18.047506483584343,0.0551676125895718,0.6269652843475342,0.0950067341327667,0.8699910268187523
CARE,poisson_1_gauss_0.2,1.0,0.2,sticks_029.tif,18.082791048887053,0.0685027480052942,0.6499369740486145,0.0949357897043228,0.8553562879562377
CARE,poisson_1_gauss_0.2,1.0,0.2,sticks_030.tif,18.064915775055034,0.0676496820050069,0.6486451029777527,0.094801053404808,0.8459345623850822
CARE,poisson_1_gauss_0.2,1.0,0.2,sticks_032.tif,17.931692662116397,0.0698360856150719,0.6460578441619873,0.0953274816274643,0.8535628378391266
CARE,poisson_1_gauss_0.2,1.0,0.2,sticks_031.tif,18.22700192603165,0.0560443741894882,0.63714200258255,0.0917160212993621,0.8657316789031029
CARE,poisson_1_gauss_0.2,1.0,0.2,sticks_033.tif,17.600202686725115,0.0671531852691316,0.62885981798172,0.0993361547589302,0.8711786672472954
CARE,poisson_1_gauss_0.2,1.0,0.2,sticks_034.tif,17.890959606113835,0.0572367430328092,0.6379448771476746,0.0971310213208198,0.8597866207361221
CARE,poisson_1_gauss_0.2,1.0,0.2,sticks_035.tif,17.925396245037863,0.0664836277358859,0.6497035622596741,0.0964300259947776,0.8480111137032509
CARE,poisson_1_gauss_0.2,1.0,0.2,sticks_036.tif,18.3383467498556,0.0534562826206176,0.6334643959999084,0.0906585901975631,0.8560384109616279
CARE,poisson_1_gauss_0.2,1.0,0.2,sticks_037.tif,18.02467568567142,0.0597499024004355,0.6331510543823242,0.0954965353012085,0.8591928496956825
CARE,poisson_1_gauss_0.2,1.0,0.2,sticks_038.tif,18.25001764980393,0.0462227461892705,0.6354249715805054,0.0925042182207107,0.8670112118124962
CARE,poisson_1_gauss_0.2,1.0,0.2,sticks_040.tif,17.33220292919495,0.0647861836801698,0.6439542770385742,0.1038883477449417,0.87273717969656
CARE,poisson_1_gauss_0.2,1.0,0.2,sticks_039.tif,18.115901078428838,0.0640011402766761,0.6573777198791504,0.0944105312228202,0.8529867470264435
CARE,poisson_1_gauss_0.2,1.0,0.2,sticks_041.tif,17.82306125512765,0.050388290673736,0.6351594924926758,0.0966255888342857,0.8732460126280784
CARE,poisson_1_gauss_0.2,1.0,0.2,sticks_042.tif,18.377376176406656,0.0497435590682946,0.6404263377189636,0.0908077880740165,0.8612208291888237
CARE,poisson_1_gauss_0.2,1.0,0.2,sticks_043.tif,17.869455648622704,0.0714343454682086,0.6576879024505615,0.0975069105625152,0.8458851009607316
CARE,poisson_1_gauss_0.2,1.0,0.2,sticks_044.tif,17.448658135492494,0.0685629891579893,0.6350516080856323,0.1030721813440322,0.8614922851324082
CARE,poisson_1_gauss_0.2,1.0,0.2,sticks_045.tif,18.31940035226217,0.053981465541294,0.650237500667572,0.0913048759102821,0.8539888560771942
CARE,poisson_1_gauss_0.2,1.0,0.2,sticks_046.tif,17.848712701952493,0.0456456438729428,0.6226316094398499,0.0971947759389877,0.8772648468613624
CARE,poisson_1_gauss_0.2,1.0,0.2,sticks_047.tif,17.826560989968034,0.0457250189569497,0.6224218010902405,0.0966718718409538,0.8810286283493042
CARE,poisson_1_gauss_0.2,1.0,0.2,sticks_049.tif,18.27065121667311,0.0598147418356246,0.6476172804832458,0.0925944373011589,0.8495646879076958
CARE,poisson_1_gauss_0.2,1.0,0.2,sticks_048.tif,17.82887689359864,0.0598008659131288,0.6456963419914246,0.0974410101771354,0.8720576420426369
CARE,poisson_1_gauss_0.2,1.0,0.2,sticks_050.tif,18.056710687108797,0.0471214685198605,0.6316202878952026,0.0943228155374527,0.8712064892053604
CARE,poisson_1_gauss_0.2,1.0,0.2,sticks_051.tif,18.1834852207009,0.0726960391196047,0.6548384428024292,0.0939791873097419,0.8403118014335632
CARE,poisson_1_gauss_0.2,1.0,0.2,sticks_053.tif,17.826896248469208,0.0687148472864672,0.6470279097557068,0.0972126051783561,0.8554781094193459
CARE,poisson_1_gauss_0.2,1.0,0.2,sticks_052.tif,18.03945742424505,0.0661420340528408,0.653156042098999,0.0942044481635093,0.8484715670347214
CARE,poisson_1_gauss_0.2,1.0,0.2,sticks_054.tif,17.966493876941303,0.0520036675141406,0.6378535032272339,0.0948554277420044,0.8703506723046303
CARE,poisson_1_gauss_0.2,1.0,0.2,sticks_055.tif,17.13352101975943,0.0616860660543618,0.6495035886764526,0.1079760789871215,0.8666025593876838
CARE,poisson_1_gauss_0.2,1.0,0.2,sticks_056.tif,18.207707711626007,0.0599616586573727,0.6457331776618958,0.093981459736824,0.8547838240861892
CARE,poisson_1_gauss_0.2,1.0,0.2,sticks_059.tif,18.12870450444676,0.0522468977451918,0.6321380138397217,0.0947675853967666,0.8637248486280441
CARE,poisson_1_gauss_0.2,1.0,0.2,sticks_058.tif,17.94646325116992,0.0631144826528598,0.6473723649978638,0.0949849039316177,0.8594375431537629
CARE,poisson_1_gauss_0.2,1.0,0.2,sticks_057.tif,18.097885539391847,0.0716062099142255,0.6542757749557495,0.0938566774129867,0.8480269983410835
CARE,poisson_1_gauss_0.2,1.0,0.2,sticks_060.tif,17.997231917683777,0.0473670196653381,0.6192326545715332,0.0935781523585319,0.8760403633117676
CARE,poisson_1_gauss_0.2,1.0,0.2,sticks_063.tif,18.099670201466036,0.0618673135287092,0.6524792909622192,0.0953079834580421,0.8554298192262649
CARE,poisson_1_gauss_0.2,1.0,0.2,sticks_061.tif,17.41654802975536,0.0717247560441351,0.651316225528717,0.1035245656967163,0.8572236210107803
CARE,poisson_1_gauss_0.2,1.0,0.2,sticks_062.tif,17.944308938922575,0.049940801799224,0.6346207857131958,0.095538318157196,0.8668071657419205
CARE,poisson_1_gauss_0.2,1.0,0.2,sticks_067.tif,17.76227094343864,0.0669020133141642,0.6491185426712036,0.0965147316455841,0.869394950568676
CARE,poisson_1_gauss_0.2,1.0,0.2,sticks_066.tif,17.77940373152414,0.0640595244042212,0.6355611681938171,0.1018169149756431,0.8429054692387581
CARE,poisson_1_gauss_0.2,1.0,0.2,sticks_065.tif,17.347672255769954,0.0564854966055203,0.6413980722427368,0.1040981039404869,0.8682597264647484
CARE,poisson_1_gauss_0.2,1.0,0.2,sticks_068.tif,17.86739410240361,0.0514345869976966,0.6337786316871643,0.0969141945242881,0.8783438488841057
CARE,poisson_1_gauss_0.2,1.0,0.2,sticks_069.tif,18.003837999665272,0.0648533555165142,0.6522921323776245,0.0970182865858078,0.849367904663086
CARE,poisson_1_gauss_0.2,1.0,0.2,sticks_064.tif,18.49067660490816,0.0580905676956631,0.6536961793899536,0.0897937268018722,0.85467728972435
CARE,poisson_1_gauss_0.2,1.0,0.2,sticks_070.tif,17.780638082609226,0.0609343409471715,0.6394439935684204,0.097971960902214,0.874131353199482
CARE,poisson_1_gauss_0.2,1.0,0.2,sticks_071.tif,18.159297136052498,0.065874056057,0.6467788815498352,0.0935331732034683,0.8548332020640373
CARE,poisson_1_gauss_0.2,1.0,0.2,sticks_072.tif,17.948154736637232,0.0492053049952439,0.627331018447876,0.0958101451396942,0.8731165662407875
CARE,poisson_1_gauss_0.2,1.0,0.2,sticks_073.tif,18.30373694893468,0.0560445874125607,0.6463842988014221,0.0910506471991539,0.8593176439404487
CARE,poisson_1_gauss_0.2,1.0,0.2,sticks_074.tif,17.79327047362717,0.0566772273245583,0.6303891539573669,0.0998268574476242,0.862574790418148
CARE,poisson_1_gauss_0.2,1.0,0.2,sticks_075.tif,17.684968084129764,0.0680717625370327,0.6420043706893921,0.1014950424432754,0.8443327486515045
CARE,poisson_1_gauss_0.2,1.0,0.2,sticks_076.tif,18.17946989955224,0.0663699036871026,0.6537351608276367,0.0918061584234237,0.8675357386469841
CARE,poisson_1_gauss_0.2,1.0,0.2,sticks_077.tif,17.88610849412125,0.0707745569420646,0.6539480090141296,0.0956529378890991,0.8470395416021347
CARE,poisson_1_gauss_0.2,1.0,0.2,sticks_078.tif,17.562303840894632,0.0578750057355841,0.640687108039856,0.1031446456909179,0.8513330683112145
CARE,poisson_1_gauss_0.2,1.0,0.2,sticks_079.tif,17.85384418658724,0.0632161158200049,0.6471742391586304,0.0985470786690712,0.8613075271248818
CARE,poisson_1_gauss_0.2,1.0,0.2,sticks_080.tif,17.5814381718402,0.0737038999161744,0.646390438079834,0.0992785766720771,0.8598816320300102
CARE,poisson_1_gauss_0.2,1.0,0.2,sticks_081.tif,17.783491601283046,0.0714886928981749,0.6456040740013123,0.0978040099143982,0.8590479031205177
CARE,poisson_1_gauss_0.2,1.0,0.2,sticks_082.tif,18.03564519806758,0.0688702522878047,0.6539155840873718,0.0959775075316429,0.8516731515526772
CARE,poisson_1_gauss_0.2,1.0,0.2,sticks_084.tif,17.877040322181777,0.0636414924205477,0.6527373790740967,0.0966813191771507,0.8596187189221383
CARE,poisson_1_gauss_0.2,1.0,0.2,sticks_083.tif,17.883715734214125,0.0573572643239156,0.6372209191322327,0.0971495658159256,0.8627638712525367
CARE,poisson_1_gauss_0.2,1.0,0.2,sticks_085.tif,18.09683062248917,0.0578046844746662,0.6472659707069397,0.094630442559719,0.8401398167014122
CARE,poisson_1_gauss_0.2,1.0,0.2,sticks_086.tif,17.871459250237038,0.0628909082799075,0.6477869749069214,0.0971256494522094,0.8466469168663024
CARE,poisson_1_gauss_0.2,1.0,0.2,sticks_088.tif,17.81764972685623,0.0613866709097371,0.6392434239387512,0.0989471524953842,0.8536246076226235
CARE,poisson_1_gauss_0.2,1.0,0.2,sticks_087.tif,18.141602130513903,0.0622484275910251,0.6546611785888672,0.0933516398072242,0.8508173659443855
CARE,poisson_1_gauss_0.2,1.0,0.2,sticks_089.tif,18.116357660877057,0.0574421259028699,0.6418474912643433,0.0942286476492881,0.8643218353390694
CARE,poisson_1_gauss_0.2,1.0,0.2,sticks_090.tif,17.924265433124933,0.0678749619279855,0.6552700996398926,0.0956197306513786,0.8491094082593917
CARE,poisson_1_gauss_0.2,1.0,0.2,sticks_091.tif,18.105097101852373,0.0551258745192917,0.6267602443695068,0.0939529836177825,0.8545236513018608
CARE,poisson_1_gauss_0.2,1.0,0.2,sticks_092.tif,18.4604634143501,0.0611321470992211,0.6515855193138123,0.0902638882398605,0.84696696549654
CARE,poisson_1_gauss_0.2,1.0,0.2,sticks_093.tif,17.43784094632499,0.0683545138192602,0.6417865753173828,0.1043100729584693,0.8652590483427047
CARE,poisson_1_gauss_0.2,1.0,0.2,sticks_095.tif,17.560651534011413,0.0759335384794463,0.64872145652771,0.1016318649053573,0.8436039954423904
CARE,poisson_1_gauss_0.2,1.0,0.2,sticks_096.tif,17.683553501728735,0.0659788999263657,0.635480523109436,0.0994944721460342,0.8620735302567482
CARE,poisson_1_gauss_0.2,1.0,0.2,sticks_097.tif,17.463590072163008,0.0590952572985136,0.6481083631515503,0.1035796627402305,0.8743285611271858
CARE,poisson_1_gauss_0.2,1.0,0.2,sticks_098.tif,17.260769136625985,0.0665489604835782,0.6439694762229919,0.1052518337965011,0.8687552958726883
CARE,poisson_1_gauss_0.2,1.0,0.2,sticks_099.tif,17.49704381549464,0.0589709409944806,0.6470987200737,0.1018354520201683,0.8725991800427437
CARE,poisson_1_gauss_0.2,1.0,0.2,sticks_094.tif,18.16168818746829,0.0656209738944062,0.6409388780593872,0.0942045897245407,0.8346565723419189
CARE,poisson_4_gauss_0.05,4.0,0.05,sticks_000.tif,24.955570850836462,0.2056392277012663,0.804770290851593,0.0375472083687782,0.416919482499361
CARE,poisson_4_gauss_0.05,4.0,0.05,sticks_001.tif,24.14507132565429,0.2429685775823519,0.7731027603149414,0.0356083363294601,0.3861078679561615
CARE,poisson_4_gauss_0.05,4.0,0.05,sticks_002.tif,25.321426069461136,0.1756562198843561,0.812865674495697,0.0380940251052379,0.3870788857340813
CARE,poisson_4_gauss_0.05,4.0,0.05,sticks_003.tif,24.680049482617427,0.1944512758125335,0.7914217114448547,0.0401141420006752,0.3871832612901926
CARE,poisson_4_gauss_0.05,4.0,0.05,sticks_004.tif,24.446407477191443,0.2029161148215633,0.7827603816986084,0.0400097928941249,0.4075905978679657
CARE,poisson_4_gauss_0.05,4.0,0.05,sticks_005.tif,25.894448977965183,0.2390070212810577,0.7687903046607971,0.0296897292137146,0.3371269550174475
CARE,poisson_4_gauss_0.05,4.0,0.05,sticks_007.tif,24.529351244304436,0.2362010738127262,0.7940754890441895,0.0343472398817539,0.3871886741369962
CARE,poisson_4_gauss_0.05,4.0,0.05,sticks_009.tif,25.875124957163425,0.2060970724234048,0.8112329244613647,0.0346809290349483,0.3675074413418769
CARE,poisson_4_gauss_0.05,4.0,0.05,sticks_008.tif,23.61596744555929,0.1804776008662378,0.7628416419029236,0.0463102087378501,0.4641228847205639
CARE,poisson_4_gauss_0.05,4.0,0.05,sticks_011.tif,24.116949228163463,0.2068858932741605,0.7939881682395935,0.0390940010547637,0.3926374189555645
CARE,poisson_4_gauss_0.05,4.0,0.05,sticks_006.tif,25.4485851427458,0.2186412172042067,0.806488573551178,0.0336356908082962,0.4146516889333725
CARE,poisson_4_gauss_0.05,4.0,0.05,sticks_010.tif,25.00148219525016,0.2145362096830373,0.7803701758384705,0.0349363349378109,0.3684508215636015
CARE,poisson_4_gauss_0.05,4.0,0.05,sticks_012.tif,24.910152359942835,0.209280694079757,0.8041372895240784,0.0376756750047206,0.3972954861819744
CARE,poisson_4_gauss_0.05,4.0,0.05,sticks_016.tif,24.6541353539309,0.212061763628691,0.7736904621124268,0.0352904349565506,0.3363597922027111
CARE,poisson_4_gauss_0.05,4.0,0.05,sticks_013.tif,24.051831129532324,0.1859469459306931,0.8060251474380493,0.0445218123495578,0.3796761684119701
CARE,poisson_4_gauss_0.05,4.0,0.05,sticks_014.tif,25.26178691301351,0.1823852991079874,0.832852303981781,0.0409314706921577,0.4499766565859318
CARE,poisson_4_gauss_0.05,4.0,0.05,sticks_015.tif,25.03988323121076,0.2376525401634418,0.7650823593139648,0.0319286808371543,0.3432169962674379
CARE,poisson_4_gauss_0.05,4.0,0.05,sticks_018.tif,23.8258619791786,0.1713445793204547,0.8088817000389099,0.0487721338868141,0.4195923507213592
CARE,poisson_4_gauss_0.05,4.0,0.05,sticks_020.tif,24.457675238112504,0.2119012587947153,0.7889431118965149,0.0364793986082077,0.3490864727646112
CARE,poisson_4_gauss_0.05,4.0,0.05,sticks_017.tif,24.82339069101874,0.1913443936614735,0.8093246221542358,0.0410837717354297,0.420479578524828
CARE,poisson_4_gauss_0.05,4.0,0.05,sticks_019.tif,24.18268178109489,0.209159344019962,0.778835117816925,0.0376210883259773,0.3668013826012611
CARE,poisson_4_gauss_0.05,4.0,0.05,sticks_021.tif,24.73149785807714,0.2050713514879652,0.7675818204879761,0.0356695838272571,0.3369856931269169
CARE,poisson_4_gauss_0.05,4.0,0.05,sticks_022.tif,24.51458002486616,0.1861920476059639,0.8140816688537598,0.0406494736671447,0.4323828540742397
CARE,poisson_4_gauss_0.05,4.0,0.05,sticks_023.tif,23.63470560644631,0.2386735006570302,0.7418801188468933,0.0350275784730911,0.3506097566336393
CARE,poisson_4_gauss_0.05,4.0,0.05,sticks_024.tif,25.518344255310453,0.2581194294927515,0.7731114029884338,0.0294443462044,0.3268186811357736
CARE,poisson_4_gauss_0.05,4.0,0.05,sticks_025.tif,23.03480722914837,0.1759298031309096,0.8296270966529846,0.0546654984354972,0.4473587051033973
CARE,poisson_4_gauss_0.05,4.0,0.05,sticks_026.tif,24.2491174947998,0.1545198398567027,0.7755257487297058,0.0475357547402381,0.4057354670017957
CARE,poisson_4_gauss_0.05,4.0,0.05,sticks_027.tif,23.963282924073667,0.2065219405575968,0.798125147819519,0.0453552976250648,0.4134087339043617
CARE,poisson_4_gauss_0.05,4.0,0.05,sticks_028.tif,25.017631473143563,0.1853713635682603,0.7900171875953674,0.040179468691349,0.4063700065016746
CARE,poisson_4_gauss_0.05,4.0,0.05,sticks_029.tif,24.24407577032788,0.1995792818493713,0.793003261089325,0.0415922813117504,0.3961350850760937
CARE,poisson_4_gauss_0.05,4.0,0.05,sticks_030.tif,24.31696677323412,0.224085713473442,0.7556054592132568,0.0348675064742565,0.3393442712724209
CARE,poisson_4_gauss_0.05,4.0,0.05,sticks_032.tif,24.216002351942144,0.243291658495106,0.7413759231567383,0.0326380021870136,0.3534901324659586
CARE,poisson_4_gauss_0.05,4.0,0.05,sticks_031.tif,25.23157122943609,0.1869281134318802,0.7877500057220459,0.0387992262840271,0.3653427690267563
CARE,poisson_4_gauss_0.05,4.0,0.05,sticks_033.tif,23.822538700148968,0.2633283052556875,0.719835638999939,0.0323239788413047,0.3776870332658291
CARE,poisson_4_gauss_0.05,4.0,0.05,sticks_034.tif,23.136687145002742,0.1599334744273548,0.8293032050132751,0.052537977695465,0.4815925799310207
CARE,poisson_4_gauss_0.05,4.0,0.05,sticks_035.tif,23.997979671755807,0.2421231666839546,0.7412387132644653,0.032537791877985,0.3219213388860226
CARE,poisson_4_gauss_0.05,4.0,0.05,sticks_036.tif,25.982241618439947,0.2497033450288864,0.7906906604766846,0.0289731118828058,0.3110802438110113
CARE,poisson_4_gauss_0.05,4.0,0.05,sticks_037.tif,25.153393210795272,0.210124213800022,0.780462920665741,0.0354989692568779,0.3572442173957825
CARE,poisson_4_gauss_0.05,4.0,0.05,sticks_038.tif,26.045784565915863,0.1956214699791131,0.8286299109458923,0.0351966209709644,0.4004643268883228
CARE,poisson_4_gauss_0.05,4.0,0.05,sticks_040.tif,23.996892528808274,0.1913515131450903,0.7774426937103271,0.0415932834148407,0.3776289973407983
CARE,poisson_4_gauss_0.05,4.0,0.05,sticks_039.tif,24.245564853620863,0.1984063022304094,0.8083588480949402,0.0390312001109123,0.4196615681052208
CARE,poisson_4_gauss_0.05,4.0,0.05,sticks_041.tif,25.546588198049022,0.2118736079260242,0.8125376105308533,0.0341929867863655,0.380017889291048
CARE,poisson_4_gauss_0.05,4.0,0.05,sticks_042.tif,25.83476085478033,0.2001134974393889,0.8338987231254578,0.0362656340003013,0.4132897078990936
CARE,poisson_4_gauss_0.05,4.0,0.05,sticks_043.tif,23.663110345305405,0.2054811369918067,0.7907237410545349,0.040077406913042,0.405932492762804
CARE,poisson_4_gauss_0.05,4.0,0.05,sticks_044.tif,23.481400881778335,0.1802761883162996,0.7618099451065063,0.046177614480257,0.401043564453721
CARE,poisson_4_gauss_0.05,4.0,0.05,sticks_045.tif,25.58433576626871,0.2094388887623039,0.7985087037086487,0.033982791006565,0.3461831320077181
CARE,poisson_4_gauss_0.05,4.0,0.05,sticks_046.tif,25.90870713412932,0.1878563415256312,0.8149131536483765,0.0380227640271186,0.4039293266832828
CARE,poisson_4_gauss_0.05,4.0,0.05,sticks_047.tif,25.429937080576607,0.1781941538329886,0.809962809085846,0.0396163128316402,0.4160374969244003
CARE,poisson_4_gauss_0.05,4.0,0.05,sticks_049.tif,24.677283178562675,0.200666093339139,0.7921086549758911,0.036602459847927,0.3580193195492029
CARE,poisson_4_gauss_0.05,4.0,0.05,sticks_048.tif,24.388838321195838,0.1928019786456397,0.8100188374519348,0.0422605909407138,0.4260036893188953
CARE,poisson_4_gauss_0.05,4.0,0.05,sticks_050.tif,26.127060878106487,0.2114788960969617,0.8234469294548035,0.0336099602282047,0.3723087698221207
CARE,poisson_4_gauss_0.05,4.0,0.05,sticks_051.tif,24.2037003536002,0.2066239630565406,0.7860944867134094,0.0408051386475563,0.374325543642044
CARE,poisson_4_gauss_0.05,4.0,0.05,sticks_053.tif,24.064299451848413,0.2061084399655619,0.7566338777542114,0.0369989648461341,0.3466683618724346
CARE,poisson_4_gauss_0.05,4.0,0.05,sticks_052.tif,24.294700996842423,0.2244855647054574,0.7800413370132446,0.0338519811630249,0.3391221921890974
CARE,poisson_4_gauss_0.05,4.0,0.05,sticks_054.tif,25.74738008738603,0.2243349876808142,0.7838267683982849,0.0322367325425148,0.3647529155015945
CARE,poisson_4_gauss_0.05,4.0,0.05,sticks_055.tif,23.13576467894153,0.1756520756768159,0.8335141539573669,0.0513831488788127,0.4491890266537666
CARE,poisson_4_gauss_0.05,4.0,0.05,sticks_056.tif,24.980187752365037,0.2052660749386177,0.7727621793746948,0.0351604744791984,0.3252137526869774
CARE,poisson_4_gauss_0.05,4.0,0.05,sticks_059.tif,25.891295765789305,0.208452770203689,0.7965714335441589,0.0343135297298431,0.3823630038648843
CARE,poisson_4_gauss_0.05,4.0,0.05,sticks_058.tif,24.89471777245187,0.2145699266022532,0.7973328828811646,0.0363205969333648,0.3774095341563225
CARE,poisson_4_gauss_0.05,4.0,0.05,sticks_057.tif,24.366171440712115,0.2780745623755541,0.7521503567695618,0.0301699340343475,0.3397188544273376
CARE,poisson_4_gauss_0.05,4.0,0.05,sticks_060.tif,25.56494651271974,0.1839092193075264,0.8018911480903625,0.0362504832446575,0.4208111934363842
CARE,poisson_4_gauss_0.05,4.0,0.05,sticks_063.tif,24.799350038256232,0.2077789331962675,0.7852011919021606,0.0365147367119789,0.3612781621515751
CARE,poisson_4_gauss_0.05,4.0,0.05,sticks_061.tif,23.11060344083593,0.180049520454789,0.7795857787132263,0.0472234487533569,0.4073258884251117
CARE,poisson_4_gauss_0.05,4.0,0.05,sticks_062.tif,25.15954725299908,0.2222245318515769,0.7973921895027161,0.0317225269973278,0.338439317047596
CARE,poisson_4_gauss_0.05,4.0,0.05,sticks_067.tif,24.100845608748493,0.2212220169354275,0.757778525352478,0.0355272404849529,0.380677031725645
CARE,poisson_4_gauss_0.05,4.0,0.05,sticks_066.tif,23.73845543646746,0.1708273436396982,0.7889251708984375,0.0467076636850833,0.4081217296421527
CARE,poisson_4_gauss_0.05,4.0,0.05,sticks_065.tif,24.583035259544843,0.1901575388961845,0.8076453804969788,0.0408540181815624,0.3800457417964935
CARE,poisson_4_gauss_0.05,4.0,0.05,sticks_068.tif,25.1504157297194,0.1853422644596961,0.8191075325012207,0.0406983569264411,0.4306436203420162
CARE,poisson_4_gauss_0.05,4.0,0.05,sticks_069.tif,24.684969827591424,0.2260318938549565,0.7641910314559937,0.0342369750142097,0.3438823539763689
CARE,poisson_4_gauss_0.05,4.0,0.05,sticks_064.tif,25.32922980785072,0.211576153916168,0.818819522857666,0.0364532992243766,0.3850764617323875
CARE,poisson_4_gauss_0.05,4.0,0.05,sticks_070.tif,24.721480499734163,0.2036653814769829,0.7835079431533813,0.038218542933464,0.4177357628941536
CARE,poisson_4_gauss_0.05,4.0,0.05,sticks_071.tif,24.543588649679464,0.1976683311982381,0.7737700939178467,0.0387384332716465,0.3576267674565315
CARE,poisson_4_gauss_0.05,4.0,0.05,sticks_072.tif,25.89610976534225,0.22209638890792,0.8042367696762085,0.032166913151741,0.3751662660390139
CARE,poisson_4_gauss_0.05,4.0,0.05,sticks_073.tif,25.703886078128598,0.2850021738901331,0.7824059128761292,0.02807835675776,0.3404076434671879
CARE,poisson_4_gauss_0.05,4.0,0.05,sticks_074.tif,25.066021320189925,0.2262138560044707,0.7543210387229919,0.0323215797543525,0.3425374034792184
CARE,poisson_4_gauss_0.05,4.0,0.05,sticks_075.tif,23.91829988192633,0.1821042296627433,0.7545621395111084,0.040548887103796,0.3543132908642292
CARE,poisson_4_gauss_0.05,4.0,0.05,sticks_076.tif,25.10001907793359,0.2397436808551565,0.7740064263343811,0.0333278141915798,0.383659914880991
CARE,poisson_4_gauss_0.05,4.0,0.05,sticks_077.tif,23.539564630490645,0.2403353638981412,0.737861692905426,0.0337765216827392,0.3229643445461988
CARE,poisson_4_gauss_0.05,4.0,0.05,sticks_078.tif,24.63170341528576,0.2361029308541746,0.7928751707077026,0.0323110818862915,0.3429594915360212
CARE,poisson_4_gauss_0.05,4.0,0.05,sticks_079.tif,24.557359734831152,0.2032613372968585,0.8006712198257446,0.0409916676580905,0.4118126161396503
CARE,poisson_4_gauss_0.05,4.0,0.05,sticks_080.tif,23.502510363915142,0.1883994369610241,0.7774640917778015,0.0451657325029373,0.4094649970531464
CARE,poisson_4_gauss_0.05,4.0,0.05,sticks_081.tif,23.91901790196633,0.2370646277526767,0.7256338596343994,0.0337906032800674,0.3488276951014996
CARE,poisson_4_gauss_0.05,4.0,0.05,sticks_082.tif,24.366501366490283,0.2394584205846661,0.7564422488212585,0.0336954444646835,0.3423013508319855
CARE,poisson_4_gauss_0.05,4.0,0.05,sticks_084.tif,23.68230588508796,0.1779779157308451,0.8176432251930237,0.0482769720256328,0.449318316578865
CARE,poisson_4_gauss_0.05,4.0,0.05,sticks_083.tif,23.745333551744547,0.1716318070453584,0.8035212159156799,0.0472222492098808,0.4673583872616291
CARE,poisson_4_gauss_0.05,4.0,0.05,sticks_085.tif,22.118232817495777,0.1423297556289059,0.8341712355613708,0.0594932064414024,0.4714592784643173
CARE,poisson_4_gauss_0.05,4.0,0.05,sticks_086.tif,24.04127199136291,0.1883248583448948,0.7968236804008484,0.0397693999111652,0.3431110568344593
CARE,poisson_4_gauss_0.05,4.0,0.05,sticks_088.tif,24.63614646867644,0.2286918922225733,0.7783527374267578,0.0329635441303253,0.3438631914556026
CARE,poisson_4_gauss_0.05,4.0,0.05,sticks_087.tif,24.87400802523705,0.2558329706688853,0.7725589275360107,0.0308821760118007,0.3186103746294975
CARE,poisson_4_gauss_0.05,4.0,0.05,sticks_089.tif,24.983780007728377,0.1925026222776668,0.7991219162940979,0.0392950437963008,0.3801590379327536
CARE,poisson_4_gauss_0.05,4.0,0.05,sticks_090.tif,23.583603481690226,0.1931996131442026,0.7973078489303589,0.0416507460176944,0.4014882370829582
CARE,poisson_4_gauss_0.05,4.0,0.05,sticks_091.tif,25.292436131261468,0.1992973620182543,0.7765477895736694,0.0337298437952995,0.325954894721508
CARE,poisson_4_gauss_0.05,4.0,0.05,sticks_092.tif,25.080101249103414,0.2064378724444628,0.81516432762146,0.0377358645200729,0.3854251787066459
CARE,poisson_4_gauss_0.05,4.0,0.05,sticks_093.tif,23.881323480788662,0.1815630308311966,0.7631847858428955,0.0454460829496383,0.3960153974592685
CARE,poisson_4_gauss_0.05,4.0,0.05,sticks_095.tif,22.718158232204896,0.1805101183167837,0.8109391331672668,0.0548165030777454,0.4304262660443783
CARE,poisson_4_gauss_0.05,4.0,0.05,sticks_096.tif,23.87397572350331,0.1776310576052531,0.7692407965660095,0.0444422885775566,0.3881946191191673
CARE,poisson_4_gauss_0.05,4.0,0.05,sticks_097.tif,24.61863018211224,0.2068334703863551,0.8093605041503906,0.0384569764137268,0.4165865644812584
CARE,poisson_4_gauss_0.05,4.0,0.05,sticks_098.tif,23.66593309029833,0.1983747139632207,0.8008025288581848,0.0422777794301509,0.3909752294421196
CARE,poisson_4_gauss_0.05,4.0,0.05,sticks_099.tif,24.47089979631781,0.1922190844677121,0.808663547039032,0.0410750322043895,0.3972006715834141
CARE,poisson_4_gauss_0.05,4.0,0.05,sticks_094.tif,23.994705904884608,0.1768619039765074,0.7612183094024658,0.0413851961493492,0.3127679236233234
CARE,poisson_4_gauss_0.1,4.0,0.1,sticks_000.tif,23.52261200270243,0.1466150394420054,0.7745429277420044,0.0470769107341766,0.5890279352664948
CARE,poisson_4_gauss_0.1,4.0,0.1,sticks_001.tif,23.231921312819832,0.1647685214597822,0.7601121068000793,0.04831313341856,0.5346344277262688
CARE,poisson_4_gauss_0.1,4.0,0.1,sticks_002.tif,23.51343332080292,0.1205425762685198,0.7768295407295227,0.0488951578736305,0.5855264872312546
CARE,poisson_4_gauss_0.1,4.0,0.1,sticks_003.tif,23.386303710814147,0.1505053136737035,0.7699934840202332,0.0487470030784606,0.5612280465662479
CARE,poisson_4_gauss_0.1,4.0,0.1,sticks_004.tif,23.346456966476165,0.1605181967533357,0.7668224573135376,0.0469304844737052,0.5770398698747158
CARE,poisson_4_gauss_0.1,4.0,0.1,sticks_005.tif,23.60913159705049,0.1307888545662047,0.7492489814758301,0.0484789945185184,0.5826297171413899
CARE,poisson_4_gauss_0.1,4.0,0.1,sticks_007.tif,22.73705051499753,0.1450711276478759,0.7723644971847534,0.0533241033554077,0.5942937932908535
CARE,poisson_4_gauss_0.1,4.0,0.1,sticks_009.tif,23.734543441100406,0.1327862110997781,0.7809988260269165,0.047725111246109,0.5840801924467087
CARE,poisson_4_gauss_0.1,4.0,0.1,sticks_008.tif,22.47637528170781,0.1462397340729126,0.7454320788383484,0.0548572540283203,0.6158229403197766
CARE,poisson_4_gauss_0.1,4.0,0.1,sticks_011.tif,23.208864368829573,0.1559134051023048,0.7717443108558655,0.0475610196590423,0.5434101685881615
CARE,poisson_4_gauss_0.1,4.0,0.1,sticks_006.tif,23.79574239360195,0.1393934279840092,0.7729135155677795,0.0447536706924438,0.5871517919003963
CARE,poisson_4_gauss_0.1,4.0,0.1,sticks_010.tif,23.644037789703813,0.1454108771283206,0.7622272372245789,0.0475550927221775,0.5497774988412857
CARE,poisson_4_gauss_0.1,4.0,0.1,sticks_012.tif,23.777572328500565,0.1513896750233813,0.7659153342247009,0.0468476377427578,0.5397324435412884
CARE,poisson_4_gauss_0.1,4.0,0.1,sticks_016.tif,23.812103132931192,0.1614390522754286,0.7751124501228333,0.0432942137122154,0.5215699389576912
CARE,poisson_4_gauss_0.1,4.0,0.1,sticks_013.tif,22.90608614809673,0.1492917162164625,0.7800737023353577,0.0521316602826118,0.55473602861166
CARE,poisson_4_gauss_0.1,4.0,0.1,sticks_014.tif,23.04694296220492,0.1224576841447626,0.7812584042549133,0.0544100925326347,0.6329804211854935
CARE,poisson_4_gauss_0.1,4.0,0.1,sticks_015.tif,22.98146564451213,0.143149383939429,0.7741115689277649,0.0523187816143035,0.5813801884651184
CARE,poisson_4_gauss_0.1,4.0,0.1,sticks_018.tif,23.035342874329405,0.1432376557803502,0.7769518494606018,0.052228670567274,0.5699094124138355
CARE,poisson_4_gauss_0.1,4.0,0.1,sticks_020.tif,23.35668771486464,0.1475039194266689,0.7646096348762512,0.0481387451291084,0.5257948219776154
CARE,poisson_4_gauss_0.1,4.0,0.1,sticks_017.tif,23.18218373735217,0.1396731960100884,0.7738934755325317,0.0521481521427631,0.5938211299479008
CARE,poisson_4_gauss_0.1,4.0,0.1,sticks_019.tif,23.29597803554482,0.1559338796088038,0.7661871314048767,0.0465845242142677,0.5316183589398861
CARE,poisson_4_gauss_0.1,4.0,0.1,sticks_021.tif,23.413310937901407,0.142510899567766,0.7579991817474365,0.0502739027142524,0.5299752928316593
CARE,poisson_4_gauss_0.1,4.0,0.1,sticks_022.tif,22.806885566804404,0.1288790042476441,0.7672380805015564,0.052136231213808,0.6166951850056648
CARE,poisson_4_gauss_0.1,4.0,0.1,sticks_023.tif,23.107613317928774,0.16654017595311,0.7581213712692261,0.0455055721104145,0.5256165780127049
CARE,poisson_4_gauss_0.1,4.0,0.1,sticks_024.tif,24.09064683481906,0.1496593696008694,0.7696241736412048,0.0442619584500789,0.5498894438147545
CARE,poisson_4_gauss_0.1,4.0,0.1,sticks_025.tif,21.896699058956624,0.1436433424850885,0.7854644656181335,0.0623032748699188,0.6056102558970451
CARE,poisson_4_gauss_0.1,4.0,0.1,sticks_026.tif,23.297162455037387,0.1298452263677977,0.7545939087867737,0.0508095510303974,0.5808400146663188
CARE,poisson_4_gauss_0.1,4.0,0.1,sticks_027.tif,22.99014862018984,0.1737420385858438,0.7832881808280945,0.0514529347419738,0.5763166695833206
CARE,poisson_4_gauss_0.1,4.0,0.1,sticks_028.tif,23.709153328749363,0.1373566820905864,0.7533040046691895,0.0493643768131732,0.5593314744532109
CARE,poisson_4_gauss_0.1,4.0,0.1,sticks_029.tif,23.01423505504971,0.1536317249054812,0.771125078201294,0.0505978390574455,0.5793291822075843
CARE,poisson_4_gauss_0.1,4.0,0.1,sticks_030.tif,23.571062366179724,0.1613297293864863,0.7610464692115784,0.0447438694536685,0.5215678550302982
CARE,poisson_4_gauss_0.1,4.0,0.1,sticks_032.tif,22.75861267905253,0.1514693159728216,0.7588446140289307,0.0514133982360363,0.574126972258091
CARE,poisson_4_gauss_0.1,4.0,0.1,sticks_031.tif,23.626448214198952,0.1414945430615628,0.7717733979225159,0.0477531924843788,0.5824240267276763
CARE,poisson_4_gauss_0.1,4.0,0.1,sticks_033.tif,22.987765634415997,0.1593470392403339,0.7354780435562134,0.0460508689284324,0.563905743509531
CARE,poisson_4_gauss_0.1,4.0,0.1,sticks_034.tif,21.7345721374703,0.1216617466419374,0.7711716294288635,0.0638837739825248,0.6340578600764275
CARE,poisson_4_gauss_0.1,4.0,0.1,sticks_035.tif,23.296557077744303,0.1547580036283493,0.7627822756767273,0.0448443852365016,0.5328972332179547
CARE,poisson_4_gauss_0.1,4.0,0.1,sticks_036.tif,23.87475399230947,0.1367633873554399,0.7723146080970764,0.0460954383015632,0.563296765834093
CARE,poisson_4_gauss_0.1,4.0,0.1,sticks_037.tif,23.4383059344232,0.1378216026456908,0.7534157037734985,0.0512961745262146,0.5503915295004844
CARE,poisson_4_gauss_0.1,4.0,0.1,sticks_038.tif,23.87044010494662,0.1220804675264172,0.7745093703269958,0.0480248220264911,0.5920630782842636
CARE,poisson_4_gauss_0.1,4.0,0.1,sticks_040.tif,22.992058407985315,0.1493100444448312,0.7622620463371277,0.0514879301190376,0.5371457658708095
CARE,poisson_4_gauss_0.1,4.0,0.1,sticks_039.tif,23.130737198698338,0.1405900425666711,0.7738255262374878,0.0485879555344581,0.5708295315504074
CARE,poisson_4_gauss_0.1,4.0,0.1,sticks_041.tif,23.2884515806368,0.1288232833751769,0.772201657295227,0.0511038824915885,0.5865338809788228
CARE,poisson_4_gauss_0.1,4.0,0.1,sticks_042.tif,23.378164455595947,0.1244119273604171,0.7774797081947327,0.0528040118515491,0.5988035783171654
CARE,poisson_4_gauss_0.1,4.0,0.1,sticks_043.tif,22.404101251958068,0.1492199117081991,0.7759291529655457,0.0528798289597034,0.5854195445775986
CARE,poisson_4_gauss_0.1,4.0,0.1,sticks_044.tif,21.86639729531099,0.1342682026873381,0.7345704436302185,0.0642368420958519,0.5662795297801495
CARE,poisson_4_gauss_0.1,4.0,0.1,sticks_045.tif,23.718563852309277,0.1337379539236808,0.7792854309082031,0.0482683405280113,0.5623864240944385
CARE,poisson_4_gauss_0.1,4.0,0.1,sticks_046.tif,23.7849359115916,0.1296238852063085,0.7679561972618103,0.0490227006375789,0.5990035146474838
CARE,poisson_4_gauss_0.1,4.0,0.1,sticks_047.tif,23.6655186512905,0.1248737872582651,0.7659753561019897,0.0493487790226936,0.5979379683732986
CARE,poisson_4_gauss_0.1,4.0,0.1,sticks_049.tif,23.41791594562242,0.1378328688364082,0.7692248225212097,0.047998059540987,0.5468663178384304
CARE,poisson_4_gauss_0.1,4.0,0.1,sticks_048.tif,22.800458058861437,0.1401936803990313,0.7746273279190063,0.0547069124877452,0.5958420321345329
CARE,poisson_4_gauss_0.1,4.0,0.1,sticks_050.tif,24.364335898687,0.1418225526116257,0.7902281880378723,0.043648637831211,0.5683706663548946
CARE,poisson_4_gauss_0.1,4.0,0.1,sticks_051.tif,23.28093910619768,0.1651438210279845,0.7727835774421692,0.0484310574829578,0.540519942343235
CARE,poisson_4_gauss_0.1,4.0,0.1,sticks_053.tif,23.381094248151584,0.1626898830702417,0.769000232219696,0.0447699539363384,0.5325839579105377
CARE,poisson_4_gauss_0.1,4.0,0.1,sticks_052.tif,23.40598662768905,0.1489779162845727,0.7724723219871521,0.0454286076128482,0.5224060110747815
CARE,poisson_4_gauss_0.1,4.0,0.1,sticks_054.tif,23.34834420584352,0.1371418912003912,0.7724964022636414,0.0495102629065513,0.5969001062214374
CARE,poisson_4_gauss_0.1,4.0,0.1,sticks_055.tif,22.076306882289344,0.1405193062657245,0.7909789681434631,0.0591406822204589,0.6019897773861885
CARE,poisson_4_gauss_0.1,4.0,0.1,sticks_056.tif,23.268554136741077,0.1356570713592475,0.7678699493408203,0.0518497452139854,0.5608206510543823
CARE,poisson_4_gauss_0.1,4.0,0.1,sticks_059.tif,24.00366504579412,0.1404155419076621,0.7690641283988953,0.0453552678227424,0.5878097981214523
CARE,poisson_4_gauss_0.1,4.0,0.1,sticks_058.tif,23.44596197708825,0.1521164837097442,0.7780645489692688,0.0474919751286506,0.5635866321623325
CARE,poisson_4_gauss_0.1,4.0,0.1,sticks_057.tif,23.471936946173933,0.1669773108999401,0.7739711403846741,0.0443741008639335,0.5463331460952758
CARE,poisson_4_gauss_0.1,4.0,0.1,sticks_060.tif,23.47058087512625,0.1176805443183119,0.7519078254699707,0.0496181957423687,0.608168824762106
CARE,poisson_4_gauss_0.1,4.0,0.1,sticks_063.tif,23.336572818366594,0.1484701931111063,0.7846671342849731,0.0488469451665878,0.5795765928924084
CARE,poisson_4_gauss_0.1,4.0,0.1,sticks_061.tif,21.90406449283455,0.1428500216908315,0.7635126113891602,0.0607056505978107,0.5676677279174328
CARE,poisson_4_gauss_0.1,4.0,0.1,sticks_062.tif,23.30302801371897,0.1193611447369088,0.7655043005943298,0.0507134012877941,0.5607458248734474
CARE,poisson_4_gauss_0.1,4.0,0.1,sticks_067.tif,22.8961778977588,0.1460893699556667,0.7554710507392883,0.0500384792685508,0.5735784150660038
CARE,poisson_4_gauss_0.1,4.0,0.1,sticks_066.tif,22.51823129861062,0.1373001879203368,0.7587754726409912,0.0551047846674919,0.5838426396250724
CARE,poisson_4_gauss_0.1,4.0,0.1,sticks_065.tif,23.516291765613037,0.1473119888691668,0.7826493382453918,0.0479586496949195,0.5464475244283676
CARE,poisson_4_gauss_0.1,4.0,0.1,sticks_068.tif,23.86108790021431,0.1417694869036886,0.7811791896820068,0.0466349646449089,0.5937550693750382
CARE,poisson_4_gauss_0.1,4.0,0.1,sticks_069.tif,23.85018087332518,0.1634306904810392,0.7733050584793091,0.0438540466129779,0.5303050614893436
CARE,poisson_4_gauss_0.1,4.0,0.1,sticks_064.tif,23.872989519046392,0.1473076154476615,0.7851125001907349,0.0471298918128013,0.5558412238955498
CARE,poisson_4_gauss_0.1,4.0,0.1,sticks_070.tif,22.92907321975937,0.1386758222671412,0.7555078268051147,0.0542260892689228,0.5849282220005989
CARE,poisson_4_gauss_0.1,4.0,0.1,sticks_071.tif,23.794260762482644,0.1625024749627555,0.7677477598190308,0.0436432436108589,0.531184108555317
CARE,poisson_4_gauss_0.1,4.0,0.1,sticks_072.tif,23.930137316706634,0.1368389240116496,0.7706023454666138,0.0451068207621574,0.5878724187612534
CARE,poisson_4_gauss_0.1,4.0,0.1,sticks_073.tif,23.325805111486297,0.1381218149455069,0.7798850536346436,0.0503259599208831,0.5900718949735164
CARE,poisson_4_gauss_0.1,4.0,0.1,sticks_074.tif,22.976799769098296,0.1317037780458185,0.7482687830924988,0.0514831617474556,0.5965981744229794
CARE,poisson_4_gauss_0.1,4.0,0.1,sticks_075.tif,23.130323996287924,0.1541868334657503,0.7603762149810791,0.0473238751292228,0.5353399850428104
CARE,poisson_4_gauss_0.1,4.0,0.1,sticks_076.tif,22.820948280402234,0.1460682442941774,0.767007052898407,0.0546995289623737,0.6070460364222526
CARE,poisson_4_gauss_0.1,4.0,0.1,sticks_077.tif,22.830679860718757,0.1531327420323336,0.7680226564407349,0.0493852943181991,0.5375513032078743
CARE,poisson_4_gauss_0.1,4.0,0.1,sticks_078.tif,23.49573474116275,0.1449843632006796,0.7780369520187378,0.0454277768731117,0.534954434633255
CARE,poisson_4_gauss_0.1,4.0,0.1,sticks_079.tif,23.15581553542537,0.153770692227562,0.775769054889679,0.0508334524929523,0.5874220788478851
CARE,poisson_4_gauss_0.1,4.0,0.1,sticks_080.tif,22.59039167481168,0.1575259494490999,0.7640529870986938,0.0515949614346027,0.575689734518528
CARE,poisson_4_gauss_0.1,4.0,0.1,sticks_081.tif,22.856961028718317,0.146315630326221,0.7383142709732056,0.0524051710963249,0.5487404696643352
CARE,poisson_4_gauss_0.1,4.0,0.1,sticks_082.tif,23.09619055315884,0.1502916211835105,0.7657811045646667,0.0521198436617851,0.548080013692379
CARE,poisson_4_gauss_0.1,4.0,0.1,sticks_084.tif,21.872304538968717,0.1293561337670115,0.7656712532043457,0.0649065300822258,0.6036888405680656
CARE,poisson_4_gauss_0.1,4.0,0.1,sticks_083.tif,22.3341067651892,0.1277964911354732,0.7605265974998474,0.0583443529903888,0.6156120717525482
CARE,poisson_4_gauss_0.1,4.0,0.1,sticks_085.tif,20.2256961065143,0.1059111074661034,0.7720640301704407,0.0768626034259796,0.6591202110052109
CARE,poisson_4_gauss_0.1,4.0,0.1,sticks_086.tif,23.02249688695216,0.1385437860314462,0.7739726901054382,0.0502314940094947,0.5247635819017887
CARE,poisson_4_gauss_0.1,4.0,0.1,sticks_088.tif,23.008213381716253,0.1362051746845574,0.7643129825592041,0.0519244074821472,0.5446608513593674
CARE,poisson_4_gauss_0.1,4.0,0.1,sticks_087.tif,23.641692175133088,0.1523303653383759,0.7861053943634033,0.0470192246139049,0.5413620002567768
CARE,poisson_4_gauss_0.1,4.0,0.1,sticks_089.tif,23.67722919423486,0.1456956152612824,0.7744130492210388,0.0472729578614234,0.561377014964819
CARE,poisson_4_gauss_0.1,4.0,0.1,sticks_090.tif,22.766325758166477,0.1491189364446098,0.7769166827201843,0.0493119843304157,0.5539252571761608
CARE,poisson_4_gauss_0.1,4.0,0.1,sticks_091.tif,23.608184114220453,0.1309057822257611,0.7534222602844238,0.0479185506701469,0.5486747242510319
CARE,poisson_4_gauss_0.1,4.0,0.1,sticks_092.tif,23.39326144606072,0.1419173528255408,0.7808699607849121,0.0513376779854297,0.5639008983969689
CARE,poisson_4_gauss_0.1,4.0,0.1,sticks_093.tif,22.722499473019976,0.1455952675110792,0.7454437017440796,0.0562101192772388,0.5534363903105259
CARE,poisson_4_gauss_0.1,4.0,0.1,sticks_095.tif,21.955452070389956,0.154129937013966,0.7768245935440063,0.0586282908916473,0.582544568181038
CARE,poisson_4_gauss_0.1,4.0,0.1,sticks_096.tif,23.045346959133504,0.1501665555903824,0.755786120891571,0.0497583076357841,0.5574947230517864
CARE,poisson_4_gauss_0.1,4.0,0.1,sticks_097.tif,23.075154991205167,0.1445158335135387,0.7766935229301453,0.0508415624499321,0.5908887192606926
CARE,poisson_4_gauss_0.1,4.0,0.1,sticks_098.tif,22.73888068340865,0.1531396026484489,0.7774190306663513,0.0511352904140949,0.556998747587204
CARE,poisson_4_gauss_0.1,4.0,0.1,sticks_099.tif,23.378298437425368,0.1493047976838418,0.786179780960083,0.0483567751944065,0.5678373016417027
CARE,poisson_4_gauss_0.1,4.0,0.1,sticks_094.tif,23.55024022975151,0.1594800310734995,0.7683284282684326,0.0443292036652565,0.4987218350172043
CARE,poisson_4_gauss_0.2,4.0,0.2,sticks_000.tif,17.621658115627277,0.0708537065583416,0.6362451314926147,0.098376378417015,0.8941399529576302
CARE,poisson_4_gauss_0.2,4.0,0.2,sticks_001.tif,18.609943357118496,0.1004463805126327,0.6829378008842468,0.0857311263680458,0.8590364158153534
CARE,poisson_4_gauss_0.2,4.0,0.2,sticks_002.tif,17.68685628438032,0.0559694595577501,0.6280629634857178,0.0953444316983223,0.9048556685447692
CARE,poisson_4_gauss_0.2,4.0,0.2,sticks_003.tif,17.91676374090003,0.0792554370433882,0.6510968804359436,0.0950448215007782,0.8724478304386138
CARE,poisson_4_gauss_0.2,4.0,0.2,sticks_004.tif,18.055660556198024,0.0851364761675233,0.659164547920227,0.0910386890172958,0.8796496152877807
CARE,poisson_4_gauss_0.2,4.0,0.2,sticks_005.tif,17.7151306523757,0.0619224928091089,0.6212616562843323,0.0934164598584175,0.9073396801948548
CARE,poisson_4_gauss_0.2,4.0,0.2,sticks_007.tif,18.237106287131468,0.0857739976088763,0.6654545068740845,0.089479386806488,0.8805909439921379
CARE,poisson_4_gauss_0.2,4.0,0.2,sticks_009.tif,17.67495146465666,0.0583707758496975,0.6296074390411377,0.0975561067461967,0.8961381807923317
CARE,poisson_4_gauss_0.2,4.0,0.2,sticks_008.tif,17.594352197941145,0.0849506735595185,0.6531967520713806,0.0957744345068931,0.9049516230821608
CARE,poisson_4_gauss_0.2,4.0,0.2,sticks_011.tif,18.02175565564248,0.0867224372444208,0.6669155955314636,0.09394371509552,0.8727207317948341
CARE,poisson_4_gauss_0.2,4.0,0.2,sticks_006.tif,17.882270987196282,0.0631376255913249,0.6283222436904907,0.0930990949273109,0.8961421132087708
CARE,poisson_4_gauss_0.2,4.0,0.2,sticks_010.tif,18.031459195849106,0.0752970549506108,0.6430919766426086,0.0934887528419494,0.8795887053012847
CARE,poisson_4_gauss_0.2,4.0,0.2,sticks_012.tif,18.05931553812843,0.0788806991914495,0.6493679881095886,0.0930400937795639,0.8830723688006401
CARE,poisson_4_gauss_0.2,4.0,0.2,sticks_016.tif,18.10213750367801,0.0785889881711109,0.6541940569877625,0.0945200026035308,0.8610273450613022
CARE,poisson_4_gauss_0.2,4.0,0.2,sticks_013.tif,18.1736272736334,0.0872990280571545,0.6643751263618469,0.0918879956007003,0.8536316275596618
CARE,poisson_4_gauss_0.2,4.0,0.2,sticks_014.tif,17.360705337403765,0.0530517493865926,0.6229045391082764,0.1001604050397872,0.9257693454623224
CARE,poisson_4_gauss_0.2,4.0,0.2,sticks_015.tif,18.061176483022837,0.077888650404158,0.6593913435935974,0.0923612937331199,0.8737666338682175
CARE,poisson_4_gauss_0.2,4.0,0.2,sticks_018.tif,18.224927430182543,0.0811941509991814,0.6607980728149414,0.0917189642786979,0.8649903401732445
CARE,poisson_4_gauss_0.2,4.0,0.2,sticks_020.tif,18.1940626802207,0.0820049871615737,0.6571594476699829,0.0925570577383041,0.8633938208222389
CARE,poisson_4_gauss_0.2,4.0,0.2,sticks_017.tif,18.050169506112024,0.0728246051057078,0.650666356086731,0.0927648767828941,0.8847448602318764
CARE,poisson_4_gauss_0.2,4.0,0.2,sticks_019.tif,18.179479026355715,0.0870791485398789,0.6657798290252686,0.0922012478113174,0.8591230481863021
CARE,poisson_4_gauss_0.2,4.0,0.2,sticks_021.tif,17.882165040560082,0.0801242072275516,0.6510934829711914,0.0962773486971855,0.8741305276751519
CARE,poisson_4_gauss_0.2,4.0,0.2,sticks_022.tif,17.622952211789872,0.0663137069371399,0.6263391971588135,0.0952965915203094,0.901308861374855
CARE,poisson_4_gauss_0.2,4.0,0.2,sticks_023.tif,18.20465618483557,0.0944755495639116,0.6757708191871643,0.0913139060139656,0.8634830325841903
CARE,poisson_4_gauss_0.2,4.0,0.2,sticks_024.tif,17.818033502399157,0.0685603855391093,0.6401143670082092,0.0961575657129287,0.8930847510695458
CARE,poisson_4_gauss_0.2,4.0,0.2,sticks_025.tif,18.27015675125442,0.0909892978253271,0.6747263073921204,0.0912040621042251,0.8589488074183464
CARE,poisson_4_gauss_0.2,4.0,0.2,sticks_026.tif,17.93353953764237,0.0670517982195546,0.6283060908317566,0.0916432291269302,0.9007256343960762
CARE,poisson_4_gauss_0.2,4.0,0.2,sticks_027.tif,18.42955215117717,0.103955289853975,0.6912027597427368,0.0882239863276481,0.8659538134932518
CARE,poisson_4_gauss_0.2,4.0,0.2,sticks_028.tif,17.943155822983204,0.0692660947237899,0.6356354355812073,0.0936279445886612,0.8981893092393876
CARE,poisson_4_gauss_0.2,4.0,0.2,sticks_029.tif,17.97999874592759,0.0864580863492767,0.6606854200363159,0.093307189643383,0.8822136789560318
CARE,poisson_4_gauss_0.2,4.0,0.2,sticks_030.tif,18.34354284852775,0.0866431562012336,0.6651116013526917,0.0890230387449264,0.8622329294681549
CARE,poisson_4_gauss_0.2,4.0,0.2,sticks_032.tif,18.249727179687127,0.0900494058606777,0.6668590903282166,0.0890386030077934,0.8634995475411416
CARE,poisson_4_gauss_0.2,4.0,0.2,sticks_031.tif,17.841449826960257,0.068143596123957,0.6301965117454529,0.0929775014519691,0.8996776029467582
CARE,poisson_4_gauss_0.2,4.0,0.2,sticks_033.tif,18.037016669963837,0.089332030752522,0.6523920893669128,0.0914618521928787,0.8806825608015061
CARE,poisson_4_gauss_0.2,4.0,0.2,sticks_034.tif,18.03910535621121,0.0731869263404536,0.6445534229278564,0.09320779889822,0.879871092736721
CARE,poisson_4_gauss_0.2,4.0,0.2,sticks_035.tif,17.929655015855246,0.0818920382267971,0.6602935194969177,0.0946810767054557,0.8667628586292266
CARE,poisson_4_gauss_0.2,4.0,0.2,sticks_036.tif,17.951105622826415,0.0644460039103821,0.6286171674728394,0.0920113548636436,0.8945706933736801
CARE,poisson_4_gauss_0.2,4.0,0.2,sticks_037.tif,18.1592517206244,0.0748712269189117,0.6366170048713684,0.0902324989438057,0.8826462164521217
CARE,poisson_4_gauss_0.2,4.0,0.2,sticks_038.tif,17.48445208044814,0.0505584270676997,0.6067374348640442,0.097234159708023,0.9191889077425004
CARE,poisson_4_gauss_0.2,4.0,0.2,sticks_040.tif,18.42551520985119,0.0917666401890534,0.6761148571968079,0.0874234437942504,0.8657944083213807
CARE,poisson_4_gauss_0.2,4.0,0.2,sticks_039.tif,17.921449475718376,0.0759648062731725,0.6502040028572083,0.0925324261188507,0.8891321167349815
CARE,poisson_4_gauss_0.2,4.0,0.2,sticks_041.tif,17.91724392190474,0.0636200229454935,0.6362847089767456,0.0943981856107711,0.8888848379254342
CARE,poisson_4_gauss_0.2,4.0,0.2,sticks_042.tif,17.972672019544614,0.0578891498431544,0.6284881830215454,0.091587595641613,0.9028673261404038
CARE,poisson_4_gauss_0.2,4.0,0.2,sticks_043.tif,17.923828030116752,0.0900725344936958,0.6695142388343811,0.0919567421078682,0.8751210629940033
CARE,poisson_4_gauss_0.2,4.0,0.2,sticks_044.tif,17.755817794904456,0.0885839722248207,0.6525743007659912,0.0961586460471153,0.8774070546030999
CARE,poisson_4_gauss_0.2,4.0,0.2,sticks_045.tif,17.66147465384315,0.0618382362068801,0.6403349041938782,0.097793623805046,0.8906330853700638
CARE,poisson_4_gauss_0.2,4.0,0.2,sticks_046.tif,17.7325435206536,0.0575185410700244,0.6170045733451843,0.0933975949883461,0.915453416109085
CARE,poisson_4_gauss_0.2,4.0,0.2,sticks_047.tif,17.460964837976768,0.0529733034934458,0.606677234172821,0.0973566621541976,0.9207154422998428
CARE,poisson_4_gauss_0.2,4.0,0.2,sticks_049.tif,17.882858366323674,0.0712381577469828,0.6411184668540955,0.0937295705080032,0.8877886533737183
CARE,poisson_4_gauss_0.2,4.0,0.2,sticks_048.tif,18.304492592051307,0.0778841907746078,0.6567720770835876,0.0887108892202377,0.8840261295437812
CARE,poisson_4_gauss_0.2,4.0,0.2,sticks_050.tif,17.834049105534874,0.0585851531085492,0.6299172043800354,0.0954253524541854,0.9005387350916862
CARE,poisson_4_gauss_0.2,4.0,0.2,sticks_051.tif,18.70411302678132,0.0960100363997024,0.679043173789978,0.0849635973572731,0.84950220733881
CARE,poisson_4_gauss_0.2,4.0,0.2,sticks_053.tif,18.34503584491648,0.0915317190134556,0.6686100363731384,0.0885154008865356,0.8629794284701348
CARE,poisson_4_gauss_0.2,4.0,0.2,sticks_052.tif,17.887618475482743,0.0812412430413375,0.6548404693603516,0.0951180309057235,0.8674382448196412
CARE,poisson_4_gauss_0.2,4.0,0.2,sticks_054.tif,17.86500430040361,0.0647363873518617,0.6427133679389954,0.0933386757969856,0.8998023241758346
CARE,poisson_4_gauss_0.2,4.0,0.2,sticks_055.tif,18.07785167882452,0.0856528020133002,0.6791797876358032,0.0914529263973236,0.8732719242572784
CARE,poisson_4_gauss_0.2,4.0,0.2,sticks_056.tif,18.27416976917113,0.0756319039414051,0.6514524817466736,0.0883140712976455,0.8848688572645187
CARE,poisson_4_gauss_0.2,4.0,0.2,sticks_059.tif,17.828906170193846,0.0630981621504808,0.6274265646934509,0.091659165918827,0.9129339709877968
CARE,poisson_4_gauss_0.2,4.0,0.2,sticks_058.tif,18.30076907756934,0.0814667935440329,0.6585254073143005,0.089027926325798,0.8701112657785416
CARE,poisson_4_gauss_0.2,4.0,0.2,sticks_057.tif,18.07263645934102,0.0892867287589055,0.6677528023719788,0.0914418995380401,0.8699311360716819
CARE,poisson_4_gauss_0.2,4.0,0.2,sticks_060.tif,17.58224803480946,0.0554276560758696,0.6038552522659302,0.0946503654122352,0.9149598255753516
CARE,poisson_4_gauss_0.2,4.0,0.2,sticks_063.tif,18.01875643189867,0.076674680479142,0.6556099653244019,0.0927769616246223,0.8878088980913162
CARE,poisson_4_gauss_0.2,4.0,0.2,sticks_061.tif,18.05606164941293,0.0961363149921167,0.6798843741416931,0.0927912294864654,0.8601304367184639
CARE,poisson_4_gauss_0.2,4.0,0.2,sticks_062.tif,17.683901993178935,0.0611062727155196,0.622430682182312,0.0954110026359558,0.898600061237812
CARE,poisson_4_gauss_0.2,4.0,0.2,sticks_067.tif,17.58899444322965,0.082653010769372,0.6482495665550232,0.0987098142504692,0.8872386887669563
CARE,poisson_4_gauss_0.2,4.0,0.2,sticks_066.tif,17.687789518242305,0.079954284194667,0.6392868757247925,0.0978527814149856,0.8766625881195068
CARE,poisson_4_gauss_0.2,4.0,0.2,sticks_065.tif,18.182977746734625,0.0758133034440795,0.660632312297821,0.0897387936711311,0.8730092018842697
CARE,poisson_4_gauss_0.2,4.0,0.2,sticks_068.tif,17.822284987140037,0.0644754492122037,0.6220705509185791,0.0946550220251083,0.9047426819801332
CARE,poisson_4_gauss_0.2,4.0,0.2,sticks_069.tif,18.42935108039444,0.0839697448065214,0.667201578617096,0.0877858251333236,0.8671449318528175
CARE,poisson_4_gauss_0.2,4.0,0.2,sticks_064.tif,18.018219393493503,0.0690064926888067,0.652927041053772,0.093629240989685,0.8886431530117989
CARE,poisson_4_gauss_0.2,4.0,0.2,sticks_070.tif,17.86313791163577,0.0777612109015506,0.6518290638923645,0.0941198244690895,0.8954848110675812
CARE,poisson_4_gauss_0.2,4.0,0.2,sticks_071.tif,18.368127005412365,0.0852070858754602,0.6638227105140686,0.088907852768898,0.8729910358786583
CARE,poisson_4_gauss_0.2,4.0,0.2,sticks_072.tif,17.72961611656188,0.0603181405901784,0.6233157515525818,0.0945309028029441,0.9112303406000136
CARE,poisson_4_gauss_0.2,4.0,0.2,sticks_073.tif,18.260279179967828,0.0697148487820299,0.6536839008331299,0.0881708562374115,0.8879519134759903
CARE,poisson_4_gauss_0.2,4.0,0.2,sticks_074.tif,17.719879365333547,0.0706899681288399,0.6359795331954956,0.0938053354620933,0.902570790052414
CARE,poisson_4_gauss_0.2,4.0,0.2,sticks_075.tif,18.13881202784638,0.0896343881433394,0.6602508425712585,0.0908066853880882,0.8642499282956123
CARE,poisson_4_gauss_0.2,4.0,0.2,sticks_076.tif,17.89995187744993,0.080563523090435,0.6597920656204224,0.0942420065402984,0.894796860218048
CARE,poisson_4_gauss_0.2,4.0,0.2,sticks_077.tif,18.305195998332287,0.092497565755276,0.6761754751205444,0.0892030671238899,0.8540737614035606
CARE,poisson_4_gauss_0.2,4.0,0.2,sticks_078.tif,18.074088166938665,0.0749693236364788,0.6481246948242188,0.0909527540206909,0.8723546028137207
CARE,poisson_4_gauss_0.2,4.0,0.2,sticks_079.tif,17.97544106221978,0.0819002425396833,0.6632139682769775,0.0932073220610618,0.8856582418084145
CARE,poisson_4_gauss_0.2,4.0,0.2,sticks_080.tif,18.17645716039977,0.096444514067183,0.6661368608474731,0.0912025347352027,0.8595315411686897
CARE,poisson_4_gauss_0.2,4.0,0.2,sticks_081.tif,18.13612035023125,0.0920193835650937,0.6618505716323853,0.0899349302053451,0.8762988433241844
CARE,poisson_4_gauss_0.2,4.0,0.2,sticks_082.tif,18.126170020123688,0.088588770735617,0.6707221865653992,0.0948240756988525,0.8659884229302406
CARE,poisson_4_gauss_0.2,4.0,0.2,sticks_084.tif,17.81607290100126,0.0793351040285977,0.6586344242095947,0.0951236262917518,0.8824368834495544
CARE,poisson_4_gauss_0.2,4.0,0.2,sticks_083.tif,17.377072916007805,0.0670478974851551,0.6314383745193481,0.1021514311432838,0.8963940143585205
CARE,poisson_4_gauss_0.2,4.0,0.2,sticks_085.tif,17.63283937209855,0.0713960735023601,0.6539239287376404,0.1013403385877609,0.864170926809311
CARE,poisson_4_gauss_0.2,4.0,0.2,sticks_086.tif,18.11796858493854,0.0799938153204678,0.6591430306434631,0.0935482457280159,0.8562117904424668
CARE,poisson_4_gauss_0.2,4.0,0.2,sticks_088.tif,18.340526452646863,0.0806511431291947,0.6598173975944519,0.088466428220272,0.8670790120959282
CARE,poisson_4_gauss_0.2,4.0,0.2,sticks_087.tif,18.57382966040803,0.0816388178136329,0.6712589859962463,0.0868751183152198,0.8603537455201149
CARE,poisson_4_gauss_0.2,4.0,0.2,sticks_089.tif,18.291629378430617,0.0741388583823358,0.6552633047103882,0.0890390053391456,0.8844342231750488
CARE,poisson_4_gauss_0.2,4.0,0.2,sticks_090.tif,18.198294225447217,0.0876385716634245,0.671741247177124,0.0907554253935813,0.8604385823011398
CARE,poisson_4_gauss_0.2,4.0,0.2,sticks_091.tif,17.514103561805094,0.0649246309181902,0.6218774318695068,0.1004001945257186,0.8877796769142151
CARE,poisson_4_gauss_0.2,4.0,0.2,sticks_092.tif,18.392946625689817,0.0769493272455915,0.6630561947822571,0.0887038260698318,0.872528900206089
CARE,poisson_4_gauss_0.2,4.0,0.2,sticks_093.tif,18.15771959349517,0.0925849581802805,0.6656545996665955,0.0917558968067169,0.8723889008164406
CARE,poisson_4_gauss_0.2,4.0,0.2,sticks_095.tif,18.417718931954767,0.102044864869372,0.6772885322570801,0.0893291532993316,0.8395372733473778
CARE,poisson_4_gauss_0.2,4.0,0.2,sticks_096.tif,18.094997237919436,0.0873395923804983,0.6523309350013733,0.0904261022806167,0.8767811909317971
CARE,poisson_4_gauss_0.2,4.0,0.2,sticks_097.tif,17.932666410624723,0.0772165744614047,0.6567481756210327,0.0934873297810554,0.8907199710607528
CARE,poisson_4_gauss_0.2,4.0,0.2,sticks_098.tif,18.52774176896664,0.0935799011271772,0.6759272813796997,0.0865519195795059,0.8575874507427216
CARE,poisson_4_gauss_0.2,4.0,0.2,sticks_099.tif,17.9351482066117,0.077961543597163,0.6557689905166626,0.0943572893738746,0.8844689667224884
CARE,poisson_4_gauss_0.2,4.0,0.2,sticks_094.tif,18.53668173990183,0.0860607583026877,0.6645171642303467,0.0881684869527816,0.8476190477609634
DnCNN,poisson_16_gauss_0.05,16.0,0.05,sticks_000.tif,18.692173686689607,0.1601369248461883,0.7703052163124084,0.0859165638685226,0.5304311215877533
DnCNN,poisson_16_gauss_0.05,16.0,0.05,sticks_001.tif,20.85674798006607,0.2254676322075903,0.8506634831428528,0.0659773051738739,0.4531616255640983
DnCNN,poisson_16_gauss_0.05,16.0,0.05,sticks_002.tif,19.101055699711505,0.134443846619226,0.7615559101104736,0.0817217230796814,0.531485202908516
DnCNN,poisson_16_gauss_0.05,16.0,0.05,sticks_003.tif,19.606189777091764,0.186650442617844,0.8105146288871765,0.0751549899578094,0.4851364962756633
DnCNN,poisson_16_gauss_0.05,16.0,0.05,sticks_004.tif,19.117544375168222,0.1948647540422635,0.8059030175209045,0.0793057903647422,0.5019509576261043
DnCNN,poisson_16_gauss_0.05,16.0,0.05,sticks_005.tif,18.01824419361841,0.1377472474817884,0.7247458100318909,0.0945422351360321,0.5645456559956074
DnCNN,poisson_16_gauss_0.05,16.0,0.05,sticks_007.tif,19.72103811282128,0.1956724591319885,0.8037508130073547,0.074180394411087,0.4943506389856338
DnCNN,poisson_16_gauss_0.05,16.0,0.05,sticks_009.tif,18.905268119907944,0.1370481057933175,0.75834059715271,0.0850392132997512,0.5246026508510113
DnCNN,poisson_16_gauss_0.05,16.0,0.05,sticks_008.tif,17.38971704886168,0.1907006662968348,0.7827847599983215,0.0973696336150169,0.5583817802369595
DnCNN,poisson_16_gauss_0.05,16.0,0.05,sticks_011.tif,20.3868134675216,0.2025560473737259,0.8345465660095215,0.0698310807347297,0.4644936814904213
DnCNN,poisson_16_gauss_0.05,16.0,0.05,sticks_006.tif,18.004613017006395,0.139502748448963,0.7434411644935608,0.0926432982087135,0.560718547552824
DnCNN,poisson_16_gauss_0.05,16.0,0.05,sticks_010.tif,18.845412801946093,0.1699061268361873,0.7686977982521057,0.0833524689078331,0.521689148247242
DnCNN,poisson_16_gauss_0.05,16.0,0.05,sticks_012.tif,20.387808100505463,0.1886536558805926,0.8039121031761169,0.0708727985620498,0.4808394648134708
DnCNN,poisson_16_gauss_0.05,16.0,0.05,sticks_016.tif,20.138674211763234,0.1821176162752504,0.8075416684150696,0.0714755579829216,0.4709611162543297
DnCNN,poisson_16_gauss_0.05,16.0,0.05,sticks_013.tif,20.537343544755537,0.201203278191037,0.8353146910667419,0.0670004487037658,0.4387696415185928
DnCNN,poisson_16_gauss_0.05,16.0,0.05,sticks_014.tif,19.0918591480702,0.1316546748489727,0.7476105690002441,0.0848997086286544,0.5617693722248077
DnCNN,poisson_16_gauss_0.05,16.0,0.05,sticks_015.tif,19.1385866678978,0.1815022994540238,0.802440881729126,0.0790102556347847,0.4957274489104747
DnCNN,poisson_16_gauss_0.05,16.0,0.05,sticks_018.tif,19.42491150647566,0.1848729500180459,0.8155375719070435,0.0753192231059074,0.4775906130671501
DnCNN,poisson_16_gauss_0.05,16.0,0.05,sticks_020.tif,20.622989220099672,0.1916129387221071,0.8242352604866028,0.0686914250254631,0.4597254730761051
DnCNN,poisson_16_gauss_0.05,16.0,0.05,sticks_017.tif,19.865556361508773,0.1768963589251188,0.7994605302810669,0.0744886398315429,0.5026641584932804
DnCNN,poisson_16_gauss_0.05,16.0,0.05,sticks_019.tif,19.200166969060813,0.206116275388551,0.8298766613006592,0.0745204389095306,0.4687384530901909
DnCNN,poisson_16_gauss_0.05,16.0,0.05,sticks_021.tif,20.54701029362825,0.1928450689503783,0.8189208507537842,0.069857582449913,0.4816337004303932
DnCNN,poisson_16_gauss_0.05,16.0,0.05,sticks_022.tif,19.084304564537398,0.1510040413584173,0.7484966516494751,0.0820758640766143,0.5199287019670009
DnCNN,poisson_16_gauss_0.05,16.0,0.05,sticks_023.tif,19.50912354272357,0.2167564273597603,0.8354034423828125,0.0737233981490135,0.4629242464900017
DnCNN,poisson_16_gauss_0.05,16.0,0.05,sticks_024.tif,19.49018650988272,0.1646365988954037,0.7818804979324341,0.0791415572166442,0.5209528990089893
DnCNN,poisson_16_gauss_0.05,16.0,0.05,sticks_025.tif,21.590880561935997,0.217160377264921,0.853729784488678,0.0615351200103759,0.4284530147910118
DnCNN,poisson_16_gauss_0.05,16.0,0.05,sticks_026.tif,18.50736655074453,0.1437890054592235,0.7178894877433777,0.0885842815041542,0.542557206004858
DnCNN,poisson_16_gauss_0.05,16.0,0.05,sticks_027.tif,21.21511602749729,0.2368455176518673,0.8635048270225525,0.0659999176859855,0.4394859090447426
DnCNN,poisson_16_gauss_0.05,16.0,0.05,sticks_028.tif,19.063236201244813,0.1606364385124387,0.7401549220085144,0.0831295475363731,0.5329110354185105
DnCNN,poisson_16_gauss_0.05,16.0,0.05,sticks_029.tif,20.551555328879694,0.2068312106522743,0.8275392651557922,0.0674239099025726,0.453066573292017
DnCNN,poisson_16_gauss_0.05,16.0,0.05,sticks_030.tif,20.129736354664654,0.2003590710082714,0.8241627216339111,0.0707326680421829,0.4714527085423469
DnCNN,poisson_16_gauss_0.05,16.0,0.05,sticks_032.tif,18.960050004100687,0.2073721025873467,0.8241366147994995,0.0780702754855156,0.4808328941464424
DnCNN,poisson_16_gauss_0.05,16.0,0.05,sticks_031.tif,19.46691544113548,0.1523385700073606,0.7379478812217712,0.0838302969932556,0.5281225576996803
DnCNN,poisson_16_gauss_0.05,16.0,0.05,sticks_033.tif,17.613457115597583,0.1988345792636084,0.794399082660675,0.0919856652617454,0.5205450519919396
DnCNN,poisson_16_gauss_0.05,16.0,0.05,sticks_034.tif,19.911243032490987,0.1636445719112472,0.7886359691619873,0.0764567553997039,0.5001438729465008
DnCNN,poisson_16_gauss_0.05,16.0,0.05,sticks_035.tif,19.452426719029653,0.1866129761100966,0.8104280829429626,0.0766855776309967,0.4775681294500827
DnCNN,poisson_16_gauss_0.05,16.0,0.05,sticks_036.tif,19.36167099308773,0.1400649996461504,0.7518830299377441,0.0823726207017898,0.545035096257925
DnCNN,poisson_16_gauss_0.05,16.0,0.05,sticks_037.tif,19.71934061092757,0.1665241946990243,0.766435444355011,0.077748417854309,0.5107056006789208
DnCNN,poisson_16_gauss_0.05,16.0,0.05,sticks_038.tif,19.19352659984885,0.1166996656765631,0.6979885697364807,0.0856290832161903,0.5661043383181095
DnCNN,poisson_16_gauss_0.05,16.0,0.05,sticks_040.tif,19.44467479706829,0.2102036102577579,0.8313502073287964,0.0746839269995689,0.4706212721765041
DnCNN,poisson_16_gauss_0.05,16.0,0.05,sticks_039.tif,19.22785757389233,0.1713210423061359,0.7911252379417419,0.0795628949999809,0.5129151716828346
DnCNN,poisson_16_gauss_0.05,16.0,0.05,sticks_041.tif,19.163137551875018,0.141627037681756,0.7389058470726013,0.081870436668396,0.5244393870234489
DnCNN,poisson_16_gauss_0.05,16.0,0.05,sticks_042.tif,19.29899684018374,0.1281921407648924,0.740154504776001,0.0828855261206626,0.5493727192282677
DnCNN,poisson_16_gauss_0.05,16.0,0.05,sticks_043.tif,19.245610751075287,0.2030237719643154,0.8244107365608215,0.0760649889707565,0.4698174469172954
DnCNN,poisson_16_gauss_0.05,16.0,0.05,sticks_044.tif,19.41543272799961,0.2036537683318946,0.812092125415802,0.0770058557391166,0.483761565387249
DnCNN,poisson_16_gauss_0.05,16.0,0.05,sticks_045.tif,19.933803489931883,0.1467365121890946,0.7805787324905396,0.0778401494026184,0.5191168315708637
DnCNN,poisson_16_gauss_0.05,16.0,0.05,sticks_046.tif,19.338855817901408,0.1359446027757852,0.7287611365318298,0.0850954875349998,0.5509243406355381
DnCNN,poisson_16_gauss_0.05,16.0,0.05,sticks_047.tif,19.163522312896124,0.1284059398184659,0.7230077981948853,0.0853493362665176,0.5717036873102188
DnCNN,poisson_16_gauss_0.05,16.0,0.05,sticks_049.tif,19.241297522514675,0.1635928029935128,0.780825138092041,0.0796897038817405,0.518355517834425
DnCNN,poisson_16_gauss_0.05,16.0,0.05,sticks_048.tif,19.61153879515756,0.183256450484761,0.7967272996902466,0.074407547712326,0.4952685795724392
DnCNN,poisson_16_gauss_0.05,16.0,0.05,sticks_050.tif,19.074073473381095,0.1323561923847659,0.7433701753616333,0.0854673758149147,0.5473831824958324
DnCNN,poisson_16_gauss_0.05,16.0,0.05,sticks_051.tif,21.49766776347857,0.2162521607436985,0.8468037843704224,0.0637120380997657,0.4328955672681331
DnCNN,poisson_16_gauss_0.05,16.0,0.05,sticks_053.tif,19.528438655091463,0.2025298294165114,0.8157665729522705,0.074214793741703,0.472174434363842
DnCNN,poisson_16_gauss_0.05,16.0,0.05,sticks_052.tif,20.196302398884328,0.1847462107182854,0.8077574968338013,0.0713648796081543,0.4670290596783161
DnCNN,poisson_16_gauss_0.05,16.0,0.05,sticks_054.tif,18.523476844508902,0.1572658621778022,0.7750747203826904,0.0874683260917663,0.5468957610428333
DnCNN,poisson_16_gauss_0.05,16.0,0.05,sticks_055.tif,20.440299616832323,0.1958377971215407,0.8415716290473938,0.0693166181445121,0.4558956742286682
DnCNN,poisson_16_gauss_0.05,16.0,0.05,sticks_056.tif,20.32298623005972,0.1745669150390252,0.798056960105896,0.0723444670438766,0.4938428983092308
DnCNN,poisson_16_gauss_0.05,16.0,0.05,sticks_059.tif,18.64336942677536,0.1457756030573214,0.7422381639480591,0.0872847065329551,0.55375304967165
DnCNN,poisson_16_gauss_0.05,16.0,0.05,sticks_058.tif,19.65585423179077,0.1844262613708548,0.8077561259269714,0.0750306248664856,0.4831167846918106
DnCNN,poisson_16_gauss_0.05,16.0,0.05,sticks_057.tif,19.53011597549358,0.1992716414562144,0.8198367953300476,0.0761612504720687,0.4716253496706485
DnCNN,poisson_16_gauss_0.05,16.0,0.05,sticks_060.tif,17.915775268399884,0.1155209176945781,0.6440789103507996,0.0983581095933914,0.5838054873049259
DnCNN,poisson_16_gauss_0.05,16.0,0.05,sticks_063.tif,19.50985361862556,0.1806205654913062,0.8016233444213867,0.0774459391832351,0.502125945687294
DnCNN,poisson_16_gauss_0.05,16.0,0.05,sticks_061.tif,18.99156124559548,0.2211649318842235,0.8431211709976196,0.0758358985185623,0.4643347449600696
DnCNN,poisson_16_gauss_0.05,16.0,0.05,sticks_062.tif,19.423961315126476,0.1423130284909402,0.7430139183998108,0.0791006535291671,0.5247879378497601
DnCNN,poisson_16_gauss_0.05,16.0,0.05,sticks_067.tif,18.00876008141823,0.192257796452533,0.7861614227294922,0.0890240892767906,0.5322108127176761
DnCNN,poisson_16_gauss_0.05,16.0,0.05,sticks_066.tif,19.39830897824617,0.1909857233649201,0.7850882411003113,0.0753724053502082,0.4770730100572109
DnCNN,poisson_16_gauss_0.05,16.0,0.05,sticks_065.tif,20.6874337638438,0.1725388734994352,0.8120708465576172,0.069626934826374,0.464354844391346
DnCNN,poisson_16_gauss_0.05,16.0,0.05,sticks_068.tif,19.50217456798393,0.1509678508902867,0.7454260587692261,0.0809755474328994,0.5475563861429691
DnCNN,poisson_16_gauss_0.05,16.0,0.05,sticks_069.tif,19.888374949841783,0.1900925811615899,0.8130072951316833,0.0718918144702911,0.4741047225892544
DnCNN,poisson_16_gauss_0.05,16.0,0.05,sticks_064.tif,20.30176704907845,0.1689443927108324,0.8037022352218628,0.0722716674208641,0.4939908869564533
DnCNN,poisson_16_gauss_0.05,16.0,0.05,sticks_070.tif,18.00269076816791,0.1781857758043915,0.7898644208908081,0.0918970257043838,0.5385556511580945
DnCNN,poisson_16_gauss_0.05,16.0,0.05,sticks_071.tif,20.064789848833,0.1923760541265469,0.8167942762374878,0.0718752518296241,0.4751458026468754
DnCNN,poisson_16_gauss_0.05,16.0,0.05,sticks_072.tif,19.24330640899124,0.1476003892450459,0.7371647357940674,0.0826358422636985,0.5570847287774086
DnCNN,poisson_16_gauss_0.05,16.0,0.05,sticks_073.tif,19.641097692329083,0.1654093644515981,0.7884064316749573,0.0773086994886398,0.511616387963295
DnCNN,poisson_16_gauss_0.05,16.0,0.05,sticks_074.tif,18.56491879373221,0.1664323283508658,0.761617124080658,0.0871967375278472,0.5469334065914154
DnCNN,poisson_16_gauss_0.05,16.0,0.05,sticks_075.tif,19.38822067827467,0.2005748426056909,0.8133012056350708,0.0765339881181716,0.4633721299469471
DnCNN,poisson_16_gauss_0.05,16.0,0.05,sticks_076.tif,18.833893325562126,0.1881155984911297,0.7999675273895264,0.0834639370441436,0.5328862309455872
DnCNN,poisson_16_gauss_0.05,16.0,0.05,sticks_077.tif,20.400754374955,0.2132060115631526,0.8485458493232727,0.0669857263565063,0.4435679949820041
DnCNN,poisson_16_gauss_0.05,16.0,0.05,sticks_078.tif,19.644059094794518,0.1741329352687317,0.8056485056877136,0.0736727342009544,0.4864580474793911
DnCNN,poisson_16_gauss_0.05,16.0,0.05,sticks_079.tif,19.62476257071103,0.1931512971651861,0.8184964060783386,0.075605995953083,0.4908259704709053
DnCNN,poisson_16_gauss_0.05,16.0,0.05,sticks_080.tif,19.72637817790001,0.2159774299509642,0.8269224166870117,0.072381243109703,0.4599991708993912
DnCNN,poisson_16_gauss_0.05,16.0,0.05,sticks_081.tif,19.66956155920402,0.2049396223017395,0.8128864169120789,0.0759302452206611,0.4958714298903942
DnCNN,poisson_16_gauss_0.05,16.0,0.05,sticks_082.tif,20.293927933013816,0.2021571469491435,0.8334103226661682,0.0702556669712066,0.4687079221010208
DnCNN,poisson_16_gauss_0.05,16.0,0.05,sticks_084.tif,19.549976738162336,0.1884721473763948,0.8078777194023132,0.0755184441804885,0.490683613717556
DnCNN,poisson_16_gauss_0.05,16.0,0.05,sticks_083.tif,17.645379266563438,0.1588908148914198,0.7570245862007141,0.0927422046661377,0.5301258794963359
DnCNN,poisson_16_gauss_0.05,16.0,0.05,sticks_085.tif,20.285974666754992,0.1791188342508489,0.838606595993042,0.066911295056343,0.4374782264232635
DnCNN,poisson_16_gauss_0.05,16.0,0.05,sticks_086.tif,21.56674662684251,0.1919835736905133,0.8341266512870789,0.0605578012764453,0.435747492313385
DnCNN,poisson_16_gauss_0.05,16.0,0.05,sticks_088.tif,19.462010815144456,0.1847108387361832,0.8148133158683777,0.0747815519571304,0.4632983297109604
DnCNN,poisson_16_gauss_0.05,16.0,0.05,sticks_087.tif,20.52656279853548,0.181242941899297,0.83091801404953,0.0712728053331375,0.4618762105703354
DnCNN,poisson_16_gauss_0.05,16.0,0.05,sticks_089.tif,19.602431423017837,0.169632708869785,0.793597936630249,0.0770584791898727,0.516638332605362
DnCNN,poisson_16_gauss_0.05,16.0,0.05,sticks_090.tif,18.993464557207872,0.1988277470841458,0.8215959072113037,0.0767320916056633,0.4750479124486446
DnCNN,poisson_16_gauss_0.05,16.0,0.05,sticks_091.tif,19.597609131761,0.1476767240120408,0.7211713194847107,0.0801376774907112,0.518323315680027
DnCNN,poisson_16_gauss_0.05,16.0,0.05,sticks_092.tif,20.7018150434176,0.1783008705846884,0.816600501537323,0.068086914718151,0.4733390197157859
DnCNN,poisson_16_gauss_0.05,16.0,0.05,sticks_093.tif,20.15189623382276,0.213878971761525,0.8287129998207092,0.0718763321638107,0.4788236483931541
DnCNN,poisson_16_gauss_0.05,16.0,0.05,sticks_095.tif,21.007771464116416,0.2268441237433681,0.8544111847877502,0.0635472685098648,0.4126737706363201
DnCNN,poisson_16_gauss_0.05,16.0,0.05,sticks_096.tif,18.973274752021023,0.1918528230477787,0.7930927872657776,0.079571433365345,0.4850388675928115
DnCNN,poisson_16_gauss_0.05,16.0,0.05,sticks_097.tif,19.885632988994782,0.1882482778564019,0.8070759177207947,0.0745336189866066,0.5111448109149933
DnCNN,poisson_16_gauss_0.05,16.0,0.05,sticks_098.tif,20.53365253096509,0.2119930520406815,0.8434910178184509,0.0669545531272888,0.4482779338955879
DnCNN,poisson_16_gauss_0.05,16.0,0.05,sticks_099.tif,19.771749463894054,0.1803952324468753,0.8082942962646484,0.0749112069606781,0.4885970346629619
DnCNN,poisson_16_gauss_0.05,16.0,0.05,sticks_094.tif,21.2288660474498,0.2018212778590861,0.8375934362411499,0.0636972039937973,0.42668551877141
DnCNN,poisson_16_gauss_0.1,16.0,0.1,sticks_000.tif,17.144143367364656,0.1329610127013281,0.7125852108001709,0.1149828284978866,0.5400448463857174
DnCNN,poisson_16_gauss_0.1,16.0,0.1,sticks_001.tif,18.47898830608888,0.1866703448122741,0.797632098197937,0.0941322222352027,0.4850964337587357
DnCNN,poisson_16_gauss_0.1,16.0,0.1,sticks_002.tif,16.841584190109735,0.1032260201640098,0.6826185584068298,0.1153253763914108,0.5453898943960667
DnCNN,poisson_16_gauss_0.1,16.0,0.1,sticks_003.tif,17.759193098807362,0.1502539856458737,0.7550181150436401,0.1055650115013122,0.5104193791747094
DnCNN,poisson_16_gauss_0.1,16.0,0.1,sticks_004.tif,16.984242666949182,0.1570053195980182,0.745911180973053,0.1135643720626831,0.5104097656905651
DnCNN,poisson_16_gauss_0.1,16.0,0.1,sticks_005.tif,16.05428951102337,0.1044430894212045,0.6494005918502808,0.1303927153348922,0.5648130781948566
DnCNN,poisson_16_gauss_0.1,16.0,0.1,sticks_007.tif,17.871157521155048,0.1602962372847146,0.7297269701957703,0.102216824889183,0.5176015168428421
DnCNN,poisson_16_gauss_0.1,16.0,0.1,sticks_009.tif,17.39718657236057,0.1086719717325654,0.6979570388793945,0.1135986670851707,0.537050262093544
DnCNN,poisson_16_gauss_0.1,16.0,0.1,sticks_008.tif,15.531983331488426,0.1603938320169816,0.7304126024246216,0.1317989528179168,0.5517622336745263
DnCNN,poisson_16_gauss_0.1,16.0,0.1,sticks_011.tif,17.89551112367579,0.1656102609789982,0.77187180519104,0.1011826023459434,0.4982694000005722
DnCNN,poisson_16_gauss_0.1,16.0,0.1,sticks_006.tif,15.867689367633467,0.1069817830031166,0.6635304093360901,0.1301898658275604,0.5583394519984722
DnCNN,poisson_16_gauss_0.1,16.0,0.1,sticks_010.tif,17.205780829579584,0.1405200508250646,0.7164758443832397,0.1109895706176757,0.5336529016494751
DnCNN,poisson_16_gauss_0.1,16.0,0.1,sticks_012.tif,18.005957421406052,0.151816703483191,0.7342360615730286,0.1027814969420433,0.5103660129010678
DnCNN,poisson_16_gauss_0.1,16.0,0.1,sticks_016.tif,18.015795325388456,0.1453973371266625,0.7415034770965576,0.1017147675156593,0.4979896984994411
DnCNN,poisson_16_gauss_0.1,16.0,0.1,sticks_013.tif,19.21100102390081,0.1646323669411161,0.7771149277687073,0.0918283611536026,0.4695201054215431
DnCNN,poisson_16_gauss_0.1,16.0,0.1,sticks_014.tif,17.20259827744413,0.1059453484247961,0.6825435757637024,0.1167408376932144,0.5593892157077789
DnCNN,poisson_16_gauss_0.1,16.0,0.1,sticks_015.tif,17.275574366677088,0.1452834536995326,0.7417622804641724,0.1098446100950241,0.5110607117414474
DnCNN,poisson_16_gauss_0.1,16.0,0.1,sticks_018.tif,17.760511097952303,0.1496108760980964,0.746423602104187,0.1039236336946487,0.5025023333728313
DnCNN,poisson_16_gauss_0.1,16.0,0.1,sticks_020.tif,18.883385652281003,0.1555282218566359,0.7706761956214905,0.0941062122583389,0.4886130779981613
DnCNN,poisson_16_gauss_0.1,16.0,0.1,sticks_017.tif,17.737349963321055,0.1366347886182808,0.7408713698387146,0.1076524034142494,0.5195619918406009
DnCNN,poisson_16_gauss_0.1,16.0,0.1,sticks_019.tif,17.95673120768084,0.1670277456444396,0.7714524865150452,0.1004901677370071,0.4952537074685096
DnCNN,poisson_16_gauss_0.1,16.0,0.1,sticks_021.tif,17.92859304149176,0.1583764662532259,0.7557570934295654,0.1016865521669387,0.5038601800799369
DnCNN,poisson_16_gauss_0.1,16.0,0.1,sticks_022.tif,17.31001878081371,0.1229361173616296,0.6820955276489258,0.1121847182512283,0.532594057917595
DnCNN,poisson_16_gauss_0.1,16.0,0.1,sticks_023.tif,17.499213862441362,0.1778168027402083,0.7799714803695679,0.1019646674394607,0.4909271217882633
DnCNN,poisson_16_gauss_0.1,16.0,0.1,sticks_024.tif,17.37415283581203,0.1304079813266539,0.7177214026451111,0.1119971424341201,0.5353437408804893
DnCNN,poisson_16_gauss_0.1,16.0,0.1,sticks_025.tif,19.269791171631624,0.1764575470338287,0.7959290742874146,0.088243082165718,0.4728975355625152
DnCNN,poisson_16_gauss_0.1,16.0,0.1,sticks_026.tif,16.932924972342956,0.1200424266909342,0.6635180115699768,0.1187102049589157,0.5439906097948551
DnCNN,poisson_16_gauss_0.1,16.0,0.1,sticks_027.tif,19.036304873063976,0.1980242297058088,0.812439501285553,0.091899573802948,0.4746094442903995
DnCNN,poisson_16_gauss_0.1,16.0,0.1,sticks_028.tif,17.145554695652862,0.1252693817736205,0.6636059880256653,0.1153268069028854,0.5469808422029019
DnCNN,poisson_16_gauss_0.1,16.0,0.1,sticks_029.tif,18.898959823107734,0.1722394580047108,0.7779518365859985,0.093183696269989,0.4901248924434185
DnCNN,poisson_16_gauss_0.1,16.0,0.1,sticks_030.tif,17.91264875207257,0.158558050991529,0.7541300058364868,0.1023327931761741,0.4958620794117451
DnCNN,poisson_16_gauss_0.1,16.0,0.1,sticks_032.tif,16.975725366328348,0.1714502661320023,0.7727053761482239,0.1071709841489791,0.5011010937392711
DnCNN,poisson_16_gauss_0.1,16.0,0.1,sticks_031.tif,16.851676430202556,0.1213046014662302,0.652529776096344,0.1207701414823532,0.5392731137573719
DnCNN,poisson_16_gauss_0.1,16.0,0.1,sticks_033.tif,16.001437907576758,0.16316891753387,0.7382487654685974,0.1216843724250793,0.5312300182878971
DnCNN,poisson_16_gauss_0.1,16.0,0.1,sticks_034.tif,18.10230225862849,0.1381053779688419,0.733981728553772,0.1029035672545433,0.5151289612054825
DnCNN,poisson_16_gauss_0.1,16.0,0.1,sticks_035.tif,17.667838843266715,0.1492284267021676,0.74508136510849,0.1057285517454147,0.4907672844827175
DnCNN,poisson_16_gauss_0.1,16.0,0.1,sticks_036.tif,17.122749360456083,0.1154771672108749,0.6937656402587891,0.1163464337587356,0.5440134674310684
DnCNN,poisson_16_gauss_0.1,16.0,0.1,sticks_037.tif,17.6156097788174,0.1342176657271094,0.6905437111854553,0.107863500714302,0.5268384568393231
DnCNN,poisson_16_gauss_0.1,16.0,0.1,sticks_038.tif,16.508477719998382,0.084003314453256,0.597920835018158,0.1280838251113891,0.564361572265625
DnCNN,poisson_16_gauss_0.1,16.0,0.1,sticks_040.tif,17.774178323001713,0.176860329741598,0.7785091996192932,0.099987581372261,0.4983315102756023
DnCNN,poisson_16_gauss_0.1,16.0,0.1,sticks_039.tif,16.895633364050727,0.1391015848113053,0.7306419014930725,0.1126888170838356,0.5232340417802334
DnCNN,poisson_16_gauss_0.1,16.0,0.1,sticks_041.tif,17.03382228493696,0.1103034658434065,0.6519063115119934,0.1156122684478759,0.5330556392669678
DnCNN,poisson_16_gauss_0.1,16.0,0.1,sticks_042.tif,16.890950241227994,0.0980047257009807,0.6648383736610413,0.1215425506234169,0.5492891252040863
DnCNN,poisson_16_gauss_0.1,16.0,0.1,sticks_043.tif,17.656290492522555,0.1693495837702433,0.7702614665031433,0.1022756844758987,0.4927165538072586
DnCNN,poisson_16_gauss_0.1,16.0,0.1,sticks_044.tif,17.504289514132118,0.1701909875321119,0.7605022192001343,0.1046782508492469,0.5009541384875774
DnCNN,poisson_16_gauss_0.1,16.0,0.1,sticks_045.tif,17.15977220004808,0.1165139533961524,0.7094810009002686,0.1153549179434776,0.5353662133216858
DnCNN,poisson_16_gauss_0.1,16.0,0.1,sticks_046.tif,16.931453558577406,0.1099549711060147,0.6356254816055298,0.120269238948822,0.5487239561975003
DnCNN,poisson_16_gauss_0.1,16.0,0.1,sticks_047.tif,16.431176562169306,0.0956875920790623,0.6301533579826355,0.1280535757541656,0.5699501477181912
DnCNN,poisson_16_gauss_0.1,16.0,0.1,sticks_049.tif,17.57661889492101,0.1339558357471299,0.7259155511856079,0.1102125272154808,0.5275040060281754
DnCNN,poisson_16_gauss_0.1,16.0,0.1,sticks_048.tif,17.33475880855886,0.1463325056965848,0.7377750277519226,0.1067894473671913,0.5165781311690807
DnCNN,poisson_16_gauss_0.1,16.0,0.1,sticks_050.tif,17.207227044177003,0.1116471696549587,0.6949012279510498,0.1147239059209823,0.5560980997979641
DnCNN,poisson_16_gauss_0.1,16.0,0.1,sticks_051.tif,19.0358719062014,0.1766855331902342,0.794091522693634,0.0925801321864128,0.4683094888925552
DnCNN,poisson_16_gauss_0.1,16.0,0.1,sticks_053.tif,18.03805444762657,0.167766728622256,0.758061945438385,0.0995771288871765,0.4916576489806175
DnCNN,poisson_16_gauss_0.1,16.0,0.1,sticks_052.tif,17.882859992933838,0.1502861464697518,0.7233649492263794,0.1017172113060951,0.4935188539326191
DnCNN,poisson_16_gauss_0.1,16.0,0.1,sticks_054.tif,16.44410488870357,0.1227445637259234,0.7100155353546143,0.1219887733459472,0.5504817470908165
DnCNN,poisson_16_gauss_0.1,16.0,0.1,sticks_055.tif,18.444453837747808,0.1632430731668654,0.7976938486099243,0.0955291837453842,0.4832054316997528
DnCNN,poisson_16_gauss_0.1,16.0,0.1,sticks_056.tif,18.49656037174004,0.1468931510561479,0.7524698376655579,0.0989987105131149,0.5161484509706498
DnCNN,poisson_16_gauss_0.1,16.0,0.1,sticks_059.tif,16.575495709105816,0.1145549103065065,0.6801496148109436,0.1242416277527809,0.5577243752777576
DnCNN,poisson_16_gauss_0.1,16.0,0.1,sticks_058.tif,18.04738019078529,0.1512794615859198,0.7400146722793579,0.1026855334639549,0.5049066334962845
DnCNN,poisson_16_gauss_0.1,16.0,0.1,sticks_057.tif,17.39999586086906,0.1625300104312939,0.7601015567779541,0.107077956199646,0.4954756893217563
DnCNN,poisson_16_gauss_0.1,16.0,0.1,sticks_060.tif,15.585591738760582,0.0885651799179702,0.5535771250724792,0.14154052734375,0.5769628748297692
DnCNN,poisson_16_gauss_0.1,16.0,0.1,sticks_063.tif,17.378752236086708,0.1442375945822622,0.7418181300163269,0.1108237728476524,0.5221093989908695
DnCNN,poisson_16_gauss_0.1,16.0,0.1,sticks_061.tif,17.31770136093357,0.1836070700416025,0.7936093807220459,0.1027179956436157,0.4915040642023086
DnCNN,poisson_16_gauss_0.1,16.0,0.1,sticks_062.tif,16.99789470807752,0.1101299408667795,0.6467194557189941,0.116279661655426,0.5356597542762757
DnCNN,poisson_16_gauss_0.1,16.0,0.1,sticks_067.tif,16.652700217521375,0.1550484799059545,0.7001081705093384,0.1185425892472267,0.5335803233087063
DnCNN,poisson_16_gauss_0.1,16.0,0.1,sticks_066.tif,17.671658091907048,0.1551112115847257,0.7129196524620056,0.1035396233201026,0.4981997184455394
DnCNN,poisson_16_gauss_0.1,16.0,0.1,sticks_065.tif,18.640813168626774,0.1365935568243526,0.7482993006706238,0.0979257151484489,0.4917289040982723
DnCNN,poisson_16_gauss_0.1,16.0,0.1,sticks_068.tif,17.64311177267126,0.1241790163770022,0.6733785271644592,0.111296996474266,0.5528731212019921
DnCNN,poisson_16_gauss_0.1,16.0,0.1,sticks_069.tif,17.89062278203375,0.1521076003862548,0.7420653104782104,0.1012880355119705,0.5024643279612064
DnCNN,poisson_16_gauss_0.1,16.0,0.1,sticks_064.tif,18.74734111087809,0.1412317936204819,0.7583845257759094,0.0973502174019813,0.5156640179455281
DnCNN,poisson_16_gauss_0.1,16.0,0.1,sticks_070.tif,16.117460899981335,0.150151725329319,0.7316832542419434,0.1225834265351295,0.5429868869483471
DnCNN,poisson_16_gauss_0.1,16.0,0.1,sticks_071.tif,17.85148576237338,0.1571917019505894,0.7553781270980835,0.1025869399309158,0.5015101827681064
DnCNN,poisson_16_gauss_0.1,16.0,0.1,sticks_072.tif,16.57445608823233,0.1139586109811082,0.6327334642410278,0.1225697547197341,0.5609460830688476
DnCNN,poisson_16_gauss_0.1,16.0,0.1,sticks_073.tif,17.105655754443887,0.1329151334724193,0.7317183017730713,0.1110992208123207,0.5295322217047215
DnCNN,poisson_16_gauss_0.1,16.0,0.1,sticks_074.tif,16.458420864562612,0.1315118664265235,0.6933318972587585,0.124606929719448,0.5502107791602612
DnCNN,poisson_16_gauss_0.1,16.0,0.1,sticks_075.tif,17.503202169220742,0.1678967631713757,0.7524065375328064,0.1047457680106163,0.4841898076236248
DnCNN,poisson_16_gauss_0.1,16.0,0.1,sticks_076.tif,16.900726265287826,0.1539356803590858,0.7400062680244446,0.1162837594747543,0.5357691697776318
DnCNN,poisson_16_gauss_0.1,16.0,0.1,sticks_077.tif,18.52605381248893,0.1731387836265453,0.7936382293701172,0.0944764986634254,0.4789899855852127
DnCNN,poisson_16_gauss_0.1,16.0,0.1,sticks_078.tif,17.58487660399056,0.1372584373449225,0.7323485016822815,0.1054192334413528,0.5085361905395984
DnCNN,poisson_16_gauss_0.1,16.0,0.1,sticks_079.tif,18.04304839571804,0.160701306001235,0.7657962441444397,0.1018027290701866,0.5108638010919094
DnCNN,poisson_16_gauss_0.1,16.0,0.1,sticks_080.tif,17.690177001522134,0.1762145984557229,0.7661005258560181,0.1016644388437271,0.4876154646277427
DnCNN,poisson_16_gauss_0.1,16.0,0.1,sticks_081.tif,17.09144690272624,0.1684589332611722,0.7437757849693298,0.1104142665863037,0.5112182602286339
DnCNN,poisson_16_gauss_0.1,16.0,0.1,sticks_082.tif,18.31829006888581,0.1681131813861665,0.7750474810600281,0.0985172837972641,0.4986163057386875
DnCNN,poisson_16_gauss_0.1,16.0,0.1,sticks_084.tif,17.713593742678366,0.1531500885029842,0.7464994788169861,0.1044554859399795,0.5134764485061168
DnCNN,poisson_16_gauss_0.1,16.0,0.1,sticks_083.tif,16.29734121907642,0.1276801197208548,0.6989353895187378,0.1222253888845443,0.5353354170918465
DnCNN,poisson_16_gauss_0.1,16.0,0.1,sticks_085.tif,19.14730590742864,0.144879719573796,0.7855143547058105,0.0902635604143142,0.4789848059415817
DnCNN,poisson_16_gauss_0.1,16.0,0.1,sticks_086.tif,19.94808400302197,0.157273990132007,0.7820745706558228,0.0842875093221664,0.4721641197800636
DnCNN,poisson_16_gauss_0.1,16.0,0.1,sticks_088.tif,16.916739153978682,0.1472849261608958,0.7527504563331604,0.1091304421424865,0.4913775153458118
DnCNN,poisson_16_gauss_0.1,16.0,0.1,sticks_087.tif,18.282507676105705,0.1459504838605373,0.769437849521637,0.0997046679258346,0.4958963863551616
DnCNN,poisson_16_gauss_0.1,16.0,0.1,sticks_089.tif,17.870185434991974,0.1397746273589642,0.7395538091659546,0.1051510721445083,0.5305671371519566
DnCNN,poisson_16_gauss_0.1,16.0,0.1,sticks_090.tif,17.256300049340126,0.1611936527615965,0.7670394778251648,0.1050766110420227,0.499433596432209
DnCNN,poisson_16_gauss_0.1,16.0,0.1,sticks_091.tif,17.149801812775145,0.1189857704237242,0.6557072401046753,0.1141273155808448,0.528043033927679
DnCNN,poisson_16_gauss_0.1,16.0,0.1,sticks_092.tif,18.367687149790743,0.1461276784199322,0.7607455849647522,0.0983188599348068,0.4976577863097191
DnCNN,poisson_16_gauss_0.1,16.0,0.1,sticks_093.tif,18.0336998643095,0.17832537422329,0.7753452658653259,0.1011436432600021,0.500804676860571
DnCNN,poisson_16_gauss_0.1,16.0,0.1,sticks_095.tif,19.310437516603557,0.1892456863372066,0.8023524880409241,0.0874270796775817,0.4505378738045692
DnCNN,poisson_16_gauss_0.1,16.0,0.1,sticks_096.tif,16.965100342711448,0.156718270838671,0.7237383127212524,0.1114570349454879,0.4971749931573868
DnCNN,poisson_16_gauss_0.1,16.0,0.1,sticks_097.tif,17.35662628420033,0.1455158119996759,0.7159144282341003,0.1109407916665077,0.520184775441885
DnCNN,poisson_16_gauss_0.1,16.0,0.1,sticks_098.tif,18.692606558443888,0.1746682381327099,0.7913846969604492,0.092126116156578,0.4797698065638542
DnCNN,poisson_16_gauss_0.1,16.0,0.1,sticks_099.tif,18.27131677270475,0.1491204331090394,0.7602324485778809,0.1012908220291137,0.5089953877031803
DnCNN,poisson_16_gauss_0.1,16.0,0.1,sticks_094.tif,19.38893481622535,0.1645897743966345,0.7861534357070923,0.0880140885710716,0.4704430185258388
DnCNN,poisson_16_gauss_0.2,16.0,0.2,sticks_000.tif,14.670337041944222,0.0934668062636131,0.6094492077827454,0.1720008254051208,0.5829228058457374
DnCNN,poisson_16_gauss_0.2,16.0,0.2,sticks_001.tif,16.036873292389025,0.1376777237284489,0.7152270674705505,0.1459425389766693,0.5451939694583416
DnCNN,poisson_16_gauss_0.2,16.0,0.2,sticks_002.tif,14.294241308206445,0.0696927140018544,0.5913886427879333,0.1788497120141983,0.5886850416660309
DnCNN,poisson_16_gauss_0.2,16.0,0.2,sticks_003.tif,14.67214905912999,0.105599468685309,0.6649380922317505,0.1692016422748565,0.5666683860123157
DnCNN,poisson_16_gauss_0.2,16.0,0.2,sticks_004.tif,14.490672033083555,0.1093272450243908,0.6561097502708435,0.1727187782526016,0.5688696920871734
DnCNN,poisson_16_gauss_0.2,16.0,0.2,sticks_005.tif,13.47832744013231,0.0742242089401065,0.578060507774353,0.194425493478775,0.6003476694226265
DnCNN,poisson_16_gauss_0.2,16.0,0.2,sticks_007.tif,15.204868374008926,0.1135855943818333,0.665511429309845,0.1616934835910797,0.5701928861439228
DnCNN,poisson_16_gauss_0.2,16.0,0.2,sticks_009.tif,14.366556892170887,0.0771341452217551,0.6073444485664368,0.1776848137378692,0.5810365006327629
DnCNN,poisson_16_gauss_0.2,16.0,0.2,sticks_008.tif,14.214209046866866,0.1162263643824028,0.662100613117218,0.1789082288742065,0.5856066718697548
DnCNN,poisson_16_gauss_0.2,16.0,0.2,sticks_011.tif,14.938930755902057,0.1178978615683294,0.6842225790023804,0.1620459854602813,0.561004800349474
DnCNN,poisson_16_gauss_0.2,16.0,0.2,sticks_006.tif,14.17488639897023,0.0777567880947591,0.5937772989273071,0.1815855503082275,0.5940651044249534
DnCNN,poisson_16_gauss_0.2,16.0,0.2,sticks_010.tif,14.54393559828839,0.0999188994921542,0.626634955406189,0.1729322969913482,0.5848840348422527
DnCNN,poisson_16_gauss_0.2,16.0,0.2,sticks_012.tif,14.889362978558276,0.1060131707238677,0.6426553726196289,0.1669570207595825,0.5690816521644593
DnCNN,poisson_16_gauss_0.2,16.0,0.2,sticks_016.tif,14.941438555884275,0.1027299055703987,0.6619604825973511,0.162951722741127,0.5568007044494152
DnCNN,poisson_16_gauss_0.2,16.0,0.2,sticks_013.tif,15.590236639445838,0.1164932592882098,0.6891005635261536,0.1541396677494049,0.5379603840410709
DnCNN,poisson_16_gauss_0.2,16.0,0.2,sticks_014.tif,14.071402955651545,0.0707201828998065,0.5897197127342224,0.1853884011507034,0.5988072186708451
DnCNN,poisson_16_gauss_0.2,16.0,0.2,sticks_015.tif,14.80659592062556,0.1003391248007958,0.6495326161384583,0.1675597429275512,0.5644585855305195
DnCNN,poisson_16_gauss_0.2,16.0,0.2,sticks_018.tif,15.241425776255944,0.1101454683607159,0.6738056540489197,0.1601203978061676,0.560379009693861
DnCNN,poisson_16_gauss_0.2,16.0,0.2,sticks_020.tif,14.91842107476504,0.1086601314393888,0.6597087383270264,0.1609252989292144,0.5551499970257282
DnCNN,poisson_16_gauss_0.2,16.0,0.2,sticks_017.tif,14.69628301712915,0.0956977785477911,0.6447845697402954,0.1693196594715118,0.5758311808109283
DnCNN,poisson_16_gauss_0.2,16.0,0.2,sticks_019.tif,15.528031013103163,0.1185717665858423,0.6691814661026001,0.153421550989151,0.5507570818066597
DnCNN,poisson_16_gauss_0.2,16.0,0.2,sticks_021.tif,15.01401508749089,0.1083242652501114,0.651847243309021,0.1638839989900589,0.5613085605204106
DnCNN,poisson_16_gauss_0.2,16.0,0.2,sticks_022.tif,14.127225599046696,0.0808678294468594,0.5633419156074524,0.1800345480442047,0.5818005420267582
DnCNN,poisson_16_gauss_0.2,16.0,0.2,sticks_023.tif,15.11853069418114,0.1250737243008976,0.6983287334442139,0.1600156873464584,0.5509264074265957
DnCNN,poisson_16_gauss_0.2,16.0,0.2,sticks_024.tif,14.65639710495928,0.0914906873838223,0.6268554925918579,0.1704285889863968,0.5836042687296867
DnCNN,poisson_16_gauss_0.2,16.0,0.2,sticks_025.tif,15.77865636099485,0.1233366418713471,0.7044093608856201,0.1501212418079376,0.5453291535377502
DnCNN,poisson_16_gauss_0.2,16.0,0.2,sticks_026.tif,13.930413304334246,0.0817766159249202,0.5808618664741516,0.1851046532392501,0.5912506468594074
DnCNN,poisson_16_gauss_0.2,16.0,0.2,sticks_027.tif,15.715818635047825,0.1421251474604462,0.7202602028846741,0.1521998047828674,0.5469921499490737
DnCNN,poisson_16_gauss_0.2,16.0,0.2,sticks_028.tif,14.440118526827508,0.0898835924711459,0.6053215265274048,0.1759923249483108,0.5909258134663105
DnCNN,poisson_16_gauss_0.2,16.0,0.2,sticks_029.tif,15.861115254731535,0.1229066433932965,0.683992862701416,0.1489552557468414,0.5581387408077717
DnCNN,poisson_16_gauss_0.2,16.0,0.2,sticks_030.tif,15.037909626788542,0.112343560974826,0.6669106483459473,0.1619434207677841,0.5573912128806114
DnCNN,poisson_16_gauss_0.2,16.0,0.2,sticks_032.tif,14.94945237383028,0.1198953940683177,0.6868979334831238,0.1606414914131164,0.5598476842045784
DnCNN,poisson_16_gauss_0.2,16.0,0.2,sticks_031.tif,14.094895403750606,0.0883027846432049,0.5906983017921448,0.182559385895729,0.5865299269556999
DnCNN,poisson_16_gauss_0.2,16.0,0.2,sticks_033.tif,14.115740147416789,0.1183142644295055,0.665714681148529,0.1764131188392639,0.575550801306963
DnCNN,poisson_16_gauss_0.2,16.0,0.2,sticks_034.tif,15.088100586151487,0.0985537660581378,0.6511512994766235,0.1647041887044906,0.5660037271678448
DnCNN,poisson_16_gauss_0.2,16.0,0.2,sticks_035.tif,14.659870676706678,0.1056013095962232,0.653343677520752,0.1679480969905853,0.5573266662657261
DnCNN,poisson_16_gauss_0.2,16.0,0.2,sticks_036.tif,13.977475138890329,0.0810534034896033,0.6056422591209412,0.1852666288614273,0.5971309632062912
DnCNN,poisson_16_gauss_0.2,16.0,0.2,sticks_037.tif,14.75459279360278,0.0986651746292086,0.6170185804367065,0.1686208397150039,0.5755549818277359
DnCNN,poisson_16_gauss_0.2,16.0,0.2,sticks_038.tif,14.248887671681132,0.0621241069424376,0.5320457816123962,0.1809712946414947,0.6015564516186714
DnCNN,poisson_16_gauss_0.2,16.0,0.2,sticks_040.tif,15.108918369009883,0.1240026926387566,0.6966913342475891,0.1591886132955551,0.5578040845692158
DnCNN,poisson_16_gauss_0.2,16.0,0.2,sticks_039.tif,14.7920391952779,0.0994455850066972,0.6276399493217468,0.1683899760246276,0.5702829778194427
DnCNN,poisson_16_gauss_0.2,16.0,0.2,sticks_041.tif,14.29886459780592,0.0816383907078859,0.5981911420822144,0.1775562167167663,0.5839935921132564
DnCNN,poisson_16_gauss_0.2,16.0,0.2,sticks_042.tif,13.812462750622243,0.0671064562843519,0.5886861085891724,0.1900278776884079,0.5916648998856544
DnCNN,poisson_16_gauss_0.2,16.0,0.2,sticks_043.tif,15.09898349090443,0.1225705242562458,0.6880481839179993,0.1598552614450454,0.5504506200551986
DnCNN,poisson_16_gauss_0.2,16.0,0.2,sticks_044.tif,14.87727259372499,0.1195896723149674,0.6689391732215881,0.1646407395601272,0.5581423088908195
DnCNN,poisson_16_gauss_0.2,16.0,0.2,sticks_045.tif,14.3508550347666,0.0773530896451703,0.5947113037109375,0.17816923558712,0.5857852824032307
DnCNN,poisson_16_gauss_0.2,16.0,0.2,sticks_046.tif,13.70176598869717,0.073178181536968,0.5585199594497681,0.1923371106386184,0.5992132276296616
DnCNN,poisson_16_gauss_0.2,16.0,0.2,sticks_047.tif,13.43210831454792,0.0655030400117912,0.5442125201225281,0.1967411339282989,0.6082849852740765
DnCNN,poisson_16_gauss_0.2,16.0,0.2,sticks_049.tif,14.380946447436909,0.0930208419529624,0.6142838597297668,0.174686461687088,0.5790888004004955
DnCNN,poisson_16_gauss_0.2,16.0,0.2,sticks_048.tif,14.58162195646942,0.0973628536111112,0.6405574083328247,0.1720916330814361,0.5689312145113945
DnCNN,poisson_16_gauss_0.2,16.0,0.2,sticks_050.tif,14.344994494345933,0.0766650917591227,0.5968896150588989,0.1797432452440261,0.5996926397085189
DnCNN,poisson_16_gauss_0.2,16.0,0.2,sticks_051.tif,15.561705737740898,0.1237012776526955,0.687553346157074,0.1543980091810226,0.5422941878437996
DnCNN,poisson_16_gauss_0.2,16.0,0.2,sticks_053.tif,14.901548618017248,0.1191876955273618,0.6608653664588928,0.1608551442623138,0.5563317492604256
DnCNN,poisson_16_gauss_0.2,16.0,0.2,sticks_052.tif,15.31789195808284,0.1079638686590724,0.6502095460891724,0.159346729516983,0.5515132784843445
DnCNN,poisson_16_gauss_0.2,16.0,0.2,sticks_054.tif,14.245689791179275,0.0851941198676489,0.6296824216842651,0.1786883622407913,0.5886661231517791
DnCNN,poisson_16_gauss_0.2,16.0,0.2,sticks_055.tif,15.458530739152154,0.1139682820835581,0.7073813676834106,0.1559019088745117,0.5477570772171021
DnCNN,poisson_16_gauss_0.2,16.0,0.2,sticks_056.tif,15.466386634136196,0.0997014242301974,0.6432073712348938,0.1578066647052765,0.5686908841133118
DnCNN,poisson_16_gauss_0.2,16.0,0.2,sticks_059.tif,13.738271291407942,0.0740729685573468,0.5718437433242798,0.1924683153629303,0.6024097383022309
DnCNN,poisson_16_gauss_0.2,16.0,0.2,sticks_058.tif,14.735881859612215,0.1036379290371197,0.6485186815261841,0.1675926893949508,0.5616189450025558
DnCNN,poisson_16_gauss_0.2,16.0,0.2,sticks_057.tif,15.309170495995478,0.1169967184133915,0.6819071173667908,0.1588078439235687,0.5548647336661816
DnCNN,poisson_16_gauss_0.2,16.0,0.2,sticks_060.tif,13.418359846589231,0.0642363092089398,0.5236668586730957,0.197357952594757,0.6072389833629132
DnCNN,poisson_16_gauss_0.2,16.0,0.2,sticks_063.tif,14.860883837465488,0.1031830302549231,0.6611115336418152,0.1671136319637298,0.5773735076189042
DnCNN,poisson_16_gauss_0.2,16.0,0.2,sticks_061.tif,15.455810645597293,0.1322864503615842,0.7086741924285889,0.151597112417221,0.5493254162371158
DnCNN,poisson_16_gauss_0.2,16.0,0.2,sticks_062.tif,14.452632644727178,0.0810225954205214,0.5929568409919739,0.1748775541782379,0.5839587323367595
DnCNN,poisson_16_gauss_0.2,16.0,0.2,sticks_067.tif,13.905407878593175,0.1097136951464443,0.623217761516571,0.1810193508863449,0.5788612954318524
DnCNN,poisson_16_gauss_0.2,16.0,0.2,sticks_066.tif,14.99370745049593,0.1069360712069095,0.6251392960548401,0.1624639332294464,0.5582445800304413
DnCNN,poisson_16_gauss_0.2,16.0,0.2,sticks_065.tif,15.113837009089576,0.097322585173189,0.6546950936317444,0.1613081097602844,0.5553301073610782
DnCNN,poisson_16_gauss_0.2,16.0,0.2,sticks_068.tif,14.290226713117416,0.0833909415467251,0.564195990562439,0.1788507997989654,0.5984636783599854
DnCNN,poisson_16_gauss_0.2,16.0,0.2,sticks_069.tif,15.232276698300776,0.1106879019885925,0.6681953072547913,0.1575587838888168,0.5645322352647781
DnCNN,poisson_16_gauss_0.2,16.0,0.2,sticks_064.tif,15.236809319114537,0.0943888784322016,0.6618795990943909,0.1623892486095428,0.5764873400330544
DnCNN,poisson_16_gauss_0.2,16.0,0.2,sticks_070.tif,14.324616849865698,0.1065165035192834,0.6650643348693848,0.1761859208345413,0.5827238745987415
DnCNN,poisson_16_gauss_0.2,16.0,0.2,sticks_071.tif,15.24558520569855,0.1162876134420624,0.686312735080719,0.1587497591972351,0.561237022280693
DnCNN,poisson_16_gauss_0.2,16.0,0.2,sticks_072.tif,13.754231556439883,0.0774357862158153,0.5475724339485168,0.1891340315341949,0.6000965774059296
DnCNN,poisson_16_gauss_0.2,16.0,0.2,sticks_073.tif,14.715570715103212,0.0902582733255928,0.6416985392570496,0.1700891852378845,0.5818815946578979
DnCNN,poisson_16_gauss_0.2,16.0,0.2,sticks_074.tif,13.915495335232562,0.0939000302684688,0.6166369318962097,0.1841878592967987,0.5937376327812671
DnCNN,poisson_16_gauss_0.2,16.0,0.2,sticks_075.tif,15.031934754180952,0.1182358829886148,0.6641848087310791,0.1615121215581894,0.5482921674847603
DnCNN,poisson_16_gauss_0.2,16.0,0.2,sticks_076.tif,14.37843054701316,0.1086798722332574,0.6600586771965027,0.1745750308036804,0.57892504632473
DnCNN,poisson_16_gauss_0.2,16.0,0.2,sticks_077.tif,15.761126835601836,0.1247383684670638,0.7097522616386414,0.1498137265443802,0.543005122244358
DnCNN,poisson_16_gauss_0.2,16.0,0.2,sticks_078.tif,14.724033876609916,0.0941398126704099,0.6228779554367065,0.166507750749588,0.5612694650888443
DnCNN,poisson_16_gauss_0.2,16.0,0.2,sticks_079.tif,14.76474425798579,0.1097418120139049,0.6639457941055298,0.1667534261941909,0.5702656172215939
DnCNN,poisson_16_gauss_0.2,16.0,0.2,sticks_080.tif,15.479081353148135,0.1283311697920727,0.6868106126785278,0.1551637351512909,0.5450241751968861
DnCNN,poisson_16_gauss_0.2,16.0,0.2,sticks_081.tif,14.629739588715506,0.1161890567630501,0.6422376036643982,0.1691746115684509,0.567485561221838
DnCNN,poisson_16_gauss_0.2,16.0,0.2,sticks_082.tif,15.594904309425315,0.1208237947550068,0.6856318116188049,0.1549350768327713,0.5571369014680385
DnCNN,poisson_16_gauss_0.2,16.0,0.2,sticks_084.tif,15.15165897459709,0.1098500502445549,0.6794161200523376,0.1620104014873504,0.5659251235425472
DnCNN,poisson_16_gauss_0.2,16.0,0.2,sticks_083.tif,14.406329677055227,0.0879238773158109,0.6089082360267639,0.1760792434215545,0.5810952730476856
DnCNN,poisson_16_gauss_0.2,16.0,0.2,sticks_085.tif,16.11134465800679,0.1060339213714849,0.6970282793045044,0.1453476548194885,0.5467692129313946
DnCNN,poisson_16_gauss_0.2,16.0,0.2,sticks_086.tif,15.43039454061141,0.1058194969851986,0.6550439596176147,0.1545736193656921,0.5460903979837894
DnCNN,poisson_16_gauss_0.2,16.0,0.2,sticks_088.tif,15.283941413449108,0.1068198309083894,0.6740220785140991,0.1561314761638641,0.556488249450922
DnCNN,poisson_16_gauss_0.2,16.0,0.2,sticks_087.tif,15.387027823340285,0.1058474533921568,0.6870935559272766,0.1586596369743347,0.5561677992343903
DnCNN,poisson_16_gauss_0.2,16.0,0.2,sticks_089.tif,14.683045754926054,0.09137080780233,0.6147810816764832,0.1701385974884033,0.5793780200183392
DnCNN,poisson_16_gauss_0.2,16.0,0.2,sticks_090.tif,14.974567175139288,0.1150019874584998,0.6819711327552795,0.1614596098661422,0.5556421771645546
DnCNN,poisson_16_gauss_0.2,16.0,0.2,sticks_091.tif,14.365676354510502,0.0828405097262793,0.5778830051422119,0.1764942109584808,0.5768475621938706
DnCNN,poisson_16_gauss_0.2,16.0,0.2,sticks_092.tif,15.0077368402957,0.1003211301079729,0.6665449738502502,0.1647359281778335,0.5633012816309929
DnCNN,poisson_16_gauss_0.2,16.0,0.2,sticks_093.tif,15.229474268676942,0.1258114431821252,0.6772509813308716,0.1590777337551117,0.5618647754192352
DnCNN,poisson_16_gauss_0.2,16.0,0.2,sticks_095.tif,15.760892839911504,0.1357076631574369,0.7087299227714539,0.1475061327219009,0.5277567319571972
DnCNN,poisson_16_gauss_0.2,16.0,0.2,sticks_096.tif,14.98597384340969,0.116299999922856,0.6565566062927246,0.162827581167221,0.5514849491417408
DnCNN,poisson_16_gauss_0.2,16.0,0.2,sticks_097.tif,14.642044924236208,0.101134212211387,0.6245349049568176,0.1689299046993255,0.5789029389619827
DnCNN,poisson_16_gauss_0.2,16.0,0.2,sticks_098.tif,15.830114944636174,0.1271792556911987,0.69606614112854,0.1470322906970977,0.5475419774651528
DnCNN,poisson_16_gauss_0.2,16.0,0.2,sticks_099.tif,14.79817877277527,0.1039619499566434,0.6539080739021301,0.1670707166194915,0.5686356246471405
DnCNN,poisson_16_gauss_0.2,16.0,0.2,sticks_094.tif,16.304127020746265,0.1158238677064233,0.6942465305328369,0.1434654742479324,0.5403011836111545
DnCNN,poisson_1_gauss_0.05,1.0,0.05,sticks_000.tif,16.998295507795067,0.1069014924206764,0.7526376247406006,0.1240292936563491,0.4849073953926563
DnCNN,poisson_1_gauss_0.05,1.0,0.05,sticks_001.tif,16.99425464754557,0.1264552418454496,0.7586314678192139,0.127185508608818,0.4598845280706882
DnCNN,poisson_1_gauss_0.05,1.0,0.05,sticks_002.tif,16.84127185390342,0.0822483476200511,0.7048999667167664,0.1242396011948585,0.4779947437345981
DnCNN,poisson_1_gauss_0.05,1.0,0.05,sticks_003.tif,17.02882343521595,0.1101508503522251,0.7427865266799927,0.1258605420589447,0.460761821269989
DnCNN,poisson_1_gauss_0.05,1.0,0.05,sticks_004.tif,16.698624860019642,0.1193411554123613,0.7639039158821106,0.1294262111186981,0.4778463259339333
DnCNN,poisson_1_gauss_0.05,1.0,0.05,sticks_005.tif,17.045991898079095,0.0946224682595138,0.7141327261924744,0.1253672242164611,0.4888307511806488
DnCNN,poisson_1_gauss_0.05,1.0,0.05,sticks_007.tif,17.25100435060529,0.1198784872221967,0.7705872654914856,0.1218247041106224,0.4717561997473239
DnCNN,poisson_1_gauss_0.05,1.0,0.05,sticks_009.tif,17.290646530827264,0.0908314459545858,0.7186089158058167,0.1208266168832779,0.4618938729166985
DnCNN,poisson_1_gauss_0.05,1.0,0.05,sticks_008.tif,16.295738259565724,0.120233265001108,0.7405552268028259,0.1303609609603881,0.532670895755291
DnCNN,poisson_1_gauss_0.05,1.0,0.05,sticks_011.tif,16.932726638755064,0.1162870213321719,0.7651984691619873,0.1251424849033355,0.4600248858332634
DnCNN,poisson_1_gauss_0.05,1.0,0.05,sticks_006.tif,16.786698317592432,0.0952082183913535,0.7243367433547974,0.1259877383708953,0.5077563904225826
DnCNN,poisson_1_gauss_0.05,1.0,0.05,sticks_010.tif,16.883776127182163,0.1088196363301164,0.7490025758743286,0.1255584806203842,0.4843806244432926
DnCNN,poisson_1_gauss_0.05,1.0,0.05,sticks_012.tif,17.61951880544252,0.1130979602581621,0.766755223274231,0.1187491044402122,0.4529585719108581
DnCNN,poisson_1_gauss_0.05,1.0,0.05,sticks_016.tif,17.085255898354248,0.1059169059712386,0.7297351956367493,0.125906616449356,0.4501845210790634
DnCNN,poisson_1_gauss_0.05,1.0,0.05,sticks_013.tif,17.816680931780976,0.1205285024530738,0.7643269896507263,0.1151592135429382,0.4278578549623489
DnCNN,poisson_1_gauss_0.05,1.0,0.05,sticks_014.tif,17.58719973932926,0.0944902078316635,0.7478356957435608,0.1161528974771499,0.4813043959438801
DnCNN,poisson_1_gauss_0.05,1.0,0.05,sticks_015.tif,17.63140917772629,0.111879459478761,0.7547183036804199,0.1156660690903663,0.4672420337796211
DnCNN,poisson_1_gauss_0.05,1.0,0.05,sticks_018.tif,17.196044586335915,0.1147854559968821,0.7551892995834351,0.1224559396505355,0.4524036951363087
DnCNN,poisson_1_gauss_0.05,1.0,0.05,sticks_020.tif,17.791845646134682,0.1149125568534779,0.7523623108863831,0.1146108135581016,0.4374461762607097
DnCNN,poisson_1_gauss_0.05,1.0,0.05,sticks_017.tif,16.743174905789438,0.0998932967192924,0.7347871661186218,0.1283807903528213,0.4637052558362484
DnCNN,poisson_1_gauss_0.05,1.0,0.05,sticks_019.tif,16.786413538314466,0.1169278330803163,0.7507820725440979,0.126277282834053,0.4648707449436188
DnCNN,poisson_1_gauss_0.05,1.0,0.05,sticks_021.tif,17.397033918607868,0.1143083197587459,0.7495456337928772,0.119057260453701,0.4565002739429474
DnCNN,poisson_1_gauss_0.05,1.0,0.05,sticks_022.tif,16.696532609376632,0.0964942392445165,0.7273968458175659,0.1302659958600998,0.4794014491140842
DnCNN,poisson_1_gauss_0.05,1.0,0.05,sticks_023.tif,16.924365319761712,0.1258110234392278,0.7761905789375305,0.1252567023038864,0.4714539617300033
DnCNN,poisson_1_gauss_0.05,1.0,0.05,sticks_024.tif,16.95315974236423,0.0957472428681705,0.7240266799926758,0.1288160234689712,0.4736265182495117
DnCNN,poisson_1_gauss_0.05,1.0,0.05,sticks_025.tif,17.497276048696634,0.1226533022657962,0.7843530178070068,0.1191949695348739,0.4328608483076095
DnCNN,poisson_1_gauss_0.05,1.0,0.05,sticks_026.tif,17.04222799720656,0.0991348479924638,0.7199510931968689,0.1241587176918983,0.4857009001076221
DnCNN,poisson_1_gauss_0.05,1.0,0.05,sticks_027.tif,16.992053431045843,0.1308035069834918,0.7697635889053345,0.1273732483386993,0.4499739237129688
DnCNN,poisson_1_gauss_0.05,1.0,0.05,sticks_028.tif,17.368090228917936,0.1033135868890995,0.7182387709617615,0.121152140200138,0.4765406683087348
DnCNN,poisson_1_gauss_0.05,1.0,0.05,sticks_029.tif,17.730050032972176,0.1222722548310243,0.743726372718811,0.1164170131087303,0.4435067720711231
DnCNN,poisson_1_gauss_0.05,1.0,0.05,sticks_030.tif,17.3720156869477,0.1194965710727556,0.7636600732803345,0.1203168481588363,0.4531983405351639
DnCNN,poisson_1_gauss_0.05,1.0,0.05,sticks_032.tif,16.905150126215617,0.1159365871987925,0.7310699224472046,0.1251253336668014,0.4800603285431862
DnCNN,poisson_1_gauss_0.05,1.0,0.05,sticks_031.tif,17.5657187272693,0.1016561782488781,0.7375311255455017,0.1209504380822181,0.4592756427824497
DnCNN,poisson_1_gauss_0.05,1.0,0.05,sticks_033.tif,16.00075610939783,0.1142455376723128,0.7284219861030579,0.1398567408323288,0.5208607666194439
DnCNN,poisson_1_gauss_0.05,1.0,0.05,sticks_034.tif,17.456255052868272,0.1049048827471229,0.7483426928520203,0.120809182524681,0.4584039025008678
DnCNN,poisson_1_gauss_0.05,1.0,0.05,sticks_035.tif,17.33933507702643,0.1164215219794311,0.762583315372467,0.1229941099882125,0.4569265253841877
DnCNN,poisson_1_gauss_0.05,1.0,0.05,sticks_036.tif,17.25383439843991,0.0918590939440188,0.6966221332550049,0.1213106736540794,0.4647318564355373
DnCNN,poisson_1_gauss_0.05,1.0,0.05,sticks_037.tif,17.416864029983703,0.1105724678886144,0.7385789155960083,0.1202421635389328,0.464805905520916
DnCNN,poisson_1_gauss_0.05,1.0,0.05,sticks_038.tif,17.74036995306347,0.0918430696887958,0.7308551669120789,0.1151436790823936,0.4642637208104133
DnCNN,poisson_1_gauss_0.05,1.0,0.05,sticks_040.tif,16.95483730389565,0.1201467214530504,0.7636993527412415,0.1250424832105636,0.470216628909111
DnCNN,poisson_1_gauss_0.05,1.0,0.05,sticks_039.tif,17.15343708246245,0.1144701075621386,0.7724983096122742,0.1197235807776451,0.4837654925882816
DnCNN,poisson_1_gauss_0.05,1.0,0.05,sticks_041.tif,17.000410232875886,0.095029684581178,0.7394990921020508,0.1234275549650192,0.4780177503824234
DnCNN,poisson_1_gauss_0.05,1.0,0.05,sticks_042.tif,16.960933432123188,0.0923617276903979,0.7381154298782349,0.1237125545740127,0.470681395381689
DnCNN,poisson_1_gauss_0.05,1.0,0.05,sticks_043.tif,16.950406734479007,0.1237571630420214,0.765190839767456,0.1244988068938255,0.4711912147700786
DnCNN,poisson_1_gauss_0.05,1.0,0.05,sticks_044.tif,16.9815649592832,0.1271470745351996,0.7594440579414368,0.1241358071565628,0.4669383309781551
DnCNN,poisson_1_gauss_0.05,1.0,0.05,sticks_045.tif,17.93571940261013,0.0986622625819225,0.7496090531349182,0.1144371181726455,0.4523678183555603
DnCNN,poisson_1_gauss_0.05,1.0,0.05,sticks_046.tif,16.881309102496367,0.0840847229120334,0.684291422367096,0.1303007900714874,0.4577490791678428
DnCNN,poisson_1_gauss_0.05,1.0,0.05,sticks_047.tif,17.394834675887285,0.0907981110356975,0.7010339498519897,0.1211342066526413,0.4745857581496239
DnCNN,poisson_1_gauss_0.05,1.0,0.05,sticks_049.tif,17.35865623777981,0.1058715158475606,0.7310476899147034,0.1199147552251815,0.4605719029903412
DnCNN,poisson_1_gauss_0.05,1.0,0.05,sticks_048.tif,17.353167524424407,0.1139923104422522,0.7614978551864624,0.1183199062943458,0.4788316398859024
DnCNN,poisson_1_gauss_0.05,1.0,0.05,sticks_050.tif,16.911269045123575,0.0833740480831462,0.6962924003601074,0.1293079406023025,0.466921641677618
DnCNN,poisson_1_gauss_0.05,1.0,0.05,sticks_051.tif,17.60401688469489,0.1277566393536902,0.7671545743942261,0.1187041997909545,0.437246672809124
DnCNN,poisson_1_gauss_0.05,1.0,0.05,sticks_053.tif,17.05847079475744,0.1177145503999134,0.7514756917953491,0.1248047724366188,0.4587373845279217
DnCNN,poisson_1_gauss_0.05,1.0,0.05,sticks_052.tif,17.306444996907572,0.1136739176881929,0.7628176212310791,0.1202125921845436,0.4516392707824707
DnCNN,poisson_1_gauss_0.05,1.0,0.05,sticks_054.tif,17.359683436161312,0.0993541999595414,0.734882652759552,0.1193858981132507,0.4710897505283355
DnCNN,poisson_1_gauss_0.05,1.0,0.05,sticks_055.tif,17.31356901581586,0.1183614441379156,0.7867808938026428,0.1229157596826553,0.4506156593561172
DnCNN,poisson_1_gauss_0.05,1.0,0.05,sticks_056.tif,17.558057677441738,0.1070734462243237,0.7528854012489319,0.1194862723350524,0.4490438818931579
DnCNN,poisson_1_gauss_0.05,1.0,0.05,sticks_059.tif,16.66471768163959,0.094461575193123,0.7196903228759766,0.1280471980571746,0.4878926336765289
DnCNN,poisson_1_gauss_0.05,1.0,0.05,sticks_058.tif,17.331844018640254,0.1124270857525076,0.755569338798523,0.1207074671983718,0.459647711366415
DnCNN,poisson_1_gauss_0.05,1.0,0.05,sticks_057.tif,17.369301914900387,0.124786032815373,0.7661821842193604,0.1216365471482276,0.4568372897803783
DnCNN,poisson_1_gauss_0.05,1.0,0.05,sticks_060.tif,17.161329238274636,0.0864856669935871,0.7074708938598633,0.1220075339078903,0.4978348046541214
DnCNN,poisson_1_gauss_0.05,1.0,0.05,sticks_063.tif,17.104418617698677,0.1074921663187283,0.7240802645683289,0.1239151582121849,0.4703939199447632
DnCNN,poisson_1_gauss_0.05,1.0,0.05,sticks_061.tif,16.360944061109375,0.1257522556323016,0.7646453976631165,0.1317777335643768,0.4786517955362797
DnCNN,poisson_1_gauss_0.05,1.0,0.05,sticks_062.tif,17.16675953422317,0.0911267231769816,0.7474641799926758,0.1226509809494018,0.464902226626873
DnCNN,poisson_1_gauss_0.05,1.0,0.05,sticks_067.tif,16.353014483813414,0.1168162918530777,0.7468231916427612,0.1334698498249054,0.4938926696777344
DnCNN,poisson_1_gauss_0.05,1.0,0.05,sticks_066.tif,16.738865790706566,0.1125597535672621,0.7408690452575684,0.127823457121849,0.465735001116991
DnCNN,poisson_1_gauss_0.05,1.0,0.05,sticks_065.tif,18.06256726636376,0.1137903532258391,0.7815383672714233,0.1112207993865013,0.442811619490385
DnCNN,poisson_1_gauss_0.05,1.0,0.05,sticks_068.tif,17.06431595493147,0.0959699111407636,0.7125284671783447,0.1233707517385482,0.4750611521303653
DnCNN,poisson_1_gauss_0.05,1.0,0.05,sticks_069.tif,17.251034780245163,0.1138713921045666,0.7455255389213562,0.1228025183081626,0.4635423503816128
DnCNN,poisson_1_gauss_0.05,1.0,0.05,sticks_064.tif,17.784041842978688,0.1034305118503407,0.758955717086792,0.1167472824454307,0.4518032915890216
DnCNN,poisson_1_gauss_0.05,1.0,0.05,sticks_070.tif,16.335065903118434,0.105851218942616,0.723575234413147,0.1338217258453369,0.4967237964272499
DnCNN,poisson_1_gauss_0.05,1.0,0.05,sticks_071.tif,17.218618236849103,0.113949291486414,0.750228226184845,0.1205247864127159,0.4605384923517704
DnCNN,poisson_1_gauss_0.05,1.0,0.05,sticks_072.tif,17.445236551892336,0.095664100985988,0.7342149615287781,0.1183874383568763,0.4787862904369831
DnCNN,poisson_1_gauss_0.05,1.0,0.05,sticks_073.tif,17.269409842689857,0.0998797986483684,0.7351114749908447,0.1228988021612167,0.4599471129477024
DnCNN,poisson_1_gauss_0.05,1.0,0.05,sticks_074.tif,16.453119666182737,0.0979714421942708,0.7203680872917175,0.1343626528978347,0.4855078585445881
DnCNN,poisson_1_gauss_0.05,1.0,0.05,sticks_075.tif,17.425207115718496,0.1201303955360447,0.7535872459411621,0.1203326359391212,0.4564560152590274
DnCNN,poisson_1_gauss_0.05,1.0,0.05,sticks_076.tif,16.654746454663275,0.1132304476006956,0.7478172779083252,0.1293240785598755,0.4892647691071033
DnCNN,poisson_1_gauss_0.05,1.0,0.05,sticks_077.tif,17.309538783178688,0.1202929300308025,0.7813428044319153,0.1243907809257507,0.45154999345541
DnCNN,poisson_1_gauss_0.05,1.0,0.05,sticks_078.tif,17.166443599222095,0.1050873833431247,0.7380272150039673,0.1215210780501365,0.4683537393808364
DnCNN,poisson_1_gauss_0.05,1.0,0.05,sticks_079.tif,17.636114806078748,0.1166502750194883,0.7675773501396179,0.1171801462769508,0.4651781119406223
DnCNN,poisson_1_gauss_0.05,1.0,0.05,sticks_080.tif,16.725175776048257,0.1235974499311462,0.752953052520752,0.1311445534229278,0.4679538384079933
DnCNN,poisson_1_gauss_0.05,1.0,0.05,sticks_081.tif,16.797140523640305,0.1230707983562676,0.7514885663986206,0.1273669302463531,0.4794487334787846
DnCNN,poisson_1_gauss_0.05,1.0,0.05,sticks_082.tif,17.40972606514439,0.1186795981876991,0.7430868744850159,0.1212578415870666,0.4496493719518185
DnCNN,poisson_1_gauss_0.05,1.0,0.05,sticks_084.tif,17.12829049396324,0.1160942342551817,0.770510196685791,0.1232247725129127,0.4637094289064407
DnCNN,poisson_1_gauss_0.05,1.0,0.05,sticks_083.tif,16.061722729060673,0.097563577350222,0.7015626430511475,0.1357516050338745,0.5022142857313157
DnCNN,poisson_1_gauss_0.05,1.0,0.05,sticks_085.tif,17.680504616257043,0.1042019324956881,0.7559529542922974,0.1156827434897422,0.4402599990367889
DnCNN,poisson_1_gauss_0.05,1.0,0.05,sticks_086.tif,16.919438935940995,0.105095432370068,0.7513984441757202,0.1299566179513931,0.4274605438113212
DnCNN,poisson_1_gauss_0.05,1.0,0.05,sticks_088.tif,17.44619668251059,0.1102054197974522,0.7466128468513489,0.1174102574586868,0.4640699565410614
DnCNN,poisson_1_gauss_0.05,1.0,0.05,sticks_087.tif,17.372321318625268,0.1067141803664684,0.7439765930175781,0.1220499724149704,0.443561939895153
DnCNN,poisson_1_gauss_0.05,1.0,0.05,sticks_089.tif,17.236617842542387,0.1037238211622177,0.7264285087585449,0.1214915886521339,0.4641549430787563
DnCNN,poisson_1_gauss_0.05,1.0,0.05,sticks_090.tif,17.2125175887462,0.1197412364749881,0.7627753615379333,0.1207558512687683,0.4675449937582016
DnCNN,poisson_1_gauss_0.05,1.0,0.05,sticks_091.tif,17.594780982781053,0.0990785212370854,0.727114737033844,0.1196051687002182,0.4485170371830463
DnCNN,poisson_1_gauss_0.05,1.0,0.05,sticks_092.tif,16.75210347673627,0.099455233581897,0.7270338535308838,0.1319190710783004,0.4387715026736259
DnCNN,poisson_1_gauss_0.05,1.0,0.05,sticks_093.tif,17.145887362952177,0.1260856943747793,0.7587854266166687,0.1242976635694503,0.4646758995950222
DnCNN,poisson_1_gauss_0.05,1.0,0.05,sticks_095.tif,17.567001685448105,0.1342092869441721,0.7951697111129761,0.1211040243506431,0.4300979495048523
DnCNN,poisson_1_gauss_0.05,1.0,0.05,sticks_096.tif,16.82923389111646,0.1168795768715324,0.7381970286369324,0.1260288953781128,0.4697647295892239
DnCNN,poisson_1_gauss_0.05,1.0,0.05,sticks_097.tif,17.038676408886214,0.1085758901020707,0.7611773014068604,0.1256660670042038,0.4693878836929798
DnCNN,poisson_1_gauss_0.05,1.0,0.05,sticks_098.tif,16.97758873310831,0.1207895820942918,0.7657444477081299,0.1273861229419708,0.4482402950525284
DnCNN,poisson_1_gauss_0.05,1.0,0.05,sticks_099.tif,17.111432734458475,0.1088564980699658,0.7321804761886597,0.1244018673896789,0.4626012615859508
DnCNN,poisson_1_gauss_0.05,1.0,0.05,sticks_094.tif,17.123796175650607,0.1056892429484729,0.7300756573677063,0.1274056881666183,0.422120888531208
DnCNN,poisson_1_gauss_0.1,1.0,0.1,sticks_000.tif,15.91250903609281,0.0974698307749674,0.7090761065483093,0.1397533565759658,0.5162078410387039
DnCNN,poisson_1_gauss_0.1,1.0,0.1,sticks_001.tif,16.38834623570205,0.1234940162260095,0.7296221852302551,0.1345372647047042,0.4964634828269482
DnCNN,poisson_1_gauss_0.1,1.0,0.1,sticks_002.tif,16.432948118755117,0.0772102890804637,0.6619365215301514,0.1324519664049148,0.5145424611866474
DnCNN,poisson_1_gauss_0.1,1.0,0.1,sticks_003.tif,16.19681901553679,0.1019609235603507,0.6991701126098633,0.1385413110256195,0.4962888114154339
DnCNN,poisson_1_gauss_0.1,1.0,0.1,sticks_004.tif,15.77976364410822,0.1117080942922121,0.7281875014305115,0.1428643763065338,0.5072184138000011
DnCNN,poisson_1_gauss_0.1,1.0,0.1,sticks_005.tif,16.254981084119834,0.0890292241482097,0.6851997971534729,0.1358061730861663,0.522144865244627
DnCNN,poisson_1_gauss_0.1,1.0,0.1,sticks_007.tif,16.626434705559653,0.1155422238100974,0.7412370443344116,0.1295896023511886,0.5084498763084412
DnCNN,poisson_1_gauss_0.1,1.0,0.1,sticks_009.tif,16.795661130841854,0.0905347575820972,0.7234529852867126,0.1272018849849701,0.5037162788212299
DnCNN,poisson_1_gauss_0.1,1.0,0.1,sticks_008.tif,15.561456277649002,0.1136955511411185,0.7091804146766663,0.1442937850952148,0.5447503559291362
DnCNN,poisson_1_gauss_0.1,1.0,0.1,sticks_011.tif,16.962869455994536,0.1187281375697558,0.7629254460334778,0.1258567571640014,0.4979240156710148
DnCNN,poisson_1_gauss_0.1,1.0,0.1,sticks_006.tif,15.992489156833432,0.0908281158460041,0.691817581653595,0.1383291780948639,0.5323001563549041
DnCNN,poisson_1_gauss_0.1,1.0,0.1,sticks_010.tif,15.981544225748372,0.1028020787253622,0.7267909049987793,0.1392682492733001,0.5161070175468921
DnCNN,poisson_1_gauss_0.1,1.0,0.1,sticks_012.tif,17.078286508597046,0.105950854758541,0.7235979437828064,0.1287263631820678,0.4929908700287342
DnCNN,poisson_1_gauss_0.1,1.0,0.1,sticks_016.tif,16.2809006511962,0.1025480451493576,0.7237502932548523,0.1369979679584503,0.4913617238402367
DnCNN,poisson_1_gauss_0.1,1.0,0.1,sticks_013.tif,17.252719336631717,0.1121763324906114,0.7385866045951843,0.1258626729249954,0.4719899080693722
DnCNN,poisson_1_gauss_0.1,1.0,0.1,sticks_014.tif,16.854581863085084,0.0874567006767773,0.7088915705680847,0.1268622130155563,0.5200542859733105
DnCNN,poisson_1_gauss_0.1,1.0,0.1,sticks_015.tif,16.323773443215217,0.1014831893090922,0.7214560508728027,0.1366344094276428,0.5023734226822854
DnCNN,poisson_1_gauss_0.1,1.0,0.1,sticks_018.tif,16.279952794550915,0.1052989248767587,0.7144901156425476,0.1374788582324981,0.4928056582808494
DnCNN,poisson_1_gauss_0.1,1.0,0.1,sticks_020.tif,16.99979726851921,0.1094885457560851,0.71810382604599,0.1263379901647567,0.4848547719419002
DnCNN,poisson_1_gauss_0.1,1.0,0.1,sticks_017.tif,16.642940191325167,0.101216467413958,0.7235292792320251,0.1306070387363433,0.5038365595042705
DnCNN,poisson_1_gauss_0.1,1.0,0.1,sticks_019.tif,16.189411111959284,0.1111371523425617,0.7182778716087341,0.135816603899002,0.4953304462134838
DnCNN,poisson_1_gauss_0.1,1.0,0.1,sticks_021.tif,16.823754334400114,0.1087581460945547,0.7321850061416626,0.1275879293680191,0.4922594465315342
DnCNN,poisson_1_gauss_0.1,1.0,0.1,sticks_022.tif,15.974288598517212,0.0943429612607307,0.694506049156189,0.1410877406597137,0.5133563831448555
DnCNN,poisson_1_gauss_0.1,1.0,0.1,sticks_023.tif,16.260389680116635,0.118462405423331,0.7056546807289124,0.1380571275949478,0.49750482365489
DnCNN,poisson_1_gauss_0.1,1.0,0.1,sticks_024.tif,16.17354138900287,0.0962902119673053,0.707144558429718,0.13656647503376,0.511199613660574
DnCNN,poisson_1_gauss_0.1,1.0,0.1,sticks_025.tif,16.88039010311192,0.1188843327970438,0.7579502463340759,0.1285269558429718,0.4763428322970867
DnCNN,poisson_1_gauss_0.1,1.0,0.1,sticks_026.tif,16.395678849611603,0.0992741090562005,0.7025279402732849,0.1319023966789245,0.5173783369362355
DnCNN,poisson_1_gauss_0.1,1.0,0.1,sticks_027.tif,16.4021346594761,0.1321253038459603,0.7564702033996582,0.1367404758930206,0.4883322134613991
DnCNN,poisson_1_gauss_0.1,1.0,0.1,sticks_028.tif,16.63574296632239,0.0999332347208665,0.7171798944473267,0.1306559890508651,0.5139772586524487
DnCNN,poisson_1_gauss_0.1,1.0,0.1,sticks_029.tif,17.108740189847502,0.1185774631192987,0.7456333637237549,0.1253487169742584,0.4904096901416778
DnCNN,poisson_1_gauss_0.1,1.0,0.1,sticks_030.tif,17.214250954102305,0.1175020483821433,0.7454882264137268,0.1233102083206176,0.4947878696024418
DnCNN,poisson_1_gauss_0.1,1.0,0.1,sticks_032.tif,16.100005276036566,0.114044456213946,0.7286494374275208,0.1374491751194,0.5112616263329983
DnCNN,poisson_1_gauss_0.1,1.0,0.1,sticks_031.tif,16.935728754035154,0.0985832538639211,0.7144867181777954,0.12850421667099,0.5037728026509285
DnCNN,poisson_1_gauss_0.1,1.0,0.1,sticks_033.tif,15.043583046850276,0.1075032389889508,0.6888209581375122,0.1546699106693267,0.5322354182600975
DnCNN,poisson_1_gauss_0.1,1.0,0.1,sticks_034.tif,16.573011864123362,0.1021307859382892,0.7222514152526855,0.1312511265277862,0.4976786769926548
DnCNN,poisson_1_gauss_0.1,1.0,0.1,sticks_035.tif,16.371621962204284,0.1088885041783231,0.7306050062179565,0.1357578486204147,0.4955302938818932
DnCNN,poisson_1_gauss_0.1,1.0,0.1,sticks_036.tif,16.544640125892176,0.0884940901836675,0.6906664371490479,0.1310952752828598,0.5079639680683613
DnCNN,poisson_1_gauss_0.1,1.0,0.1,sticks_037.tif,16.4823595364117,0.1022570270106408,0.6924858093261719,0.1346099227666854,0.5026426687836647
DnCNN,poisson_1_gauss_0.1,1.0,0.1,sticks_038.tif,17.150026717774132,0.083823125298852,0.7091730833053589,0.1260065287351608,0.5078229740262031
DnCNN,poisson_1_gauss_0.1,1.0,0.1,sticks_040.tif,15.598042922515216,0.1081298638772897,0.695057213306427,0.1454632729291916,0.5002891018986702
DnCNN,poisson_1_gauss_0.1,1.0,0.1,sticks_039.tif,16.65064592424348,0.1080389945923623,0.745786190032959,0.1298970282077789,0.5140897862613201
DnCNN,poisson_1_gauss_0.1,1.0,0.1,sticks_041.tif,16.365634467209617,0.0913524442758977,0.713101327419281,0.1312268674373626,0.5126480892300606
DnCNN,poisson_1_gauss_0.1,1.0,0.1,sticks_042.tif,16.59029332074945,0.0853716982976442,0.6875865459442139,0.1308309882879257,0.5052488096058368
DnCNN,poisson_1_gauss_0.1,1.0,0.1,sticks_043.tif,16.035969914016583,0.1140950239628667,0.7277973890304565,0.1407807320356369,0.5040805257856846
DnCNN,poisson_1_gauss_0.1,1.0,0.1,sticks_044.tif,16.027799056743085,0.1173454723985122,0.7238831520080566,0.1387750208377838,0.5041094280779361
DnCNN,poisson_1_gauss_0.1,1.0,0.1,sticks_045.tif,16.868538335829292,0.0907435275838344,0.7298956513404846,0.1318049281835556,0.4970359340310096
DnCNN,poisson_1_gauss_0.1,1.0,0.1,sticks_046.tif,16.866226047627478,0.0845441760387482,0.6938994526863098,0.1295440346002578,0.5077206537127494
DnCNN,poisson_1_gauss_0.1,1.0,0.1,sticks_047.tif,16.68473068034547,0.0869658820838753,0.6947024464607239,0.1309845745563507,0.5145389415323735
DnCNN,poisson_1_gauss_0.1,1.0,0.1,sticks_049.tif,16.860057964745604,0.1004078149600445,0.7125771641731262,0.1264388412237167,0.5016227930784225
DnCNN,poisson_1_gauss_0.1,1.0,0.1,sticks_048.tif,16.355886835653042,0.1056555263387171,0.7271910309791565,0.1326609700918197,0.511288446187973
DnCNN,poisson_1_gauss_0.1,1.0,0.1,sticks_050.tif,16.41181479019105,0.0846431241252254,0.7081128358840942,0.134261205792427,0.5104939110577107
DnCNN,poisson_1_gauss_0.1,1.0,0.1,sticks_051.tif,17.405256312766724,0.1238665815073837,0.7481335401535034,0.1216591820120811,0.4831448629498481
DnCNN,poisson_1_gauss_0.1,1.0,0.1,sticks_053.tif,16.424127465574493,0.1151479787466634,0.7351782321929932,0.1340288370847702,0.4919852517545223
DnCNN,poisson_1_gauss_0.1,1.0,0.1,sticks_052.tif,16.493660510154196,0.1048966946472492,0.7365475296974182,0.1338559836149215,0.487025886029005
DnCNN,poisson_1_gauss_0.1,1.0,0.1,sticks_054.tif,16.424721844588092,0.0869885858223656,0.6867654919624329,0.1341874301433563,0.5119555778801441
DnCNN,poisson_1_gauss_0.1,1.0,0.1,sticks_055.tif,16.662871854567555,0.1108489700305053,0.7588722705841064,0.1329549252986908,0.4850604929029941
DnCNN,poisson_1_gauss_0.1,1.0,0.1,sticks_056.tif,17.167628699610894,0.1062697713367629,0.7317669987678528,0.1239152327179908,0.4933099649846554
DnCNN,poisson_1_gauss_0.1,1.0,0.1,sticks_059.tif,16.409281997042676,0.090483453567467,0.697616457939148,0.134849801659584,0.5207091711461544
DnCNN,poisson_1_gauss_0.1,1.0,0.1,sticks_058.tif,16.915174036513942,0.1097535205893038,0.7246038317680359,0.1289817094802856,0.49260820671916
DnCNN,poisson_1_gauss_0.1,1.0,0.1,sticks_057.tif,16.758067741066338,0.1181861277795398,0.7471140623092651,0.1280463933944702,0.4966521583497524
DnCNN,poisson_1_gauss_0.1,1.0,0.1,sticks_060.tif,16.167116879995053,0.0805359931051127,0.6554127335548401,0.1377746313810348,0.5312861129641533
DnCNN,poisson_1_gauss_0.1,1.0,0.1,sticks_063.tif,16.525224681329686,0.1040952182231347,0.7283748984336853,0.133037656545639,0.504169250279665
DnCNN,poisson_1_gauss_0.1,1.0,0.1,sticks_061.tif,15.55731357778406,0.1150877272288003,0.7219577431678772,0.1475821435451507,0.5030559539794922
DnCNN,poisson_1_gauss_0.1,1.0,0.1,sticks_062.tif,16.735034017771117,0.0873921595044679,0.7126448750495911,0.1291263103485107,0.5090615898370743
DnCNN,poisson_1_gauss_0.1,1.0,0.1,sticks_067.tif,15.823967677733863,0.1140348489214016,0.7236893177032471,0.1421904414892196,0.5192929454147815
DnCNN,poisson_1_gauss_0.1,1.0,0.1,sticks_066.tif,16.558307269480316,0.1136054778476438,0.7306398153305054,0.131560131907463,0.4973548181355
DnCNN,poisson_1_gauss_0.1,1.0,0.1,sticks_065.tif,17.04061031367131,0.106661137699055,0.7404453754425049,0.1253008097410202,0.4846632100641727
DnCNN,poisson_1_gauss_0.1,1.0,0.1,sticks_068.tif,16.920842921333122,0.0943952200258729,0.7109861373901367,0.1283470392227172,0.5174381680786609
DnCNN,poisson_1_gauss_0.1,1.0,0.1,sticks_069.tif,16.67886453875245,0.1099600956545317,0.7391217947006226,0.131173625588417,0.4978034161031246
DnCNN,poisson_1_gauss_0.1,1.0,0.1,sticks_064.tif,17.164103648978887,0.0999935522308743,0.7278736233711243,0.1255088746547699,0.495849622040987
DnCNN,poisson_1_gauss_0.1,1.0,0.1,sticks_070.tif,15.712575814639226,0.1049779921071698,0.7214099168777466,0.142933189868927,0.5273805752396583
DnCNN,poisson_1_gauss_0.1,1.0,0.1,sticks_071.tif,16.84275324168606,0.1139119729333401,0.7417114973068237,0.1260037571191787,0.4994099341332912
DnCNN,poisson_1_gauss_0.1,1.0,0.1,sticks_072.tif,16.805630851168576,0.0926322465835655,0.7134813070297241,0.1276350617408752,0.5190288484096527
DnCNN,poisson_1_gauss_0.1,1.0,0.1,sticks_073.tif,16.411870715567616,0.0971263867593246,0.7098433971405029,0.1337410360574722,0.5066834978759289
DnCNN,poisson_1_gauss_0.1,1.0,0.1,sticks_074.tif,16.123914797732862,0.0968359221826764,0.6990166902542114,0.1377343088388443,0.5207500346004963
DnCNN,poisson_1_gauss_0.1,1.0,0.1,sticks_075.tif,16.75174168066067,0.114590732220863,0.7334038615226746,0.1320791244506836,0.4930712662637234
DnCNN,poisson_1_gauss_0.1,1.0,0.1,sticks_076.tif,16.01302637765864,0.1123768187523907,0.7319947481155396,0.1392193138599395,0.5188981048762799
DnCNN,poisson_1_gauss_0.1,1.0,0.1,sticks_077.tif,16.443168440978088,0.1158538996990549,0.7462822198867798,0.1346233785152435,0.4897841118276119
DnCNN,poisson_1_gauss_0.1,1.0,0.1,sticks_078.tif,16.906739045524922,0.1013348602706549,0.7287439107894897,0.1266462504863739,0.4998612657189369
DnCNN,poisson_1_gauss_0.1,1.0,0.1,sticks_079.tif,16.680387119680468,0.1111313311573845,0.7363177537918091,0.1313472092151641,0.5017301432788372
DnCNN,poisson_1_gauss_0.1,1.0,0.1,sticks_080.tif,16.769751458434197,0.1280723992494425,0.7469887137413025,0.1288978457450866,0.4954285122454166
DnCNN,poisson_1_gauss_0.1,1.0,0.1,sticks_081.tif,16.344172232916154,0.1201891164790583,0.7271273732185364,0.1361791789531707,0.5072013683617115
DnCNN,poisson_1_gauss_0.1,1.0,0.1,sticks_082.tif,17.1692491682549,0.119874707238623,0.7444878220558167,0.123686097562313,0.4881156094372272
DnCNN,poisson_1_gauss_0.1,1.0,0.1,sticks_084.tif,16.572065637077326,0.1116330538731435,0.7369532585144043,0.1325465589761734,0.4972835451364517
DnCNN,poisson_1_gauss_0.1,1.0,0.1,sticks_083.tif,15.979117166005745,0.0952109751245649,0.6982452869415283,0.1408306956291198,0.5224667869508266
DnCNN,poisson_1_gauss_0.1,1.0,0.1,sticks_085.tif,16.303676676997142,0.0949018349450938,0.6872037053108215,0.1354893147945404,0.4800719529390335
DnCNN,poisson_1_gauss_0.1,1.0,0.1,sticks_086.tif,16.97640192774333,0.1062796683118114,0.7453051805496216,0.1278916001319885,0.4759038761258125
DnCNN,poisson_1_gauss_0.1,1.0,0.1,sticks_088.tif,16.24107112222521,0.0979257375842594,0.703212320804596,0.1388014703989029,0.4999158799648285
DnCNN,poisson_1_gauss_0.1,1.0,0.1,sticks_087.tif,16.606031088585237,0.1017942495112759,0.7104530334472656,0.1307676434516906,0.4871003568172455
DnCNN,poisson_1_gauss_0.1,1.0,0.1,sticks_089.tif,16.88076024319348,0.1042663047035866,0.7281023859977722,0.1251340806484222,0.5082094565033912
DnCNN,poisson_1_gauss_0.1,1.0,0.1,sticks_090.tif,16.089043959684556,0.1104615362850935,0.7141982316970825,0.1376460492610931,0.503826416283846
DnCNN,poisson_1_gauss_0.1,1.0,0.1,sticks_091.tif,16.831628269000344,0.0926023280970157,0.7011764049530029,0.1295348107814788,0.4966295063495636
DnCNN,poisson_1_gauss_0.1,1.0,0.1,sticks_092.tif,16.91023674382383,0.102583252642172,0.7314043641090393,0.1290924400091171,0.4876490958034992
DnCNN,poisson_1_gauss_0.1,1.0,0.1,sticks_093.tif,16.63350275322181,0.1239636042443365,0.739258885383606,0.1311220824718475,0.4975376442074776
DnCNN,poisson_1_gauss_0.1,1.0,0.1,sticks_095.tif,16.537562583232884,0.1250880360865932,0.7425742149353027,0.137867733836174,0.4697249583899975
DnCNN,poisson_1_gauss_0.1,1.0,0.1,sticks_096.tif,16.292152836072905,0.1157146429260116,0.7344000339508057,0.1348407715559005,0.5019066773355008
DnCNN,poisson_1_gauss_0.1,1.0,0.1,sticks_097.tif,16.591046448743906,0.1086507843912205,0.7373547554016113,0.1318030655384063,0.5098958440124989
DnCNN,poisson_1_gauss_0.1,1.0,0.1,sticks_098.tif,16.956340847433044,0.1217249206502292,0.7474587559700012,0.1279869824647903,0.4863305404782295
DnCNN,poisson_1_gauss_0.1,1.0,0.1,sticks_099.tif,16.09812001999459,0.1025255143029029,0.7088449001312256,0.1394084990024566,0.502349066734314
DnCNN,poisson_1_gauss_0.1,1.0,0.1,sticks_094.tif,17.149180349004986,0.1054380039303515,0.7167350053787231,0.1277358829975128,0.4722410097718238
DnCNN,poisson_1_gauss_0.2,1.0,0.2,sticks_000.tif,14.508618012689386,0.0812146823862238,0.6616345643997192,0.1750328093767166,0.5655929058790207
DnCNN,poisson_1_gauss_0.2,1.0,0.2,sticks_001.tif,15.093091692367452,0.1102615461324643,0.7007244229316711,0.1644393801689148,0.5494837924838066
DnCNN,poisson_1_gauss_0.2,1.0,0.2,sticks_002.tif,15.420884490523148,0.069969103795759,0.6449187397956848,0.1559260189533233,0.5707152098417282
DnCNN,poisson_1_gauss_0.2,1.0,0.2,sticks_003.tif,14.880716150218518,0.0887006296517735,0.6648306846618652,0.1672004163265228,0.5558826506137848
DnCNN,poisson_1_gauss_0.2,1.0,0.2,sticks_004.tif,15.24257209333493,0.09788127327373,0.6887140870094299,0.1612806022167205,0.5594407349824906
DnCNN,poisson_1_gauss_0.2,1.0,0.2,sticks_005.tif,15.065290474758228,0.0756424881319972,0.6416218280792236,0.16482013463974,0.5712121933698654
DnCNN,poisson_1_gauss_0.2,1.0,0.2,sticks_007.tif,15.36112426864512,0.1005099844981655,0.6984784603118896,0.1589264869689941,0.5668190613389015
DnCNN,poisson_1_gauss_0.2,1.0,0.2,sticks_009.tif,15.584706578394252,0.0735826095167838,0.6566992402076721,0.1556878387928009,0.563363590836525
DnCNN,poisson_1_gauss_0.2,1.0,0.2,sticks_008.tif,14.688078841459166,0.1001518393989252,0.6807486414909363,0.1698737740516662,0.5791549101471901
DnCNN,poisson_1_gauss_0.2,1.0,0.2,sticks_011.tif,15.24759672510732,0.1013014083146523,0.7023773789405823,0.159646451473236,0.5592460289597512
DnCNN,poisson_1_gauss_0.2,1.0,0.2,sticks_006.tif,14.632917391399316,0.0748025263247181,0.6485633254051208,0.1717184484004974,0.5803132265806198
DnCNN,poisson_1_gauss_0.2,1.0,0.2,sticks_010.tif,15.012790707092943,0.089627327081644,0.6808165311813354,0.163876935839653,0.5661866918206215
DnCNN,poisson_1_gauss_0.2,1.0,0.2,sticks_012.tif,15.373347374201067,0.0942657255036996,0.6873826384544373,0.1581722050905227,0.5562769532203674
DnCNN,poisson_1_gauss_0.2,1.0,0.2,sticks_016.tif,14.558139207866178,0.0866875164783982,0.6652615666389465,0.1720868200063705,0.5510975763201713
DnCNN,poisson_1_gauss_0.2,1.0,0.2,sticks_013.tif,15.811702156628984,0.0993701581327175,0.694503128528595,0.1528919637203216,0.5380954287946225
DnCNN,poisson_1_gauss_0.2,1.0,0.2,sticks_014.tif,15.216999647013711,0.0714256484778708,0.6519922018051147,0.1600422114133834,0.5722731649875641
DnCNN,poisson_1_gauss_0.2,1.0,0.2,sticks_015.tif,14.976446533178876,0.0882439791895391,0.6759350299835205,0.166598379611969,0.5553968071937561
DnCNN,poisson_1_gauss_0.2,1.0,0.2,sticks_018.tif,14.980576342368686,0.091202639360911,0.6826079487800598,0.1654714941978454,0.5536530211567878
DnCNN,poisson_1_gauss_0.2,1.0,0.2,sticks_020.tif,16.099763866322782,0.0972206370132165,0.6945873498916626,0.1474764198064804,0.5492194071412086
DnCNN,poisson_1_gauss_0.2,1.0,0.2,sticks_017.tif,15.336337752003168,0.0888898037718024,0.6803439855575562,0.1571150124073028,0.5629273310303688
DnCNN,poisson_1_gauss_0.2,1.0,0.2,sticks_019.tif,15.473836574804922,0.098710559971745,0.6926318407058716,0.1571591049432754,0.549331571906805
DnCNN,poisson_1_gauss_0.2,1.0,0.2,sticks_021.tif,15.433116856376715,0.0917363187891312,0.6755672097206116,0.1593749672174453,0.5537670493125916
DnCNN,poisson_1_gauss_0.2,1.0,0.2,sticks_022.tif,15.123106147863307,0.080295546794741,0.6338645219802856,0.1646120697259903,0.5618352621793747
DnCNN,poisson_1_gauss_0.2,1.0,0.2,sticks_023.tif,15.349919935270869,0.1088936160642059,0.7129176259040833,0.1604577749967575,0.5512968666851521
DnCNN,poisson_1_gauss_0.2,1.0,0.2,sticks_024.tif,15.11547364988502,0.0792706300531137,0.6472601890563965,0.1643683463335037,0.5704734861850739
DnCNN,poisson_1_gauss_0.2,1.0,0.2,sticks_025.tif,15.756131478365976,0.1022742217603238,0.7076367735862732,0.1522315591573715,0.5450580395758152
DnCNN,poisson_1_gauss_0.2,1.0,0.2,sticks_026.tif,15.17042493837598,0.0833192610069198,0.6569953560829163,0.1621895879507064,0.5677049607038498
DnCNN,poisson_1_gauss_0.2,1.0,0.2,sticks_027.tif,15.203465760747692,0.1120480468069979,0.7079958319664001,0.1640258580446243,0.5462245970964432
DnCNN,poisson_1_gauss_0.2,1.0,0.2,sticks_028.tif,14.981308325708609,0.0834219269177146,0.6648553013801575,0.1654416471719741,0.5753407448530197
DnCNN,poisson_1_gauss_0.2,1.0,0.2,sticks_029.tif,15.585087828235926,0.1030289561730298,0.6971352100372314,0.1563911736011505,0.5585011765360832
DnCNN,poisson_1_gauss_0.2,1.0,0.2,sticks_030.tif,15.070171640459732,0.0954161381829741,0.6823670864105225,0.1641788482666015,0.5493017867207527
DnCNN,poisson_1_gauss_0.2,1.0,0.2,sticks_032.tif,15.204044263708866,0.0972656826370397,0.6748468279838562,0.1622274369001388,0.5578784123063087
DnCNN,poisson_1_gauss_0.2,1.0,0.2,sticks_031.tif,15.62539292022458,0.0861288301147752,0.66433185338974,0.1548535227775573,0.562412191927433
DnCNN,poisson_1_gauss_0.2,1.0,0.2,sticks_033.tif,14.160678986995364,0.0956179082852714,0.6489381790161133,0.1808644831180572,0.5738855242729187
DnCNN,poisson_1_gauss_0.2,1.0,0.2,sticks_034.tif,15.878239697458303,0.089038835046093,0.6859657764434814,0.1518284976482391,0.5524136394262313
DnCNN,poisson_1_gauss_0.2,1.0,0.2,sticks_035.tif,15.037822038865832,0.0926978163307764,0.6764732599258423,0.1661113947629928,0.551425001770258
DnCNN,poisson_1_gauss_0.2,1.0,0.2,sticks_036.tif,15.213649989028566,0.0759554983353267,0.6430162191390991,0.1610365808010101,0.5686197802424431
DnCNN,poisson_1_gauss_0.2,1.0,0.2,sticks_037.tif,15.095413739070157,0.0876855548734742,0.6583375334739685,0.1642511487007141,0.5628749236464501
DnCNN,poisson_1_gauss_0.2,1.0,0.2,sticks_038.tif,15.574228576058886,0.0700500579067352,0.6588937044143677,0.1554267108440399,0.574917982518673
DnCNN,poisson_1_gauss_0.2,1.0,0.2,sticks_040.tif,15.20322238715442,0.1018017678450724,0.6928575038909912,0.1623267829418182,0.5568706169724464
DnCNN,poisson_1_gauss_0.2,1.0,0.2,sticks_039.tif,15.00032562042521,0.0913698868775161,0.6750213503837585,0.1648907959461212,0.567805378139019
DnCNN,poisson_1_gauss_0.2,1.0,0.2,sticks_041.tif,15.259811435411718,0.0780792200429807,0.6658995747566223,0.159421294927597,0.5702088937163353
DnCNN,poisson_1_gauss_0.2,1.0,0.2,sticks_042.tif,14.8693519159018,0.0680517092599255,0.6347194910049438,0.1696374714374542,0.5642789363861084
DnCNN,poisson_1_gauss_0.2,1.0,0.2,sticks_043.tif,15.409832529814576,0.1057679650029525,0.7054668664932251,0.1579351723194122,0.5539925031363964
DnCNN,poisson_1_gauss_0.2,1.0,0.2,sticks_044.tif,14.697577628675996,0.0980465265449039,0.673429012298584,0.1709871590137481,0.5556174881756306
DnCNN,poisson_1_gauss_0.2,1.0,0.2,sticks_045.tif,15.184711696485154,0.0757698498158444,0.6677313446998596,0.1642013490200042,0.5601664096117019
DnCNN,poisson_1_gauss_0.2,1.0,0.2,sticks_046.tif,15.314974648756534,0.0724989970594942,0.6571041345596313,0.1622713208198547,0.5680497825145722
DnCNN,poisson_1_gauss_0.2,1.0,0.2,sticks_047.tif,15.497775667901983,0.0737082942202846,0.6528623700141907,0.1580067276954651,0.5701471760869026
DnCNN,poisson_1_gauss_0.2,1.0,0.2,sticks_049.tif,15.280662094269765,0.0840586373177671,0.6625280976295471,0.1622493118047714,0.5603906005620957
DnCNN,poisson_1_gauss_0.2,1.0,0.2,sticks_048.tif,15.668030544954648,0.092967820136059,0.6846296191215515,0.1534684896469116,0.5633407607674599
DnCNN,poisson_1_gauss_0.2,1.0,0.2,sticks_050.tif,15.088523641785184,0.0714574588043184,0.6468387842178345,0.1633068621158599,0.5759883746504784
DnCNN,poisson_1_gauss_0.2,1.0,0.2,sticks_051.tif,15.6742877044481,0.1061331864026308,0.7063726186752319,0.1556213200092315,0.5432430699467659
DnCNN,poisson_1_gauss_0.2,1.0,0.2,sticks_053.tif,15.236804276031371,0.1009922973299806,0.6931535005569458,0.1618267297744751,0.5521561592817307
DnCNN,poisson_1_gauss_0.2,1.0,0.2,sticks_052.tif,15.364896134847912,0.0931545859966949,0.6801809668540955,0.1585414707660675,0.5498081095516681
DnCNN,poisson_1_gauss_0.2,1.0,0.2,sticks_054.tif,14.792743932696634,0.0736920761951689,0.6375230550765991,0.1695543229579925,0.5680664926767349
DnCNN,poisson_1_gauss_0.2,1.0,0.2,sticks_055.tif,15.5045247234706,0.0985704289809043,0.7144817113876343,0.1562998443841934,0.5447213426232338
DnCNN,poisson_1_gauss_0.2,1.0,0.2,sticks_056.tif,15.705417293358188,0.0887560776886032,0.6806628108024597,0.1550496071577072,0.5589571058750152
DnCNN,poisson_1_gauss_0.2,1.0,0.2,sticks_059.tif,14.670639394528738,0.0750038678858271,0.6454281806945801,0.172669380903244,0.5721315622329712
DnCNN,poisson_1_gauss_0.2,1.0,0.2,sticks_058.tif,15.236508823983218,0.090420102176992,0.6742536425590515,0.1615470200777053,0.550371690094471
DnCNN,poisson_1_gauss_0.2,1.0,0.2,sticks_057.tif,15.60218874254462,0.1022399193401524,0.6969677805900574,0.1555235534906387,0.5528491087257862
DnCNN,poisson_1_gauss_0.2,1.0,0.2,sticks_060.tif,14.540696564504374,0.0664043281574749,0.5872693061828613,0.1731886714696884,0.5799994796514512
DnCNN,poisson_1_gauss_0.2,1.0,0.2,sticks_063.tif,15.655144524850243,0.0937665278001061,0.6866229772567749,0.1558451950550079,0.5603096798062325
DnCNN,poisson_1_gauss_0.2,1.0,0.2,sticks_061.tif,14.932898064230638,0.1052586199999862,0.6874542832374573,0.1659708768129348,0.5563879281282424
DnCNN,poisson_1_gauss_0.2,1.0,0.2,sticks_062.tif,15.241092495368845,0.0735407574512181,0.654493510723114,0.1606653034687042,0.5677091524004936
DnCNN,poisson_1_gauss_0.2,1.0,0.2,sticks_067.tif,14.96187442703317,0.0998152738427803,0.6770641207695007,0.166351169347763,0.5650920972228051
DnCNN,poisson_1_gauss_0.2,1.0,0.2,sticks_066.tif,15.02754208691563,0.0943226492784375,0.6788754463195801,0.1642098873853683,0.5577117830514908
DnCNN,poisson_1_gauss_0.2,1.0,0.2,sticks_065.tif,15.510070731057384,0.0889287950866564,0.6970500349998474,0.155670166015625,0.5479261435568332
DnCNN,poisson_1_gauss_0.2,1.0,0.2,sticks_068.tif,15.457541053947148,0.0806566429370644,0.6649879813194275,0.1575089991092682,0.5724542558193206
DnCNN,poisson_1_gauss_0.2,1.0,0.2,sticks_069.tif,15.482008093437145,0.0954171014004391,0.6937517523765564,0.1582758724689483,0.5574208796024323
DnCNN,poisson_1_gauss_0.2,1.0,0.2,sticks_064.tif,15.546004332465984,0.0871106323708172,0.6870962977409363,0.1542125642299652,0.5627658605575562
DnCNN,poisson_1_gauss_0.2,1.0,0.2,sticks_070.tif,14.38553755994767,0.0860115342291022,0.6480529308319092,0.1777980476617813,0.5702901870012284
DnCNN,poisson_1_gauss_0.2,1.0,0.2,sticks_071.tif,15.304184052457938,0.0959417963136964,0.6889622211456299,0.1597568541765213,0.5561640836298466
DnCNN,poisson_1_gauss_0.2,1.0,0.2,sticks_072.tif,14.821455816417258,0.0748022675014384,0.6454703211784363,0.1677491813898086,0.5748354911804199
DnCNN,poisson_1_gauss_0.2,1.0,0.2,sticks_073.tif,15.02956616235613,0.0822245708218976,0.676884651184082,0.1649124324321746,0.5665484055876732
DnCNN,poisson_1_gauss_0.2,1.0,0.2,sticks_074.tif,14.866931925732525,0.0815061326200491,0.6467059850692749,0.1685698926448822,0.5744139596819877
DnCNN,poisson_1_gauss_0.2,1.0,0.2,sticks_075.tif,14.8940847108711,0.0978189200368427,0.6820032000541687,0.1668173819780349,0.548537303507328
DnCNN,poisson_1_gauss_0.2,1.0,0.2,sticks_076.tif,14.979770060248514,0.0966753952367378,0.6845276951789856,0.165812462568283,0.5672571927309036
DnCNN,poisson_1_gauss_0.2,1.0,0.2,sticks_077.tif,15.117050956486782,0.0997744229761337,0.6924768090248108,0.1646706014871597,0.5464112795889378
DnCNN,poisson_1_gauss_0.2,1.0,0.2,sticks_078.tif,15.122650029080429,0.0858839934061189,0.6684206128120422,0.1605041325092315,0.5577022969722748
DnCNN,poisson_1_gauss_0.2,1.0,0.2,sticks_079.tif,15.35548801733846,0.0970790845517605,0.6813092827796936,0.1591309905052185,0.5584274783730507
DnCNN,poisson_1_gauss_0.2,1.0,0.2,sticks_080.tif,15.086540726843976,0.1087788929156001,0.6982872486114502,0.164057970046997,0.5498249590396881
DnCNN,poisson_1_gauss_0.2,1.0,0.2,sticks_081.tif,14.23892505904634,0.0981576555166019,0.6617655158042908,0.17952761054039,0.5608853250741959
DnCNN,poisson_1_gauss_0.2,1.0,0.2,sticks_082.tif,15.751226535319462,0.1038068307104309,0.709356427192688,0.1532289832830429,0.5508408054709435
DnCNN,poisson_1_gauss_0.2,1.0,0.2,sticks_084.tif,15.365528418728708,0.098392363656365,0.6994037628173828,0.1580309569835662,0.559071634709835
DnCNN,poisson_1_gauss_0.2,1.0,0.2,sticks_083.tif,15.117234165541593,0.0854456073484186,0.6637051701545715,0.1626434475183487,0.568786484003067
DnCNN,poisson_1_gauss_0.2,1.0,0.2,sticks_085.tif,15.644713503844915,0.0864644432004764,0.6852104067802429,0.1534959822893142,0.5458818972110748
DnCNN,poisson_1_gauss_0.2,1.0,0.2,sticks_086.tif,15.664310097129636,0.0917354650917862,0.685321569442749,0.155911773443222,0.541917996108532
DnCNN,poisson_1_gauss_0.2,1.0,0.2,sticks_088.tif,15.150348307844776,0.0871474577243627,0.6502411365509033,0.1622389107942581,0.55947026014328
DnCNN,poisson_1_gauss_0.2,1.0,0.2,sticks_087.tif,15.785497024055651,0.0904624322576677,0.6873543858528137,0.1536459177732467,0.5465609923005104
DnCNN,poisson_1_gauss_0.2,1.0,0.2,sticks_089.tif,15.287883332153267,0.0851020854540937,0.6594090461730957,0.1599349081516266,0.567405891418457
DnCNN,poisson_1_gauss_0.2,1.0,0.2,sticks_090.tif,15.003278176957748,0.098152330457825,0.6913133263587952,0.1642178893089294,0.5582396447658539
DnCNN,poisson_1_gauss_0.2,1.0,0.2,sticks_091.tif,15.317754712748776,0.0780967789139709,0.628951907157898,0.1594929993152618,0.5634525582194329
DnCNN,poisson_1_gauss_0.2,1.0,0.2,sticks_092.tif,15.666395756499211,0.0898353148083418,0.6811445951461792,0.1538832336664199,0.5528913617134095
DnCNN,poisson_1_gauss_0.2,1.0,0.2,sticks_093.tif,15.123318323022444,0.1070772186035111,0.6937951445579529,0.1619555354118347,0.558640806376934
DnCNN,poisson_1_gauss_0.2,1.0,0.2,sticks_095.tif,15.194002104765667,0.1094566982229172,0.68808913230896,0.1652257889509201,0.5317149139940739
DnCNN,poisson_1_gauss_0.2,1.0,0.2,sticks_096.tif,14.843016644386015,0.0976520778176683,0.6661108136177063,0.1657430678606033,0.5535116150975228
DnCNN,poisson_1_gauss_0.2,1.0,0.2,sticks_097.tif,15.049866246739644,0.0927768705051949,0.6824554204940796,0.1645447760820388,0.5644855394959449
DnCNN,poisson_1_gauss_0.2,1.0,0.2,sticks_098.tif,16.029908219416374,0.1107764704691769,0.7133172154426575,0.1471995860338211,0.5502695269882679
DnCNN,poisson_1_gauss_0.2,1.0,0.2,sticks_099.tif,15.001210986043482,0.0910611512236591,0.6829795241355896,0.1656429469585418,0.5568579107522964
DnCNN,poisson_1_gauss_0.2,1.0,0.2,sticks_094.tif,15.148885977678043,0.0906924598306818,0.6591264605522156,0.1640306860208511,0.5396226830780506
DnCNN,poisson_4_gauss_0.05,4.0,0.05,sticks_000.tif,19.3318281051596,0.1677361177911556,0.8053816556930542,0.0804857388138771,0.5057539336383343
DnCNN,poisson_4_gauss_0.05,4.0,0.05,sticks_001.tif,19.898945456759872,0.2055622248831525,0.8426349759101868,0.0750663429498672,0.4500935204327106
DnCNN,poisson_4_gauss_0.05,4.0,0.05,sticks_002.tif,19.169712537267927,0.1392763112389582,0.78998863697052,0.0805798321962356,0.5037672080099582
DnCNN,poisson_4_gauss_0.05,4.0,0.05,sticks_003.tif,19.79234321874421,0.1760233418739587,0.8116618990898132,0.0775757282972335,0.4661055602133274
DnCNN,poisson_4_gauss_0.05,4.0,0.05,sticks_004.tif,19.062108968577643,0.1877536280146582,0.8172078728675842,0.0829555094242096,0.48659313544631
DnCNN,poisson_4_gauss_0.05,4.0,0.05,sticks_005.tif,19.059417932612742,0.143765214185484,0.7739568948745728,0.0860854238271713,0.5305572114884853
DnCNN,poisson_4_gauss_0.05,4.0,0.05,sticks_007.tif,20.171853369270075,0.1931100060701476,0.8344330787658691,0.0728269666433334,0.4830635719001293
DnCNN,poisson_4_gauss_0.05,4.0,0.05,sticks_009.tif,19.81277448775035,0.1502826708814801,0.798244297504425,0.0753462761640548,0.4929093830287456
DnCNN,poisson_4_gauss_0.05,4.0,0.05,sticks_008.tif,17.732047595646428,0.1878569834313032,0.7966958284378052,0.0927083268761634,0.5437968477606774
DnCNN,poisson_4_gauss_0.05,4.0,0.05,sticks_011.tif,20.137720347745315,0.1900572970666879,0.8393733501434326,0.0743901804089546,0.4608225628733635
DnCNN,poisson_4_gauss_0.05,4.0,0.05,sticks_006.tif,18.77915521641707,0.145851280815206,0.7741537690162659,0.0870954394340515,0.5353340782225132
DnCNN,poisson_4_gauss_0.05,4.0,0.05,sticks_010.tif,19.5087670929534,0.1727028635682033,0.805849552154541,0.0783021003007888,0.5047785170376301
DnCNN,poisson_4_gauss_0.05,4.0,0.05,sticks_012.tif,20.614545723438532,0.1844928435706102,0.8298051357269287,0.0712101012468338,0.4688415579497814
DnCNN,poisson_4_gauss_0.05,4.0,0.05,sticks_016.tif,19.623402896369555,0.1658581851623909,0.806138813495636,0.0800257474184036,0.4607880033552646
DnCNN,poisson_4_gauss_0.05,4.0,0.05,sticks_013.tif,20.97336708805328,0.1840872561422336,0.8305845856666565,0.06915183365345,0.4313830696046352
DnCNN,poisson_4_gauss_0.05,4.0,0.05,sticks_014.tif,19.68733087808697,0.1465279634841363,0.7823519110679626,0.077739879488945,0.5223898351192474
DnCNN,poisson_4_gauss_0.05,4.0,0.05,sticks_015.tif,19.83747018433797,0.1730346074204069,0.8196842670440674,0.0784763619303703,0.4816426068544387
DnCNN,poisson_4_gauss_0.05,4.0,0.05,sticks_018.tif,20.412195258634675,0.1851863856110319,0.8339111804962158,0.0715883895754814,0.4606548942625522
DnCNN,poisson_4_gauss_0.05,4.0,0.05,sticks_020.tif,20.8488008598998,0.182177366983094,0.8299224972724915,0.069740392267704,0.4541595235466957
DnCNN,poisson_4_gauss_0.05,4.0,0.05,sticks_017.tif,19.520970654196063,0.1657773988066388,0.8106542229652405,0.079744704067707,0.4835681781172752
DnCNN,poisson_4_gauss_0.05,4.0,0.05,sticks_019.tif,19.89405231900907,0.1844526060735815,0.8266255855560303,0.0770118683576583,0.4713445544242859
DnCNN,poisson_4_gauss_0.05,4.0,0.05,sticks_021.tif,19.587189378053825,0.1747818629958763,0.8112067580223083,0.0782895758748054,0.4650280848145485
DnCNN,poisson_4_gauss_0.05,4.0,0.05,sticks_022.tif,19.354155795322345,0.1615130123712251,0.7943339347839355,0.0788487941026687,0.5008263394236565
DnCNN,poisson_4_gauss_0.05,4.0,0.05,sticks_023.tif,19.341135863604197,0.1994162053689084,0.8340016603469849,0.0798690617084503,0.4735516101121902
DnCNN,poisson_4_gauss_0.05,4.0,0.05,sticks_024.tif,20.10132305992117,0.1628384860587057,0.8024943470954895,0.0766564756631851,0.4910174340009689
DnCNN,poisson_4_gauss_0.05,4.0,0.05,sticks_025.tif,20.255240490743045,0.1918142109915646,0.840886116027832,0.0726575404405593,0.4297364577651024
DnCNN,poisson_4_gauss_0.05,4.0,0.05,sticks_026.tif,19.116945064509064,0.1567272188119265,0.7911720275878906,0.084042765200138,0.5100966632366181
DnCNN,poisson_4_gauss_0.05,4.0,0.05,sticks_027.tif,20.95124783524717,0.2194270313543072,0.856623649597168,0.0704824477434158,0.4464053630828857
DnCNN,poisson_4_gauss_0.05,4.0,0.05,sticks_028.tif,19.53244066764929,0.161311836266663,0.7788488268852234,0.0798656493425369,0.505736692994833
DnCNN,poisson_4_gauss_0.05,4.0,0.05,sticks_029.tif,21.043939693590108,0.1966393154135974,0.833372175693512,0.0685805603861808,0.4501521088182926
DnCNN,poisson_4_gauss_0.05,4.0,0.05,sticks_030.tif,19.78855058016171,0.1897556299887416,0.8325759768486023,0.0762395411729812,0.4594135910272598
DnCNN,poisson_4_gauss_0.05,4.0,0.05,sticks_032.tif,18.74413239179032,0.1877607479019186,0.8170378804206848,0.0843586176633834,0.4849935710430145
DnCNN,poisson_4_gauss_0.05,4.0,0.05,sticks_031.tif,20.184572817763584,0.1561936740386491,0.7781264781951904,0.0783026590943336,0.5019790671765805
DnCNN,poisson_4_gauss_0.05,4.0,0.05,sticks_033.tif,17.84353085506337,0.1837186039319724,0.7903772592544556,0.0941617041826248,0.5181570924818516
DnCNN,poisson_4_gauss_0.05,4.0,0.05,sticks_034.tif,20.216532365351547,0.1638099480850668,0.8072775602340698,0.0755900293588638,0.474600076675415
DnCNN,poisson_4_gauss_0.05,4.0,0.05,sticks_035.tif,19.72668354526278,0.1760109058113079,0.8193007707595825,0.078551672399044,0.4603979825973511
DnCNN,poisson_4_gauss_0.05,4.0,0.05,sticks_036.tif,19.836519510593718,0.1470451376014943,0.7829240560531616,0.0775448754429817,0.5055029161274434
DnCNN,poisson_4_gauss_0.05,4.0,0.05,sticks_037.tif,19.741536012637734,0.1696580801063497,0.8002979755401611,0.0786337181925773,0.4850155159831047
DnCNN,poisson_4_gauss_0.05,4.0,0.05,sticks_038.tif,20.797416697594755,0.1376690712627543,0.7733460068702698,0.0723510012030601,0.5172926634550095
DnCNN,poisson_4_gauss_0.05,4.0,0.05,sticks_040.tif,19.704200104122336,0.201098684081309,0.8387795686721802,0.074514053761959,0.4691168062388897
DnCNN,poisson_4_gauss_0.05,4.0,0.05,sticks_039.tif,19.09679416022703,0.1645536033709498,0.8172534108161926,0.0830018147826194,0.4993672251701355
DnCNN,poisson_4_gauss_0.05,4.0,0.05,sticks_041.tif,19.253517813144423,0.1504343978419332,0.7931442856788635,0.0800777748227119,0.5031848385930061
DnCNN,poisson_4_gauss_0.05,4.0,0.05,sticks_042.tif,19.381341880962196,0.1393181708555903,0.7806837558746338,0.0812843814492225,0.5097509540617466
DnCNN,poisson_4_gauss_0.05,4.0,0.05,sticks_043.tif,18.8060775374258,0.1849351626728563,0.8220629096031189,0.0851403921842575,0.4744514778256416
DnCNN,poisson_4_gauss_0.05,4.0,0.05,sticks_044.tif,19.330954155490943,0.19129818404314,0.8218739628791809,0.0805850699543953,0.477509156614542
DnCNN,poisson_4_gauss_0.05,4.0,0.05,sticks_045.tif,20.39881318229125,0.1565618615137378,0.8089681267738342,0.0723889023065567,0.4897619970142841
DnCNN,poisson_4_gauss_0.05,4.0,0.05,sticks_046.tif,20.251064607508194,0.1477545906686448,0.7869166135787964,0.0758667588233947,0.507647005468607
DnCNN,poisson_4_gauss_0.05,4.0,0.05,sticks_047.tif,19.65948743904501,0.1411653338988517,0.7760912179946899,0.0781290903687477,0.5264503955841064
DnCNN,poisson_4_gauss_0.05,4.0,0.05,sticks_049.tif,20.12033206538973,0.1644028311257483,0.8122326731681824,0.075214110314846,0.4912398651242256
DnCNN,poisson_4_gauss_0.05,4.0,0.05,sticks_048.tif,19.133731066981355,0.1842144836178047,0.8218308091163635,0.0769456475973129,0.4867084972560406
DnCNN,poisson_4_gauss_0.05,4.0,0.05,sticks_050.tif,19.933117210778452,0.1406412722063821,0.7788522243499756,0.0779081061482429,0.5095779478549958
DnCNN,poisson_4_gauss_0.05,4.0,0.05,sticks_051.tif,20.5713225501432,0.1961811949309709,0.8449493050575256,0.0734538808465004,0.4352032072842121
DnCNN,poisson_4_gauss_0.05,4.0,0.05,sticks_053.tif,19.95187829644319,0.1844604619097785,0.8239238262176514,0.0783011615276336,0.4611065708100795
DnCNN,poisson_4_gauss_0.05,4.0,0.05,sticks_052.tif,19.817220138526128,0.1695191085088987,0.8111569881439209,0.0780997425317764,0.467141730338335
DnCNN,poisson_4_gauss_0.05,4.0,0.05,sticks_054.tif,19.203424166375733,0.1550484532481192,0.7918277382850647,0.0831071883440017,0.5134908057749271
DnCNN,poisson_4_gauss_0.05,4.0,0.05,sticks_055.tif,20.49017335703907,0.1869344236099172,0.8510220050811768,0.0732520967721939,0.4496709525585174
DnCNN,poisson_4_gauss_0.05,4.0,0.05,sticks_056.tif,21.287375730122218,0.1821319406149712,0.8268983364105225,0.0660499930381774,0.4673206463456154
DnCNN,poisson_4_gauss_0.05,4.0,0.05,sticks_059.tif,19.0044428831536,0.1503629801004849,0.7765265107154846,0.0836018100380897,0.5191191270947456
DnCNN,poisson_4_gauss_0.05,4.0,0.05,sticks_058.tif,19.728538103411253,0.1717832468813034,0.8150255680084229,0.0797831192612648,0.4693241141736507
DnCNN,poisson_4_gauss_0.05,4.0,0.05,sticks_057.tif,19.7369514379453,0.191877274640539,0.8312634825706482,0.077016957104206,0.4626564614474773
DnCNN,poisson_4_gauss_0.05,4.0,0.05,sticks_060.tif,18.858144485438764,0.1274138684576676,0.7155793309211731,0.0872977375984191,0.5445839613676071
DnCNN,poisson_4_gauss_0.05,4.0,0.05,sticks_063.tif,19.690817488773444,0.1759524310659587,0.8249780535697937,0.0772033780813217,0.4875560715794563
DnCNN,poisson_4_gauss_0.05,4.0,0.05,sticks_061.tif,18.620551999206,0.1959180285955629,0.8301706910133362,0.0847334042191505,0.4703136898577213
DnCNN,poisson_4_gauss_0.05,4.0,0.05,sticks_062.tif,20.15999472781835,0.1448347603031296,0.7903410792350769,0.0757962316274643,0.4987349562346935
DnCNN,poisson_4_gauss_0.05,4.0,0.05,sticks_067.tif,18.5995579408669,0.1875639642613881,0.8018389344215393,0.0862652212381362,0.5092083767056466
DnCNN,poisson_4_gauss_0.05,4.0,0.05,sticks_066.tif,19.59552763653239,0.1759320185264833,0.8069930076599121,0.0788786932826042,0.4776110120117664
DnCNN,poisson_4_gauss_0.05,4.0,0.05,sticks_065.tif,20.503782555078,0.1697742124279909,0.821352481842041,0.0708351582288742,0.4554967880249023
DnCNN,poisson_4_gauss_0.05,4.0,0.05,sticks_068.tif,19.785878522272043,0.1616123412365765,0.7901521921157837,0.0756952986121177,0.5127073064446449
DnCNN,poisson_4_gauss_0.05,4.0,0.05,sticks_069.tif,19.50338178714268,0.1789983463617077,0.8202002644538879,0.0787108093500137,0.4693913467228413
DnCNN,poisson_4_gauss_0.05,4.0,0.05,sticks_064.tif,21.302377877027688,0.1726805263829999,0.8292257785797119,0.0675431117415428,0.4722359754145145
DnCNN,poisson_4_gauss_0.05,4.0,0.05,sticks_070.tif,18.5622811089784,0.1795384436078055,0.801429033279419,0.0852208286523819,0.5237666830420494
DnCNN,poisson_4_gauss_0.05,4.0,0.05,sticks_071.tif,19.998071421058555,0.1816083116904956,0.8067671060562134,0.0735387131571769,0.4639680400490761
DnCNN,poisson_4_gauss_0.05,4.0,0.05,sticks_072.tif,19.544460094433376,0.1494127474583813,0.7843787670135498,0.0802899003028869,0.5219065204262734
DnCNN,poisson_4_gauss_0.05,4.0,0.05,sticks_073.tif,19.81073779256617,0.1622976756213839,0.8089964389801025,0.0788130536675453,0.491184089332819
DnCNN,poisson_4_gauss_0.05,4.0,0.05,sticks_074.tif,19.293357306747104,0.1607602755650904,0.7760979533195496,0.0826847478747367,0.519818989187479
DnCNN,poisson_4_gauss_0.05,4.0,0.05,sticks_075.tif,19.67120494640454,0.1914265623639466,0.8238116502761841,0.0763307139277458,0.4620390228927135
DnCNN,poisson_4_gauss_0.05,4.0,0.05,sticks_076.tif,19.05338256865617,0.1821772676947421,0.8104825615882874,0.0827193260192871,0.5168113529682159
DnCNN,poisson_4_gauss_0.05,4.0,0.05,sticks_077.tif,20.23647384689568,0.194785365825902,0.8445543646812439,0.0724174752831459,0.4476721830666065
DnCNN,poisson_4_gauss_0.05,4.0,0.05,sticks_078.tif,18.999206118983285,0.1577464665534318,0.7997028827667236,0.0821704864501953,0.4758237898349762
DnCNN,poisson_4_gauss_0.05,4.0,0.05,sticks_079.tif,19.55750000848549,0.1806777148537945,0.8133615851402283,0.0798330456018447,0.4785124406218529
DnCNN,poisson_4_gauss_0.05,4.0,0.05,sticks_080.tif,19.592969259072174,0.196501016874905,0.8287143707275391,0.0792326778173446,0.4599636659026146
DnCNN,poisson_4_gauss_0.05,4.0,0.05,sticks_081.tif,19.151392065574324,0.1986509198657564,0.8253358602523804,0.0804903656244278,0.4840040490031242
DnCNN,poisson_4_gauss_0.05,4.0,0.05,sticks_082.tif,20.382717768580697,0.1945124493705546,0.8441298007965088,0.0725912526249885,0.4584266856312752
DnCNN,poisson_4_gauss_0.05,4.0,0.05,sticks_084.tif,19.8068453952136,0.1810603782476718,0.8174582123756409,0.0769517049193382,0.4720642164349556
DnCNN,poisson_4_gauss_0.05,4.0,0.05,sticks_083.tif,18.542644507233057,0.1582445120594416,0.7897133827209473,0.0882170125842094,0.5139571540057659
DnCNN,poisson_4_gauss_0.05,4.0,0.05,sticks_085.tif,20.080798768146835,0.1588469645452337,0.8232492804527283,0.0739926248788833,0.4395807050168514
DnCNN,poisson_4_gauss_0.05,4.0,0.05,sticks_086.tif,20.90259433430162,0.1751090613917518,0.8382910490036011,0.0690802857279777,0.4314569942653179
DnCNN,poisson_4_gauss_0.05,4.0,0.05,sticks_088.tif,19.60148809627871,0.1681722435386506,0.8106866478919983,0.0789391621947288,0.4688205234706402
DnCNN,poisson_4_gauss_0.05,4.0,0.05,sticks_087.tif,20.70808350035089,0.1711575428875503,0.83232182264328,0.0737973451614379,0.4525101743638515
DnCNN,poisson_4_gauss_0.05,4.0,0.05,sticks_089.tif,20.13276276359889,0.1700020748210558,0.8144529461860657,0.0738821402192115,0.4916825085878372
DnCNN,poisson_4_gauss_0.05,4.0,0.05,sticks_090.tif,19.00550583439143,0.1785827924089534,0.8252959251403809,0.0825067982077598,0.4747650943696498
DnCNN,poisson_4_gauss_0.05,4.0,0.05,sticks_091.tif,19.84460453767264,0.1429309790789367,0.7564516663551331,0.0806436017155647,0.4906170129776001
DnCNN,poisson_4_gauss_0.05,4.0,0.05,sticks_092.tif,20.37217017546142,0.1726637082909935,0.8251656293869019,0.0728274658322334,0.4561845459043979
DnCNN,poisson_4_gauss_0.05,4.0,0.05,sticks_093.tif,20.254387986641383,0.2057424001021415,0.8402449488639832,0.0718816667795181,0.4717279337346554
DnCNN,poisson_4_gauss_0.05,4.0,0.05,sticks_095.tif,20.504825452272502,0.2013603399092791,0.8415001630783081,0.072777047753334,0.4185497120022773
DnCNN,poisson_4_gauss_0.05,4.0,0.05,sticks_096.tif,19.44878201100352,0.1909066623364284,0.8166526556015015,0.0765953287482261,0.4742503508925438
DnCNN,poisson_4_gauss_0.05,4.0,0.05,sticks_097.tif,20.27113392897405,0.1809147928187646,0.8224027752876282,0.0749151334166526,0.4910156883299351
DnCNN,poisson_4_gauss_0.05,4.0,0.05,sticks_098.tif,20.00696727946824,0.1967651119659353,0.8399968147277832,0.0738495290279388,0.4470511592924595
DnCNN,poisson_4_gauss_0.05,4.0,0.05,sticks_099.tif,19.32983872295184,0.1737854573159366,0.822013795375824,0.0792821198701858,0.4754423998296261
DnCNN,poisson_4_gauss_0.05,4.0,0.05,sticks_094.tif,20.70645857620008,0.1797518609703861,0.824873149394989,0.0725946873426437,0.419596242159605
DnCNN,poisson_4_gauss_0.1,4.0,0.1,sticks_000.tif,18.40115449747372,0.1446742414148378,0.7632067799568176,0.098342016339302,0.5281114049255848
DnCNN,poisson_4_gauss_0.1,4.0,0.1,sticks_001.tif,18.833135722902643,0.1850853775612689,0.8047829270362854,0.0899207964539527,0.4873812079429626
DnCNN,poisson_4_gauss_0.1,4.0,0.1,sticks_002.tif,17.530040222977128,0.1153915715087515,0.7348032593727112,0.1034065708518028,0.5326374806463718
DnCNN,poisson_4_gauss_0.1,4.0,0.1,sticks_003.tif,18.150732667237893,0.153756039749505,0.7747888565063477,0.0983823388814926,0.502513924986124
DnCNN,poisson_4_gauss_0.1,4.0,0.1,sticks_004.tif,17.392953017405436,0.1585203635078422,0.7687094807624817,0.1083182916045188,0.5134533405303955
DnCNN,poisson_4_gauss_0.1,4.0,0.1,sticks_005.tif,17.26517111297431,0.1186071967241939,0.701252281665802,0.1118300929665565,0.5483622021973134
DnCNN,poisson_4_gauss_0.1,4.0,0.1,sticks_007.tif,18.088936384456147,0.1607211252764817,0.7668775320053101,0.0980534553527832,0.5189348839223384
DnCNN,poisson_4_gauss_0.1,4.0,0.1,sticks_009.tif,18.64793742455065,0.1224046523286854,0.7487313747406006,0.0980687290430069,0.5250669561326504
DnCNN,poisson_4_gauss_0.1,4.0,0.1,sticks_008.tif,16.06345582777427,0.1612511185315581,0.749537467956543,0.1210106164216995,0.5495950676500797
DnCNN,poisson_4_gauss_0.1,4.0,0.1,sticks_011.tif,18.253332921338817,0.16422113324243,0.7946240305900574,0.0963861718773841,0.5025879308581352
DnCNN,poisson_4_gauss_0.1,4.0,0.1,sticks_006.tif,16.84174254964591,0.1206752671160678,0.7206456065177917,0.1151989847421646,0.5481040365993977
DnCNN,poisson_4_gauss_0.1,4.0,0.1,sticks_010.tif,17.601082918135894,0.1471282039172023,0.748390257358551,0.1019555181264877,0.526071960479021
DnCNN,poisson_4_gauss_0.1,4.0,0.1,sticks_012.tif,19.14140655237726,0.1566322308585107,0.7786265015602112,0.0919727906584739,0.5049454964697361
DnCNN,poisson_4_gauss_0.1,4.0,0.1,sticks_016.tif,18.16834148613364,0.1460865636839117,0.7649355530738831,0.1001394838094711,0.4941279008984566
DnCNN,poisson_4_gauss_0.1,4.0,0.1,sticks_013.tif,19.37360680845356,0.1617735200609176,0.794075608253479,0.0888557210564613,0.4732978664338588
DnCNN,poisson_4_gauss_0.1,4.0,0.1,sticks_014.tif,18.49347784566428,0.1267156612249469,0.7462669610977173,0.0970707163214683,0.543266949057579
DnCNN,poisson_4_gauss_0.1,4.0,0.1,sticks_015.tif,17.783831993330274,0.1449887501020205,0.762988269329071,0.1047727093100547,0.5127624422311783
DnCNN,poisson_4_gauss_0.1,4.0,0.1,sticks_018.tif,18.7957420163238,0.160006307655443,0.7955352663993835,0.0920963883399963,0.4986993446946144
DnCNN,poisson_4_gauss_0.1,4.0,0.1,sticks_020.tif,19.087535914073506,0.1530885351640113,0.7816920876502991,0.0917121767997741,0.4910213522613048
DnCNN,poisson_4_gauss_0.1,4.0,0.1,sticks_017.tif,18.26968181643873,0.1463400081821184,0.7716201543807983,0.0968560352921485,0.5156797274947167
DnCNN,poisson_4_gauss_0.1,4.0,0.1,sticks_019.tif,18.22400451326756,0.1639767495763101,0.7844324707984924,0.0964412093162536,0.4969687394797802
DnCNN,poisson_4_gauss_0.1,4.0,0.1,sticks_021.tif,18.635040062879067,0.1550052017488775,0.7746511101722717,0.0955575108528137,0.503920229524374
DnCNN,poisson_4_gauss_0.1,4.0,0.1,sticks_022.tif,17.908245480574507,0.1301176158448954,0.7319148778915405,0.1052034720778465,0.527901703864336
DnCNN,poisson_4_gauss_0.1,4.0,0.1,sticks_023.tif,18.469793876430657,0.1794680033466691,0.8016126751899719,0.0937963873147964,0.495444918423891
DnCNN,poisson_4_gauss_0.1,4.0,0.1,sticks_024.tif,18.242937083571405,0.1371289534702032,0.7536734342575073,0.1009694933891296,0.5273452959954739
DnCNN,poisson_4_gauss_0.1,4.0,0.1,sticks_025.tif,19.321390659472893,0.1684689151668444,0.797104001045227,0.089412435889244,0.4785742044448852
DnCNN,poisson_4_gauss_0.1,4.0,0.1,sticks_026.tif,17.467374755262703,0.1310873307442216,0.7208698987960815,0.107379637658596,0.5344852589070797
DnCNN,poisson_4_gauss_0.1,4.0,0.1,sticks_027.tif,19.58000060037101,0.1988607915867347,0.8276949524879456,0.0861855745315551,0.485294684022665
DnCNN,poisson_4_gauss_0.1,4.0,0.1,sticks_028.tif,17.64750222553588,0.1322373544984164,0.7204391360282898,0.1076759248971939,0.5399703621864319
DnCNN,poisson_4_gauss_0.1,4.0,0.1,sticks_029.tif,19.54134265058911,0.1702511150522947,0.7891693115234375,0.0870959311723709,0.4934126168489456
DnCNN,poisson_4_gauss_0.1,4.0,0.1,sticks_030.tif,18.729667542712143,0.1638538246365275,0.7922152280807495,0.0934014096856117,0.4933854021131992
DnCNN,poisson_4_gauss_0.1,4.0,0.1,sticks_032.tif,16.92943873645014,0.1572279861315808,0.7649285197257996,0.1115752831101417,0.5079024843871593
DnCNN,poisson_4_gauss_0.1,4.0,0.1,sticks_031.tif,18.149616120056848,0.1340739355454176,0.7401096224784851,0.103674903512001,0.5245039962232113
DnCNN,poisson_4_gauss_0.1,4.0,0.1,sticks_033.tif,16.388042243312142,0.1626303108186662,0.7502164840698242,0.1162946224212646,0.5331965632736683
DnCNN,poisson_4_gauss_0.1,4.0,0.1,sticks_034.tif,18.668409174690844,0.140993131970137,0.7681878805160522,0.0976311638951301,0.503907923400402
DnCNN,poisson_4_gauss_0.1,4.0,0.1,sticks_035.tif,18.215394062252766,0.1526254823475734,0.7827185988426208,0.1001338809728622,0.4955019369721413
DnCNN,poisson_4_gauss_0.1,4.0,0.1,sticks_036.tif,18.259361375241035,0.1234701911672594,0.7320141792297363,0.1014498919248581,0.5305036202073097
DnCNN,poisson_4_gauss_0.1,4.0,0.1,sticks_037.tif,18.38139249029873,0.1471432687474285,0.7534992098808289,0.0987569540739059,0.5163792781531811
DnCNN,poisson_4_gauss_0.1,4.0,0.1,sticks_038.tif,18.358646958625453,0.1105368211010984,0.7052956223487854,0.1017128974199295,0.5402594342827797
DnCNN,poisson_4_gauss_0.1,4.0,0.1,sticks_040.tif,17.807189204237165,0.1657282223593329,0.7837160229682922,0.1009473651647567,0.501075292378664
DnCNN,poisson_4_gauss_0.1,4.0,0.1,sticks_039.tif,17.84015204418442,0.1451316746790384,0.7658922672271729,0.1024645939469337,0.5187554463744164
DnCNN,poisson_4_gauss_0.1,4.0,0.1,sticks_041.tif,17.886561858498567,0.123739370422563,0.7249541282653809,0.1025352925062179,0.5295657739043236
DnCNN,poisson_4_gauss_0.1,4.0,0.1,sticks_042.tif,17.69780149160147,0.1157364023031756,0.725989043712616,0.1058688014745712,0.5338684365153312
DnCNN,poisson_4_gauss_0.1,4.0,0.1,sticks_043.tif,17.70414615460506,0.1671285749686737,0.7896304726600647,0.1012118458747863,0.500577050447464
DnCNN,poisson_4_gauss_0.1,4.0,0.1,sticks_044.tif,17.89392980591223,0.1690784351472581,0.7780351042747498,0.1006165295839309,0.5053423322737217
DnCNN,poisson_4_gauss_0.1,4.0,0.1,sticks_045.tif,18.73687370121215,0.1264934627690319,0.7517589926719666,0.097049631178379,0.5237155936658382
DnCNN,poisson_4_gauss_0.1,4.0,0.1,sticks_046.tif,17.947611461345097,0.1191411497027441,0.712042510509491,0.1056173220276832,0.5363577380776405
DnCNN,poisson_4_gauss_0.1,4.0,0.1,sticks_047.tif,17.589498705939814,0.1130058761423872,0.6956176161766052,0.1074123233556747,0.5478389136493206
DnCNN,poisson_4_gauss_0.1,4.0,0.1,sticks_049.tif,17.822653414415814,0.1411618156652504,0.7549815773963928,0.1022146493196487,0.5188848458230495
DnCNN,poisson_4_gauss_0.1,4.0,0.1,sticks_048.tif,18.038003017210208,0.1497143787160611,0.7699922323226929,0.0990579277276992,0.5174982316792012
DnCNN,poisson_4_gauss_0.1,4.0,0.1,sticks_050.tif,18.05206030403596,0.1182211549406497,0.7223132252693176,0.1030325070023536,0.5348548896610736
DnCNN,poisson_4_gauss_0.1,4.0,0.1,sticks_051.tif,19.295001062709424,0.1717735123201094,0.7825201153755188,0.0908071547746658,0.4771672427654266
DnCNN,poisson_4_gauss_0.1,4.0,0.1,sticks_053.tif,18.35294341383683,0.1647585245786173,0.7813474535942078,0.0972171574831008,0.4973217494785785
DnCNN,poisson_4_gauss_0.1,4.0,0.1,sticks_052.tif,18.55008480733849,0.1542929405234016,0.7873049974441528,0.0944023355841636,0.4919829748570919
DnCNN,poisson_4_gauss_0.1,4.0,0.1,sticks_054.tif,17.633155087626164,0.1329277052233347,0.7418851852416992,0.1070759519934654,0.5395585134625435
DnCNN,poisson_4_gauss_0.1,4.0,0.1,sticks_055.tif,18.473872840863685,0.1576244286091933,0.7956329584121704,0.0975081548094749,0.4897438757121563
DnCNN,poisson_4_gauss_0.1,4.0,0.1,sticks_056.tif,19.02774481796236,0.1528829490524266,0.783474862575531,0.0908715948462486,0.5075522907078266
DnCNN,poisson_4_gauss_0.1,4.0,0.1,sticks_059.tif,17.25950812270926,0.1232218041649517,0.7237417101860046,0.1114283204078674,0.5453544013202191
DnCNN,poisson_4_gauss_0.1,4.0,0.1,sticks_058.tif,18.034867604780292,0.1452094149633226,0.7665101289749146,0.1038926243782043,0.5032485626637936
DnCNN,poisson_4_gauss_0.1,4.0,0.1,sticks_057.tif,18.049688505437835,0.1646302510470401,0.7867457866668701,0.1002265959978103,0.4981698237359523
DnCNN,poisson_4_gauss_0.1,4.0,0.1,sticks_060.tif,17.52661358809962,0.1090476765172117,0.6755609512329102,0.1113095879554748,0.5520985998213291
DnCNN,poisson_4_gauss_0.1,4.0,0.1,sticks_063.tif,17.77135507062122,0.1502128451781381,0.7629836201667786,0.1023550406098365,0.5148230873048305
DnCNN,poisson_4_gauss_0.1,4.0,0.1,sticks_061.tif,18.12104901543075,0.1780525954500809,0.804287850856781,0.0973479822278022,0.4983936041593552
DnCNN,poisson_4_gauss_0.1,4.0,0.1,sticks_062.tif,18.31261426095629,0.1216382793390951,0.732308030128479,0.0987237691879272,0.5269990421831607
DnCNN,poisson_4_gauss_0.1,4.0,0.1,sticks_067.tif,17.016534794479313,0.158914356844269,0.7522847652435303,0.1117642745375633,0.5338277697563172
DnCNN,poisson_4_gauss_0.1,4.0,0.1,sticks_066.tif,18.130844761409534,0.158498268064946,0.7630213499069214,0.0971079096198082,0.5006488278508187
DnCNN,poisson_4_gauss_0.1,4.0,0.1,sticks_065.tif,19.264154512019115,0.1449541769461555,0.7798662185668945,0.0906190425157547,0.4916990518569946
DnCNN,poisson_4_gauss_0.1,4.0,0.1,sticks_068.tif,17.995499215882027,0.1334478369021101,0.7312829494476318,0.1016302332282066,0.5375986866652965
DnCNN,poisson_4_gauss_0.1,4.0,0.1,sticks_069.tif,18.612907916839493,0.1582717684869715,0.7889955639839172,0.0944390967488288,0.5064865484833717
DnCNN,poisson_4_gauss_0.1,4.0,0.1,sticks_064.tif,19.230768874022974,0.1465806378297558,0.7776538729667664,0.0901686772704124,0.509556382894516
DnCNN,poisson_4_gauss_0.1,4.0,0.1,sticks_070.tif,17.040956854727945,0.1491366185993395,0.7549268007278442,0.1124435812234878,0.5362446174025536
DnCNN,poisson_4_gauss_0.1,4.0,0.1,sticks_071.tif,18.438234431895385,0.1555006048507269,0.7750668525695801,0.0963128507137298,0.5036135777831078
DnCNN,poisson_4_gauss_0.1,4.0,0.1,sticks_072.tif,17.922067976521188,0.1250129638821485,0.7145907878875732,0.1048465371131897,0.5436353415250779
DnCNN,poisson_4_gauss_0.1,4.0,0.1,sticks_073.tif,17.9975778659885,0.1359897433508459,0.7516878247261047,0.10245231539011,0.5237246848642826
DnCNN,poisson_4_gauss_0.1,4.0,0.1,sticks_074.tif,17.212967300826236,0.1390304768201301,0.7343621253967285,0.1099882498383522,0.5385061435401439
DnCNN,poisson_4_gauss_0.1,4.0,0.1,sticks_075.tif,18.419388653944488,0.1616111451027321,0.774927020072937,0.0980332642793655,0.4924017608165741
DnCNN,poisson_4_gauss_0.1,4.0,0.1,sticks_076.tif,17.357480679845708,0.1544848522727014,0.7681366205215454,0.1097649335861206,0.531432194262743
DnCNN,poisson_4_gauss_0.1,4.0,0.1,sticks_077.tif,18.293256828354643,0.1703801257554759,0.8044323325157166,0.0937710851430893,0.4851158440113067
DnCNN,poisson_4_gauss_0.1,4.0,0.1,sticks_078.tif,18.198814623419043,0.1406058309596946,0.7681040167808533,0.0975572019815445,0.5075200870633125
DnCNN,poisson_4_gauss_0.1,4.0,0.1,sticks_079.tif,18.74359675498121,0.1617696789948485,0.7845134735107422,0.0948720425367355,0.5073515594005584
DnCNN,poisson_4_gauss_0.1,4.0,0.1,sticks_080.tif,17.94394568129886,0.1746457060292607,0.7878662943840027,0.1002296358346939,0.4929101631045341
DnCNN,poisson_4_gauss_0.1,4.0,0.1,sticks_081.tif,17.695802580093755,0.1651605928943061,0.7645530104637146,0.1049379333853721,0.5156584277749061
DnCNN,poisson_4_gauss_0.1,4.0,0.1,sticks_082.tif,19.332006535895445,0.1686220142895136,0.7979592084884644,0.0907863453030586,0.4975450217723846
DnCNN,poisson_4_gauss_0.1,4.0,0.1,sticks_084.tif,18.369340634670333,0.1537015284436675,0.781085193157196,0.0995733886957168,0.5090641729533673
DnCNN,poisson_4_gauss_0.1,4.0,0.1,sticks_083.tif,17.15450980330155,0.1404464450981249,0.7419484853744507,0.1078078299760818,0.5334279395639896
DnCNN,poisson_4_gauss_0.1,4.0,0.1,sticks_085.tif,18.84284026922453,0.1403235476065985,0.7864127159118652,0.0916627943515777,0.4827834911644458
DnCNN,poisson_4_gauss_0.1,4.0,0.1,sticks_086.tif,19.526415053073112,0.1440376834673391,0.7727645039558411,0.0901562198996543,0.4754663273692131
DnCNN,poisson_4_gauss_0.1,4.0,0.1,sticks_088.tif,17.637537927784653,0.1447589012237633,0.7626312971115112,0.1037567704916,0.501716711372137
DnCNN,poisson_4_gauss_0.1,4.0,0.1,sticks_087.tif,19.273642943224715,0.1546594521778939,0.7955219149589539,0.0889270156621933,0.4915128141641617
DnCNN,poisson_4_gauss_0.1,4.0,0.1,sticks_089.tif,18.73968443292498,0.1471846095745045,0.7644897103309631,0.0929255336523056,0.5212708413600922
DnCNN,poisson_4_gauss_0.1,4.0,0.1,sticks_090.tif,17.803517703305026,0.1601670235359454,0.7853081822395325,0.1000207066535949,0.503538754582405
DnCNN,poisson_4_gauss_0.1,4.0,0.1,sticks_091.tif,17.855096315610453,0.1253399138179567,0.6701633930206299,0.1029607877135276,0.5180587939918041
DnCNN,poisson_4_gauss_0.1,4.0,0.1,sticks_092.tif,18.954195376274964,0.1470649437521293,0.7792262434959412,0.0925614386796951,0.4969138883054256
DnCNN,poisson_4_gauss_0.1,4.0,0.1,sticks_093.tif,18.23570655459381,0.1742106207392972,0.7888469099998474,0.0972818806767463,0.502064474672079
DnCNN,poisson_4_gauss_0.1,4.0,0.1,sticks_095.tif,19.51302422082405,0.1839755054519514,0.8168715834617615,0.087867334485054,0.4621909834444523
DnCNN,poisson_4_gauss_0.1,4.0,0.1,sticks_096.tif,17.85580509841868,0.1588977293522674,0.753052294254303,0.1024246364831924,0.5039735823869705
DnCNN,poisson_4_gauss_0.1,4.0,0.1,sticks_097.tif,18.03452409806533,0.1560699952037419,0.7763211727142334,0.0996436923742294,0.519447834789753
DnCNN,poisson_4_gauss_0.1,4.0,0.1,sticks_098.tif,18.54289685332565,0.1736163699245873,0.8018653392791748,0.0921322628855705,0.4885868243873119
DnCNN,poisson_4_gauss_0.1,4.0,0.1,sticks_099.tif,18.601539089799648,0.1504903541576911,0.7718445658683777,0.0968731865286827,0.5085673578083515
DnCNN,poisson_4_gauss_0.1,4.0,0.1,sticks_094.tif,19.222357879294517,0.1526061422705863,0.7708641886711121,0.0906771570444107,0.4726332113146781
DnCNN,poisson_4_gauss_0.2,4.0,0.2,sticks_000.tif,15.391203135248064,0.1021393518300354,0.6698253154754639,0.1574682742357254,0.5761733762919903
DnCNN,poisson_4_gauss_0.2,4.0,0.2,sticks_001.tif,15.718219227266797,0.134745321575153,0.7264227867126465,0.1480026394128799,0.5494162268936634
DnCNN,poisson_4_gauss_0.2,4.0,0.2,sticks_002.tif,14.825382870614852,0.0763090701952814,0.6334584355354309,0.1640933752059936,0.58557108938694
DnCNN,poisson_4_gauss_0.2,4.0,0.2,sticks_003.tif,15.923909452167877,0.1110306052969987,0.6928518414497375,0.1484774202108383,0.5573514275252819
DnCNN,poisson_4_gauss_0.2,4.0,0.2,sticks_004.tif,15.354722299765056,0.1139842492010857,0.6791519522666931,0.1573911607265472,0.5628516167402268
DnCNN,poisson_4_gauss_0.2,4.0,0.2,sticks_005.tif,14.763334758404504,0.0833071113491913,0.621114194393158,0.1676826924085617,0.584508441388607
DnCNN,poisson_4_gauss_0.2,4.0,0.2,sticks_007.tif,15.41681178697412,0.1150993023055618,0.6749110817909241,0.154704213142395,0.573296108096838
DnCNN,poisson_4_gauss_0.2,4.0,0.2,sticks_009.tif,15.348516698563811,0.0832820242682727,0.6529319882392883,0.1600334346294403,0.571307148039341
DnCNN,poisson_4_gauss_0.2,4.0,0.2,sticks_008.tif,14.916495047900352,0.1214698559127202,0.6904609203338623,0.1638994067907333,0.5810756377875805
DnCNN,poisson_4_gauss_0.2,4.0,0.2,sticks_011.tif,15.619417311436498,0.1195636502266895,0.7011311054229736,0.151763379573822,0.5573225758969784
DnCNN,poisson_4_gauss_0.2,4.0,0.2,sticks_006.tif,15.295231563019149,0.0883534216872881,0.6463062167167664,0.1585839837789535,0.5849344715476036
DnCNN,poisson_4_gauss_0.2,4.0,0.2,sticks_010.tif,14.97500781343563,0.1024156139409388,0.669873058795929,0.1627574265003204,0.5762535914778709
DnCNN,poisson_4_gauss_0.2,4.0,0.2,sticks_012.tif,15.552822731631013,0.1106938100381365,0.6774030923843384,0.1534811556339264,0.5633052080869675
DnCNN,poisson_4_gauss_0.2,4.0,0.2,sticks_016.tif,15.755756524071495,0.1063305532981759,0.6794600486755371,0.1512628942728042,0.5532874420285225
DnCNN,poisson_4_gauss_0.2,4.0,0.2,sticks_013.tif,16.21073828350066,0.1185005290666452,0.7080779075622559,0.1447340995073318,0.5379083968698979
DnCNN,poisson_4_gauss_0.2,4.0,0.2,sticks_014.tif,15.2573097161138,0.0806541634447402,0.6446112990379333,0.1620571315288543,0.5888721376657486
DnCNN,poisson_4_gauss_0.2,4.0,0.2,sticks_015.tif,15.42419065524387,0.1047397781774052,0.6859142184257507,0.1555778086185455,0.5618428975343704
DnCNN,poisson_4_gauss_0.2,4.0,0.2,sticks_018.tif,15.56317073174078,0.1126726931472984,0.7004112005233765,0.1509001404047012,0.5566233634948731
DnCNN,poisson_4_gauss_0.2,4.0,0.2,sticks_020.tif,15.725540184919677,0.1109376390007507,0.6875615119934082,0.1484822928905487,0.5512347809970379
DnCNN,poisson_4_gauss_0.2,4.0,0.2,sticks_017.tif,15.96376022296208,0.1041659883377212,0.6885730624198914,0.1490825116634369,0.5679092586040497
DnCNN,poisson_4_gauss_0.2,4.0,0.2,sticks_019.tif,15.649924347279809,0.1161276117220995,0.6945414543151855,0.1519973427057266,0.5499601252377033
DnCNN,poisson_4_gauss_0.2,4.0,0.2,sticks_021.tif,15.772016293411056,0.1107502893366376,0.6922376155853271,0.1505092829465866,0.5592830672860145
DnCNN,poisson_4_gauss_0.2,4.0,0.2,sticks_022.tif,15.415912569886142,0.0939150153536508,0.6471277475357056,0.1564044654369354,0.5707213148474694
DnCNN,poisson_4_gauss_0.2,4.0,0.2,sticks_023.tif,15.338198279734767,0.1249182149983203,0.7177290320396423,0.1557723879814148,0.5496605768799782
DnCNN,poisson_4_gauss_0.2,4.0,0.2,sticks_024.tif,15.590369265108691,0.0966969816524901,0.6659024357795715,0.1544322669506073,0.5795893684029579
DnCNN,poisson_4_gauss_0.2,4.0,0.2,sticks_025.tif,16.370092844083587,0.1234278828775504,0.7241292595863342,0.1423389613628387,0.5421713449060916
DnCNN,poisson_4_gauss_0.2,4.0,0.2,sticks_026.tif,14.809467864020686,0.090821746681863,0.6304328441619873,0.1670638024806976,0.5833177417516708
DnCNN,poisson_4_gauss_0.2,4.0,0.2,sticks_027.tif,16.157823562530623,0.1449982900516956,0.7424916625022888,0.1431508660316467,0.546365775167942
DnCNN,poisson_4_gauss_0.2,4.0,0.2,sticks_028.tif,15.10116486066844,0.0934456591474706,0.621434211730957,0.1626065075397491,0.5834332078695297
DnCNN,poisson_4_gauss_0.2,4.0,0.2,sticks_029.tif,15.937093438411662,0.1215737119104229,0.7008101344108582,0.1462706178426742,0.5586766093969345
DnCNN,poisson_4_gauss_0.2,4.0,0.2,sticks_030.tif,15.905612532650116,0.1176993048562432,0.7072872519493103,0.1477542668581009,0.5528347782790661
DnCNN,poisson_4_gauss_0.2,4.0,0.2,sticks_032.tif,15.0313367244237,0.1167099061701571,0.6935938596725464,0.1612141281366348,0.5600853204727173
DnCNN,poisson_4_gauss_0.2,4.0,0.2,sticks_031.tif,15.406920241832188,0.0975744828433437,0.6574240326881409,0.1565152555704116,0.5731838688254356
DnCNN,poisson_4_gauss_0.2,4.0,0.2,sticks_033.tif,14.677256327909245,0.1184189454058826,0.6802994608879089,0.1670049577951431,0.5723091147840023
DnCNN,poisson_4_gauss_0.2,4.0,0.2,sticks_034.tif,15.548612450176094,0.1030821096584567,0.6793873906135559,0.1528902351856231,0.5631392858922482
DnCNN,poisson_4_gauss_0.2,4.0,0.2,sticks_035.tif,14.871718903822895,0.1105515195261051,0.6853746175765991,0.1598463058471679,0.5571569636464119
DnCNN,poisson_4_gauss_0.2,4.0,0.2,sticks_036.tif,14.982221627797802,0.0855156661415932,0.6376500725746155,0.1656404286623001,0.5789767153561115
DnCNN,poisson_4_gauss_0.2,4.0,0.2,sticks_037.tif,15.451805503186618,0.1023505287727108,0.6441677808761597,0.155592605471611,0.571123144030571
DnCNN,poisson_4_gauss_0.2,4.0,0.2,sticks_038.tif,15.001021036251624,0.071425096272761,0.6019099354743958,0.1666834205389022,0.5892157658934594
DnCNN,poisson_4_gauss_0.2,4.0,0.2,sticks_040.tif,15.7325553154054,0.1230863244410414,0.7098690271377563,0.1502157598733902,0.5567947752773762
DnCNN,poisson_4_gauss_0.2,4.0,0.2,sticks_039.tif,14.898295408505351,0.1018268368213157,0.6619539260864258,0.1631369143724441,0.5718710780143738
DnCNN,poisson_4_gauss_0.2,4.0,0.2,sticks_041.tif,14.917134157072075,0.0837022410085939,0.6373944878578186,0.164881557226181,0.5803909838199616
DnCNN,poisson_4_gauss_0.2,4.0,0.2,sticks_042.tif,15.272662327871158,0.079458293006534,0.6410906314849854,0.1622921079397201,0.5790809839963913
DnCNN,poisson_4_gauss_0.2,4.0,0.2,sticks_043.tif,15.476459250815592,0.1200904080242239,0.6990461945533752,0.153706207871437,0.5540000945329666
DnCNN,poisson_4_gauss_0.2,4.0,0.2,sticks_044.tif,15.817079294067838,0.1249604916836289,0.6997228264808655,0.1498647332191467,0.5557263888418674
DnCNN,poisson_4_gauss_0.2,4.0,0.2,sticks_045.tif,15.296849620601716,0.0870314326079027,0.6536691188812256,0.1597224175930023,0.575626827776432
DnCNN,poisson_4_gauss_0.2,4.0,0.2,sticks_046.tif,15.08906378154344,0.0834592567655471,0.6144201755523682,0.1630758643150329,0.5860256239771843
DnCNN,poisson_4_gauss_0.2,4.0,0.2,sticks_047.tif,15.10895322346949,0.0797911365852908,0.6306486129760742,0.1650588363409042,0.5856406927108765
DnCNN,poisson_4_gauss_0.2,4.0,0.2,sticks_049.tif,15.367659972148356,0.0973374728174372,0.6666600108146667,0.1587727814912796,0.5693246677517891
DnCNN,poisson_4_gauss_0.2,4.0,0.2,sticks_048.tif,15.483309359398309,0.1070458851286231,0.6877418160438538,0.1534115523099899,0.568491879105568
DnCNN,poisson_4_gauss_0.2,4.0,0.2,sticks_050.tif,15.39858066592647,0.084550495052378,0.6514416933059692,0.159580260515213,0.587528695166111
DnCNN,poisson_4_gauss_0.2,4.0,0.2,sticks_051.tif,16.37083373432615,0.1297749337621997,0.7273929715156555,0.1402815729379654,0.5421816371381283
DnCNN,poisson_4_gauss_0.2,4.0,0.2,sticks_053.tif,15.549709550631691,0.1218998483993844,0.7062376737594604,0.1525716334581375,0.5535798959434033
DnCNN,poisson_4_gauss_0.2,4.0,0.2,sticks_052.tif,15.289390881650434,0.1081090832416331,0.679875373840332,0.156969279050827,0.553627698123455
DnCNN,poisson_4_gauss_0.2,4.0,0.2,sticks_054.tif,14.51716678336769,0.0880417201810644,0.6506405472755432,0.1707107126712799,0.5828067421913147
DnCNN,poisson_4_gauss_0.2,4.0,0.2,sticks_055.tif,16.261696963137283,0.1193269073353132,0.7295290231704712,0.1432025879621505,0.5464899934828281
DnCNN,poisson_4_gauss_0.2,4.0,0.2,sticks_056.tif,15.48307025515488,0.105267027652513,0.6816662549972534,0.1534189283847808,0.5682626828551293
DnCNN,poisson_4_gauss_0.2,4.0,0.2,sticks_059.tif,15.174517611640326,0.0886838304482554,0.6494870781898499,0.1631172001361847,0.5842985406517982
DnCNN,poisson_4_gauss_0.2,4.0,0.2,sticks_058.tif,15.477051104135564,0.106237098309321,0.6807364225387573,0.1553784906864166,0.5575947180390358
DnCNN,poisson_4_gauss_0.2,4.0,0.2,sticks_057.tif,15.598529730139129,0.1214588056933237,0.7083626985549927,0.1520342528820037,0.5530831083655358
DnCNN,poisson_4_gauss_0.2,4.0,0.2,sticks_060.tif,14.474778000476684,0.0725092932991168,0.5751272439956665,0.1757636964321136,0.5918568387627602
DnCNN,poisson_4_gauss_0.2,4.0,0.2,sticks_063.tif,15.409020972204871,0.1073749359751424,0.6844435334205627,0.1541540324687957,0.5716815762221813
DnCNN,poisson_4_gauss_0.2,4.0,0.2,sticks_061.tif,15.197702991397504,0.1303640805097774,0.7202323079109192,0.1546277701854705,0.5519914120435715
DnCNN,poisson_4_gauss_0.2,4.0,0.2,sticks_062.tif,15.290698973628825,0.0831069726677314,0.6199550628662109,0.1599066406488418,0.5744771108031272
DnCNN,poisson_4_gauss_0.2,4.0,0.2,sticks_067.tif,15.196803946706057,0.1158366121160374,0.6666858196258545,0.1597509980201721,0.5702334232628345
DnCNN,poisson_4_gauss_0.2,4.0,0.2,sticks_066.tif,15.6159571893856,0.1142097197181092,0.6633565425872803,0.1501203775405883,0.5590841718018055
DnCNN,poisson_4_gauss_0.2,4.0,0.2,sticks_065.tif,15.953871614861985,0.103430234407936,0.6973260641098022,0.147118866443634,0.5519201576709747
DnCNN,poisson_4_gauss_0.2,4.0,0.2,sticks_068.tif,15.502293911079672,0.0917662834224306,0.6262868046760559,0.1561373770236969,0.5861825287342072
DnCNN,poisson_4_gauss_0.2,4.0,0.2,sticks_069.tif,15.938564690382751,0.1131175594991685,0.7025414705276489,0.148132175207138,0.5596209168434143
DnCNN,poisson_4_gauss_0.2,4.0,0.2,sticks_064.tif,15.655214715931276,0.0970392484906513,0.6844111680984497,0.1543276011943817,0.5700988158583641
DnCNN,poisson_4_gauss_0.2,4.0,0.2,sticks_070.tif,14.948629930553334,0.1097056552124677,0.6788077354431152,0.163902074098587,0.5789603538811207
DnCNN,poisson_4_gauss_0.2,4.0,0.2,sticks_071.tif,15.164246121042268,0.1110245974301663,0.6626434922218323,0.155580997467041,0.5624767489731312
DnCNN,poisson_4_gauss_0.2,4.0,0.2,sticks_072.tif,14.672736280818492,0.0834886858438453,0.6022488474845886,0.1704175919294357,0.5921361178159714
DnCNN,poisson_4_gauss_0.2,4.0,0.2,sticks_073.tif,15.161675320958691,0.0960442938125146,0.679260790348053,0.1586876511573791,0.5761245086789131
DnCNN,poisson_4_gauss_0.2,4.0,0.2,sticks_074.tif,14.876278960265868,0.0996440082006822,0.6576266288757324,0.1653603315353393,0.5838114082813263
DnCNN,poisson_4_gauss_0.2,4.0,0.2,sticks_075.tif,15.084949788840245,0.1159445832426182,0.686664342880249,0.1603889763355255,0.5497326552867889
DnCNN,poisson_4_gauss_0.2,4.0,0.2,sticks_076.tif,15.03223621278951,0.1140330625256142,0.6908008456230164,0.1636848747730255,0.5736634910106659
DnCNN,poisson_4_gauss_0.2,4.0,0.2,sticks_077.tif,15.659009482919606,0.1242807992144451,0.7152217030525208,0.1488109230995178,0.549299469590187
DnCNN,poisson_4_gauss_0.2,4.0,0.2,sticks_078.tif,15.555354647805606,0.0997371238421779,0.6698455214500427,0.1535245478153228,0.5581938900053501
DnCNN,poisson_4_gauss_0.2,4.0,0.2,sticks_079.tif,15.435164175180295,0.1129093213119972,0.6960371732711792,0.1567839831113815,0.564801649749279
DnCNN,poisson_4_gauss_0.2,4.0,0.2,sticks_080.tif,15.574699139174996,0.1293630584350312,0.7038268446922302,0.1504592448472976,0.5495597459375858
DnCNN,poisson_4_gauss_0.2,4.0,0.2,sticks_081.tif,15.13002087576108,0.1229047638458224,0.6931704878807068,0.1588304340839386,0.5635070107877255
DnCNN,poisson_4_gauss_0.2,4.0,0.2,sticks_082.tif,15.843190820587044,0.1236924516941526,0.7144694328308105,0.1492007672786712,0.5541063413023949
DnCNN,poisson_4_gauss_0.2,4.0,0.2,sticks_084.tif,15.779879772195851,0.1132095136679728,0.6907175183296204,0.1503703892230987,0.5649328723549842
DnCNN,poisson_4_gauss_0.2,4.0,0.2,sticks_083.tif,14.940278647759902,0.0951613400222619,0.6547746658325195,0.1641034185886383,0.5763970375061035
DnCNN,poisson_4_gauss_0.2,4.0,0.2,sticks_085.tif,15.998747666797,0.1032267044542592,0.7119632363319397,0.1441335827112198,0.5478623285889626
DnCNN,poisson_4_gauss_0.2,4.0,0.2,sticks_086.tif,16.318453517700952,0.1090743767664941,0.7028990387916565,0.1428702920675277,0.5426625572144985
DnCNN,poisson_4_gauss_0.2,4.0,0.2,sticks_088.tif,15.547671583834283,0.1056437264533207,0.6885208487510681,0.1534719914197921,0.5601290158927441
DnCNN,poisson_4_gauss_0.2,4.0,0.2,sticks_087.tif,15.668953685913678,0.107686112896018,0.7041834592819214,0.1505820602178573,0.5528128504753113
DnCNN,poisson_4_gauss_0.2,4.0,0.2,sticks_089.tif,15.570031708506516,0.1005830495052435,0.6797352433204651,0.1534174531698227,0.5709407806396485
DnCNN,poisson_4_gauss_0.2,4.0,0.2,sticks_090.tif,15.70025985143192,0.1180100278946555,0.7118172645568848,0.1498559266328811,0.5531702138483524
DnCNN,poisson_4_gauss_0.2,4.0,0.2,sticks_091.tif,15.31099737742325,0.0879812219476693,0.6246866583824158,0.1600311696529388,0.5688912846148014
DnCNN,poisson_4_gauss_0.2,4.0,0.2,sticks_092.tif,15.929299214378794,0.1059980756167015,0.6961682438850403,0.1492948234081268,0.5565453097224236
DnCNN,poisson_4_gauss_0.2,4.0,0.2,sticks_093.tif,15.814523699505909,0.1282493523601292,0.7111616730690002,0.1500333100557327,0.5569173723459244
DnCNN,poisson_4_gauss_0.2,4.0,0.2,sticks_095.tif,16.108559292404067,0.1369555789822047,0.7314643263816833,0.1422813981771469,0.5291643619537354
DnCNN,poisson_4_gauss_0.2,4.0,0.2,sticks_096.tif,15.213916451817925,0.1175460987866133,0.6837950944900513,0.1562693566083908,0.5545662827789783
DnCNN,poisson_4_gauss_0.2,4.0,0.2,sticks_097.tif,15.232808484816587,0.1070363241957266,0.6577081084251404,0.1584574282169342,0.5748119503259659
DnCNN,poisson_4_gauss_0.2,4.0,0.2,sticks_098.tif,16.353497662061468,0.1258352827054418,0.7101975679397583,0.1417711824178695,0.5463369704782963
DnCNN,poisson_4_gauss_0.2,4.0,0.2,sticks_099.tif,15.852551743962826,0.1119486472634941,0.7057915329933167,0.1494609862565994,0.5608028985559941
DnCNN,poisson_4_gauss_0.2,4.0,0.2,sticks_094.tif,16.559430859429145,0.1134887892106276,0.7054175734519958,0.1386805027723312,0.5400666654109955
Noise2Noise,poisson_16_gauss_0.05,16.0,0.05,sticks_000.tif,16.64498129822457,0.2218475076060742,0.8089173436164856,0.0831487774848938,0.1507320957258343
Noise2Noise,poisson_16_gauss_0.05,16.0,0.05,sticks_001.tif,17.621480399131254,0.261304821256336,0.8491682410240173,0.0737869590520858,0.1239424777217209
Noise2Noise,poisson_16_gauss_0.05,16.0,0.05,sticks_002.tif,17.544828616374375,0.177616894879785,0.8008852601051331,0.0791761428117752,0.1431857486255467
Noise2Noise,poisson_16_gauss_0.05,16.0,0.05,sticks_003.tif,17.81068240162132,0.2224197148148124,0.8246641159057617,0.0773896425962448,0.126564125996083
Noise2Noise,poisson_16_gauss_0.05,16.0,0.05,sticks_004.tif,16.790317071403265,0.2388005476391838,0.8176684975624084,0.0835140272974968,0.1449013968929648
Noise2Noise,poisson_16_gauss_0.05,16.0,0.05,sticks_005.tif,16.50917456712752,0.1764689077514862,0.7580782771110535,0.0908039584755897,0.1709827687591314
Noise2Noise,poisson_16_gauss_0.05,16.0,0.05,sticks_007.tif,17.13225290189365,0.2092921032803265,0.8029971718788147,0.0838160663843154,0.1350811649113893
Noise2Noise,poisson_16_gauss_0.05,16.0,0.05,sticks_009.tif,17.655994307089568,0.1744946941358053,0.7840388417243958,0.0799023658037185,0.1318944954313337
Noise2Noise,poisson_16_gauss_0.05,16.0,0.05,sticks_008.tif,14.594545108785509,0.2321697132593172,0.7799401879310608,0.1112334132194519,0.1987558728083968
Noise2Noise,poisson_16_gauss_0.05,16.0,0.05,sticks_011.tif,18.126799133719604,0.2455074071825928,0.8533141613006592,0.0698568746447563,0.1202680182643234
Noise2Noise,poisson_16_gauss_0.05,16.0,0.05,sticks_006.tif,15.221572850089151,0.1812518407271544,0.7648227214813232,0.1035658866167068,0.1909928732551634
Noise2Noise,poisson_16_gauss_0.05,16.0,0.05,sticks_010.tif,16.284966335857288,0.1993724139496232,0.7972132563591003,0.092192143201828,0.1522711648605764
Noise2Noise,poisson_16_gauss_0.05,16.0,0.05,sticks_012.tif,19.03939876484191,0.2259545142803813,0.8318921327590942,0.0673479437828064,0.1107983260415494
Noise2Noise,poisson_16_gauss_0.05,16.0,0.05,sticks_016.tif,17.940413597288185,0.1954193497616095,0.8077448606491089,0.0807715430855751,0.1127521592192351
Noise2Noise,poisson_16_gauss_0.05,16.0,0.05,sticks_013.tif,20.00251538446589,0.2509974041036987,0.8637251853942871,0.0587811954319477,0.092658072989434
Noise2Noise,poisson_16_gauss_0.05,16.0,0.05,sticks_014.tif,17.404418647739913,0.1808195616029178,0.7848538160324097,0.0803436189889907,0.141105574555695
Noise2Noise,poisson_16_gauss_0.05,16.0,0.05,sticks_015.tif,16.89423840739459,0.2255063834709207,0.8218410015106201,0.0831751376390457,0.1477962256409228
Noise2Noise,poisson_16_gauss_0.05,16.0,0.05,sticks_018.tif,18.475466891711694,0.2327454501286909,0.8472074866294861,0.0707065239548683,0.1169553156942129
Noise2Noise,poisson_16_gauss_0.05,16.0,0.05,sticks_020.tif,19.904674199798656,0.2142066502497785,0.8326377272605896,0.0651514753699302,0.1039267087355256
Noise2Noise,poisson_16_gauss_0.05,16.0,0.05,sticks_017.tif,17.528618203551844,0.2200958376964427,0.8192796111106873,0.0756099745631218,0.1254999613389373
Noise2Noise,poisson_16_gauss_0.05,16.0,0.05,sticks_019.tif,16.760666833296973,0.2503857081008484,0.8367218375205994,0.08033437281847,0.1320897205732762
Noise2Noise,poisson_16_gauss_0.05,16.0,0.05,sticks_021.tif,18.325945108224687,0.2312927758149246,0.8353338837623596,0.0716064423322677,0.1215422682464122
Noise2Noise,poisson_16_gauss_0.05,16.0,0.05,sticks_022.tif,16.278691895063954,0.1819479775757854,0.7784327864646912,0.0892916470766067,0.1490042590536177
Noise2Noise,poisson_16_gauss_0.05,16.0,0.05,sticks_023.tif,16.82828915782553,0.2471503888873336,0.8345646262168884,0.0840075686573982,0.1338158844038844
Noise2Noise,poisson_16_gauss_0.05,16.0,0.05,sticks_024.tif,18.385421824367192,0.2134888649164701,0.8148311972618103,0.0716049969196319,0.1328188085928559
Noise2Noise,poisson_16_gauss_0.05,16.0,0.05,sticks_025.tif,19.423844904679576,0.2445722630248346,0.8639332056045532,0.0629372149705886,0.0920123767107725
Noise2Noise,poisson_16_gauss_0.05,16.0,0.05,sticks_026.tif,16.70660251731093,0.1857267352250196,0.762130618095398,0.087856113910675,0.1585187698714435
Noise2Noise,poisson_16_gauss_0.05,16.0,0.05,sticks_027.tif,18.903812724073,0.2781640291899774,0.8768288493156433,0.0649374723434448,0.0994368840008974
Noise2Noise,poisson_16_gauss_0.05,16.0,0.05,sticks_028.tif,17.18385470327951,0.2020371524381668,0.7873193025588989,0.0811897665262222,0.1442685170099139
Noise2Noise,poisson_16_gauss_0.05,16.0,0.05,sticks_029.tif,19.746969724454047,0.2375851504281571,0.8373790383338928,0.0659110620617866,0.0982686041854321
Noise2Noise,poisson_16_gauss_0.05,16.0,0.05,sticks_030.tif,17.734542818208315,0.2393266326482759,0.8446834683418274,0.0736005678772926,0.1207245735451579
Noise2Noise,poisson_16_gauss_0.05,16.0,0.05,sticks_032.tif,16.000373641160174,0.2319680213827981,0.8073569536209106,0.0936101824045181,0.1573833312839269
Noise2Noise,poisson_16_gauss_0.05,16.0,0.05,sticks_031.tif,18.90021261360554,0.1889090575835782,0.7837895750999451,0.0734225511550903,0.1316533773206174
Noise2Noise,poisson_16_gauss_0.05,16.0,0.05,sticks_033.tif,14.735607492080227,0.2217899952066341,0.7786034941673279,0.1141034811735153,0.1950467951595783
Noise2Noise,poisson_16_gauss_0.05,16.0,0.05,sticks_034.tif,17.855998277576866,0.204735741168735,0.8095877170562744,0.0758538097143173,0.1213629419915378
Noise2Noise,poisson_16_gauss_0.05,16.0,0.05,sticks_035.tif,17.706835586807102,0.2148472132284713,0.8337187767028809,0.0795270949602127,0.1257118581794202
Noise2Noise,poisson_16_gauss_0.05,16.0,0.05,sticks_036.tif,17.531582277088003,0.1722312661726304,0.7762218117713928,0.0837512835860252,0.1428533180616796
Noise2Noise,poisson_16_gauss_0.05,16.0,0.05,sticks_037.tif,18.05467706928647,0.2016492305291101,0.8033321499824524,0.0786662399768829,0.1301965391263365
Noise2Noise,poisson_16_gauss_0.05,16.0,0.05,sticks_038.tif,19.971916913466487,0.1564640152126328,0.7650209665298462,0.069218672811985,0.138497350923717
Noise2Noise,poisson_16_gauss_0.05,16.0,0.05,sticks_040.tif,16.647722328596995,0.2389480473424684,0.8259444236755371,0.0838307589292526,0.1338329969905317
Noise2Noise,poisson_16_gauss_0.05,16.0,0.05,sticks_039.tif,17.041966210603878,0.2012341742730478,0.809596061706543,0.0829571485519409,0.1441849828697741
Noise2Noise,poisson_16_gauss_0.05,16.0,0.05,sticks_041.tif,16.744850789687174,0.1913372807967912,0.7770933508872986,0.0829453915357589,0.1493776941671967
Noise2Noise,poisson_16_gauss_0.05,16.0,0.05,sticks_042.tif,18.011487218709455,0.1798701005289618,0.7807320356369019,0.0743394643068313,0.1387867690995335
Noise2Noise,poisson_16_gauss_0.05,16.0,0.05,sticks_043.tif,16.621840207588715,0.2375366505359239,0.8335652351379395,0.0867136716842651,0.1433411518111825
Noise2Noise,poisson_16_gauss_0.05,16.0,0.05,sticks_044.tif,16.9050669315559,0.237034517933318,0.8261381387710571,0.0831476598978042,0.1347677182406187
Noise2Noise,poisson_16_gauss_0.05,16.0,0.05,sticks_045.tif,18.556488822092746,0.1973188267127417,0.8275359869003296,0.0700732693076133,0.1235043057240545
Noise2Noise,poisson_16_gauss_0.05,16.0,0.05,sticks_046.tif,19.205915410009155,0.1855029321144684,0.789650022983551,0.0686214044690132,0.1275806611403823
Noise2Noise,poisson_16_gauss_0.05,16.0,0.05,sticks_047.tif,17.678312333540113,0.178404813704856,0.77817702293396,0.078423373401165,0.1447596580721438
Noise2Noise,poisson_16_gauss_0.05,16.0,0.05,sticks_049.tif,17.841696760937438,0.2072544062289893,0.8118416666984558,0.0806298106908798,0.1325170988216996
Noise2Noise,poisson_16_gauss_0.05,16.0,0.05,sticks_048.tif,17.097440691465515,0.2174675747850163,0.8165140748023987,0.0815280675888061,0.1292591758072376
Noise2Noise,poisson_16_gauss_0.05,16.0,0.05,sticks_050.tif,16.97790012696631,0.1674253485853079,0.7655582427978516,0.0859781950712204,0.1408677004277706
Noise2Noise,poisson_16_gauss_0.05,16.0,0.05,sticks_051.tif,20.58801585456138,0.2608511855853238,0.8694961667060852,0.0594997107982635,0.0921074002049863
Noise2Noise,poisson_16_gauss_0.05,16.0,0.05,sticks_053.tif,18.081050631103523,0.2452096297655697,0.8463829159736633,0.0718725770711898,0.1244955745525658
Noise2Noise,poisson_16_gauss_0.05,16.0,0.05,sticks_052.tif,18.7497118050462,0.2180447256267955,0.8383078575134277,0.0707546696066856,0.1155392282642424
Noise2Noise,poisson_16_gauss_0.05,16.0,0.05,sticks_054.tif,18.245879715175384,0.1828377859888527,0.7665101289749146,0.0826279819011688,0.159668074734509
Noise2Noise,poisson_16_gauss_0.05,16.0,0.05,sticks_055.tif,18.488291673769584,0.2299147277632376,0.8464774489402771,0.0715182423591613,0.1125724623911082
Noise2Noise,poisson_16_gauss_0.05,16.0,0.05,sticks_056.tif,19.17065529497416,0.2180029510077336,0.8329935073852539,0.0672874525189399,0.1079596740193665
Noise2Noise,poisson_16_gauss_0.05,16.0,0.05,sticks_059.tif,16.99959372184711,0.184605336633693,0.7657783031463623,0.0881522446870803,0.1517876758240163
Noise2Noise,poisson_16_gauss_0.05,16.0,0.05,sticks_058.tif,17.943603309004924,0.2292815842376661,0.8321420550346375,0.0738891065120697,0.1218774023465812
Noise2Noise,poisson_16_gauss_0.05,16.0,0.05,sticks_057.tif,17.723039371415783,0.2373895613638035,0.8401606678962708,0.076261505484581,0.1241972665302455
Noise2Noise,poisson_16_gauss_0.05,16.0,0.05,sticks_060.tif,15.94765293344933,0.1449171270398243,0.6361446380615234,0.0980672985315322,0.1836536044254899
Noise2Noise,poisson_16_gauss_0.05,16.0,0.05,sticks_063.tif,17.412361882664115,0.213979014052086,0.8227032423019409,0.0784747377038002,0.1295738861896097
Noise2Noise,poisson_16_gauss_0.05,16.0,0.05,sticks_061.tif,16.404511758729114,0.2460863284188847,0.8302070498466492,0.0877406448125839,0.1437120256014168
Noise2Noise,poisson_16_gauss_0.05,16.0,0.05,sticks_062.tif,18.30959695547317,0.1732642523572744,0.7779488563537598,0.0736964493989944,0.1392064208164811
Noise2Noise,poisson_16_gauss_0.05,16.0,0.05,sticks_067.tif,15.612241513229089,0.2304437700170504,0.8075915575027466,0.0963222160935401,0.1693569356575608
Noise2Noise,poisson_16_gauss_0.05,16.0,0.05,sticks_066.tif,16.856721104093666,0.228980027046369,0.8141336441040039,0.0832100212574005,0.1280432415194809
Noise2Noise,poisson_16_gauss_0.05,16.0,0.05,sticks_065.tif,18.9694434903146,0.2077756335008735,0.8386551141738892,0.0694406479597091,0.103396095521748
Noise2Noise,poisson_16_gauss_0.05,16.0,0.05,sticks_068.tif,18.010298598506875,0.2065915908440162,0.7852578163146973,0.0746852904558181,0.1389622014947235
Noise2Noise,poisson_16_gauss_0.05,16.0,0.05,sticks_069.tif,18.545987723528977,0.2289205255068107,0.8392572402954102,0.0716981142759323,0.1207130661234259
Noise2Noise,poisson_16_gauss_0.05,16.0,0.05,sticks_064.tif,19.618326648078583,0.2419841588656644,0.8452845215797424,0.062302716076374,0.1045803868211805
Noise2Noise,poisson_16_gauss_0.05,16.0,0.05,sticks_070.tif,15.551079197350184,0.2223333828318534,0.7960339188575745,0.0975049585103988,0.1639744915068149
Noise2Noise,poisson_16_gauss_0.05,16.0,0.05,sticks_071.tif,17.618693709769936,0.2187820788474146,0.8219930529594421,0.0778779238462448,0.1177283947356045
Noise2Noise,poisson_16_gauss_0.05,16.0,0.05,sticks_072.tif,16.793155967908376,0.1750324551080017,0.737967848777771,0.0895760208368301,0.1590146763250231
Noise2Noise,poisson_16_gauss_0.05,16.0,0.05,sticks_073.tif,18.584945194230794,0.2007380691764716,0.8168345093727112,0.0758022367954254,0.1348185343667864
Noise2Noise,poisson_16_gauss_0.05,16.0,0.05,sticks_074.tif,16.376591283345356,0.2058676113720658,0.7869564294815063,0.0906825363636016,0.1628406877629458
Noise2Noise,poisson_16_gauss_0.05,16.0,0.05,sticks_075.tif,16.529235526160026,0.2220233969590514,0.7921708226203918,0.0875265523791313,0.1316391782835126
Noise2Noise,poisson_16_gauss_0.05,16.0,0.05,sticks_076.tif,16.758443152307724,0.2192224213421499,0.8102240562438965,0.0896073430776596,0.1577480405569076
Noise2Noise,poisson_16_gauss_0.05,16.0,0.05,sticks_077.tif,18.32652900663543,0.2524960898389154,0.8608828783035278,0.070049449801445,0.114733091648668
Noise2Noise,poisson_16_gauss_0.05,16.0,0.05,sticks_078.tif,16.56022800021144,0.2016681640384945,0.8149591088294983,0.0861976966261863,0.1346039613708853
Noise2Noise,poisson_16_gauss_0.05,16.0,0.05,sticks_079.tif,18.065314250121325,0.2397561219210143,0.8377107977867126,0.0730953067541122,0.1242998553439974
Noise2Noise,poisson_16_gauss_0.05,16.0,0.05,sticks_080.tif,17.474936888522954,0.2470153075273983,0.8396584391593933,0.0787503868341445,0.131392665579915
Noise2Noise,poisson_16_gauss_0.05,16.0,0.05,sticks_081.tif,17.080663802577313,0.2387382117657723,0.8244651556015015,0.08411106467247,0.1439343634992838
Noise2Noise,poisson_16_gauss_0.05,16.0,0.05,sticks_082.tif,19.797568352288835,0.2450984483548539,0.8648889064788818,0.0621330626308918,0.1072831005789339
Noise2Noise,poisson_16_gauss_0.05,16.0,0.05,sticks_084.tif,17.483638479046437,0.2349314221386336,0.8357357382774353,0.0763926953077316,0.1298098512925207
Noise2Noise,poisson_16_gauss_0.05,16.0,0.05,sticks_083.tif,15.876719797943217,0.2078285155226837,0.785014808177948,0.0961184799671173,0.170344041287899
Noise2Noise,poisson_16_gauss_0.05,16.0,0.05,sticks_085.tif,18.32877036680644,0.216047820017908,0.8446935415267944,0.0676338300108909,0.106103108683601
Noise2Noise,poisson_16_gauss_0.05,16.0,0.05,sticks_086.tif,20.35965294370456,0.2244679634997263,0.8629629611968994,0.0608961395919323,0.0946007307153195
Noise2Noise,poisson_16_gauss_0.05,16.0,0.05,sticks_088.tif,16.99812034469484,0.206643284563551,0.8206583857536316,0.0850130915641784,0.1269365157466381
Noise2Noise,poisson_16_gauss_0.05,16.0,0.05,sticks_087.tif,18.47838508582136,0.21399987459565,0.8422454595565796,0.0713710337877273,0.108044013287872
Noise2Noise,poisson_16_gauss_0.05,16.0,0.05,sticks_089.tif,17.824836898620383,0.2166888339823729,0.8145012259483337,0.0750303044915199,0.1300908689387142
Noise2Noise,poisson_16_gauss_0.05,16.0,0.05,sticks_090.tif,16.034526254807183,0.2085308142401147,0.8084611892700195,0.0962078645825386,0.1516573554836213
Noise2Noise,poisson_16_gauss_0.05,16.0,0.05,sticks_091.tif,17.75256813114955,0.1765851474371301,0.6868798136711121,0.0792871341109275,0.1341138986870646
Noise2Noise,poisson_16_gauss_0.05,16.0,0.05,sticks_092.tif,19.41988274507997,0.2205643691662827,0.8441155552864075,0.0655098110437393,0.0999650428071618
Noise2Noise,poisson_16_gauss_0.05,16.0,0.05,sticks_093.tif,17.48375652228552,0.2520979595764482,0.8395490050315857,0.0759992748498916,0.128714110981673
Noise2Noise,poisson_16_gauss_0.05,16.0,0.05,sticks_095.tif,19.28192766018817,0.2536568113516654,0.863063633441925,0.0641864389181137,0.0937898181378841
Noise2Noise,poisson_16_gauss_0.05,16.0,0.05,sticks_096.tif,16.940477153471416,0.2147446229678195,0.7970184087753296,0.0853657275438308,0.1378306825645268
Noise2Noise,poisson_16_gauss_0.05,16.0,0.05,sticks_097.tif,18.694091512718305,0.2243262471694083,0.8281376957893372,0.0727051571011543,0.1266544525511563
Noise2Noise,poisson_16_gauss_0.05,16.0,0.05,sticks_098.tif,18.36690075095965,0.2392707201910854,0.8423712253570557,0.0715930238366127,0.1105128927156329
Noise2Noise,poisson_16_gauss_0.05,16.0,0.05,sticks_099.tif,18.21990866593028,0.2046530641261818,0.8307705521583557,0.0757628306746482,0.120258429646492
Noise2Noise,poisson_16_gauss_0.05,16.0,0.05,sticks_094.tif,19.28361197639789,0.2285284010160171,0.8448964357376099,0.0658476576209068,0.0928842614404857
Noise2Noise,poisson_16_gauss_0.1,16.0,0.1,sticks_000.tif,15.915136739456004,0.156281090380106,0.7571554183959961,0.110487200319767,0.2414281545206904
Noise2Noise,poisson_16_gauss_0.1,16.0,0.1,sticks_001.tif,17.927377581516634,0.2202563144040834,0.8299297094345093,0.0848677456378936,0.1805389881134033
Noise2Noise,poisson_16_gauss_0.1,16.0,0.1,sticks_002.tif,16.525732735222714,0.1331766514200746,0.7425506114959717,0.1026162728667259,0.2373516632243991
Noise2Noise,poisson_16_gauss_0.1,16.0,0.1,sticks_003.tif,17.18667568428468,0.1790745651895604,0.7952232956886292,0.0959507822990417,0.2072086485102772
Noise2Noise,poisson_16_gauss_0.1,16.0,0.1,sticks_004.tif,16.36880616191765,0.1910497307995048,0.79129958152771,0.1034365072846412,0.2190736640244722
Noise2Noise,poisson_16_gauss_0.1,16.0,0.1,sticks_005.tif,15.421426461928805,0.1300733633297752,0.6966655850410461,0.1214062348008155,0.2715329468250275
Noise2Noise,poisson_16_gauss_0.1,16.0,0.1,sticks_007.tif,16.614452964555774,0.1764791849659721,0.7530206441879272,0.1020098701119422,0.2143997969105839
Noise2Noise,poisson_16_gauss_0.1,16.0,0.1,sticks_009.tif,16.476820213849145,0.1311111209898682,0.7391655445098877,0.1082947105169296,0.2227831806987524
Noise2Noise,poisson_16_gauss_0.1,16.0,0.1,sticks_008.tif,13.8825095097259,0.1845888863609678,0.7502965927124023,0.1371804177761078,0.2777473770081997
Noise2Noise,poisson_16_gauss_0.1,16.0,0.1,sticks_011.tif,17.51737995739023,0.1909569138712374,0.8125191926956177,0.0914234817028045,0.1897207140922546
Noise2Noise,poisson_16_gauss_0.1,16.0,0.1,sticks_006.tif,14.70918659841212,0.1277193868093544,0.6998363137245178,0.1285400688648224,0.270342569053173
Noise2Noise,poisson_16_gauss_0.1,16.0,0.1,sticks_010.tif,16.860471361934316,0.1659411605412226,0.7654349207878113,0.1036819443106651,0.2317536514252424
Noise2Noise,poisson_16_gauss_0.1,16.0,0.1,sticks_012.tif,18.40959526908771,0.1823176720276448,0.7852923274040222,0.08663160353899,0.1980406602844596
Noise2Noise,poisson_16_gauss_0.1,16.0,0.1,sticks_016.tif,17.311727007343393,0.1701541967965331,0.7905028462409973,0.0955955535173416,0.1867196323350071
Noise2Noise,poisson_16_gauss_0.1,16.0,0.1,sticks_013.tif,18.653443268658915,0.2008369249547315,0.8284176588058472,0.078928530216217,0.1613359091803431
Noise2Noise,poisson_16_gauss_0.1,16.0,0.1,sticks_014.tif,17.40529746653898,0.1358425218442585,0.7516184449195862,0.1010847836732864,0.2347733540460467
Noise2Noise,poisson_16_gauss_0.1,16.0,0.1,sticks_015.tif,15.960446114900686,0.1761088004658323,0.7795538306236267,0.1065445095300674,0.217836482450366
Noise2Noise,poisson_16_gauss_0.1,16.0,0.1,sticks_018.tif,17.050689277787342,0.1756526304572812,0.8021289706230164,0.0958885103464126,0.1948863591998815
Noise2Noise,poisson_16_gauss_0.1,16.0,0.1,sticks_020.tif,18.171028280530248,0.1779700051278185,0.8075929880142212,0.0870743170380592,0.1794662540778517
Noise2Noise,poisson_16_gauss_0.1,16.0,0.1,sticks_017.tif,17.325506126923532,0.1668996826825032,0.7809904217720032,0.0953094512224197,0.2061238404363393
Noise2Noise,poisson_16_gauss_0.1,16.0,0.1,sticks_019.tif,16.7326263289084,0.2002371211147947,0.8096291422843933,0.0957159921526908,0.1964825851842761
Noise2Noise,poisson_16_gauss_0.1,16.0,0.1,sticks_021.tif,17.66672770080112,0.1884070930070732,0.8003493547439575,0.0907007232308387,0.1980088332667947
Noise2Noise,poisson_16_gauss_0.1,16.0,0.1,sticks_022.tif,16.351792941112727,0.1421194041800564,0.721193253993988,0.1074413508176803,0.2282658403739333
Noise2Noise,poisson_16_gauss_0.1,16.0,0.1,sticks_023.tif,16.639655648361824,0.2015100220790626,0.7981089949607849,0.0986679047346115,0.1927521023899316
Noise2Noise,poisson_16_gauss_0.1,16.0,0.1,sticks_024.tif,16.91139619450658,0.1588241092696291,0.766077995300293,0.1001645475625991,0.2224663268774747
Noise2Noise,poisson_16_gauss_0.1,16.0,0.1,sticks_025.tif,19.12145657451625,0.2048704977532894,0.8427716493606567,0.0776857435703277,0.1607964074239135
Noise2Noise,poisson_16_gauss_0.1,16.0,0.1,sticks_026.tif,15.80623923643942,0.1404908057690988,0.7071104049682617,0.1141400560736656,0.241910688765347
Noise2Noise,poisson_16_gauss_0.1,16.0,0.1,sticks_027.tif,18.983106103707584,0.2275329139224194,0.8435487151145935,0.0806593373417854,0.1614204362034797
Noise2Noise,poisson_16_gauss_0.1,16.0,0.1,sticks_028.tif,17.05473551129749,0.1474179384551588,0.6830245852470398,0.1043882966041565,0.2320049064233899
Noise2Noise,poisson_16_gauss_0.1,16.0,0.1,sticks_029.tif,18.33966291995234,0.1981148408937597,0.8110837936401367,0.0844439566135406,0.1719735886901617
Noise2Noise,poisson_16_gauss_0.1,16.0,0.1,sticks_030.tif,16.99525820779126,0.1867910566929563,0.7964571714401245,0.0953716337680816,0.1971703359857201
Noise2Noise,poisson_16_gauss_0.1,16.0,0.1,sticks_032.tif,15.478422331508106,0.1920119203808221,0.7845449447631836,0.1099559888243675,0.2158870037645101
Noise2Noise,poisson_16_gauss_0.1,16.0,0.1,sticks_031.tif,17.530995597603393,0.1459996702137144,0.7047735452651978,0.1025148183107376,0.2342776615172624
Noise2Noise,poisson_16_gauss_0.1,16.0,0.1,sticks_033.tif,14.39210698276908,0.1851015439433657,0.756647527217865,0.1301465332508087,0.2549988783895969
Noise2Noise,poisson_16_gauss_0.1,16.0,0.1,sticks_034.tif,17.365073744510326,0.1655794844219896,0.7821534872055054,0.0943736657500267,0.2004802033305168
Noise2Noise,poisson_16_gauss_0.1,16.0,0.1,sticks_035.tif,17.07503574531804,0.1691567892009712,0.7779574990272522,0.100265122950077,0.2041765905916691
Noise2Noise,poisson_16_gauss_0.1,16.0,0.1,sticks_036.tif,16.075667957144532,0.1327170358057441,0.732179582118988,0.1140876784920692,0.238113041780889
Noise2Noise,poisson_16_gauss_0.1,16.0,0.1,sticks_037.tif,17.458117467463346,0.166854895196055,0.7569014430046082,0.0943257138133049,0.217627016082406
Noise2Noise,poisson_16_gauss_0.1,16.0,0.1,sticks_038.tif,17.408406305311523,0.1080151406098588,0.6570712327957153,0.1049943715333938,0.2586740693077445
Noise2Noise,poisson_16_gauss_0.1,16.0,0.1,sticks_040.tif,17.134306260640567,0.2018690955331211,0.8093829154968262,0.0943819433450698,0.1965163759887218
Noise2Noise,poisson_16_gauss_0.1,16.0,0.1,sticks_039.tif,16.192957067827216,0.160723891204612,0.757965624332428,0.1059646010398864,0.2295349149033427
Noise2Noise,poisson_16_gauss_0.1,16.0,0.1,sticks_041.tif,16.385598045830818,0.1331342260282534,0.6997721195220947,0.1085687130689621,0.2309520134702324
Noise2Noise,poisson_16_gauss_0.1,16.0,0.1,sticks_042.tif,16.868977822779485,0.1221912459864711,0.7268979549407959,0.1044852584600448,0.237460165284574
Noise2Noise,poisson_16_gauss_0.1,16.0,0.1,sticks_043.tif,16.340687895821993,0.1946304302183653,0.7999248504638672,0.1005278453230857,0.2067149452865123
Noise2Noise,poisson_16_gauss_0.1,16.0,0.1,sticks_044.tif,16.285881859787544,0.1981451922128058,0.8032201528549194,0.1011450514197349,0.2075696064159274
Noise2Noise,poisson_16_gauss_0.1,16.0,0.1,sticks_045.tif,17.18562136538777,0.1418942956108254,0.7649851441383362,0.0991902127861976,0.223535087518394
Noise2Noise,poisson_16_gauss_0.1,16.0,0.1,sticks_046.tif,17.422770864083137,0.1340521806127131,0.691982090473175,0.102012351155281,0.2320889035239815
Noise2Noise,poisson_16_gauss_0.1,16.0,0.1,sticks_047.tif,16.830321378430185,0.1257761689104971,0.7175047397613525,0.1086753457784652,0.2545424630865455
Noise2Noise,poisson_16_gauss_0.1,16.0,0.1,sticks_049.tif,16.72773933066577,0.1618437421008834,0.7744119763374329,0.1018710955977439,0.2204080436378717
Noise2Noise,poisson_16_gauss_0.1,16.0,0.1,sticks_048.tif,16.38897222729871,0.1734881919463317,0.7845936417579651,0.1014967411756515,0.1974612610414624
Noise2Noise,poisson_16_gauss_0.1,16.0,0.1,sticks_050.tif,16.689965092177953,0.1299357267958087,0.7329975962638855,0.1088019981980323,0.241725630313158
Noise2Noise,poisson_16_gauss_0.1,16.0,0.1,sticks_051.tif,18.663419906907745,0.2145048938191866,0.8370264768600464,0.0783599987626075,0.1592957543209195
Noise2Noise,poisson_16_gauss_0.1,16.0,0.1,sticks_053.tif,16.911566492487026,0.1991936633326222,0.8048695921897888,0.0940102264285087,0.1938833786174655
Noise2Noise,poisson_16_gauss_0.1,16.0,0.1,sticks_052.tif,16.09062052140116,0.178088343709735,0.7718503475189209,0.0984332859516143,0.1942252242937684
Noise2Noise,poisson_16_gauss_0.1,16.0,0.1,sticks_054.tif,15.675916883997573,0.1432278494197533,0.7300378084182739,0.1204726547002792,0.2473731389269232
Noise2Noise,poisson_16_gauss_0.1,16.0,0.1,sticks_055.tif,16.684947578480113,0.1858870121126732,0.8214585781097412,0.0947690829634666,0.1796134339645504
Noise2Noise,poisson_16_gauss_0.1,16.0,0.1,sticks_056.tif,18.099560621091875,0.175037561545964,0.7910846471786499,0.090092048048973,0.1891535343602299
Noise2Noise,poisson_16_gauss_0.1,16.0,0.1,sticks_059.tif,15.687985536741456,0.1405252293930518,0.7220572829246521,0.1177162677049636,0.2517876259982586
Noise2Noise,poisson_16_gauss_0.1,16.0,0.1,sticks_058.tif,17.322698275218116,0.1826556458200864,0.7922425270080566,0.0941022038459777,0.2047039641067385
Noise2Noise,poisson_16_gauss_0.1,16.0,0.1,sticks_057.tif,16.946335888881517,0.1949802020904371,0.8045847415924072,0.0955743938684463,0.2004928894340992
Noise2Noise,poisson_16_gauss_0.1,16.0,0.1,sticks_060.tif,16.088895276212412,0.1091980534542835,0.5957377552986145,0.1234021633863449,0.2980240052565932
Noise2Noise,poisson_16_gauss_0.1,16.0,0.1,sticks_063.tif,16.937453198314046,0.1739676575067215,0.7913681864738464,0.0994791388511657,0.2112183704972267
Noise2Noise,poisson_16_gauss_0.1,16.0,0.1,sticks_061.tif,16.125423938209806,0.2043002281284068,0.8108774423599243,0.1040762290358543,0.20375986546278
Noise2Noise,poisson_16_gauss_0.1,16.0,0.1,sticks_062.tif,16.8595902490126,0.124359754874137,0.6850200891494751,0.1081412062048912,0.2368604362010956
Noise2Noise,poisson_16_gauss_0.1,16.0,0.1,sticks_067.tif,15.527564407307128,0.1835028718307233,0.7411205768585205,0.1153198033571243,0.2511153215542435
Noise2Noise,poisson_16_gauss_0.1,16.0,0.1,sticks_066.tif,16.527066855540397,0.1818045346052325,0.7357722520828247,0.0993861109018325,0.1954634631052613
Noise2Noise,poisson_16_gauss_0.1,16.0,0.1,sticks_065.tif,18.22121224551838,0.1611731646745403,0.79234778881073,0.0895040109753608,0.1728246532380581
Noise2Noise,poisson_16_gauss_0.1,16.0,0.1,sticks_068.tif,16.76542387644413,0.1499527234025961,0.7084659934043884,0.1044340878725051,0.2453543800860643
Noise2Noise,poisson_16_gauss_0.1,16.0,0.1,sticks_069.tif,17.45380935033938,0.179687711463966,0.7878392934799194,0.0928443372249603,0.1934873139485717
Noise2Noise,poisson_16_gauss_0.1,16.0,0.1,sticks_064.tif,18.46989472130415,0.1693875226783176,0.802483081817627,0.0875121802091598,0.1898157015442848
Noise2Noise,poisson_16_gauss_0.1,16.0,0.1,sticks_070.tif,15.197920821114392,0.1743076714666695,0.7623855471611023,0.1191232800483703,0.2531044265255332
Noise2Noise,poisson_16_gauss_0.1,16.0,0.1,sticks_071.tif,17.736381440769684,0.1861923270342873,0.797793447971344,0.0905598774552345,0.1836853444576263
Noise2Noise,poisson_16_gauss_0.1,16.0,0.1,sticks_072.tif,16.455726417867503,0.1379630804769164,0.6705041527748108,0.1116771847009658,0.2576568549498915
Noise2Noise,poisson_16_gauss_0.1,16.0,0.1,sticks_073.tif,16.19023941772354,0.1564331068911708,0.7647497653961182,0.1068125590682029,0.2154163563624024
Noise2Noise,poisson_16_gauss_0.1,16.0,0.1,sticks_074.tif,15.884484217493933,0.1583943323848247,0.7394559979438782,0.1152588874101638,0.2626694509759545
Noise2Noise,poisson_16_gauss_0.1,16.0,0.1,sticks_075.tif,15.967849070486722,0.1920847692474371,0.7810588479042053,0.1035788506269455,0.2006922781467437
Noise2Noise,poisson_16_gauss_0.1,16.0,0.1,sticks_076.tif,15.631617823438056,0.1836289151744785,0.7792642116546631,0.1131273880600929,0.2372371211647987
Noise2Noise,poisson_16_gauss_0.1,16.0,0.1,sticks_077.tif,17.461177102492154,0.2025146539871576,0.823738694190979,0.0887778028845787,0.1867872901260852
Noise2Noise,poisson_16_gauss_0.1,16.0,0.1,sticks_078.tif,17.05056988964328,0.1632726674825535,0.777206301689148,0.0971566289663314,0.2072218924760818
Noise2Noise,poisson_16_gauss_0.1,16.0,0.1,sticks_079.tif,17.22822590604853,0.1915264085372287,0.8013140559196472,0.0940677896142005,0.203256175853312
Noise2Noise,poisson_16_gauss_0.1,16.0,0.1,sticks_080.tif,16.812784249512113,0.2007399679165487,0.7917630076408386,0.0962309092283248,0.1998007485643029
Noise2Noise,poisson_16_gauss_0.1,16.0,0.1,sticks_081.tif,16.095036420751185,0.1934249403017781,0.7790521383285522,0.1075325980782508,0.2231835320591926
Noise2Noise,poisson_16_gauss_0.1,16.0,0.1,sticks_082.tif,18.205389173534407,0.2023864450600035,0.8315407633781433,0.0855804830789566,0.1831321157515049
Noise2Noise,poisson_16_gauss_0.1,16.0,0.1,sticks_084.tif,17.28780741212241,0.1860582049613008,0.7965267300605774,0.0934283658862114,0.2046930093318223
Noise2Noise,poisson_16_gauss_0.1,16.0,0.1,sticks_083.tif,15.68432640586224,0.1571664651795787,0.7468268275260925,0.1153005212545394,0.2417825674638152
Noise2Noise,poisson_16_gauss_0.1,16.0,0.1,sticks_085.tif,17.675009541868086,0.1718497678031798,0.8180719017982483,0.0840002372860908,0.1667264305055141
Noise2Noise,poisson_16_gauss_0.1,16.0,0.1,sticks_086.tif,19.479748262682087,0.1847514603380269,0.8248129487037659,0.0756646916270256,0.1642070513218641
Noise2Noise,poisson_16_gauss_0.1,16.0,0.1,sticks_088.tif,16.839765414210504,0.1713381163116836,0.7873397469520569,0.0996133238077163,0.1974803620949387
Noise2Noise,poisson_16_gauss_0.1,16.0,0.1,sticks_087.tif,17.906570652717882,0.1700436853261945,0.8053505420684814,0.0892164334654808,0.1776367271319031
Noise2Noise,poisson_16_gauss_0.1,16.0,0.1,sticks_089.tif,17.412265326047486,0.1664208917262005,0.7848314046859741,0.0974510014057159,0.2131830280646681
Noise2Noise,poisson_16_gauss_0.1,16.0,0.1,sticks_090.tif,15.980202211909829,0.1744055535006367,0.7788264155387878,0.1102873906493187,0.2119599495083093
Noise2Noise,poisson_16_gauss_0.1,16.0,0.1,sticks_091.tif,16.641408029906245,0.1349380609193317,0.6428344249725342,0.1067838072776794,0.2219514030963182
Noise2Noise,poisson_16_gauss_0.1,16.0,0.1,sticks_092.tif,18.24334631239107,0.1798464378519567,0.8133873343467712,0.0830235108733177,0.1783663190901279
Noise2Noise,poisson_16_gauss_0.1,16.0,0.1,sticks_093.tif,16.996091131017852,0.2073399291838074,0.8134467005729675,0.0946532636880874,0.2083525117486715
Noise2Noise,poisson_16_gauss_0.1,16.0,0.1,sticks_095.tif,18.34069624786969,0.2099502296978501,0.8309858441352844,0.0815921500325203,0.1577820040285587
Noise2Noise,poisson_16_gauss_0.1,16.0,0.1,sticks_096.tif,16.148107824867076,0.1797486053380935,0.7432871460914612,0.1052635535597801,0.2066496320068836
Noise2Noise,poisson_16_gauss_0.1,16.0,0.1,sticks_097.tif,16.798338955643153,0.1820514532466102,0.7774127125740051,0.0994354337453842,0.2135196240618825
Noise2Noise,poisson_16_gauss_0.1,16.0,0.1,sticks_098.tif,17.662034751663974,0.1954017297436961,0.808005154132843,0.0893714427947998,0.1766820767894387
Noise2Noise,poisson_16_gauss_0.1,16.0,0.1,sticks_099.tif,17.30911022085271,0.1714511344203469,0.7933118939399719,0.0952537357807159,0.1999335845932364
Noise2Noise,poisson_16_gauss_0.1,16.0,0.1,sticks_094.tif,19.93004362171115,0.1936150560528004,0.8259841799736023,0.076358750462532,0.1551023731008172
Noise2Noise,poisson_16_gauss_0.2,16.0,0.2,sticks_000.tif,14.30262732423848,0.1044731394329079,0.6501270532608032,0.1675165295600891,0.4131075035780668
Noise2Noise,poisson_16_gauss_0.2,16.0,0.2,sticks_001.tif,15.530430112181106,0.1535738644715381,0.7473827600479126,0.137368232011795,0.3432278469204902
Noise2Noise,poisson_16_gauss_0.2,16.0,0.2,sticks_002.tif,14.07350703980632,0.0795811179380683,0.622606098651886,0.1671520918607711,0.4184772625565529
Noise2Noise,poisson_16_gauss_0.2,16.0,0.2,sticks_003.tif,14.88989324113211,0.1219189973707436,0.7161750197410583,0.1523064523935318,0.3828784368932247
Noise2Noise,poisson_16_gauss_0.2,16.0,0.2,sticks_004.tif,14.464138947310776,0.127119238780011,0.6774077415466309,0.1599819958209991,0.3837074797600507
Noise2Noise,poisson_16_gauss_0.2,16.0,0.2,sticks_005.tif,12.921912887581664,0.0786978349946792,0.5795976519584656,0.1940681189298629,0.4496377646923065
Noise2Noise,poisson_16_gauss_0.2,16.0,0.2,sticks_007.tif,15.17313833020318,0.1263864351935657,0.6444651484489441,0.148551732301712,0.3899873696267605
Noise2Noise,poisson_16_gauss_0.2,16.0,0.2,sticks_009.tif,14.043138399050411,0.0879767688854693,0.6515532732009888,0.170797660946846,0.4124023523181677
Noise2Noise,poisson_16_gauss_0.2,16.0,0.2,sticks_008.tif,13.105706510422776,0.131128433307335,0.6863093972206116,0.1855621486902237,0.4314486607909202
Noise2Noise,poisson_16_gauss_0.2,16.0,0.2,sticks_011.tif,15.498149747265142,0.1341893743944659,0.7263886332511902,0.1403765380382537,0.3601217947900295
Noise2Noise,poisson_16_gauss_0.2,16.0,0.2,sticks_006.tif,12.78478091613838,0.0826302929181131,0.6210874915122986,0.1900086104869842,0.43866947889328
Noise2Noise,poisson_16_gauss_0.2,16.0,0.2,sticks_010.tif,14.187039203725972,0.1095692957299221,0.6500537991523743,0.1651789546012878,0.4148736156523228
Noise2Noise,poisson_16_gauss_0.2,16.0,0.2,sticks_012.tif,14.781735214057584,0.1232169049863239,0.68624347448349,0.151931807398796,0.3816106017678976
Noise2Noise,poisson_16_gauss_0.2,16.0,0.2,sticks_016.tif,15.224058923746457,0.1188945745677909,0.7071824073791504,0.1455145925283432,0.3657425332814455
Noise2Noise,poisson_16_gauss_0.2,16.0,0.2,sticks_013.tif,16.094828232622234,0.1397283582555198,0.738692581653595,0.1292697489261627,0.339204266667366
Noise2Noise,poisson_16_gauss_0.2,16.0,0.2,sticks_014.tif,14.644597908678987,0.0821965451707427,0.6161320805549622,0.1649611145257949,0.4316806674003601
Noise2Noise,poisson_16_gauss_0.2,16.0,0.2,sticks_015.tif,14.045106776559924,0.1163222623292839,0.6867432594299316,0.1622489988803863,0.3857841245830059
Noise2Noise,poisson_16_gauss_0.2,16.0,0.2,sticks_018.tif,15.230929641319488,0.1232003597821685,0.7026717066764832,0.145666629076004,0.364982720836997
Noise2Noise,poisson_16_gauss_0.2,16.0,0.2,sticks_020.tif,15.773840763319017,0.1251122287103581,0.7119913101196289,0.1370734721422195,0.3501633256673813
Noise2Noise,poisson_16_gauss_0.2,16.0,0.2,sticks_017.tif,15.34619683155466,0.1132115495164398,0.6977419853210449,0.1495445519685745,0.3925339303910732
Noise2Noise,poisson_16_gauss_0.2,16.0,0.2,sticks_019.tif,15.027883964449906,0.1391949201509969,0.7149100303649902,0.1430691331624984,0.3590698953717947
Noise2Noise,poisson_16_gauss_0.2,16.0,0.2,sticks_021.tif,14.652195021912789,0.1259836958585939,0.7063315510749817,0.1531237065792083,0.3788902539759874
Noise2Noise,poisson_16_gauss_0.2,16.0,0.2,sticks_022.tif,14.262940662418318,0.0943135247984618,0.6012370586395264,0.1629955172538757,0.4028327792882919
Noise2Noise,poisson_16_gauss_0.2,16.0,0.2,sticks_023.tif,14.747918064775,0.1437239463482913,0.7295882105827332,0.1478177607059478,0.3482457797974348
Noise2Noise,poisson_16_gauss_0.2,16.0,0.2,sticks_024.tif,14.454681545824853,0.1058480341804466,0.674572229385376,0.1601583212614059,0.4073685236275196
Noise2Noise,poisson_16_gauss_0.2,16.0,0.2,sticks_025.tif,16.90057574049253,0.1448516334123499,0.7578072547912598,0.1242379173636436,0.336724392324686
Noise2Noise,poisson_16_gauss_0.2,16.0,0.2,sticks_026.tif,14.054152638836676,0.0919035415791663,0.5827024579048157,0.1710986047983169,0.413923891633749
Noise2Noise,poisson_16_gauss_0.2,16.0,0.2,sticks_027.tif,15.999207737784849,0.1645977693712443,0.7673949003219604,0.1351011097431183,0.3346028089523315
Noise2Noise,poisson_16_gauss_0.2,16.0,0.2,sticks_028.tif,14.51903574145966,0.1062303475762746,0.6145237684249878,0.1582356542348861,0.4096946336328983
Noise2Noise,poisson_16_gauss_0.2,16.0,0.2,sticks_029.tif,15.766391092536075,0.1352768622202112,0.7202191352844238,0.1410364508628845,0.3603798549622297
Noise2Noise,poisson_16_gauss_0.2,16.0,0.2,sticks_030.tif,15.205740624214794,0.13278413249183,0.7189451456069946,0.1442475765943527,0.3676896315068007
Noise2Noise,poisson_16_gauss_0.2,16.0,0.2,sticks_032.tif,14.533543350559516,0.1403587029929721,0.7295944690704346,0.151280403137207,0.3684851333498954
Noise2Noise,poisson_16_gauss_0.2,16.0,0.2,sticks_031.tif,14.67665682441824,0.1003132000512781,0.6084697246551514,0.1638975441455841,0.4111717224121093
Noise2Noise,poisson_16_gauss_0.2,16.0,0.2,sticks_033.tif,12.906519167635322,0.1348513377226215,0.6870384216308594,0.1771886348724365,0.3968870982527733
Noise2Noise,poisson_16_gauss_0.2,16.0,0.2,sticks_034.tif,15.57333922514126,0.1137972215554936,0.7027451395988464,0.1457713544368744,0.3800412744283676
Noise2Noise,poisson_16_gauss_0.2,16.0,0.2,sticks_035.tif,14.422444020258393,0.1183411528589096,0.685727059841156,0.1596090942621231,0.3656557694077492
Noise2Noise,poisson_16_gauss_0.2,16.0,0.2,sticks_036.tif,13.75875680607903,0.0906195918384189,0.6374654173851013,0.1764905452728271,0.4278625018894672
Noise2Noise,poisson_16_gauss_0.2,16.0,0.2,sticks_037.tif,14.929002535959125,0.1129825134273568,0.6600410342216492,0.1525255441665649,0.3988053701817989
Noise2Noise,poisson_16_gauss_0.2,16.0,0.2,sticks_038.tif,14.23086264963892,0.0655226673718488,0.5282071232795715,0.173291265964508,0.444272443652153
Noise2Noise,poisson_16_gauss_0.2,16.0,0.2,sticks_040.tif,14.592359398402357,0.1429382221285454,0.7329001426696777,0.1486367434263229,0.3624841183423996
Noise2Noise,poisson_16_gauss_0.2,16.0,0.2,sticks_039.tif,14.302359193318368,0.1082260066537966,0.6598091721534729,0.162432000041008,0.3996936175972223
Noise2Noise,poisson_16_gauss_0.2,16.0,0.2,sticks_041.tif,13.87296587388655,0.0875167888712242,0.6039684414863586,0.1715282648801803,0.411413249373436
Noise2Noise,poisson_16_gauss_0.2,16.0,0.2,sticks_042.tif,14.284919547929158,0.0765474483260625,0.6147599816322327,0.1716789454221725,0.4252506889402866
Noise2Noise,poisson_16_gauss_0.2,16.0,0.2,sticks_043.tif,14.634651130074786,0.1391142741072766,0.7107682824134827,0.1479670107364654,0.3604089424014091
Noise2Noise,poisson_16_gauss_0.2,16.0,0.2,sticks_044.tif,14.509271072200107,0.1395075512487925,0.7069939970970154,0.1533431112766266,0.3778750527650117
Noise2Noise,poisson_16_gauss_0.2,16.0,0.2,sticks_045.tif,14.16105389768084,0.0911544357849292,0.6491150259971619,0.1662917286157608,0.4146275855600834
Noise2Noise,poisson_16_gauss_0.2,16.0,0.2,sticks_046.tif,13.709374449808,0.08253553648404,0.5525622367858887,0.1818669140338897,0.4262547083199024
Noise2Noise,poisson_16_gauss_0.2,16.0,0.2,sticks_047.tif,13.997317176832736,0.0780871182094675,0.5904973745346069,0.1784059852361679,0.4409981705248356
Noise2Noise,poisson_16_gauss_0.2,16.0,0.2,sticks_049.tif,14.542048668882366,0.1107618944100209,0.6736931800842285,0.1571648269891739,0.3987178858369589
Noise2Noise,poisson_16_gauss_0.2,16.0,0.2,sticks_048.tif,14.593339227922776,0.1139844273003087,0.6809705495834351,0.1544650942087173,0.375006328523159
Noise2Noise,poisson_16_gauss_0.2,16.0,0.2,sticks_050.tif,14.51098734402902,0.088019704544217,0.6381850838661194,0.1663608402013778,0.4266329009085893
Noise2Noise,poisson_16_gauss_0.2,16.0,0.2,sticks_051.tif,16.670602517855077,0.1452479704752895,0.7473533153533936,0.1278197914361953,0.3369266763329506
Noise2Noise,poisson_16_gauss_0.2,16.0,0.2,sticks_053.tif,14.580222478349228,0.1362356649545288,0.7140028476715088,0.1509990841150283,0.3598030615597963
Noise2Noise,poisson_16_gauss_0.2,16.0,0.2,sticks_052.tif,15.190556170446056,0.1228233307430159,0.6713518500328064,0.1456596106290817,0.3640347994863987
Noise2Noise,poisson_16_gauss_0.2,16.0,0.2,sticks_054.tif,13.236493104108792,0.0963322945212322,0.6549785137176514,0.1822132617235183,0.4245160460472107
Noise2Noise,poisson_16_gauss_0.2,16.0,0.2,sticks_055.tif,15.677393094282444,0.1331522043577402,0.7566419839859009,0.1386775076389312,0.3461245398968458
Noise2Noise,poisson_16_gauss_0.2,16.0,0.2,sticks_056.tif,14.750989870676763,0.114343304030395,0.6838774681091309,0.1527196317911148,0.3803956974297762
Noise2Noise,poisson_16_gauss_0.2,16.0,0.2,sticks_059.tif,13.68345547615899,0.0885196274056859,0.611673891544342,0.1788975298404693,0.4382836356759071
Noise2Noise,poisson_16_gauss_0.2,16.0,0.2,sticks_058.tif,14.501433231085596,0.1196850896490124,0.6904937624931335,0.1544889658689499,0.3729518491774797
Noise2Noise,poisson_16_gauss_0.2,16.0,0.2,sticks_057.tif,15.413174086453283,0.136171812727935,0.7205687761306763,0.142197772860527,0.3631988279521465
Noise2Noise,poisson_16_gauss_0.2,16.0,0.2,sticks_060.tif,13.00649977305548,0.0662302970384921,0.4796479642391205,0.1987750977277755,0.4622331485152244
Noise2Noise,poisson_16_gauss_0.2,16.0,0.2,sticks_063.tif,14.51688268370776,0.1188148733464926,0.6908553242683411,0.1561360657215118,0.3885062288492918
Noise2Noise,poisson_16_gauss_0.2,16.0,0.2,sticks_061.tif,14.874729316215394,0.1510390349204544,0.7490770220756531,0.1451136618852615,0.3571914412081242
Noise2Noise,poisson_16_gauss_0.2,16.0,0.2,sticks_062.tif,13.912287699814929,0.0865746803976861,0.5660852789878845,0.1700394302606582,0.4092915575951338
Noise2Noise,poisson_16_gauss_0.2,16.0,0.2,sticks_067.tif,13.992303264570234,0.126024290739329,0.6324695348739624,0.1688305139541626,0.4024396609514952
Noise2Noise,poisson_16_gauss_0.2,16.0,0.2,sticks_066.tif,15.016991713378632,0.1260585003834377,0.6579369902610779,0.1477440297603607,0.3658609166741371
Noise2Noise,poisson_16_gauss_0.2,16.0,0.2,sticks_065.tif,15.7494623559813,0.1176735696022856,0.7182877063751221,0.1371615976095199,0.3468085434287786
Noise2Noise,poisson_16_gauss_0.2,16.0,0.2,sticks_068.tif,14.511379181087992,0.0992393795278597,0.6222823858261108,0.1633039116859436,0.4306168362498283
Noise2Noise,poisson_16_gauss_0.2,16.0,0.2,sticks_069.tif,15.174523864910594,0.127551759550526,0.7142371535301208,0.1424434632062912,0.3682705670595169
Noise2Noise,poisson_16_gauss_0.2,16.0,0.2,sticks_064.tif,15.852371774339764,0.1093612439842074,0.7127848267555237,0.1434462070465088,0.3862683776766061
Noise2Noise,poisson_16_gauss_0.2,16.0,0.2,sticks_070.tif,13.868887144400656,0.1213460630232686,0.6938618421554565,0.1709091067314148,0.4120259415358305
Noise2Noise,poisson_16_gauss_0.2,16.0,0.2,sticks_071.tif,15.078820241406364,0.1284478367417574,0.6967937350273132,0.1448464095592498,0.359101615473628
Noise2Noise,poisson_16_gauss_0.2,16.0,0.2,sticks_072.tif,13.551941040423428,0.0882433713359129,0.5393592119216919,0.1802136003971099,0.4371128156781196
Noise2Noise,poisson_16_gauss_0.2,16.0,0.2,sticks_073.tif,14.448682172116756,0.1049292193797327,0.6797700524330139,0.1604364514350891,0.3964958731085062
Noise2Noise,poisson_16_gauss_0.2,16.0,0.2,sticks_074.tif,13.682777692272214,0.1071379551843525,0.6423196196556091,0.1759237349033355,0.4260701235383749
Noise2Noise,poisson_16_gauss_0.2,16.0,0.2,sticks_075.tif,14.514953799975956,0.1364485518380309,0.7073438763618469,0.1511361449956894,0.3509075757116079
Noise2Noise,poisson_16_gauss_0.2,16.0,0.2,sticks_076.tif,13.80370962107888,0.1250088505219846,0.690315306186676,0.1698253452777862,0.3979336209595203
Noise2Noise,poisson_16_gauss_0.2,16.0,0.2,sticks_077.tif,15.86726286253604,0.1445873911616031,0.755047619342804,0.1338274478912353,0.3438313741236925
Noise2Noise,poisson_16_gauss_0.2,16.0,0.2,sticks_078.tif,15.172864677445316,0.1106736826524669,0.6727966666221619,0.1460367292165756,0.3763060316443443
Noise2Noise,poisson_16_gauss_0.2,16.0,0.2,sticks_079.tif,15.01612741946187,0.1291345084193336,0.7100680470466614,0.1496285200119018,0.3814289696514606
Noise2Noise,poisson_16_gauss_0.2,16.0,0.2,sticks_080.tif,15.03508918746472,0.1458752638979228,0.7183542847633362,0.1439477950334549,0.3537507433444261
Noise2Noise,poisson_16_gauss_0.2,16.0,0.2,sticks_081.tif,14.312468120711072,0.1339772622789186,0.6802282929420471,0.1598112136125564,0.3841411020606756
Noise2Noise,poisson_16_gauss_0.2,16.0,0.2,sticks_082.tif,15.345963388873596,0.1407608647655322,0.7459397315979004,0.1413193494081497,0.3571501646190881
Noise2Noise,poisson_16_gauss_0.2,16.0,0.2,sticks_084.tif,14.94227417755367,0.1260979611986175,0.6975196599960327,0.1495838463306427,0.3838464919477701
Noise2Noise,poisson_16_gauss_0.2,16.0,0.2,sticks_083.tif,13.594693359353114,0.0985258017054941,0.6235339045524597,0.1729928702116012,0.4077135842293501
Noise2Noise,poisson_16_gauss_0.2,16.0,0.2,sticks_085.tif,16.28355008135417,0.1222877489821099,0.7546707391738892,0.1254732757806778,0.3361733984202146
Noise2Noise,poisson_16_gauss_0.2,16.0,0.2,sticks_086.tif,16.67475447257697,0.1264844645108266,0.7102705240249634,0.1257176101207733,0.3410205941647291
Noise2Noise,poisson_16_gauss_0.2,16.0,0.2,sticks_088.tif,14.622122672007334,0.1230370986896014,0.7149038314819336,0.1490962654352188,0.3641342729330062
Noise2Noise,poisson_16_gauss_0.2,16.0,0.2,sticks_087.tif,15.745927183546383,0.118140030607181,0.7182583212852478,0.1413279622793197,0.3621207751333714
Noise2Noise,poisson_16_gauss_0.2,16.0,0.2,sticks_089.tif,14.733585588432357,0.109080352804757,0.6701157689094543,0.1560166329145431,0.3949877373874187
Noise2Noise,poisson_16_gauss_0.2,16.0,0.2,sticks_090.tif,14.347097517256977,0.1293995445881746,0.7128235101699829,0.1546957492828369,0.3707983780652285
Noise2Noise,poisson_16_gauss_0.2,16.0,0.2,sticks_091.tif,14.46310449356188,0.0969621377129735,0.5909042358398438,0.1623837202787399,0.4022031418979168
Noise2Noise,poisson_16_gauss_0.2,16.0,0.2,sticks_092.tif,16.03570299493839,0.1186555387735089,0.7093664407730103,0.1388508528470993,0.3642545960843563
Noise2Noise,poisson_16_gauss_0.2,16.0,0.2,sticks_093.tif,14.95881126384537,0.1458618561743579,0.7242575287818909,0.1470763981342315,0.3726864591240882
Noise2Noise,poisson_16_gauss_0.2,16.0,0.2,sticks_095.tif,16.151814441216636,0.1548038553942783,0.7537287473678589,0.1283180862665176,0.3182536579668522
Noise2Noise,poisson_16_gauss_0.2,16.0,0.2,sticks_096.tif,14.361563019802098,0.1287071585594482,0.6659300923347473,0.1536639928817749,0.3602690182626247
Noise2Noise,poisson_16_gauss_0.2,16.0,0.2,sticks_097.tif,14.39271460608038,0.1137417392366929,0.6472955346107483,0.1629002839326858,0.3900189395993948
Noise2Noise,poisson_16_gauss_0.2,16.0,0.2,sticks_098.tif,15.986322777553635,0.1430172858585612,0.7475029826164246,0.1326847672462463,0.3415434516966343
Noise2Noise,poisson_16_gauss_0.2,16.0,0.2,sticks_099.tif,14.76326676601498,0.1141374690661402,0.686845064163208,0.1549469530582428,0.3834376506507396
Noise2Noise,poisson_16_gauss_0.2,16.0,0.2,sticks_094.tif,16.487259134353085,0.1326843069484734,0.7373934984207153,0.1282379925251007,0.3415387749671936
Noise2Noise,poisson_1_gauss_0.05,1.0,0.05,sticks_000.tif,15.490893003954971,0.1394037377741626,0.7219326496124268,0.1125725954771041,0.2119633374735713
Noise2Noise,poisson_1_gauss_0.05,1.0,0.05,sticks_001.tif,16.84656455249966,0.1780443467643865,0.795756459236145,0.100331112742424,0.204043236374855
Noise2Noise,poisson_1_gauss_0.05,1.0,0.05,sticks_002.tif,16.283069078287838,0.1410726382830738,0.7492878437042236,0.094774529337883,0.194442806020379
Noise2Noise,poisson_1_gauss_0.05,1.0,0.05,sticks_003.tif,17.234736733011548,0.1469654141471893,0.7702849507331848,0.1006830930709838,0.1860251866281032
Noise2Noise,poisson_1_gauss_0.05,1.0,0.05,sticks_004.tif,16.40496840042655,0.1632985510490016,0.7677813768386841,0.1059398204088211,0.2041987998411059
Noise2Noise,poisson_1_gauss_0.05,1.0,0.05,sticks_005.tif,16.665168284568303,0.138232722904394,0.7341147661209106,0.0994450747966766,0.2059199813753366
Noise2Noise,poisson_1_gauss_0.05,1.0,0.05,sticks_007.tif,17.422921578879787,0.1557977683967276,0.7787399291992188,0.1010376214981079,0.1957660311833024
Noise2Noise,poisson_1_gauss_0.05,1.0,0.05,sticks_009.tif,16.808155320015278,0.1278891846635772,0.733734667301178,0.0972935855388641,0.1861207300797104
Noise2Noise,poisson_1_gauss_0.05,1.0,0.05,sticks_008.tif,14.47555196625444,0.1579983824178517,0.74085932970047,0.1304224282503128,0.2624913880601525
Noise2Noise,poisson_1_gauss_0.05,1.0,0.05,sticks_011.tif,16.854845292474863,0.1632374359685119,0.7791643738746643,0.0964104533195495,0.1849640494212508
Noise2Noise,poisson_1_gauss_0.05,1.0,0.05,sticks_006.tif,15.584958179224245,0.1292748118452792,0.7219099998474121,0.1114902943372726,0.2314356373623013
Noise2Noise,poisson_1_gauss_0.05,1.0,0.05,sticks_010.tif,16.201603650909895,0.1394704350845601,0.7544125318527222,0.1122112646698951,0.2085661835968494
Noise2Noise,poisson_1_gauss_0.05,1.0,0.05,sticks_012.tif,17.98897824933381,0.1600944183731221,0.7771698236465454,0.0897952169179916,0.1799654196947813
Noise2Noise,poisson_1_gauss_0.05,1.0,0.05,sticks_016.tif,16.797063228566238,0.1457631157555154,0.7569908499717712,0.1019286960363388,0.1770034512504935
Noise2Noise,poisson_1_gauss_0.05,1.0,0.05,sticks_013.tif,19.45102118188446,0.1742546943866426,0.8036586046218872,0.0782615691423416,0.1592632410116493
Noise2Noise,poisson_1_gauss_0.05,1.0,0.05,sticks_014.tif,16.572663963419657,0.1315581920217871,0.7403362393379211,0.0987572744488716,0.2087458322755992
Noise2Noise,poisson_1_gauss_0.05,1.0,0.05,sticks_015.tif,17.423774174944796,0.1497763612452196,0.7643615007400513,0.0948590338230133,0.1863105489872396
Noise2Noise,poisson_1_gauss_0.05,1.0,0.05,sticks_018.tif,17.082465742110266,0.1552227900165751,0.7715065479278564,0.0997923761606216,0.1865146595053374
Noise2Noise,poisson_1_gauss_0.05,1.0,0.05,sticks_020.tif,18.2116865138739,0.1512744845066772,0.7824669480323792,0.0910950824618339,0.1637035077437758
Noise2Noise,poisson_1_gauss_0.05,1.0,0.05,sticks_017.tif,16.64888589998436,0.1505185796121108,0.7695066332817078,0.0997271686792373,0.1957773610949516
Noise2Noise,poisson_1_gauss_0.05,1.0,0.05,sticks_019.tif,15.981305879426618,0.164412983965267,0.7796287536621094,0.1035675182938575,0.19597246684134
Noise2Noise,poisson_1_gauss_0.05,1.0,0.05,sticks_021.tif,16.552834300959468,0.1556363037816209,0.7738866209983826,0.0992494821548461,0.182266235537827
Noise2Noise,poisson_1_gauss_0.05,1.0,0.05,sticks_022.tif,16.463098046403505,0.1335728806529751,0.7586089968681335,0.1088202819228172,0.2116068156436085
Noise2Noise,poisson_1_gauss_0.05,1.0,0.05,sticks_023.tif,16.326297125308827,0.1742986724223011,0.7984527945518494,0.1073803082108497,0.1976249611936509
Noise2Noise,poisson_1_gauss_0.05,1.0,0.05,sticks_024.tif,17.439410644242304,0.1441200711590881,0.7403520941734314,0.0939700827002525,0.1941218644380569
Noise2Noise,poisson_1_gauss_0.05,1.0,0.05,sticks_025.tif,18.708492118082365,0.1652495399499993,0.8018478155136108,0.0863339081406593,0.1649022048339247
Noise2Noise,poisson_1_gauss_0.05,1.0,0.05,sticks_026.tif,16.080914461343173,0.1461063526707101,0.750331461429596,0.1056084260344505,0.2078184957616031
Noise2Noise,poisson_1_gauss_0.05,1.0,0.05,sticks_027.tif,17.816582650461996,0.1762588497149574,0.7915613055229187,0.0996656268835067,0.185498159751296
Noise2Noise,poisson_1_gauss_0.05,1.0,0.05,sticks_028.tif,17.54599296847441,0.1390648109486316,0.7533863186836243,0.0963709875941276,0.1867607679218053
Noise2Noise,poisson_1_gauss_0.05,1.0,0.05,sticks_029.tif,18.0810414332279,0.166584750730148,0.7892776727676392,0.0917180031538009,0.166438409499824
Noise2Noise,poisson_1_gauss_0.05,1.0,0.05,sticks_030.tif,17.42977320136344,0.1679674726574748,0.7898412942886353,0.0941484794020652,0.1850052526220679
Noise2Noise,poisson_1_gauss_0.05,1.0,0.05,sticks_032.tif,16.44510752313254,0.1601781014897415,0.779809296131134,0.1086129546165466,0.2012105902656912
Noise2Noise,poisson_1_gauss_0.05,1.0,0.05,sticks_031.tif,18.05734653950023,0.1529700046966243,0.7797966003417969,0.0868739485740661,0.1757343848235905
Noise2Noise,poisson_1_gauss_0.05,1.0,0.05,sticks_033.tif,14.385370040906244,0.1571762607193324,0.7389793992042542,0.133363127708435,0.2490083628334105
Noise2Noise,poisson_1_gauss_0.05,1.0,0.05,sticks_034.tif,17.77287752605251,0.1516673445485543,0.7707223296165466,0.0905805900692939,0.1903633456677198
Noise2Noise,poisson_1_gauss_0.05,1.0,0.05,sticks_035.tif,16.66877804341489,0.1597890020672264,0.7860826849937439,0.1009797304868698,0.1778783681802451
Noise2Noise,poisson_1_gauss_0.05,1.0,0.05,sticks_036.tif,17.9414803233282,0.150064832532408,0.7595927715301514,0.0849213451147079,0.1805800250731408
Noise2Noise,poisson_1_gauss_0.05,1.0,0.05,sticks_037.tif,16.596518216558632,0.1470701525761407,0.7478044033050537,0.1013161540031433,0.194344853144139
Noise2Noise,poisson_1_gauss_0.05,1.0,0.05,sticks_038.tif,18.12287152438729,0.1255467272092646,0.754694402217865,0.0907058119773864,0.1786951590329408
Noise2Noise,poisson_1_gauss_0.05,1.0,0.05,sticks_040.tif,16.533494999279622,0.1696288983642188,0.7875643968582153,0.100845418870449,0.197742105089128
Noise2Noise,poisson_1_gauss_0.05,1.0,0.05,sticks_039.tif,16.41052778927915,0.1548203830504985,0.7810665369033813,0.1001206040382385,0.2082193316891789
Noise2Noise,poisson_1_gauss_0.05,1.0,0.05,sticks_041.tif,16.889660640310453,0.1470148373600618,0.7617417573928833,0.094601385295391,0.2050738425925374
Noise2Noise,poisson_1_gauss_0.05,1.0,0.05,sticks_042.tif,17.509601101171768,0.1384197041869435,0.7136281728744507,0.0907522365450859,0.1983601087704301
Noise2Noise,poisson_1_gauss_0.05,1.0,0.05,sticks_043.tif,15.916563405779511,0.1611224319261206,0.7873055934906006,0.1147917881608009,0.1998855939134955
Noise2Noise,poisson_1_gauss_0.05,1.0,0.05,sticks_044.tif,15.97083995819927,0.1689475260733269,0.7633395791053772,0.1059551239013671,0.2006335590966045
Noise2Noise,poisson_1_gauss_0.05,1.0,0.05,sticks_045.tif,18.41519921947792,0.136172735663674,0.7737254500389099,0.0860568210482597,0.1659652980044484
Noise2Noise,poisson_1_gauss_0.05,1.0,0.05,sticks_046.tif,17.54436946679105,0.1236098934096173,0.7393389940261841,0.0940513461828231,0.1749254953116178
Noise2Noise,poisson_1_gauss_0.05,1.0,0.05,sticks_047.tif,17.325662881907355,0.1254149116808997,0.7246721386909485,0.0967409610748291,0.1950568738393485
Noise2Noise,poisson_1_gauss_0.05,1.0,0.05,sticks_049.tif,16.594099891594944,0.1434693735615151,0.758861780166626,0.1016067415475845,0.1834951363503933
Noise2Noise,poisson_1_gauss_0.05,1.0,0.05,sticks_048.tif,16.254576507478326,0.1410377974484256,0.748968780040741,0.1111995428800582,0.2049024697393179
Noise2Noise,poisson_1_gauss_0.05,1.0,0.05,sticks_050.tif,17.560616390553076,0.1251679064183315,0.7580499649047852,0.0960265770554542,0.1871794663369655
Noise2Noise,poisson_1_gauss_0.05,1.0,0.05,sticks_051.tif,17.479158183792826,0.1705271232102817,0.8010097742080688,0.0957069247961044,0.1678767058067024
Noise2Noise,poisson_1_gauss_0.05,1.0,0.05,sticks_053.tif,16.961409284825784,0.1703387185992406,0.7778233289718628,0.0946839675307273,0.1869275109842419
Noise2Noise,poisson_1_gauss_0.05,1.0,0.05,sticks_052.tif,17.696066326322498,0.1503374589292477,0.7762593030929565,0.0968586504459381,0.1733302593231201
Noise2Noise,poisson_1_gauss_0.05,1.0,0.05,sticks_054.tif,16.72492024504157,0.1399149502695781,0.7538176774978638,0.0969613194465637,0.187092831544578
Noise2Noise,poisson_1_gauss_0.05,1.0,0.05,sticks_055.tif,17.38278763579839,0.1692496579926404,0.8063918352127075,0.0928341224789619,0.1828528556972742
Noise2Noise,poisson_1_gauss_0.05,1.0,0.05,sticks_056.tif,17.411884447712563,0.145469691895166,0.7530854940414429,0.0928552821278572,0.1690859019756317
Noise2Noise,poisson_1_gauss_0.05,1.0,0.05,sticks_059.tif,16.514290298885026,0.1279028755419079,0.7296148538589478,0.1079412698745727,0.207598409242928
Noise2Noise,poisson_1_gauss_0.05,1.0,0.05,sticks_058.tif,17.134212177440503,0.1563119980527919,0.7742392420768738,0.0974113494157791,0.1911779855377972
Noise2Noise,poisson_1_gauss_0.05,1.0,0.05,sticks_057.tif,17.070552474540726,0.1606369876413698,0.7798620462417603,0.1031447649002075,0.1819138394668698
Noise2Noise,poisson_1_gauss_0.05,1.0,0.05,sticks_060.tif,16.769944998184883,0.1096554288511761,0.6672101020812988,0.1054662093520164,0.2121046924963593
Noise2Noise,poisson_1_gauss_0.05,1.0,0.05,sticks_063.tif,16.807757040735464,0.1484830976008949,0.7576304078102112,0.1051569208502769,0.1898005479946732
Noise2Noise,poisson_1_gauss_0.05,1.0,0.05,sticks_061.tif,15.440945553601775,0.1623711967425364,0.7711407542228699,0.1206589117646217,0.2105343405157327
Noise2Noise,poisson_1_gauss_0.05,1.0,0.05,sticks_062.tif,17.247386593358186,0.1283815365153236,0.7664088010787964,0.0940911620855331,0.18469616798684
Noise2Noise,poisson_1_gauss_0.05,1.0,0.05,sticks_067.tif,16.042816682392896,0.1697756197800703,0.7657824754714966,0.1067392230033874,0.2192672903649509
Noise2Noise,poisson_1_gauss_0.05,1.0,0.05,sticks_066.tif,16.272553662471907,0.1562475786429885,0.7592889070510864,0.1059093847870826,0.1919441756792366
Noise2Noise,poisson_1_gauss_0.05,1.0,0.05,sticks_065.tif,17.758682001974723,0.1505018809557036,0.790729820728302,0.0940057635307312,0.1706749703735113
Noise2Noise,poisson_1_gauss_0.05,1.0,0.05,sticks_068.tif,17.769987113214704,0.1486596150063173,0.7648338675498962,0.0889001935720443,0.1998038498684763
Noise2Noise,poisson_1_gauss_0.05,1.0,0.05,sticks_069.tif,17.113929665841493,0.1515061495586483,0.7836942076683044,0.1027292385697364,0.1977307248860597
Noise2Noise,poisson_1_gauss_0.05,1.0,0.05,sticks_064.tif,17.86594378999154,0.1538956846182046,0.7813760042190552,0.0872290208935737,0.1723615097813308
Noise2Noise,poisson_1_gauss_0.05,1.0,0.05,sticks_070.tif,16.07233550297278,0.1590043946240645,0.7574827671051025,0.1057436913251876,0.2250605372712016
Noise2Noise,poisson_1_gauss_0.05,1.0,0.05,sticks_071.tif,16.998372187352942,0.1518286054849505,0.7662034034729004,0.1021925210952758,0.1865070993080735
Noise2Noise,poisson_1_gauss_0.05,1.0,0.05,sticks_072.tif,17.810494793152202,0.136152978124198,0.7576300501823425,0.0934817641973495,0.1915800428017973
Noise2Noise,poisson_1_gauss_0.05,1.0,0.05,sticks_073.tif,17.07000688418643,0.1358870396328181,0.7688226699829102,0.1004507318139076,0.1878539144992828
Noise2Noise,poisson_1_gauss_0.05,1.0,0.05,sticks_074.tif,16.522073407636416,0.1427667391522188,0.7522274851799011,0.1044773906469345,0.2002197200432419
Noise2Noise,poisson_1_gauss_0.05,1.0,0.05,sticks_075.tif,17.581339840067166,0.1608036778035119,0.7874242067337036,0.097088448703289,0.1715705363079905
Noise2Noise,poisson_1_gauss_0.05,1.0,0.05,sticks_076.tif,16.557595831464788,0.1631446322054108,0.7735771536827087,0.1030091866850853,0.2169777488335967
Noise2Noise,poisson_1_gauss_0.05,1.0,0.05,sticks_077.tif,16.854626424454406,0.1679605975647441,0.7982071042060852,0.0955140441656112,0.1832606453448534
Noise2Noise,poisson_1_gauss_0.05,1.0,0.05,sticks_078.tif,16.286863912270693,0.1424797117279078,0.7666170597076416,0.1053553596138954,0.1953963361680507
Noise2Noise,poisson_1_gauss_0.05,1.0,0.05,sticks_079.tif,16.92582480802415,0.1708915127398255,0.7868656516075134,0.0959452539682388,0.1957904094830155
Noise2Noise,poisson_1_gauss_0.05,1.0,0.05,sticks_080.tif,16.99143621474624,0.1707927825899121,0.7809650301933289,0.103101447224617,0.2013410175219178
Noise2Noise,poisson_1_gauss_0.05,1.0,0.05,sticks_081.tif,16.287865633286447,0.1752237324546224,0.7857579588890076,0.1065186858177185,0.2083462830632925
Noise2Noise,poisson_1_gauss_0.05,1.0,0.05,sticks_082.tif,18.213416849903577,0.1801785234227453,0.8053082227706909,0.0838766917586326,0.1795128312893212
Noise2Noise,poisson_1_gauss_0.05,1.0,0.05,sticks_084.tif,17.4738491898741,0.1629437140436099,0.7926182150840759,0.0945682227611541,0.1994952611625194
Noise2Noise,poisson_1_gauss_0.05,1.0,0.05,sticks_083.tif,14.553544001432703,0.1344467431257489,0.7278196215629578,0.1281600296497345,0.2339246057905256
Noise2Noise,poisson_1_gauss_0.05,1.0,0.05,sticks_085.tif,17.640174186894335,0.1493182542639504,0.7755168080329895,0.0892758294939994,0.1756520878523588
Noise2Noise,poisson_1_gauss_0.05,1.0,0.05,sticks_086.tif,18.414710976610667,0.1597021524177513,0.8073958158493042,0.0865415409207344,0.16063311425969
Noise2Noise,poisson_1_gauss_0.05,1.0,0.05,sticks_088.tif,16.52249398401682,0.1564977166084294,0.7722213864326477,0.0998613238334655,0.1844474952667951
Noise2Noise,poisson_1_gauss_0.05,1.0,0.05,sticks_087.tif,18.078550021747738,0.1495241121036763,0.7811917066574097,0.0905702039599418,0.1755892363376915
Noise2Noise,poisson_1_gauss_0.05,1.0,0.05,sticks_089.tif,17.27823832500826,0.1538795677525432,0.779641330242157,0.0892530977725982,0.1850303986109793
Noise2Noise,poisson_1_gauss_0.05,1.0,0.05,sticks_090.tif,16.524220033443335,0.1483103662023833,0.7790820598602295,0.1088872924447059,0.1989373812451958
Noise2Noise,poisson_1_gauss_0.05,1.0,0.05,sticks_091.tif,18.50724142039423,0.1464744541446401,0.7676613330841064,0.0816231220960617,0.1550695713609457
Noise2Noise,poisson_1_gauss_0.05,1.0,0.05,sticks_092.tif,17.83249024336606,0.1575393998015702,0.7781215310096741,0.0895776748657226,0.1757540268823504
Noise2Noise,poisson_1_gauss_0.05,1.0,0.05,sticks_093.tif,17.433014657765057,0.1681901055249403,0.7766457200050354,0.0975997895002365,0.1918100582435727
Noise2Noise,poisson_1_gauss_0.05,1.0,0.05,sticks_095.tif,18.524121878564937,0.1867799262779994,0.8169272541999817,0.0889588594436645,0.1647698458284139
Noise2Noise,poisson_1_gauss_0.05,1.0,0.05,sticks_096.tif,16.75804774242779,0.1708133516744983,0.7618504166603088,0.0992743447422981,0.1976809693500399
Noise2Noise,poisson_1_gauss_0.05,1.0,0.05,sticks_097.tif,17.133693521474417,0.1578001778104955,0.7840819954872131,0.0952288433909416,0.1889766464009881
Noise2Noise,poisson_1_gauss_0.05,1.0,0.05,sticks_098.tif,17.23767780974321,0.1755718750277775,0.8058107495307922,0.0924392566084861,0.1801031675189733
Noise2Noise,poisson_1_gauss_0.05,1.0,0.05,sticks_099.tif,16.62340726218441,0.1458302664762152,0.7563289999961853,0.1031433790922164,0.1943190766498446
Noise2Noise,poisson_1_gauss_0.05,1.0,0.05,sticks_094.tif,19.443478546125423,0.1634704811689463,0.7971802353858948,0.08004692196846,0.1529173348098993
Noise2Noise,poisson_1_gauss_0.1,1.0,0.1,sticks_000.tif,16.52941673277596,0.1345804302727228,0.7509403824806213,0.1126438751816749,0.2493314910680055
Noise2Noise,poisson_1_gauss_0.1,1.0,0.1,sticks_001.tif,16.476767185619615,0.1615120041941062,0.7752088308334351,0.1127756983041763,0.2314589265733957
Noise2Noise,poisson_1_gauss_0.1,1.0,0.1,sticks_002.tif,16.253929928945,0.1139137094595714,0.7334198951721191,0.1098215728998184,0.2384226903319359
Noise2Noise,poisson_1_gauss_0.1,1.0,0.1,sticks_003.tif,16.184854255381374,0.1402474786596613,0.7474698424339294,0.1109807938337326,0.2241809589788317
Noise2Noise,poisson_1_gauss_0.1,1.0,0.1,sticks_004.tif,15.87553799446182,0.1476874427780074,0.7400762438774109,0.1186895743012428,0.2384157616645097
Noise2Noise,poisson_1_gauss_0.1,1.0,0.1,sticks_005.tif,15.465777527173747,0.1306629339214984,0.7350191473960876,0.1159247606992721,0.2524115961045027
Noise2Noise,poisson_1_gauss_0.1,1.0,0.1,sticks_007.tif,16.060468738414944,0.1504507715022313,0.7622289061546326,0.1131759732961654,0.2337190691381692
Noise2Noise,poisson_1_gauss_0.1,1.0,0.1,sticks_009.tif,17.269487907062633,0.1223248967256246,0.7529837489128113,0.1031883135437965,0.223378524184227
Noise2Noise,poisson_1_gauss_0.1,1.0,0.1,sticks_008.tif,14.50541606980947,0.1512473076297227,0.7360072731971741,0.136514276266098,0.2910484854131937
Noise2Noise,poisson_1_gauss_0.1,1.0,0.1,sticks_011.tif,17.03088674087673,0.1645330099124176,0.7977347373962402,0.0998983159661293,0.2197068413719534
Noise2Noise,poisson_1_gauss_0.1,1.0,0.1,sticks_006.tif,14.70598351340003,0.1189721459212981,0.7177312970161438,0.1302780210971832,0.2752593796700239
Noise2Noise,poisson_1_gauss_0.1,1.0,0.1,sticks_010.tif,16.03959359645994,0.1308385242389785,0.7492303848266602,0.1223825216293335,0.2408509843051433
Noise2Noise,poisson_1_gauss_0.1,1.0,0.1,sticks_012.tif,17.621759110407144,0.1412322712028108,0.7663100361824036,0.1039533987641334,0.2153495103120803
Noise2Noise,poisson_1_gauss_0.1,1.0,0.1,sticks_016.tif,16.84198712809621,0.1299801230669243,0.7413601875305176,0.115736685693264,0.2112759459763765
Noise2Noise,poisson_1_gauss_0.1,1.0,0.1,sticks_013.tif,19.036996242940116,0.1640839837481733,0.8072512149810791,0.0868681520223617,0.1902175161987543
Noise2Noise,poisson_1_gauss_0.1,1.0,0.1,sticks_014.tif,16.636893634826663,0.1152385775068818,0.737152636051178,0.1124532967805862,0.2508628450334072
Noise2Noise,poisson_1_gauss_0.1,1.0,0.1,sticks_015.tif,16.423353498572848,0.1387515201493976,0.7432354092597961,0.1126356571912765,0.2395001236349344
Noise2Noise,poisson_1_gauss_0.1,1.0,0.1,sticks_018.tif,17.227604272181917,0.1475777499313255,0.7843575477600098,0.1064699739217758,0.2182795014232397
Noise2Noise,poisson_1_gauss_0.1,1.0,0.1,sticks_020.tif,17.968734745605257,0.1483384556226101,0.7777769565582275,0.0989134386181831,0.2016983993351459
Noise2Noise,poisson_1_gauss_0.1,1.0,0.1,sticks_017.tif,16.91291050048527,0.1354799169843907,0.7556176781654358,0.1093955039978027,0.226152404770255
Noise2Noise,poisson_1_gauss_0.1,1.0,0.1,sticks_019.tif,16.300861107272915,0.1582092564354699,0.7756038308143616,0.1081810221076011,0.2277322065085172
Noise2Noise,poisson_1_gauss_0.1,1.0,0.1,sticks_021.tif,16.0668333806979,0.1418856967909722,0.7559443712234497,0.112251378595829,0.2158784303814172
Noise2Noise,poisson_1_gauss_0.1,1.0,0.1,sticks_022.tif,15.490456993587898,0.1190128574270856,0.7139662504196167,0.1251643002033233,0.2442094579339027
Noise2Noise,poisson_1_gauss_0.1,1.0,0.1,sticks_023.tif,15.652659216636176,0.1577451501185623,0.7692810893058777,0.1205023378133773,0.2302841212600469
Noise2Noise,poisson_1_gauss_0.1,1.0,0.1,sticks_024.tif,16.791076673491702,0.1370190529690854,0.754711389541626,0.105439007282257,0.2339966483414173
Noise2Noise,poisson_1_gauss_0.1,1.0,0.1,sticks_025.tif,17.76041469486042,0.1622615628599149,0.7972674369812012,0.0959971249103546,0.1958836395293474
Noise2Noise,poisson_1_gauss_0.1,1.0,0.1,sticks_026.tif,16.336396976983036,0.1349970860574272,0.7522217035293579,0.1115618720650672,0.2437812581658363
Noise2Noise,poisson_1_gauss_0.1,1.0,0.1,sticks_027.tif,16.77440698432258,0.1614897830677203,0.7655652165412903,0.1160037145018577,0.2152372863143682
Noise2Noise,poisson_1_gauss_0.1,1.0,0.1,sticks_028.tif,17.06629883576476,0.1370273775499599,0.7638615965843201,0.1051615700125694,0.225944029353559
Noise2Noise,poisson_1_gauss_0.1,1.0,0.1,sticks_029.tif,17.1231096688943,0.1573274367211638,0.7807978391647339,0.1049467548727989,0.2033747676759958
Noise2Noise,poisson_1_gauss_0.1,1.0,0.1,sticks_030.tif,16.766244208078987,0.1436397087793945,0.7437919974327087,0.1105562299489975,0.2192689307034015
Noise2Noise,poisson_1_gauss_0.1,1.0,0.1,sticks_032.tif,15.652856799105644,0.1480931844774034,0.7541759014129639,0.1239760518074035,0.2460019189864397
Noise2Noise,poisson_1_gauss_0.1,1.0,0.1,sticks_031.tif,17.798684761654588,0.1338047765692858,0.7416535019874573,0.0994776338338851,0.2254607949405908
Noise2Noise,poisson_1_gauss_0.1,1.0,0.1,sticks_033.tif,13.72983013011135,0.1455876351435289,0.7231867909431458,0.1475760787725448,0.2857060551643371
Noise2Noise,poisson_1_gauss_0.1,1.0,0.1,sticks_034.tif,16.8125847981956,0.1337159249810594,0.7493396997451782,0.1064175739884376,0.2228480368852615
Noise2Noise,poisson_1_gauss_0.1,1.0,0.1,sticks_035.tif,16.158710934882375,0.1426616632685838,0.7557608485221863,0.1162839084863662,0.2159073561429977
Noise2Noise,poisson_1_gauss_0.1,1.0,0.1,sticks_036.tif,16.965145178786194,0.1175747419669465,0.7273046970367432,0.1108085140585899,0.229943498596549
Noise2Noise,poisson_1_gauss_0.1,1.0,0.1,sticks_037.tif,16.622789942884623,0.1375622908890039,0.7479592561721802,0.1119625121355056,0.232502356916666
Noise2Noise,poisson_1_gauss_0.1,1.0,0.1,sticks_038.tif,17.388099135322893,0.1120562393717033,0.7328712940216064,0.1061603650450706,0.2266510691493749
Noise2Noise,poisson_1_gauss_0.1,1.0,0.1,sticks_040.tif,16.470212886695435,0.1577655463863236,0.7538145184516907,0.1091333404183387,0.2253307741135359
Noise2Noise,poisson_1_gauss_0.1,1.0,0.1,sticks_039.tif,16.56762784631253,0.1396620894829985,0.7612347602844238,0.1099355816841125,0.2432784706354141
Noise2Noise,poisson_1_gauss_0.1,1.0,0.1,sticks_041.tif,16.094439263125125,0.1265608377849776,0.7484832406044006,0.1112380027770996,0.244899845868349
Noise2Noise,poisson_1_gauss_0.1,1.0,0.1,sticks_042.tif,16.34693381306742,0.1126237683219107,0.6984020471572876,0.1095991730690002,0.2363767828792333
Noise2Noise,poisson_1_gauss_0.1,1.0,0.1,sticks_043.tif,15.253487684052413,0.1531621438555076,0.7749724388122559,0.1236620917916297,0.2403722800314426
Noise2Noise,poisson_1_gauss_0.1,1.0,0.1,sticks_044.tif,16.131390392359467,0.1626301049740346,0.7608723640441895,0.1117520108819007,0.2335358051583171
Noise2Noise,poisson_1_gauss_0.1,1.0,0.1,sticks_045.tif,17.144594458928736,0.1233553259006664,0.7592191100120544,0.1046720594167709,0.217838280275464
Noise2Noise,poisson_1_gauss_0.1,1.0,0.1,sticks_046.tif,17.879688249095377,0.1123448676126321,0.7335792183876038,0.1035886034369468,0.2267418578267097
Noise2Noise,poisson_1_gauss_0.1,1.0,0.1,sticks_047.tif,17.130980387497186,0.1196860502566424,0.73771733045578,0.106171891093254,0.2394217688590288
Noise2Noise,poisson_1_gauss_0.1,1.0,0.1,sticks_049.tif,16.868170475856306,0.1395697264122513,0.7710448503494263,0.1060213670134544,0.2216912111267447
Noise2Noise,poisson_1_gauss_0.1,1.0,0.1,sticks_048.tif,16.08296022070012,0.1319473482914401,0.7311580777168274,0.1207555532455444,0.2366332277655601
Noise2Noise,poisson_1_gauss_0.1,1.0,0.1,sticks_050.tif,16.51684630565995,0.1103940044554439,0.7221893668174744,0.1114251837134361,0.2330076862126588
Noise2Noise,poisson_1_gauss_0.1,1.0,0.1,sticks_051.tif,17.88004871158479,0.154018262842573,0.7760187387466431,0.1038945689797401,0.1990492854267359
Noise2Noise,poisson_1_gauss_0.1,1.0,0.1,sticks_053.tif,16.545591298020533,0.156121900105233,0.7680418491363525,0.1076895594596862,0.2230144530534744
Noise2Noise,poisson_1_gauss_0.1,1.0,0.1,sticks_052.tif,16.140026612545242,0.1418008563798618,0.7525119185447693,0.111549936234951,0.2077452739700675
Noise2Noise,poisson_1_gauss_0.1,1.0,0.1,sticks_054.tif,16.255532015133653,0.1197897634477252,0.7239843010902405,0.1134545803070068,0.2323445528745651
Noise2Noise,poisson_1_gauss_0.1,1.0,0.1,sticks_055.tif,17.13911678474995,0.1557106440496493,0.7999907732009888,0.1038734093308448,0.2127455364912748
Noise2Noise,poisson_1_gauss_0.1,1.0,0.1,sticks_056.tif,17.51041036774785,0.1400505937025361,0.7666547894477844,0.102134384214878,0.2051966182887554
Noise2Noise,poisson_1_gauss_0.1,1.0,0.1,sticks_059.tif,16.102679241927163,0.1174789064912151,0.713452160358429,0.1222831979393959,0.2518667515367269
Noise2Noise,poisson_1_gauss_0.1,1.0,0.1,sticks_058.tif,16.851606954238584,0.1434910401146179,0.7669151425361633,0.1063278466463089,0.2260853670537471
Noise2Noise,poisson_1_gauss_0.1,1.0,0.1,sticks_057.tif,16.78476909251287,0.1536113161523408,0.777944028377533,0.1108876690268516,0.2199371099472045
Noise2Noise,poisson_1_gauss_0.1,1.0,0.1,sticks_060.tif,15.448858307301643,0.1057320510540027,0.6446639895439148,0.1200287714600563,0.262118736281991
Noise2Noise,poisson_1_gauss_0.1,1.0,0.1,sticks_063.tif,16.422653199016533,0.1341615445158912,0.7535592913627625,0.1162940487265586,0.2267923306673765
Noise2Noise,poisson_1_gauss_0.1,1.0,0.1,sticks_061.tif,15.953123309067465,0.1574266467854356,0.7698487639427185,0.1205405220389366,0.2373064320534467
Noise2Noise,poisson_1_gauss_0.1,1.0,0.1,sticks_062.tif,17.037808479235615,0.1139393555432364,0.7484007477760315,0.1090672835707664,0.2341316055506467
Noise2Noise,poisson_1_gauss_0.1,1.0,0.1,sticks_067.tif,15.188355415366274,0.1456638917752297,0.7459512948989868,0.1287939250469207,0.2611073344945908
Noise2Noise,poisson_1_gauss_0.1,1.0,0.1,sticks_066.tif,15.846496560370367,0.1421727217623475,0.7462759613990784,0.1191706657409668,0.2238379681482911
Noise2Noise,poisson_1_gauss_0.1,1.0,0.1,sticks_065.tif,17.473577689895215,0.136059178530689,0.7714306116104126,0.1052856668829917,0.2020700398832559
Noise2Noise,poisson_1_gauss_0.1,1.0,0.1,sticks_068.tif,16.770776304842148,0.1262875883747028,0.7076218128204346,0.1100518256425857,0.2497828103601932
Noise2Noise,poisson_1_gauss_0.1,1.0,0.1,sticks_069.tif,16.13761218687322,0.1373284391807532,0.7476380467414856,0.1162051931023597,0.2315499495714902
Noise2Noise,poisson_1_gauss_0.1,1.0,0.1,sticks_064.tif,17.37376403441432,0.1357639257366194,0.7683822512626648,0.1034879460930824,0.2106017537415027
Noise2Noise,poisson_1_gauss_0.1,1.0,0.1,sticks_070.tif,15.509243699894606,0.1386994447477177,0.7316455245018005,0.1249039620161056,0.2658886350691318
Noise2Noise,poisson_1_gauss_0.1,1.0,0.1,sticks_071.tif,16.69696625978223,0.1433793161729005,0.7532484531402588,0.1131806746125221,0.2189702462404966
Noise2Noise,poisson_1_gauss_0.1,1.0,0.1,sticks_072.tif,17.105552338404063,0.1221971812716593,0.7367145419120789,0.1089600175619125,0.242387386970222
Noise2Noise,poisson_1_gauss_0.1,1.0,0.1,sticks_073.tif,16.759822392580322,0.1244814890282931,0.7423392534255981,0.1148402243852615,0.2380804106593132
Noise2Noise,poisson_1_gauss_0.1,1.0,0.1,sticks_074.tif,16.078078864916904,0.1326424540975909,0.7363513112068176,0.116481028497219,0.247153827920556
Noise2Noise,poisson_1_gauss_0.1,1.0,0.1,sticks_075.tif,17.001155986277592,0.1533266673390851,0.7759782671928406,0.1080179437994957,0.2169918566942215
Noise2Noise,poisson_1_gauss_0.1,1.0,0.1,sticks_076.tif,16.283041482622394,0.1537029396123252,0.7675408124923706,0.1134099215269088,0.2491968564689159
Noise2Noise,poisson_1_gauss_0.1,1.0,0.1,sticks_077.tif,17.258105888922397,0.1583077431335225,0.7889224886894226,0.1016919016838073,0.2136337565258145
Noise2Noise,poisson_1_gauss_0.1,1.0,0.1,sticks_078.tif,15.904145676199487,0.1313842339413184,0.7472591996192932,0.1161775738000869,0.2310403119772672
Noise2Noise,poisson_1_gauss_0.1,1.0,0.1,sticks_079.tif,17.109838362591837,0.1510354283169008,0.7682170271873474,0.1058817729353904,0.229990866035223
Noise2Noise,poisson_1_gauss_0.1,1.0,0.1,sticks_080.tif,16.18394752108638,0.1599494465270474,0.7666179537773132,0.1148687973618507,0.2314435821026563
Noise2Noise,poisson_1_gauss_0.1,1.0,0.1,sticks_081.tif,15.908567666721831,0.1586306987799379,0.7659969925880432,0.1188975200057029,0.2444260196760296
Noise2Noise,poisson_1_gauss_0.1,1.0,0.1,sticks_082.tif,18.523873598371686,0.1641345027118119,0.804121732711792,0.0936090499162674,0.2189456470310688
Noise2Noise,poisson_1_gauss_0.1,1.0,0.1,sticks_084.tif,16.64817804166687,0.1507237404390658,0.7681007981300354,0.105925515294075,0.2299399510025978
Noise2Noise,poisson_1_gauss_0.1,1.0,0.1,sticks_083.tif,14.825899238451214,0.1255357897990716,0.7130971550941467,0.1329590529203415,0.2655641127377748
Noise2Noise,poisson_1_gauss_0.1,1.0,0.1,sticks_085.tif,16.826796778987724,0.1332596504074843,0.7424485683441162,0.1029942482709884,0.202604909427464
Noise2Noise,poisson_1_gauss_0.1,1.0,0.1,sticks_086.tif,18.994943000973,0.1505422123699305,0.8063196539878845,0.0906574577093124,0.1894664281979203
Noise2Noise,poisson_1_gauss_0.1,1.0,0.1,sticks_088.tif,16.200891171261553,0.1423734554335451,0.7622460722923279,0.1113562807440757,0.2203965067863464
Noise2Noise,poisson_1_gauss_0.1,1.0,0.1,sticks_087.tif,17.424151815990008,0.1381684099923266,0.7669792175292969,0.1066249459981918,0.2108249969780445
Noise2Noise,poisson_1_gauss_0.1,1.0,0.1,sticks_089.tif,17.261701997014455,0.1383917816345723,0.7611774206161499,0.1007516160607338,0.2264814287424087
Noise2Noise,poisson_1_gauss_0.1,1.0,0.1,sticks_090.tif,15.5357374979055,0.141873502638598,0.7457273006439209,0.1240086108446121,0.2387584319338202
Noise2Noise,poisson_1_gauss_0.1,1.0,0.1,sticks_091.tif,18.042231073351036,0.1312210652782333,0.7662086486816406,0.0978837683796882,0.2054143294692039
Noise2Noise,poisson_1_gauss_0.1,1.0,0.1,sticks_092.tif,17.874538004402535,0.1421964107886794,0.768389880657196,0.0983324274420738,0.2131355302408337
Noise2Noise,poisson_1_gauss_0.1,1.0,0.1,sticks_093.tif,16.593786151332882,0.1620706344761536,0.7700812816619873,0.1071760058403015,0.2261901479214429
Noise2Noise,poisson_1_gauss_0.1,1.0,0.1,sticks_095.tif,17.783719472081074,0.1737160360044249,0.8088831901550293,0.1015133112668991,0.1928831055760383
Noise2Noise,poisson_1_gauss_0.1,1.0,0.1,sticks_096.tif,15.599348545507135,0.1461304067683937,0.7442143559455872,0.1198674440383911,0.2315073132514953
Noise2Noise,poisson_1_gauss_0.1,1.0,0.1,sticks_097.tif,16.336141365871782,0.139582260104587,0.7520221471786499,0.1137308254837989,0.2279352005571127
Noise2Noise,poisson_1_gauss_0.1,1.0,0.1,sticks_098.tif,16.23711981802463,0.1553073905478272,0.7789385318756104,0.1109164357185363,0.2115777418017387
Noise2Noise,poisson_1_gauss_0.1,1.0,0.1,sticks_099.tif,16.31612555538904,0.1343106573641097,0.7663258910179138,0.1152220144867897,0.2307459119707346
Noise2Noise,poisson_1_gauss_0.1,1.0,0.1,sticks_094.tif,18.09154650975601,0.1473033771531889,0.7714365720748901,0.0940153375267982,0.1872622862458229
Noise2Noise,poisson_1_gauss_0.2,1.0,0.2,sticks_000.tif,14.504924813549366,0.1043336157563957,0.6978650093078613,0.1624732464551925,0.4077296696603298
Noise2Noise,poisson_1_gauss_0.2,1.0,0.2,sticks_001.tif,15.37760591084636,0.137633438119884,0.7378156781196594,0.1441177427768707,0.3704142533242702
Noise2Noise,poisson_1_gauss_0.2,1.0,0.2,sticks_002.tif,14.984716123346082,0.0876514949633291,0.6892651319503784,0.151086539030075,0.408005404472351
Noise2Noise,poisson_1_gauss_0.2,1.0,0.2,sticks_003.tif,15.120435844681788,0.1169365804077137,0.7139092683792114,0.1476475447416305,0.3835095882415771
Noise2Noise,poisson_1_gauss_0.2,1.0,0.2,sticks_004.tif,14.53107973170908,0.1160610170631994,0.7034950256347656,0.1621129512786865,0.3903393987566232
Noise2Noise,poisson_1_gauss_0.2,1.0,0.2,sticks_005.tif,14.118603713086864,0.0925362134632481,0.659102201461792,0.1673187166452407,0.4253499791026115
Noise2Noise,poisson_1_gauss_0.2,1.0,0.2,sticks_007.tif,15.103497354185498,0.1204942338179834,0.7027682662010193,0.1534347385168075,0.4011299431324005
Noise2Noise,poisson_1_gauss_0.2,1.0,0.2,sticks_009.tif,14.647263896819776,0.0881332403124289,0.6770370602607727,0.1590196341276168,0.4041504591703415
Noise2Noise,poisson_1_gauss_0.2,1.0,0.2,sticks_008.tif,13.120150528052292,0.1219773666168298,0.6875753402709961,0.1821400672197342,0.4304918438196182
Noise2Noise,poisson_1_gauss_0.2,1.0,0.2,sticks_011.tif,15.103658465242022,0.1206083149847728,0.7264784574508667,0.1505325734615326,0.3760631948709488
Noise2Noise,poisson_1_gauss_0.2,1.0,0.2,sticks_006.tif,13.460802273296355,0.0865892990000278,0.6387891173362732,0.1779928505420684,0.4322562292218208
Noise2Noise,poisson_1_gauss_0.2,1.0,0.2,sticks_010.tif,14.419358821361662,0.1081814522012617,0.6833617687225342,0.1589675396680832,0.4092717066407204
Noise2Noise,poisson_1_gauss_0.2,1.0,0.2,sticks_012.tif,15.923150860460431,0.1196177091566327,0.7222357988357544,0.1399159133434295,0.3808603577315807
Noise2Noise,poisson_1_gauss_0.2,1.0,0.2,sticks_016.tif,15.57120248359046,0.1126834272675663,0.702882707118988,0.1435679793357849,0.3715126648545265
Noise2Noise,poisson_1_gauss_0.2,1.0,0.2,sticks_013.tif,16.314525150015598,0.1241055828206922,0.732783317565918,0.1348525434732437,0.3485319707542658
Noise2Noise,poisson_1_gauss_0.2,1.0,0.2,sticks_014.tif,15.00324910199361,0.0864888115827113,0.6801157593727112,0.1585205793380737,0.4190903969109058
Noise2Noise,poisson_1_gauss_0.2,1.0,0.2,sticks_015.tif,14.624334573012463,0.1102672681603073,0.709904134273529,0.1602692157030105,0.3911733373999596
Noise2Noise,poisson_1_gauss_0.2,1.0,0.2,sticks_018.tif,15.30601210348123,0.1174261114220169,0.7200442552566528,0.1464468240737915,0.3720956616103649
Noise2Noise,poisson_1_gauss_0.2,1.0,0.2,sticks_020.tif,16.0567399940321,0.1186115198969476,0.7268337607383728,0.1378563642501831,0.3673189043998718
Noise2Noise,poisson_1_gauss_0.2,1.0,0.2,sticks_017.tif,14.95020056080219,0.1080217969471878,0.7006837129592896,0.152148351073265,0.3924437895417213
Noise2Noise,poisson_1_gauss_0.2,1.0,0.2,sticks_019.tif,14.518631409322104,0.1213216100328334,0.7047000527381897,0.1545106470584869,0.3684204608201981
Noise2Noise,poisson_1_gauss_0.2,1.0,0.2,sticks_021.tif,15.062611962217076,0.1115138555195133,0.6968773007392883,0.1522506326436996,0.3817730948328972
Noise2Noise,poisson_1_gauss_0.2,1.0,0.2,sticks_022.tif,15.070201821217086,0.0990943320591375,0.6808455586433411,0.1542694121599197,0.3996821947395801
Noise2Noise,poisson_1_gauss_0.2,1.0,0.2,sticks_023.tif,15.331335464581908,0.1347183933195828,0.7332471013069153,0.1445869952440261,0.3657521083950996
Noise2Noise,poisson_1_gauss_0.2,1.0,0.2,sticks_024.tif,14.79406402001727,0.1024267105688974,0.6939703226089478,0.1556238830089569,0.4070748217403889
Noise2Noise,poisson_1_gauss_0.2,1.0,0.2,sticks_025.tif,16.170018489425377,0.1319187891166809,0.748250424861908,0.1338873654603958,0.3546453140676021
Noise2Noise,poisson_1_gauss_0.2,1.0,0.2,sticks_026.tif,14.886526453647887,0.1004910781015736,0.6754997968673706,0.1575203090906143,0.4050207518041134
Noise2Noise,poisson_1_gauss_0.2,1.0,0.2,sticks_027.tif,16.127068043478154,0.1474787165023519,0.7570735216140747,0.1388722360134124,0.3511020503938198
Noise2Noise,poisson_1_gauss_0.2,1.0,0.2,sticks_028.tif,14.696742755577649,0.1021468902914232,0.6705637574195862,0.1596201360225677,0.4072139084339142
Noise2Noise,poisson_1_gauss_0.2,1.0,0.2,sticks_029.tif,15.88611675627191,0.1292605446876642,0.7314149737358093,0.1387440860271453,0.3778460718691349
Noise2Noise,poisson_1_gauss_0.2,1.0,0.2,sticks_030.tif,15.812028256003172,0.1222025515237619,0.7272325158119202,0.1425450444221496,0.3720014370977879
Noise2Noise,poisson_1_gauss_0.2,1.0,0.2,sticks_032.tif,14.24667743256935,0.1224591261643781,0.7128905057907104,0.1609067618846893,0.3887199334800243
Noise2Noise,poisson_1_gauss_0.2,1.0,0.2,sticks_031.tif,15.24524757386894,0.1024502291468204,0.6800535917282104,0.1542506664991378,0.3953833721578121
Noise2Noise,poisson_1_gauss_0.2,1.0,0.2,sticks_033.tif,13.979518972790151,0.124935014523308,0.6939067840576172,0.1670494675636291,0.403539364784956
Noise2Noise,poisson_1_gauss_0.2,1.0,0.2,sticks_034.tif,15.184543814161191,0.1072601136551175,0.7098682522773743,0.1494996845722198,0.3805278457701206
Noise2Noise,poisson_1_gauss_0.2,1.0,0.2,sticks_035.tif,15.355850878672824,0.1211544480765252,0.7221118211746216,0.1454948186874389,0.3709379933774471
Noise2Noise,poisson_1_gauss_0.2,1.0,0.2,sticks_036.tif,14.932695668088902,0.0927267730438923,0.6733624339103699,0.1555246114730835,0.4098613984882832
Noise2Noise,poisson_1_gauss_0.2,1.0,0.2,sticks_037.tif,14.88781103174238,0.1108495820291953,0.6940898299217224,0.1521763056516647,0.3996489740908145
Noise2Noise,poisson_1_gauss_0.2,1.0,0.2,sticks_038.tif,15.056329887539295,0.0816153317910815,0.651157021522522,0.1567465364933014,0.4234170705080032
Noise2Noise,poisson_1_gauss_0.2,1.0,0.2,sticks_040.tif,14.919899391302952,0.128178210453409,0.7274207472801208,0.1517899334430694,0.3805151090025901
Noise2Noise,poisson_1_gauss_0.2,1.0,0.2,sticks_039.tif,14.756680325566204,0.1122415821059834,0.7092858552932739,0.152676373720169,0.400722224265337
Noise2Noise,poisson_1_gauss_0.2,1.0,0.2,sticks_041.tif,14.300040133215848,0.0912488333231741,0.6579835414886475,0.1616878807544708,0.4049046956002712
Noise2Noise,poisson_1_gauss_0.2,1.0,0.2,sticks_042.tif,15.086198429022897,0.0882284717552106,0.6827729344367981,0.1536576449871063,0.409751596301794
Noise2Noise,poisson_1_gauss_0.2,1.0,0.2,sticks_043.tif,14.840168356741737,0.1284317182169083,0.7350193858146667,0.1544868201017379,0.3713339187204837
Noise2Noise,poisson_1_gauss_0.2,1.0,0.2,sticks_044.tif,14.437266612316668,0.1279058513902408,0.7216758728027344,0.1567955911159515,0.3848207700997591
Noise2Noise,poisson_1_gauss_0.2,1.0,0.2,sticks_045.tif,15.246633587708656,0.0915622217532727,0.6890423893928528,0.154546171426773,0.4010239280760288
Noise2Noise,poisson_1_gauss_0.2,1.0,0.2,sticks_046.tif,14.897064443599156,0.0885724904357564,0.6739970445632935,0.1583195030689239,0.4068053983151912
Noise2Noise,poisson_1_gauss_0.2,1.0,0.2,sticks_047.tif,15.150453891402574,0.0873046388002137,0.6640957593917847,0.1548832505941391,0.4175133533775806
Noise2Noise,poisson_1_gauss_0.2,1.0,0.2,sticks_049.tif,15.092234863078216,0.1071382207870211,0.7083978056907654,0.1512513756752014,0.395710501819849
Noise2Noise,poisson_1_gauss_0.2,1.0,0.2,sticks_048.tif,14.627629243880804,0.1108091479656114,0.7104494571685791,0.1578132808208465,0.3872238360345363
Noise2Noise,poisson_1_gauss_0.2,1.0,0.2,sticks_050.tif,15.032664682085285,0.0880690132646038,0.6755253076553345,0.1570523530244827,0.4170337453484535
Noise2Noise,poisson_1_gauss_0.2,1.0,0.2,sticks_051.tif,15.67389031674242,0.1291321681574391,0.7288911938667297,0.1433027684688568,0.3574955306947231
Noise2Noise,poisson_1_gauss_0.2,1.0,0.2,sticks_053.tif,15.368174633150868,0.1284928888285494,0.7292540669441223,0.1464800536632537,0.3750265933573246
Noise2Noise,poisson_1_gauss_0.2,1.0,0.2,sticks_052.tif,15.013026412139256,0.11513649430456,0.7149922847747803,0.151071161031723,0.3773726783692837
Noise2Noise,poisson_1_gauss_0.2,1.0,0.2,sticks_054.tif,14.789694968102832,0.0971880178734473,0.6910314559936523,0.1607856005430221,0.4136786915361881
Noise2Noise,poisson_1_gauss_0.2,1.0,0.2,sticks_055.tif,15.697471083928464,0.1249172516854305,0.7513526082038879,0.1410076171159744,0.3541517186909914
Noise2Noise,poisson_1_gauss_0.2,1.0,0.2,sticks_056.tif,15.21000025197419,0.1096952177248722,0.7051790952682495,0.1501995772123336,0.3818521320819855
Noise2Noise,poisson_1_gauss_0.2,1.0,0.2,sticks_059.tif,14.263751130644122,0.089290044116367,0.6497625112533569,0.1687140613794326,0.4214703850448131
Noise2Noise,poisson_1_gauss_0.2,1.0,0.2,sticks_058.tif,15.007990428693908,0.1136810784665133,0.7116463780403137,0.1521375924348831,0.3826428055763244
Noise2Noise,poisson_1_gauss_0.2,1.0,0.2,sticks_057.tif,15.199998036443446,0.12622003861989,0.7312614321708679,0.1479692161083221,0.3776101969182491
Noise2Noise,poisson_1_gauss_0.2,1.0,0.2,sticks_060.tif,14.21328174215612,0.0794066387955821,0.5533568263053894,0.1701559722423553,0.4358055382966995
Noise2Noise,poisson_1_gauss_0.2,1.0,0.2,sticks_063.tif,14.921279902604232,0.1117577549999525,0.7122131586074829,0.1563758552074432,0.3841968044638634
Noise2Noise,poisson_1_gauss_0.2,1.0,0.2,sticks_061.tif,14.58588375248202,0.1334288102475261,0.7358446717262268,0.1572602987289428,0.3754011236131191
Noise2Noise,poisson_1_gauss_0.2,1.0,0.2,sticks_062.tif,14.755131501294636,0.0874188328145808,0.6568655371665955,0.1579460203647613,0.4053217582404613
Noise2Noise,poisson_1_gauss_0.2,1.0,0.2,sticks_067.tif,14.151787406068536,0.1258612118734416,0.7049784064292908,0.1641193777322769,0.4051334194839001
Noise2Noise,poisson_1_gauss_0.2,1.0,0.2,sticks_066.tif,14.451297625065674,0.1167324704719035,0.6949446201324463,0.1579743921756744,0.3809800080955028
Noise2Noise,poisson_1_gauss_0.2,1.0,0.2,sticks_065.tif,15.55943835579174,0.1084927176887792,0.7195494771003723,0.1448418796062469,0.3617097094655037
Noise2Noise,poisson_1_gauss_0.2,1.0,0.2,sticks_068.tif,15.062485114496138,0.0991027467113444,0.6907974481582642,0.1557580083608627,0.4131336830556392
Noise2Noise,poisson_1_gauss_0.2,1.0,0.2,sticks_069.tif,15.231212643827376,0.1192590266776832,0.7262836694717407,0.1473954916000366,0.3851205863058567
Noise2Noise,poisson_1_gauss_0.2,1.0,0.2,sticks_064.tif,15.185450689664815,0.1048905146083328,0.7098726034164429,0.1480984985828399,0.3835598148405552
Noise2Noise,poisson_1_gauss_0.2,1.0,0.2,sticks_070.tif,14.206653799666531,0.1099369930565672,0.6938444972038269,0.1675682663917541,0.4139778099954128
Noise2Noise,poisson_1_gauss_0.2,1.0,0.2,sticks_071.tif,15.082675861765786,0.1180300284102653,0.7100971341133118,0.1501717269420623,0.3823414824903011
Noise2Noise,poisson_1_gauss_0.2,1.0,0.2,sticks_072.tif,14.572222885402988,0.0905193932864569,0.6355369687080383,0.1653760969638824,0.4193378910422325
Noise2Noise,poisson_1_gauss_0.2,1.0,0.2,sticks_073.tif,14.988816868096716,0.1017101983827846,0.6999584436416626,0.1563987284898758,0.3943466238677501
Noise2Noise,poisson_1_gauss_0.2,1.0,0.2,sticks_074.tif,14.39130808867822,0.1065985113653708,0.6869623064994812,0.163749486207962,0.4238492138683796
Noise2Noise,poisson_1_gauss_0.2,1.0,0.2,sticks_075.tif,14.881118347697782,0.1194321056703325,0.6995732188224792,0.1553804129362106,0.3680891539901495
Noise2Noise,poisson_1_gauss_0.2,1.0,0.2,sticks_076.tif,14.175080678242136,0.1194908928542542,0.7113889455795288,0.1647793799638748,0.4021009966731071
Noise2Noise,poisson_1_gauss_0.2,1.0,0.2,sticks_077.tif,15.992603849027445,0.1332328362514755,0.7496117353439331,0.1351833939552307,0.3633261576294899
Noise2Noise,poisson_1_gauss_0.2,1.0,0.2,sticks_078.tif,14.919218670937951,0.1038571024067388,0.6946300864219666,0.1507287770509719,0.3848977357149124
Noise2Noise,poisson_1_gauss_0.2,1.0,0.2,sticks_079.tif,15.080306406968642,0.1196227906030156,0.7192462682723999,0.1512147784233093,0.3866195663809776
Noise2Noise,poisson_1_gauss_0.2,1.0,0.2,sticks_080.tif,15.090260470353376,0.1373588061034461,0.7368506193161011,0.147099882364273,0.3714221566915512
Noise2Noise,poisson_1_gauss_0.2,1.0,0.2,sticks_081.tif,14.45143943851285,0.1302145279657482,0.7105648517608643,0.1572203338146209,0.3901487089693546
Noise2Noise,poisson_1_gauss_0.2,1.0,0.2,sticks_082.tif,15.746872616721038,0.131061394636485,0.7406368255615234,0.1393959522247314,0.3700672224164009
Noise2Noise,poisson_1_gauss_0.2,1.0,0.2,sticks_084.tif,15.632232759622111,0.1216588674100511,0.7233275771141052,0.1426935642957687,0.3846936240792274
Noise2Noise,poisson_1_gauss_0.2,1.0,0.2,sticks_083.tif,13.708239339347346,0.1008706451229289,0.6645259857177734,0.1729509085416793,0.4095983698964119
Noise2Noise,poisson_1_gauss_0.2,1.0,0.2,sticks_085.tif,15.5117167533393,0.1077322720438061,0.7292666435241699,0.1391912996768951,0.3610078729689121
Noise2Noise,poisson_1_gauss_0.2,1.0,0.2,sticks_086.tif,16.263151854555332,0.1123859053577913,0.7087415456771851,0.1342164874076843,0.3503106571733951
Noise2Noise,poisson_1_gauss_0.2,1.0,0.2,sticks_088.tif,14.508264440996868,0.1109266471398724,0.7082892060279846,0.1549000591039657,0.3737642325460911
Noise2Noise,poisson_1_gauss_0.2,1.0,0.2,sticks_087.tif,15.592362730920437,0.1121757160842977,0.7184945940971375,0.1442991942167282,0.3639486521482468
Noise2Noise,poisson_1_gauss_0.2,1.0,0.2,sticks_089.tif,15.217890695782485,0.1096354928993342,0.7073365449905396,0.1482163071632385,0.3904995240271091
Noise2Noise,poisson_1_gauss_0.2,1.0,0.2,sticks_090.tif,14.581075630640996,0.1222537792254254,0.7245156168937683,0.1547528803348541,0.3855336472392082
Noise2Noise,poisson_1_gauss_0.2,1.0,0.2,sticks_091.tif,15.054851808062118,0.0917308277865609,0.6094687581062317,0.1534480154514312,0.3920451767742633
Noise2Noise,poisson_1_gauss_0.2,1.0,0.2,sticks_092.tif,16.198873658622993,0.1128305381793988,0.7184187173843384,0.1363586187362671,0.3687192216515541
Noise2Noise,poisson_1_gauss_0.2,1.0,0.2,sticks_093.tif,14.886012081815442,0.1326742281103045,0.7273619771003723,0.1521391570568084,0.375408424437046
Noise2Noise,poisson_1_gauss_0.2,1.0,0.2,sticks_095.tif,15.79566840612136,0.1433530330180227,0.7483526468276978,0.1367160975933075,0.3412950456142425
Noise2Noise,poisson_1_gauss_0.2,1.0,0.2,sticks_096.tif,14.424612326067452,0.1205303776829493,0.6876077055931091,0.1588354259729385,0.3758413173258305
Noise2Noise,poisson_1_gauss_0.2,1.0,0.2,sticks_097.tif,15.334172446872804,0.1140415195775683,0.7032903432846069,0.1520364731550216,0.3902577221393585
Noise2Noise,poisson_1_gauss_0.2,1.0,0.2,sticks_098.tif,15.410106326781667,0.1280002846154397,0.7278783321380615,0.1463697552680969,0.3616240546107292
Noise2Noise,poisson_1_gauss_0.2,1.0,0.2,sticks_099.tif,15.279972860320663,0.1130327809263208,0.7196092009544373,0.1506289541721344,0.3827688537538051
Noise2Noise,poisson_1_gauss_0.2,1.0,0.2,sticks_094.tif,16.325988024417487,0.1240809038086322,0.7329797148704529,0.1304030120372772,0.3520218849182129
Noise2Noise,poisson_4_gauss_0.05,4.0,0.05,sticks_000.tif,16.98677601233347,0.1878640461232066,0.7956370115280151,0.0884202346205711,0.1637388725765049
Noise2Noise,poisson_4_gauss_0.05,4.0,0.05,sticks_001.tif,17.512123488050587,0.2328695727789967,0.8363956212997437,0.0788673013448715,0.1498338419944048
Noise2Noise,poisson_4_gauss_0.05,4.0,0.05,sticks_002.tif,17.02531850610922,0.1609247772734093,0.7831699848175049,0.0850419253110885,0.1550443210639059
Noise2Noise,poisson_4_gauss_0.05,4.0,0.05,sticks_003.tif,17.676225350441573,0.1902030045655176,0.7979826927185059,0.0813730582594871,0.1431476034224033
Noise2Noise,poisson_4_gauss_0.05,4.0,0.05,sticks_004.tif,17.2977068026757,0.2036392650511946,0.8063597083091736,0.0861603021621704,0.1568045897409319
Noise2Noise,poisson_4_gauss_0.05,4.0,0.05,sticks_005.tif,16.095974854419453,0.17892312979004,0.7676312923431396,0.0900156050920486,0.1761629033833742
Noise2Noise,poisson_4_gauss_0.05,4.0,0.05,sticks_007.tif,17.881268325226802,0.1917360869864073,0.8099491596221924,0.0845325663685798,0.1515385917387902
Noise2Noise,poisson_4_gauss_0.05,4.0,0.05,sticks_009.tif,17.386640602223782,0.1629768201098712,0.7758172750473022,0.0831774473190307,0.1396064361557364
Noise2Noise,poisson_4_gauss_0.05,4.0,0.05,sticks_008.tif,14.794217145723106,0.2070036588353994,0.7710782289505005,0.1129060015082359,0.2205208757892251
Noise2Noise,poisson_4_gauss_0.05,4.0,0.05,sticks_011.tif,17.82891284667979,0.234093765018406,0.8394015431404114,0.0726087689399719,0.1387459649704396
Noise2Noise,poisson_4_gauss_0.05,4.0,0.05,sticks_006.tif,16.314508048164953,0.1659944363850197,0.7476831078529358,0.0969432666897773,0.1954890860244632
Noise2Noise,poisson_4_gauss_0.05,4.0,0.05,sticks_010.tif,16.58215765756285,0.1648082380830259,0.7706192135810852,0.098359577357769,0.1704712541773915
Noise2Noise,poisson_4_gauss_0.05,4.0,0.05,sticks_012.tif,18.526053182613687,0.1970533748003689,0.8137784004211426,0.075311005115509,0.1322163138538599
Noise2Noise,poisson_4_gauss_0.05,4.0,0.05,sticks_016.tif,17.548297164449803,0.1850848795789457,0.7926602959632874,0.0820203945040702,0.1297278412617743
Noise2Noise,poisson_4_gauss_0.05,4.0,0.05,sticks_013.tif,20.03162921925133,0.2263776253757412,0.8515286445617676,0.0624182745814323,0.1135955589823424
Noise2Noise,poisson_4_gauss_0.05,4.0,0.05,sticks_014.tif,18.13142507595013,0.1668555597473622,0.7782122492790222,0.0800055265426635,0.1573489643633365
Noise2Noise,poisson_4_gauss_0.05,4.0,0.05,sticks_015.tif,17.470100016904652,0.1784644863152313,0.7947002053260803,0.086766242980957,0.1524589169770479
Noise2Noise,poisson_4_gauss_0.05,4.0,0.05,sticks_018.tif,17.712062727757885,0.2077681240034754,0.8266252279281616,0.0781941264867782,0.1399374708533287
Noise2Noise,poisson_4_gauss_0.05,4.0,0.05,sticks_020.tif,19.158387747479225,0.1929163948544872,0.8079449534416199,0.0731657817959785,0.1214365291409194
Noise2Noise,poisson_4_gauss_0.05,4.0,0.05,sticks_017.tif,17.663300179559208,0.1841870591609788,0.7888348698616028,0.0821551233530044,0.1465271247550845
Noise2Noise,poisson_4_gauss_0.05,4.0,0.05,sticks_019.tif,16.82895497255267,0.2182642310547906,0.8253597617149353,0.0844080001115799,0.1495650237426161
Noise2Noise,poisson_4_gauss_0.05,4.0,0.05,sticks_021.tif,17.960645177316003,0.1946295342250015,0.8002004623413086,0.0768308788537979,0.1341701227240264
Noise2Noise,poisson_4_gauss_0.05,4.0,0.05,sticks_022.tif,17.23062093789624,0.1765966901128885,0.783879280090332,0.0859656333923339,0.161004614457488
Noise2Noise,poisson_4_gauss_0.05,4.0,0.05,sticks_023.tif,16.446385465542907,0.2072359756928376,0.8021564483642578,0.0949868708848953,0.1572832788340747
Noise2Noise,poisson_4_gauss_0.05,4.0,0.05,sticks_024.tif,17.182742282754166,0.1892154946440974,0.7980086207389832,0.0805157050490379,0.1505915908142924
Noise2Noise,poisson_4_gauss_0.05,4.0,0.05,sticks_025.tif,19.16504210040933,0.2186553775930942,0.8393532037734985,0.0673788636922836,0.1182673649862408
Noise2Noise,poisson_4_gauss_0.05,4.0,0.05,sticks_026.tif,16.001803673844236,0.1734358766717921,0.7732883095741272,0.0948196798563003,0.1659173920750618
Noise2Noise,poisson_4_gauss_0.05,4.0,0.05,sticks_027.tif,19.46088650959968,0.2221484255741214,0.8350695371627808,0.0746709629893302,0.1306729154661297
Noise2Noise,poisson_4_gauss_0.05,4.0,0.05,sticks_028.tif,17.425889456872365,0.169288538198657,0.7636895179748535,0.0850462317466735,0.1531375729478895
Noise2Noise,poisson_4_gauss_0.05,4.0,0.05,sticks_029.tif,19.452795739865422,0.2048343056701981,0.8165260553359985,0.0722806230187416,0.1215689599514007
Noise2Noise,poisson_4_gauss_0.05,4.0,0.05,sticks_030.tif,17.747483365114633,0.2186753567259708,0.8267917633056641,0.0788784846663475,0.1429122745990753
Noise2Noise,poisson_4_gauss_0.05,4.0,0.05,sticks_032.tif,17.01991815470467,0.2112267628695014,0.8170152902603149,0.0882817879319191,0.1660469761118292
Noise2Noise,poisson_4_gauss_0.05,4.0,0.05,sticks_031.tif,19.28185456827936,0.1740085188169654,0.7958324551582336,0.0744982883334159,0.1369545685127377
Noise2Noise,poisson_4_gauss_0.05,4.0,0.05,sticks_033.tif,14.71506999499724,0.2015217628246631,0.7700288891792297,0.117261491715908,0.2086478279903531
Noise2Noise,poisson_4_gauss_0.05,4.0,0.05,sticks_034.tif,17.244738829199218,0.1954498291510084,0.7976171374320984,0.0798105672001838,0.1441683337092399
Noise2Noise,poisson_4_gauss_0.05,4.0,0.05,sticks_035.tif,18.291887589122823,0.1830508291677614,0.8117824196815491,0.0844373703002929,0.1355781148187816
Noise2Noise,poisson_4_gauss_0.05,4.0,0.05,sticks_036.tif,17.43171950374225,0.1570999640571713,0.7674128413200378,0.0866718292236328,0.1510735152289271
Noise2Noise,poisson_4_gauss_0.05,4.0,0.05,sticks_037.tif,17.98532269742556,0.1925906579285456,0.7944842576980591,0.0806983634829521,0.1512338718399405
Noise2Noise,poisson_4_gauss_0.05,4.0,0.05,sticks_038.tif,20.44672521077509,0.1512736830443609,0.7803909182548523,0.0693713054060936,0.1396994907408952
Noise2Noise,poisson_4_gauss_0.05,4.0,0.05,sticks_040.tif,16.412887982519248,0.2061771676810415,0.8077173233032227,0.0916391611099243,0.1523944498971104
Noise2Noise,poisson_4_gauss_0.05,4.0,0.05,sticks_039.tif,16.748037728701192,0.1901374515206055,0.8026521801948547,0.0855844616889953,0.1612991141155362
Noise2Noise,poisson_4_gauss_0.05,4.0,0.05,sticks_041.tif,16.434553760484665,0.1663354769744502,0.7680397033691406,0.0917082577943801,0.1631941093131899
Noise2Noise,poisson_4_gauss_0.05,4.0,0.05,sticks_042.tif,18.19346857916864,0.1684099349079343,0.7712891697883606,0.0761649906635284,0.1545941822230815
Noise2Noise,poisson_4_gauss_0.05,4.0,0.05,sticks_043.tif,16.524851120520765,0.1940939833219796,0.8120740652084351,0.0975839272141456,0.1678968353196978
Noise2Noise,poisson_4_gauss_0.05,4.0,0.05,sticks_044.tif,16.891803146444794,0.2089342807295899,0.8017008900642395,0.0874547734856605,0.1556696054525673
Noise2Noise,poisson_4_gauss_0.05,4.0,0.05,sticks_045.tif,18.838351171555967,0.171128272635148,0.8042203783988953,0.0737964659929275,0.1315331879071891
Noise2Noise,poisson_4_gauss_0.05,4.0,0.05,sticks_046.tif,18.92214531161209,0.1584217065802474,0.7782783508300781,0.075550265610218,0.137360244244337
Noise2Noise,poisson_4_gauss_0.05,4.0,0.05,sticks_047.tif,17.423098698782322,0.1593961905215989,0.771682620048523,0.083676591515541,0.1566622608341276
Noise2Noise,poisson_4_gauss_0.05,4.0,0.05,sticks_049.tif,17.058666398547743,0.1789408641033935,0.7972124814987183,0.0881652384996414,0.1470736952498555
Noise2Noise,poisson_4_gauss_0.05,4.0,0.05,sticks_048.tif,17.155011604932547,0.1875635214364351,0.784602701663971,0.08803141862154,0.15349055044353
Noise2Noise,poisson_4_gauss_0.05,4.0,0.05,sticks_050.tif,18.11762313353429,0.1443372680373571,0.7484943270683289,0.0837871879339218,0.1507907885126769
Noise2Noise,poisson_4_gauss_0.05,4.0,0.05,sticks_051.tif,18.47113662242109,0.202698227271298,0.8259732723236084,0.078500896692276,0.1207512663677334
Noise2Noise,poisson_4_gauss_0.05,4.0,0.05,sticks_053.tif,18.896672661877812,0.2146341643893521,0.8293700218200684,0.0737016126513481,0.1380943803116679
Noise2Noise,poisson_4_gauss_0.05,4.0,0.05,sticks_052.tif,18.03068631543076,0.1863572877050747,0.8088126182556152,0.0815706253051757,0.133548329770565
Noise2Noise,poisson_4_gauss_0.05,4.0,0.05,sticks_054.tif,18.54936614108048,0.1735255074033089,0.7749205231666565,0.0799945518374443,0.1529772440902888
Noise2Noise,poisson_4_gauss_0.05,4.0,0.05,sticks_055.tif,17.34969432454907,0.2020900742161512,0.8215826749801636,0.0845306441187858,0.1364863603375852
Noise2Noise,poisson_4_gauss_0.05,4.0,0.05,sticks_056.tif,18.38259435072939,0.1873053529586159,0.8087143898010254,0.0744065791368484,0.1218818115070462
Noise2Noise,poisson_4_gauss_0.05,4.0,0.05,sticks_059.tif,16.365679623656604,0.1629213465292922,0.7489919066429138,0.095991626381874,0.1669749330729246
Noise2Noise,poisson_4_gauss_0.05,4.0,0.05,sticks_058.tif,18.54482168598887,0.2008105992220769,0.807325005531311,0.0767137631773948,0.1431093342602253
Noise2Noise,poisson_4_gauss_0.05,4.0,0.05,sticks_057.tif,18.28285150195518,0.2086980513405925,0.8235000371932983,0.079067513346672,0.1387072348967194
Noise2Noise,poisson_4_gauss_0.05,4.0,0.05,sticks_060.tif,16.061108259288268,0.1333699768034,0.6503073573112488,0.0989727526903152,0.1821955541148781
Noise2Noise,poisson_4_gauss_0.05,4.0,0.05,sticks_063.tif,17.639702571432267,0.1893608893620928,0.7987997531890869,0.0851451605558395,0.1455230833962559
Noise2Noise,poisson_4_gauss_0.05,4.0,0.05,sticks_061.tif,16.54114659817666,0.1998205030022921,0.8077316880226135,0.0975147113204002,0.1667024653404951
Noise2Noise,poisson_4_gauss_0.05,4.0,0.05,sticks_062.tif,17.78924141684007,0.1616540532858699,0.7925653457641602,0.0792030319571495,0.1451485523022711
Noise2Noise,poisson_4_gauss_0.05,4.0,0.05,sticks_067.tif,16.022532160198814,0.206342577871952,0.7887793183326721,0.0965631455183029,0.1819779699668288
Noise2Noise,poisson_4_gauss_0.05,4.0,0.05,sticks_066.tif,16.301108285603426,0.1901883472670441,0.7824258804321289,0.0932171791791915,0.1496147060766816
Noise2Noise,poisson_4_gauss_0.05,4.0,0.05,sticks_065.tif,18.55142555886433,0.1801814473123152,0.8056760430335999,0.0766447633504867,0.1231728545390069
Noise2Noise,poisson_4_gauss_0.05,4.0,0.05,sticks_068.tif,17.460993907456846,0.1792126680919386,0.7620725631713867,0.0825670734047889,0.1577048726379871
Noise2Noise,poisson_4_gauss_0.05,4.0,0.05,sticks_069.tif,17.785983523680144,0.1940167971047769,0.8107625842094421,0.0832514986395835,0.1481724941171705
Noise2Noise,poisson_4_gauss_0.05,4.0,0.05,sticks_064.tif,18.78653392653907,0.2067321689175747,0.8222485184669495,0.0701126605272293,0.123705046903342
Noise2Noise,poisson_4_gauss_0.05,4.0,0.05,sticks_070.tif,16.083446224566988,0.205643373941277,0.7630282640457153,0.0943912416696548,0.1815134154632687
Noise2Noise,poisson_4_gauss_0.05,4.0,0.05,sticks_071.tif,17.728548815105437,0.1990228599880817,0.809802770614624,0.0788810476660728,0.136829378362745
Noise2Noise,poisson_4_gauss_0.05,4.0,0.05,sticks_072.tif,17.03857697743907,0.1643472769478292,0.7708364129066467,0.0906302481889724,0.1606503468006849
Noise2Noise,poisson_4_gauss_0.05,4.0,0.05,sticks_073.tif,17.43591352927186,0.1614269269041131,0.769172191619873,0.0904208421707153,0.1511243833228945
Noise2Noise,poisson_4_gauss_0.05,4.0,0.05,sticks_074.tif,16.20045228033318,0.1832118586192186,0.7725059986114502,0.0924595966935157,0.1642564514651894
Noise2Noise,poisson_4_gauss_0.05,4.0,0.05,sticks_075.tif,17.5941001319476,0.2021676466483281,0.8163416385650635,0.0821913629770279,0.1378544433973729
Noise2Noise,poisson_4_gauss_0.05,4.0,0.05,sticks_076.tif,17.145618075626373,0.2016052070959134,0.8058175444602966,0.0906024277210235,0.1728629743680358
Noise2Noise,poisson_4_gauss_0.05,4.0,0.05,sticks_077.tif,17.40349592748321,0.2153724125017575,0.839568018913269,0.0788950622081756,0.1354387944564223
Noise2Noise,poisson_4_gauss_0.05,4.0,0.05,sticks_078.tif,16.777385768542423,0.1833280853651682,0.8066458106040955,0.0890608504414558,0.1545217719860375
Noise2Noise,poisson_4_gauss_0.05,4.0,0.05,sticks_079.tif,17.568250476476067,0.2176193192555524,0.8202229142189026,0.0778800994157791,0.1464105671271681
Noise2Noise,poisson_4_gauss_0.05,4.0,0.05,sticks_080.tif,17.26241707149493,0.2173140506907761,0.8195573091506958,0.0843479484319686,0.1566636567935347
Noise2Noise,poisson_4_gauss_0.05,4.0,0.05,sticks_081.tif,17.938388347095596,0.2127768470880792,0.8178876042366028,0.084354892373085,0.1602888281457126
Noise2Noise,poisson_4_gauss_0.05,4.0,0.05,sticks_082.tif,18.650491499795383,0.2246039659745572,0.8411677479743958,0.071692943572998,0.1306269406341016
Noise2Noise,poisson_4_gauss_0.05,4.0,0.05,sticks_084.tif,18.54207478269884,0.2100892954018686,0.8315015435218811,0.0744926333427429,0.1499634502455592
Noise2Noise,poisson_4_gauss_0.05,4.0,0.05,sticks_083.tif,15.669392179350318,0.188262094017603,0.7770445346832275,0.1008391603827476,0.1875957380980253
Noise2Noise,poisson_4_gauss_0.05,4.0,0.05,sticks_085.tif,17.94027262836703,0.1924392477925379,0.8205201029777527,0.07244473695755,0.1296420131810009
Noise2Noise,poisson_4_gauss_0.05,4.0,0.05,sticks_086.tif,18.92669589775052,0.2009667155227513,0.8345399498939514,0.0699736699461937,0.1159585360437631
Noise2Noise,poisson_4_gauss_0.05,4.0,0.05,sticks_088.tif,16.977195052322138,0.1989190165556345,0.8045719861984253,0.0834814682602882,0.141209601983428
Noise2Noise,poisson_4_gauss_0.05,4.0,0.05,sticks_087.tif,18.622870117252965,0.180720096685876,0.8031070828437805,0.0778439417481422,0.1260355649515986
Noise2Noise,poisson_4_gauss_0.05,4.0,0.05,sticks_089.tif,17.736481301525487,0.1934695652883734,0.7934902310371399,0.0767061859369278,0.1415297922678292
Noise2Noise,poisson_4_gauss_0.05,4.0,0.05,sticks_090.tif,16.723065029502976,0.1718200084889441,0.7766993641853333,0.0996304601430893,0.1672913395799696
Noise2Noise,poisson_4_gauss_0.05,4.0,0.05,sticks_091.tif,18.31359482343664,0.1606020925809509,0.716402530670166,0.079320453107357,0.1349681206978857
Noise2Noise,poisson_4_gauss_0.05,4.0,0.05,sticks_092.tif,18.380488108780337,0.1975556264475165,0.8140185475349426,0.0712458938360214,0.124601773917675
Noise2Noise,poisson_4_gauss_0.05,4.0,0.05,sticks_093.tif,17.900545961661674,0.2175888181683238,0.8159962296485901,0.0789771974086761,0.145631943270564
Noise2Noise,poisson_4_gauss_0.05,4.0,0.05,sticks_095.tif,19.067456083737355,0.2292347417668351,0.848094642162323,0.0716274678707122,0.1158127806149423
Noise2Noise,poisson_4_gauss_0.05,4.0,0.05,sticks_096.tif,17.034467335812323,0.2105631912741113,0.8045224547386169,0.0852307975292205,0.1514763070270419
Noise2Noise,poisson_4_gauss_0.05,4.0,0.05,sticks_097.tif,17.468058965764538,0.1919109896079302,0.8074066638946533,0.0848752260208129,0.1444184992462396
Noise2Noise,poisson_4_gauss_0.05,4.0,0.05,sticks_098.tif,18.36395544955923,0.2307040424970387,0.8463282585144043,0.0706855505704879,0.1316732661798596
Noise2Noise,poisson_4_gauss_0.05,4.0,0.05,sticks_099.tif,17.53349170083349,0.176280159511315,0.8031260967254639,0.0864234939217567,0.1454261077567935
Noise2Noise,poisson_4_gauss_0.05,4.0,0.05,sticks_094.tif,20.01165598734641,0.210171968999564,0.8334240913391113,0.0639037638902664,0.1077170498669147
Noise2Noise,poisson_4_gauss_0.1,4.0,0.1,sticks_000.tif,15.913929292251137,0.152424435051105,0.7607397437095642,0.1099452599883079,0.2358578702434897
Noise2Noise,poisson_4_gauss_0.1,4.0,0.1,sticks_001.tif,17.75893901471422,0.2079891012467648,0.8267641067504883,0.0879099890589714,0.1920649848878383
Noise2Noise,poisson_4_gauss_0.1,4.0,0.1,sticks_002.tif,16.24315294131145,0.1271849766252777,0.7492833137512207,0.1050413474440574,0.2217309428378939
Noise2Noise,poisson_4_gauss_0.1,4.0,0.1,sticks_003.tif,17.63157152610325,0.1643334953798759,0.7848780155181885,0.0960967615246772,0.2013169590383768
Noise2Noise,poisson_4_gauss_0.1,4.0,0.1,sticks_004.tif,16.53401265791154,0.1812736874677018,0.7778992652893066,0.1033515110611915,0.2234251985326409
Noise2Noise,poisson_4_gauss_0.1,4.0,0.1,sticks_005.tif,16.17876659001943,0.1319346881538921,0.7190381288528442,0.1128449589014053,0.2620888415724039
Noise2Noise,poisson_4_gauss_0.1,4.0,0.1,sticks_007.tif,16.669020810092906,0.1619120331374783,0.7659948468208313,0.1065081134438514,0.2140648182481527
Noise2Noise,poisson_4_gauss_0.1,4.0,0.1,sticks_009.tif,17.117916985292222,0.1302798395127952,0.7408427000045776,0.1030911058187484,0.2130214121192693
Noise2Noise,poisson_4_gauss_0.1,4.0,0.1,sticks_008.tif,13.853026194335696,0.1714730138274241,0.7423772811889648,0.1382308304309845,0.2788562949746847
Noise2Noise,poisson_4_gauss_0.1,4.0,0.1,sticks_011.tif,17.002570758966367,0.1810806455428635,0.8048118352890015,0.0954227447509765,0.1978050468489527
Noise2Noise,poisson_4_gauss_0.1,4.0,0.1,sticks_006.tif,14.89370487141601,0.1282658351919432,0.7122116684913635,0.1270001232624054,0.2668936155736446
Noise2Noise,poisson_4_gauss_0.1,4.0,0.1,sticks_010.tif,15.993323135981663,0.1474256065553895,0.7388324737548828,0.1150001883506774,0.2335928030312061
Noise2Noise,poisson_4_gauss_0.1,4.0,0.1,sticks_012.tif,18.68835736537304,0.1745236935740877,0.8040016293525696,0.0866821855306625,0.1964575469493866
Noise2Noise,poisson_4_gauss_0.1,4.0,0.1,sticks_016.tif,16.880535161748295,0.1575147759210286,0.7750104069709778,0.1018529757857322,0.1861641095951199
Noise2Noise,poisson_4_gauss_0.1,4.0,0.1,sticks_013.tif,18.98510271710992,0.1904574545784965,0.8236216902732849,0.0780541896820068,0.1621152622625231
Noise2Noise,poisson_4_gauss_0.1,4.0,0.1,sticks_014.tif,17.264201625614355,0.1324926956765512,0.7542756199836731,0.101253904402256,0.2321650806814432
Noise2Noise,poisson_4_gauss_0.1,4.0,0.1,sticks_015.tif,15.783960766826794,0.1544963307902357,0.7584917545318604,0.1144027262926101,0.2228479173034429
Noise2Noise,poisson_4_gauss_0.1,4.0,0.1,sticks_018.tif,17.267015876405587,0.1721805272283842,0.8039243817329407,0.0953788012266159,0.1934319166466593
Noise2Noise,poisson_4_gauss_0.1,4.0,0.1,sticks_020.tif,18.307951062374133,0.1750256844777234,0.8086063861846924,0.0852684155106544,0.1836709603667259
Noise2Noise,poisson_4_gauss_0.1,4.0,0.1,sticks_017.tif,17.568445142172283,0.1573119321053158,0.7736741900444031,0.0967310518026351,0.2046416183933615
Noise2Noise,poisson_4_gauss_0.1,4.0,0.1,sticks_019.tif,16.368632331277723,0.182459347422127,0.7961201667785645,0.1021912917494773,0.2017278481274843
Noise2Noise,poisson_4_gauss_0.1,4.0,0.1,sticks_021.tif,17.242310358980532,0.1708506454251633,0.7870520949363708,0.0948505848646164,0.1956816412508487
Noise2Noise,poisson_4_gauss_0.1,4.0,0.1,sticks_022.tif,16.718055478183988,0.1401641123089111,0.7509595155715942,0.1075223311781883,0.231143725849688
Noise2Noise,poisson_4_gauss_0.1,4.0,0.1,sticks_023.tif,17.132591758837282,0.1894966328329446,0.7980594635009766,0.100570224225521,0.1930859055370092
Noise2Noise,poisson_4_gauss_0.1,4.0,0.1,sticks_024.tif,16.828778005925667,0.1523986396800704,0.7644174098968506,0.1020940393209457,0.2220803502947092
Noise2Noise,poisson_4_gauss_0.1,4.0,0.1,sticks_025.tif,18.43706004555282,0.1866381184812225,0.8180794715881348,0.0843659713864326,0.1723188448697328
Noise2Noise,poisson_4_gauss_0.1,4.0,0.1,sticks_026.tif,16.130092735492145,0.1410562888317018,0.7382800579071045,0.1117562279105186,0.2406375039368868
Noise2Noise,poisson_4_gauss_0.1,4.0,0.1,sticks_027.tif,18.129109215420268,0.2080892245140955,0.8231446743011475,0.0887656882405281,0.1765110790729522
Noise2Noise,poisson_4_gauss_0.1,4.0,0.1,sticks_028.tif,16.799012200515563,0.1467838011266713,0.7432742118835449,0.1056662797927856,0.2302996648475527
Noise2Noise,poisson_4_gauss_0.1,4.0,0.1,sticks_029.tif,17.33821352550685,0.1760614462397778,0.7829557061195374,0.0956967324018478,0.1805377680808305
Noise2Noise,poisson_4_gauss_0.1,4.0,0.1,sticks_030.tif,17.575419049579267,0.1846727009541332,0.8078250288963318,0.0907940492033958,0.195505503937602
Noise2Noise,poisson_4_gauss_0.1,4.0,0.1,sticks_032.tif,15.46321033613177,0.1816882311178126,0.7821183204650879,0.1136870235204696,0.222218575514853
Noise2Noise,poisson_4_gauss_0.1,4.0,0.1,sticks_031.tif,17.701066919507667,0.1457377913974668,0.7490441799163818,0.0990719646215438,0.2241500848904252
Noise2Noise,poisson_4_gauss_0.1,4.0,0.1,sticks_033.tif,14.209463023039907,0.1706886163225016,0.7404852509498596,0.1358177214860916,0.2592616258189082
Noise2Noise,poisson_4_gauss_0.1,4.0,0.1,sticks_034.tif,17.234267254835032,0.156234093335234,0.7749578952789307,0.0960677117109298,0.193997991643846
Noise2Noise,poisson_4_gauss_0.1,4.0,0.1,sticks_035.tif,16.746350187801617,0.1654986768021777,0.791990339756012,0.1013991013169288,0.2001520313322544
Noise2Noise,poisson_4_gauss_0.1,4.0,0.1,sticks_036.tif,16.705962715216284,0.1282090990774742,0.7393953800201416,0.1093028783798217,0.2282797235995531
Noise2Noise,poisson_4_gauss_0.1,4.0,0.1,sticks_037.tif,16.571203675670468,0.1584972059913465,0.7650887370109558,0.1020107492804527,0.2186000453308224
Noise2Noise,poisson_4_gauss_0.1,4.0,0.1,sticks_038.tif,17.4502997248527,0.1191150254580394,0.7206236124038696,0.1006798520684242,0.2429315410554409
Noise2Noise,poisson_4_gauss_0.1,4.0,0.1,sticks_040.tif,16.329690871232117,0.1831430141499705,0.7944386601448059,0.1037817448377609,0.2010432554408908
Noise2Noise,poisson_4_gauss_0.1,4.0,0.1,sticks_039.tif,16.533042973094233,0.1600339390136257,0.7749139070510864,0.1017482131719589,0.2255819227546453
Noise2Noise,poisson_4_gauss_0.1,4.0,0.1,sticks_041.tif,16.466258317822287,0.1343329296635982,0.7532395124435425,0.1052353829145431,0.2278338354080915
Noise2Noise,poisson_4_gauss_0.1,4.0,0.1,sticks_042.tif,16.91360905250463,0.1226120031148329,0.7389192581176758,0.1036659479141235,0.2279431564733386
Noise2Noise,poisson_4_gauss_0.1,4.0,0.1,sticks_043.tif,15.744438540889458,0.1781657329423553,0.7908079028129578,0.110590636730194,0.2171456320211291
Noise2Noise,poisson_4_gauss_0.1,4.0,0.1,sticks_044.tif,16.80556211274418,0.1850968930173903,0.7961732745170593,0.1002422794699668,0.2076323302462697
Noise2Noise,poisson_4_gauss_0.1,4.0,0.1,sticks_045.tif,17.675720280928385,0.1398608484950333,0.7775459885597229,0.0948626920580864,0.2113245816901326
Noise2Noise,poisson_4_gauss_0.1,4.0,0.1,sticks_046.tif,18.29682626554383,0.1340024027816926,0.7418240904808044,0.0948809087276458,0.2203289289027452
Noise2Noise,poisson_4_gauss_0.1,4.0,0.1,sticks_047.tif,16.433405524586384,0.120517636233625,0.7244250178337097,0.1111219525337219,0.2416879704222083
Noise2Noise,poisson_4_gauss_0.1,4.0,0.1,sticks_049.tif,16.74081562599011,0.1512691584532755,0.7743980288505554,0.1060269698500633,0.2161388389766216
Noise2Noise,poisson_4_gauss_0.1,4.0,0.1,sticks_048.tif,16.94348704996843,0.1620074093811564,0.7821469306945801,0.1020554453134536,0.2023489717394113
Noise2Noise,poisson_4_gauss_0.1,4.0,0.1,sticks_050.tif,16.81080597521877,0.1287923047263782,0.7428954839706421,0.1044909134507179,0.221316416375339
Noise2Noise,poisson_4_gauss_0.1,4.0,0.1,sticks_051.tif,17.7091613273581,0.183581003429769,0.8007774353027344,0.0924346074461937,0.1742668872699141
Noise2Noise,poisson_4_gauss_0.1,4.0,0.1,sticks_053.tif,17.40381096820172,0.1871106794456961,0.8008351922035217,0.0923310369253158,0.200009087100625
Noise2Noise,poisson_4_gauss_0.1,4.0,0.1,sticks_052.tif,17.835202014991424,0.1668571505951178,0.7986635565757751,0.0930128768086433,0.1911404568701982
Noise2Noise,poisson_4_gauss_0.1,4.0,0.1,sticks_054.tif,16.757657195664336,0.1409699549036552,0.736452043056488,0.1082768812775611,0.2417252447456121
Noise2Noise,poisson_4_gauss_0.1,4.0,0.1,sticks_055.tif,17.572062830015838,0.1710597067527358,0.8094327449798584,0.0953076779842376,0.1849394001066684
Noise2Noise,poisson_4_gauss_0.1,4.0,0.1,sticks_056.tif,18.19824192919642,0.1631248992391371,0.7968705296516418,0.091038703918457,0.1893688626587391
Noise2Noise,poisson_4_gauss_0.1,4.0,0.1,sticks_059.tif,15.342550161737298,0.1387090177554924,0.7281394600868225,0.1167184337973594,0.2447615407407283
Noise2Noise,poisson_4_gauss_0.1,4.0,0.1,sticks_058.tif,16.776177567203824,0.1718763800038362,0.7907015681266785,0.0974817350506782,0.2030037762597203
Noise2Noise,poisson_4_gauss_0.1,4.0,0.1,sticks_057.tif,16.390277819988842,0.1790167049884918,0.7949355840682983,0.103263534605503,0.2024312870576977
Noise2Noise,poisson_4_gauss_0.1,4.0,0.1,sticks_060.tif,15.733515696839676,0.1078833762828024,0.6132825016975403,0.122896172106266,0.27504205070436
Noise2Noise,poisson_4_gauss_0.1,4.0,0.1,sticks_063.tif,17.014631354510012,0.1631832833731706,0.78407883644104,0.1008029729127883,0.2112329168245196
Noise2Noise,poisson_4_gauss_0.1,4.0,0.1,sticks_061.tif,15.656665135594904,0.1802115330022728,0.7801250219345093,0.1153450459241867,0.2115672981366515
Noise2Noise,poisson_4_gauss_0.1,4.0,0.1,sticks_062.tif,17.17834920489705,0.1320301622511977,0.7258524894714355,0.098890021443367,0.2301377149298787
Noise2Noise,poisson_4_gauss_0.1,4.0,0.1,sticks_067.tif,15.343847103100297,0.1702575620280735,0.7624486684799194,0.1191366165876388,0.2521549301221967
Noise2Noise,poisson_4_gauss_0.1,4.0,0.1,sticks_066.tif,16.574638813141796,0.1717209943906249,0.7745051383972168,0.1033864170312881,0.1994009718298912
Noise2Noise,poisson_4_gauss_0.1,4.0,0.1,sticks_065.tif,18.07322245088837,0.1529060936018536,0.789573073387146,0.0921483561396598,0.1777723748236894
Noise2Noise,poisson_4_gauss_0.1,4.0,0.1,sticks_068.tif,16.788390858147707,0.1478433529780175,0.7466967701911926,0.1005709394812583,0.2328131690621376
Noise2Noise,poisson_4_gauss_0.1,4.0,0.1,sticks_069.tif,17.798761385792208,0.1689029731949856,0.7834286093711853,0.0949210822582244,0.2020095387473702
Noise2Noise,poisson_4_gauss_0.1,4.0,0.1,sticks_064.tif,18.32608955812802,0.1708226055967294,0.8051591515541077,0.0836138799786567,0.1846461307257413
Noise2Noise,poisson_4_gauss_0.1,4.0,0.1,sticks_070.tif,15.47512944479017,0.1641628530710579,0.744961678981781,0.1177494302392005,0.2467158943414688
Noise2Noise,poisson_4_gauss_0.1,4.0,0.1,sticks_071.tif,17.33074694376689,0.1676828432515724,0.7791025638580322,0.0964745134115219,0.1938145725056529
Noise2Noise,poisson_4_gauss_0.1,4.0,0.1,sticks_072.tif,16.326126793335646,0.1314727998943413,0.7040958404541016,0.1113640293478965,0.2426861492916941
Noise2Noise,poisson_4_gauss_0.1,4.0,0.1,sticks_073.tif,16.443362620530976,0.1467042631801097,0.7473885416984558,0.105130948126316,0.2161884114146232
Noise2Noise,poisson_4_gauss_0.1,4.0,0.1,sticks_074.tif,15.924297477425872,0.152950527045372,0.7525380253791809,0.1124341934919357,0.2478635098785161
Noise2Noise,poisson_4_gauss_0.1,4.0,0.1,sticks_075.tif,16.532812312600292,0.1780238193183795,0.7766926884651184,0.1019029840826988,0.2001523710787296
Noise2Noise,poisson_4_gauss_0.1,4.0,0.1,sticks_076.tif,16.666473026907983,0.1728502122743888,0.7810573577880859,0.1065468415617942,0.2394250445067882
Noise2Noise,poisson_4_gauss_0.1,4.0,0.1,sticks_077.tif,17.464495442736798,0.1924926566152827,0.8270396590232849,0.0902063697576522,0.1896114587783813
Noise2Noise,poisson_4_gauss_0.1,4.0,0.1,sticks_078.tif,15.773028848067138,0.1485908788983121,0.7687810063362122,0.108680322766304,0.2102212537080049
Noise2Noise,poisson_4_gauss_0.1,4.0,0.1,sticks_079.tif,18.07676786526759,0.1801725939836989,0.8008856177330017,0.091767206788063,0.2044222066178918
Noise2Noise,poisson_4_gauss_0.1,4.0,0.1,sticks_080.tif,16.899350349542935,0.1908793918487716,0.7989948987960815,0.0991148352622985,0.2035277055576443
Noise2Noise,poisson_4_gauss_0.1,4.0,0.1,sticks_081.tif,15.95505563592624,0.1833323269182406,0.776330828666687,0.1101138442754745,0.2263801993802189
Noise2Noise,poisson_4_gauss_0.1,4.0,0.1,sticks_082.tif,17.957072322442734,0.1859219456383495,0.8133488297462463,0.087886244058609,0.1887104865163564
Noise2Noise,poisson_4_gauss_0.1,4.0,0.1,sticks_084.tif,17.08413698131809,0.1724515893256247,0.7940033078193665,0.097478874027729,0.2081118049100041
Noise2Noise,poisson_4_gauss_0.1,4.0,0.1,sticks_083.tif,14.45090473204431,0.1466012082531428,0.7331847548484802,0.1271162033081054,0.2443747628480196
Noise2Noise,poisson_4_gauss_0.1,4.0,0.1,sticks_085.tif,17.615746825090323,0.1583748859924708,0.8116982579231262,0.0884604230523109,0.1752105558291077
Noise2Noise,poisson_4_gauss_0.1,4.0,0.1,sticks_086.tif,18.39004319404121,0.1705379352379787,0.8028682470321655,0.0843534916639328,0.1719952791929245
Noise2Noise,poisson_4_gauss_0.1,4.0,0.1,sticks_088.tif,16.397960753655816,0.1610557622325748,0.7785066962242126,0.1034088134765625,0.2001657463610172
Noise2Noise,poisson_4_gauss_0.1,4.0,0.1,sticks_087.tif,18.425196186313933,0.1615134277945083,0.7811885476112366,0.0897997841238975,0.1824814157560467
Noise2Noise,poisson_4_gauss_0.1,4.0,0.1,sticks_089.tif,16.894833972873904,0.1617963084638682,0.7777284383773804,0.0976331308484077,0.2119869794696569
Noise2Noise,poisson_4_gauss_0.1,4.0,0.1,sticks_090.tif,16.10432866812755,0.1700714171624245,0.78023362159729,0.1088055372238159,0.2145147651433944
Noise2Noise,poisson_4_gauss_0.1,4.0,0.1,sticks_091.tif,16.55257771285935,0.1372192209648215,0.6573048233985901,0.1034705638885498,0.2138282798230648
Noise2Noise,poisson_4_gauss_0.1,4.0,0.1,sticks_092.tif,18.28522569607414,0.1634482659056339,0.800613522529602,0.0871499478816986,0.1832663919776678
Noise2Noise,poisson_4_gauss_0.1,4.0,0.1,sticks_093.tif,17.096978316619523,0.1851316829551595,0.8021863698959351,0.1013068333268165,0.2088917713612318
Noise2Noise,poisson_4_gauss_0.1,4.0,0.1,sticks_095.tif,18.6218990587346,0.203032305698273,0.8301904797554016,0.0826665684580802,0.1652907647192478
Noise2Noise,poisson_4_gauss_0.1,4.0,0.1,sticks_096.tif,16.394287798836938,0.1692729849595408,0.7635838389396667,0.1052045077085495,0.2088923284783959
Noise2Noise,poisson_4_gauss_0.1,4.0,0.1,sticks_097.tif,17.570871975479267,0.170272888487867,0.7897760272026062,0.0981109216809272,0.216769552975893
Noise2Noise,poisson_4_gauss_0.1,4.0,0.1,sticks_098.tif,17.269459200712603,0.1846252155838014,0.7968262434005737,0.0932001993060112,0.1776299059391021
Noise2Noise,poisson_4_gauss_0.1,4.0,0.1,sticks_099.tif,17.66721929856875,0.1581016634150682,0.7865889668464661,0.0989507287740707,0.2014471692964434
Noise2Noise,poisson_4_gauss_0.1,4.0,0.1,sticks_094.tif,18.409431130858497,0.1809829839024473,0.8099991083145142,0.0815093070268631,0.1597602751106023
Noise2Noise,poisson_4_gauss_0.2,4.0,0.2,sticks_000.tif,14.519482582656558,0.1085205723385664,0.6792418956756592,0.1595526784658432,0.4029562842100859
Noise2Noise,poisson_4_gauss_0.2,4.0,0.2,sticks_001.tif,15.246689796890047,0.1476889037627878,0.7507728338241577,0.1417885273694992,0.3466954670846462
Noise2Noise,poisson_4_gauss_0.2,4.0,0.2,sticks_002.tif,14.234632696958172,0.085127869916176,0.6537501215934753,0.1607252061367035,0.4076841287314892
Noise2Noise,poisson_4_gauss_0.2,4.0,0.2,sticks_003.tif,15.034438810304042,0.1216738854765715,0.7167839407920837,0.1493287980556488,0.376195952296257
Noise2Noise,poisson_4_gauss_0.2,4.0,0.2,sticks_004.tif,14.600513557242166,0.1268510358681161,0.6984347105026245,0.1575582772493362,0.3792891334742307
Noise2Noise,poisson_4_gauss_0.2,4.0,0.2,sticks_005.tif,13.320294874171385,0.0847971476150382,0.604394257068634,0.1823700815439224,0.4349182534962892
Noise2Noise,poisson_4_gauss_0.2,4.0,0.2,sticks_007.tif,14.830695887511329,0.1294793609059416,0.6981815695762634,0.1511572450399398,0.3881298556923866
Noise2Noise,poisson_4_gauss_0.2,4.0,0.2,sticks_009.tif,14.583761667445833,0.0885140563525324,0.6545363068580627,0.1619316935539245,0.395536170899868
Noise2Noise,poisson_4_gauss_0.2,4.0,0.2,sticks_008.tif,13.081197126924716,0.1309644170934436,0.6877065300941467,0.1840636730194091,0.4247857242822647
Noise2Noise,poisson_4_gauss_0.2,4.0,0.2,sticks_011.tif,15.425627913232727,0.1348992934846153,0.7381905913352966,0.1408421397209167,0.3652717817574739
Noise2Noise,poisson_4_gauss_0.2,4.0,0.2,sticks_006.tif,13.435800324502353,0.0892006443512706,0.6394332051277161,0.1783986836671829,0.4239894308149814
Noise2Noise,poisson_4_gauss_0.2,4.0,0.2,sticks_010.tif,14.693516021062573,0.1126361513726145,0.6752116680145264,0.157004565000534,0.4009090185165405
Noise2Noise,poisson_4_gauss_0.2,4.0,0.2,sticks_012.tif,15.065240078463711,0.1264344868461571,0.7099512219429016,0.1456951797008514,0.3713797435164451
Noise2Noise,poisson_4_gauss_0.2,4.0,0.2,sticks_016.tif,15.658408548545411,0.1200808401387198,0.7255263328552246,0.141786053776741,0.3553189646452665
Noise2Noise,poisson_4_gauss_0.2,4.0,0.2,sticks_013.tif,16.18801855717621,0.1320601785974439,0.7398641705513,0.1347859352827072,0.3396512873470783
Noise2Noise,poisson_4_gauss_0.2,4.0,0.2,sticks_014.tif,14.707024737714567,0.0867393467924406,0.6516633033752441,0.1633231341838836,0.4193918347358704
Noise2Noise,poisson_4_gauss_0.2,4.0,0.2,sticks_015.tif,14.6344967805903,0.1146285440978178,0.6943577527999878,0.1553001850843429,0.3790238447487354
Noise2Noise,poisson_4_gauss_0.2,4.0,0.2,sticks_018.tif,15.440516397489503,0.124960293402174,0.7297651767730713,0.1439580023288726,0.3620822567492723
Noise2Noise,poisson_4_gauss_0.2,4.0,0.2,sticks_020.tif,15.919812153617476,0.1228743511152048,0.7276545166969299,0.138110265135765,0.3482785828411579
Noise2Noise,poisson_4_gauss_0.2,4.0,0.2,sticks_017.tif,14.700564827190178,0.1084444134624101,0.6956686973571777,0.1573355942964553,0.3833685219287872
Noise2Noise,poisson_4_gauss_0.2,4.0,0.2,sticks_019.tif,15.31450449795626,0.1357770965330192,0.7314575910568237,0.1438433825969696,0.355683234706521
Noise2Noise,poisson_4_gauss_0.2,4.0,0.2,sticks_021.tif,15.24555560312206,0.1228516527909506,0.7195955514907837,0.1487676203250885,0.3695064555853605
Noise2Noise,poisson_4_gauss_0.2,4.0,0.2,sticks_022.tif,14.439474575200729,0.1004423517920562,0.6483901739120483,0.1579235792160034,0.3923475094139576
Noise2Noise,poisson_4_gauss_0.2,4.0,0.2,sticks_023.tif,14.632454425621862,0.1402257004274069,0.7327048182487488,0.1518860459327697,0.3534859582781792
Noise2Noise,poisson_4_gauss_0.2,4.0,0.2,sticks_024.tif,15.081849635258727,0.1019478869051368,0.6707958579063416,0.1551475971937179,0.4021105222404003
Noise2Noise,poisson_4_gauss_0.2,4.0,0.2,sticks_025.tif,16.787186993022885,0.1405776933582357,0.7601349353790283,0.126120388507843,0.3341980535537004
Noise2Noise,poisson_4_gauss_0.2,4.0,0.2,sticks_026.tif,14.306857118747514,0.0983256236771043,0.6408563852310181,0.1673532426357269,0.4074666149914264
Noise2Noise,poisson_4_gauss_0.2,4.0,0.2,sticks_027.tif,16.142707140876965,0.1619553728408792,0.7769966721534729,0.1335301697254181,0.3309705421328545
Noise2Noise,poisson_4_gauss_0.2,4.0,0.2,sticks_028.tif,14.423074067142938,0.1024111599537731,0.6221420764923096,0.1612964570522308,0.4064760152250528
Noise2Noise,poisson_4_gauss_0.2,4.0,0.2,sticks_029.tif,15.83716651289259,0.1361895215129208,0.7336053848266602,0.1377268433570861,0.3565233670175075
Noise2Noise,poisson_4_gauss_0.2,4.0,0.2,sticks_030.tif,15.346222408901877,0.1307168462395467,0.7298441529273987,0.1435607969760894,0.3635550636798143
Noise2Noise,poisson_4_gauss_0.2,4.0,0.2,sticks_032.tif,14.395077771369303,0.132003843889511,0.715624213218689,0.1545192748308181,0.3731248613446951
Noise2Noise,poisson_4_gauss_0.2,4.0,0.2,sticks_031.tif,14.940984980497465,0.1014210976226569,0.629240870475769,0.1591621190309524,0.3921535983681679
Noise2Noise,poisson_4_gauss_0.2,4.0,0.2,sticks_033.tif,13.524740596676295,0.1332027448455504,0.6991124153137207,0.171269029378891,0.3946307525038719
Noise2Noise,poisson_4_gauss_0.2,4.0,0.2,sticks_034.tif,15.616855328853823,0.1146517869732367,0.7128881216049194,0.1425835937261581,0.3711723003536463
Noise2Noise,poisson_4_gauss_0.2,4.0,0.2,sticks_035.tif,14.663942784577706,0.1234481797473365,0.710418701171875,0.1537127643823623,0.3571978624910116
Noise2Noise,poisson_4_gauss_0.2,4.0,0.2,sticks_036.tif,14.370219525380934,0.0933574362132593,0.6593616008758545,0.1640433669090271,0.4091986775398254
Noise2Noise,poisson_4_gauss_0.2,4.0,0.2,sticks_037.tif,15.475850761734169,0.112580697557757,0.671354353427887,0.1470883190631866,0.3903993505984545
Noise2Noise,poisson_4_gauss_0.2,4.0,0.2,sticks_038.tif,14.928456002031218,0.0789580304940409,0.5977803468704224,0.160303846001625,0.4281825095415115
Noise2Noise,poisson_4_gauss_0.2,4.0,0.2,sticks_040.tif,14.84544896508099,0.1441654599630795,0.7435230612754822,0.1426864117383957,0.3596245069056749
Noise2Noise,poisson_4_gauss_0.2,4.0,0.2,sticks_039.tif,14.493208098451202,0.1121797789922012,0.6857138276100159,0.1592076569795608,0.397328508272767
Noise2Noise,poisson_4_gauss_0.2,4.0,0.2,sticks_041.tif,14.550603634377053,0.0909049954107649,0.6133034825325012,0.1601715981960296,0.4019398976117372
Noise2Noise,poisson_4_gauss_0.2,4.0,0.2,sticks_042.tif,14.41548776028517,0.0820370174407377,0.6576150059700012,0.165750652551651,0.4102167494595051
Noise2Noise,poisson_4_gauss_0.2,4.0,0.2,sticks_043.tif,14.242434177920178,0.1344680917356608,0.7180795669555664,0.153922826051712,0.3647346794605255
Noise2Noise,poisson_4_gauss_0.2,4.0,0.2,sticks_044.tif,14.843890401726476,0.1363696203600091,0.7189199924468994,0.1516223698854446,0.3752582550048828
Noise2Noise,poisson_4_gauss_0.2,4.0,0.2,sticks_045.tif,14.989350702987704,0.0963979685251545,0.6841583847999573,0.1557612270116806,0.3997985169291496
Noise2Noise,poisson_4_gauss_0.2,4.0,0.2,sticks_046.tif,14.493099308101897,0.0873101636235749,0.6064223051071167,0.1669983118772506,0.4130773566663265
Noise2Noise,poisson_4_gauss_0.2,4.0,0.2,sticks_047.tif,14.646618067268069,0.0885629471931098,0.6508740782737732,0.1630212962627411,0.4185494042932987
Noise2Noise,poisson_4_gauss_0.2,4.0,0.2,sticks_049.tif,14.88107125293145,0.1096435565594113,0.6902297139167786,0.1548939198255539,0.3925888136029243
Noise2Noise,poisson_4_gauss_0.2,4.0,0.2,sticks_048.tif,14.545710663075925,0.1150812695266945,0.7053598165512085,0.1564535200595855,0.3720793306827545
Noise2Noise,poisson_4_gauss_0.2,4.0,0.2,sticks_050.tif,14.776733165317172,0.0901161995157803,0.6627429127693176,0.1611980497837066,0.4172341607511043
Noise2Noise,poisson_4_gauss_0.2,4.0,0.2,sticks_051.tif,15.694029255305654,0.1394385870150863,0.7458978891372681,0.1372364163398742,0.3388784095644951
Noise2Noise,poisson_4_gauss_0.2,4.0,0.2,sticks_053.tif,15.100233244422736,0.1377730203297202,0.7270340919494629,0.1445456445217132,0.360176969692111
Noise2Noise,poisson_4_gauss_0.2,4.0,0.2,sticks_052.tif,15.333371971679432,0.1239842567317119,0.7070800065994263,0.1432352215051651,0.3614327922463417
Noise2Noise,poisson_4_gauss_0.2,4.0,0.2,sticks_054.tif,13.4733384963885,0.098936587685636,0.6577666997909546,0.1768297553062439,0.4117561541497707
Noise2Noise,poisson_4_gauss_0.2,4.0,0.2,sticks_055.tif,15.404404456492728,0.128028334996147,0.7499644756317139,0.1422160267829895,0.349911193177104
Noise2Noise,poisson_4_gauss_0.2,4.0,0.2,sticks_056.tif,15.622853868245675,0.1176232314297502,0.7138929963111877,0.1424797028303146,0.370943833142519
Noise2Noise,poisson_4_gauss_0.2,4.0,0.2,sticks_059.tif,13.793839718028917,0.0939987237153296,0.6293762922286987,0.173498123884201,0.4231923189014196
Noise2Noise,poisson_4_gauss_0.2,4.0,0.2,sticks_058.tif,15.20299560928054,0.1204661962298331,0.716351330280304,0.1501827090978622,0.3672378662973642
Noise2Noise,poisson_4_gauss_0.2,4.0,0.2,sticks_057.tif,14.98416099351827,0.1340640667482479,0.7318058609962463,0.148103579878807,0.3616614166647195
Noise2Noise,poisson_4_gauss_0.2,4.0,0.2,sticks_060.tif,13.61610429221413,0.0742880726253,0.5303051471710205,0.1846773028373718,0.4460528165102005
Noise2Noise,poisson_4_gauss_0.2,4.0,0.2,sticks_063.tif,14.521818806619384,0.1130933442750607,0.7030693292617798,0.1600242555141449,0.387192015722394
Noise2Noise,poisson_4_gauss_0.2,4.0,0.2,sticks_061.tif,14.86461101757256,0.1439525326281161,0.7432140707969666,0.1489582657814026,0.3579627830535173
Noise2Noise,poisson_4_gauss_0.2,4.0,0.2,sticks_062.tif,14.54136311514159,0.0893995411993476,0.6140872240066528,0.1603852361440658,0.3987541493028402
Noise2Noise,poisson_4_gauss_0.2,4.0,0.2,sticks_067.tif,13.849988780000238,0.1261386691108698,0.6625604033470154,0.1689355224370956,0.3976702906191349
Noise2Noise,poisson_4_gauss_0.2,4.0,0.2,sticks_066.tif,15.070800285799336,0.1272729117111265,0.6862884759902954,0.1462005972862243,0.3582037441432476
Noise2Noise,poisson_4_gauss_0.2,4.0,0.2,sticks_065.tif,16.012558260957043,0.1132520622319397,0.7161751985549927,0.1386385262012481,0.3460548397153616
Noise2Noise,poisson_4_gauss_0.2,4.0,0.2,sticks_068.tif,14.766903028342762,0.0994097205173149,0.6415212154388428,0.1584508866071701,0.4171854838728904
Noise2Noise,poisson_4_gauss_0.2,4.0,0.2,sticks_069.tif,15.882824687399468,0.1237205872274099,0.7201883792877197,0.1402988731861114,0.3672181952744722
Noise2Noise,poisson_4_gauss_0.2,4.0,0.2,sticks_064.tif,15.641380084793273,0.1088646063545965,0.718727707862854,0.1449105441570282,0.378237721323967
Noise2Noise,poisson_4_gauss_0.2,4.0,0.2,sticks_070.tif,13.70847762585769,0.119728790218226,0.6953645944595337,0.1706961989402771,0.4076244786381721
Noise2Noise,poisson_4_gauss_0.2,4.0,0.2,sticks_071.tif,15.086145526591642,0.1269262615838142,0.7124378681182861,0.1467633545398712,0.3612743750214576
Noise2Noise,poisson_4_gauss_0.2,4.0,0.2,sticks_072.tif,14.003630850729577,0.0897823534054886,0.5790051817893982,0.1718706488609314,0.4211367644369602
Noise2Noise,poisson_4_gauss_0.2,4.0,0.2,sticks_073.tif,14.269436886113173,0.1020211610187969,0.6754760146141052,0.1628443747758865,0.3956451378762722
Noise2Noise,poisson_4_gauss_0.2,4.0,0.2,sticks_074.tif,13.996417175985698,0.1091465976081895,0.6613696813583374,0.1697478741407394,0.4195210013538599
Noise2Noise,poisson_4_gauss_0.2,4.0,0.2,sticks_075.tif,14.497531495539176,0.1293796687465242,0.7056268453598022,0.156035840511322,0.3516702439635992
Noise2Noise,poisson_4_gauss_0.2,4.0,0.2,sticks_076.tif,14.4370496841222,0.1244435418022334,0.7006699442863464,0.1626861095428466,0.3901508443057537
Noise2Noise,poisson_4_gauss_0.2,4.0,0.2,sticks_077.tif,15.342080417988235,0.1417792256351753,0.7567610740661621,0.137763112783432,0.3485342528671026
Noise2Noise,poisson_4_gauss_0.2,4.0,0.2,sticks_078.tif,14.889331905564593,0.1075263049500705,0.7039625644683838,0.150952473282814,0.3693727314472198
Noise2Noise,poisson_4_gauss_0.2,4.0,0.2,sticks_079.tif,15.03545483928006,0.1257237685441912,0.715323805809021,0.1517083048820495,0.3753693081438541
Noise2Noise,poisson_4_gauss_0.2,4.0,0.2,sticks_080.tif,14.813939701559882,0.1406984612290303,0.7186651229858398,0.1496019661426544,0.3561140421777963
Noise2Noise,poisson_4_gauss_0.2,4.0,0.2,sticks_081.tif,14.330453740917948,0.1389723729464735,0.709863007068634,0.1564272195100784,0.3775108095258474
Noise2Noise,poisson_4_gauss_0.2,4.0,0.2,sticks_082.tif,16.122572393536753,0.1380356346981405,0.7505818009376526,0.1378073394298553,0.3543430209159851
Noise2Noise,poisson_4_gauss_0.2,4.0,0.2,sticks_084.tif,15.05433836409538,0.125160512629371,0.7024969458580017,0.1482472866773605,0.3760408073663711
Noise2Noise,poisson_4_gauss_0.2,4.0,0.2,sticks_083.tif,14.163273067133098,0.1033453998641957,0.6545817852020264,0.1650569140911102,0.3965578764677048
Noise2Noise,poisson_4_gauss_0.2,4.0,0.2,sticks_085.tif,16.179957487910926,0.1157807972090867,0.7460016012191772,0.1317462623119354,0.3392854001373052
Noise2Noise,poisson_4_gauss_0.2,4.0,0.2,sticks_086.tif,16.63899274269055,0.1208581392700986,0.7101996541023254,0.1303784549236297,0.338782824203372
Noise2Noise,poisson_4_gauss_0.2,4.0,0.2,sticks_088.tif,14.56836422554673,0.1134518938185685,0.703312873840332,0.1561267524957656,0.3665206868201494
Noise2Noise,poisson_4_gauss_0.2,4.0,0.2,sticks_087.tif,15.601800785036977,0.1176879176160534,0.7222789525985718,0.1420163512229919,0.3497443825006485
Noise2Noise,poisson_4_gauss_0.2,4.0,0.2,sticks_089.tif,15.265737858389691,0.1145722539121452,0.7054792046546936,0.1466515660285949,0.3845862604677677
Noise2Noise,poisson_4_gauss_0.2,4.0,0.2,sticks_090.tif,14.278560165697607,0.1295977476214975,0.7316465973854065,0.1554971039295196,0.3708375383168459
Noise2Noise,poisson_4_gauss_0.2,4.0,0.2,sticks_091.tif,14.699264291071469,0.09648996524117,0.5982032418251038,0.1590738594532013,0.3957022041082382
Noise2Noise,poisson_4_gauss_0.2,4.0,0.2,sticks_092.tif,15.74582245521328,0.1177085227094559,0.721444845199585,0.1401793360710144,0.3568107575178146
Noise2Noise,poisson_4_gauss_0.2,4.0,0.2,sticks_093.tif,15.056812145321665,0.1435053504259234,0.7383511066436768,0.1463723480701446,0.3669960211962461
Noise2Noise,poisson_4_gauss_0.2,4.0,0.2,sticks_095.tif,16.221110909786685,0.1548630304707748,0.7627150416374207,0.1277198046445846,0.3148314874619246
Noise2Noise,poisson_4_gauss_0.2,4.0,0.2,sticks_096.tif,15.036830487002495,0.1300862573564272,0.6892386674880981,0.1484580785036087,0.3545802224427462
Noise2Noise,poisson_4_gauss_0.2,4.0,0.2,sticks_097.tif,14.845644041323542,0.122579206225221,0.6951877474784851,0.1533289700746536,0.3825782306492328
Noise2Noise,poisson_4_gauss_0.2,4.0,0.2,sticks_098.tif,15.682541639727708,0.1363005706422961,0.7426767349243164,0.1395231187343597,0.3433879502117634
Noise2Noise,poisson_4_gauss_0.2,4.0,0.2,sticks_099.tif,15.144629028286245,0.1198233762559104,0.723278820514679,0.1495302617549896,0.3739998836070299
Noise2Noise,poisson_4_gauss_0.2,4.0,0.2,sticks_094.tif,16.71111282322521,0.1345295797833599,0.751989483833313,0.1243929490447044,0.3377366296947002
RAUDen,poisson_16_gauss_0.05,16.0,0.05,sticks_000.tif,34.55349893940611,0.9174378480595968,0.9666857719421388,0.0068747759796679,0.1683226481080055
RAUDen,poisson_16_gauss_0.05,16.0,0.05,sticks_001.tif,36.902614245582974,0.9163188172345532,0.959184467792511,0.0084493029862642,0.1810082776006311
RAUDen,poisson_16_gauss_0.05,16.0,0.05,sticks_002.tif,34.31788049181266,0.9250494975335326,0.9727574586868286,0.0057634329423308,0.1540602075401693
RAUDen,poisson_16_gauss_0.05,16.0,0.05,sticks_003.tif,37.99719280099673,0.9299121993720144,0.9738776683807372,0.0066527030430734,0.1642542760353535
RAUDen,poisson_16_gauss_0.05,16.0,0.05,sticks_004.tif,36.71021944248641,0.9226356139136036,0.9685065746307372,0.0070949913933873,0.1705202849116176
RAUDen,poisson_16_gauss_0.05,16.0,0.05,sticks_005.tif,38.84725813139754,0.9225321891641692,0.9727774262428284,0.0060607800260186,0.1609691227320581
RAUDen,poisson_16_gauss_0.05,16.0,0.05,sticks_007.tif,37.738721700977905,0.9221124313840862,0.9703173041343688,0.0074857124127447,0.1830492127686739
RAUDen,poisson_16_gauss_0.05,16.0,0.05,sticks_009.tif,38.905390983385004,0.9240629753278704,0.9706276059150696,0.0060046892613172,0.1565374908037483
RAUDen,poisson_16_gauss_0.05,16.0,0.05,sticks_008.tif,31.86830205826995,0.9226150354436816,0.972831964492798,0.0073717148043215,0.1754982266575098
RAUDen,poisson_16_gauss_0.05,16.0,0.05,sticks_011.tif,31.736379754574717,0.92499520391501,0.9677003026008606,0.0073046991601586,0.1646311249118298
RAUDen,poisson_16_gauss_0.05,16.0,0.05,sticks_006.tif,38.80586205497134,0.9203186454364822,0.9699280261993408,0.0059758136048913,0.165688106091693
RAUDen,poisson_16_gauss_0.05,16.0,0.05,sticks_010.tif,37.780864832299514,0.9068265783864636,0.9558702707290648,0.0072463480755686,0.167319344356656
RAUDen,poisson_16_gauss_0.05,16.0,0.05,sticks_012.tif,36.69949483456509,0.9134008309800736,0.9610484838485718,0.00743825500831,0.1745537192095071
RAUDen,poisson_16_gauss_0.05,16.0,0.05,sticks_016.tif,33.90599448007363,0.9165791919137464,0.9605197310447692,0.0070093749091029,0.1550131864380091
RAUDen,poisson_16_gauss_0.05,16.0,0.05,sticks_013.tif,31.7858740590134,0.9293106913463928,0.9699646830558776,0.0070411609485745,0.1524848295375704
RAUDen,poisson_16_gauss_0.05,16.0,0.05,sticks_014.tif,36.67593473641357,0.9135632300165556,0.9671918153762816,0.0065104886889457,0.1881027412600815
RAUDen,poisson_16_gauss_0.05,16.0,0.05,sticks_015.tif,38.12375052338249,0.924179074757206,0.9700561165809632,0.0065324837341904,0.161700578359887
RAUDen,poisson_16_gauss_0.05,16.0,0.05,sticks_018.tif,35.2568815730411,0.9253846145010854,0.9696486592292786,0.007054800633341,0.16767199607566
RAUDen,poisson_16_gauss_0.05,16.0,0.05,sticks_020.tif,37.911258010861005,0.9301966810018388,0.9714682698249816,0.0069642751477658,0.1591588652692735
RAUDen,poisson_16_gauss_0.05,16.0,0.05,sticks_017.tif,35.67542792358907,0.91792184235674,0.9659082293510436,0.0068836235441267,0.1739614535588771
RAUDen,poisson_16_gauss_0.05,16.0,0.05,sticks_019.tif,31.910600470623933,0.9284446374593002,0.971280872821808,0.0069664791226387,0.158697124524042
RAUDen,poisson_16_gauss_0.05,16.0,0.05,sticks_021.tif,37.20613509087778,0.9259356078349936,0.9699139595031738,0.0067531540989875,0.1605796328745782
RAUDen,poisson_16_gauss_0.05,16.0,0.05,sticks_022.tif,34.320878919628676,0.9200379159920232,0.9684441685676576,0.0066741169430315,0.1692107868846505
RAUDen,poisson_16_gauss_0.05,16.0,0.05,sticks_023.tif,35.56373102591075,0.926257444550466,0.9724758863449096,0.0076156831346452,0.1666303074453026
RAUDen,poisson_16_gauss_0.05,16.0,0.05,sticks_024.tif,35.46566198691477,0.927303453803455,0.9734026789665222,0.0064599351026117,0.1681271352339536
RAUDen,poisson_16_gauss_0.05,16.0,0.05,sticks_025.tif,31.747941082642136,0.9245014613381366,0.9700851440429688,0.0071859187446534,0.1643855445552617
RAUDen,poisson_16_gauss_0.05,16.0,0.05,sticks_026.tif,34.530508040852055,0.9187992807285128,0.9683849215507508,0.0069256089627742,0.1709651486948132
RAUDen,poisson_16_gauss_0.05,16.0,0.05,sticks_027.tif,32.42154318439324,0.9198341343436524,0.9695343375205994,0.0085214208811521,0.2026870801579207
RAUDen,poisson_16_gauss_0.05,16.0,0.05,sticks_028.tif,37.14250548025356,0.9129707272071524,0.9672111868858336,0.0067215077579021,0.1695662912447005
RAUDen,poisson_16_gauss_0.05,16.0,0.05,sticks_029.tif,32.87917792060819,0.9158777655650508,0.9627960324287416,0.0078554255887866,0.1714344394858926
RAUDen,poisson_16_gauss_0.05,16.0,0.05,sticks_030.tif,37.21202118702262,0.9242585212679952,0.9685356616973876,0.0071999905630946,0.167611721297726
RAUDen,poisson_16_gauss_0.05,16.0,0.05,sticks_032.tif,34.63299098038817,0.9177842782620256,0.9599445462226868,0.0073541402816772,0.1584022566210478
RAUDen,poisson_16_gauss_0.05,16.0,0.05,sticks_031.tif,35.876172029908936,0.9148969465442222,0.9661227464675904,0.0068797999992966,0.1783735314384102
RAUDen,poisson_16_gauss_0.05,16.0,0.05,sticks_033.tif,37.341511322166525,0.9140383543016994,0.9599450826644896,0.0077540492638945,0.162479778798297
RAUDen,poisson_16_gauss_0.05,16.0,0.05,sticks_034.tif,37.01316641266399,0.9291793964502932,0.9752909541130066,0.0067165000364184,0.1681962132453918
RAUDen,poisson_16_gauss_0.05,16.0,0.05,sticks_035.tif,31.91545365162609,0.9284381345767252,0.9708950519561768,0.0069603906013071,0.1566374484449625
RAUDen,poisson_16_gauss_0.05,16.0,0.05,sticks_036.tif,36.915945236729335,0.928523940229435,0.9747107028961182,0.0058347359299659,0.1456325122155249
RAUDen,poisson_16_gauss_0.05,16.0,0.05,sticks_037.tif,33.39307766943381,0.9212575554154332,0.9684799909591676,0.0068758055567741,0.1706688455305993
RAUDen,poisson_16_gauss_0.05,16.0,0.05,sticks_038.tif,38.89718400481024,0.9119685692779704,0.966338276863098,0.0062053175643086,0.1697983958758414
RAUDen,poisson_16_gauss_0.05,16.0,0.05,sticks_040.tif,36.833984159992944,0.9158617424965414,0.9588743448257446,0.0077139707282185,0.1599406561814248
RAUDen,poisson_16_gauss_0.05,16.0,0.05,sticks_039.tif,32.340528635287804,0.920413139380344,0.9645619988441468,0.0070116580463945,0.1657294050324708
RAUDen,poisson_16_gauss_0.05,16.0,0.05,sticks_041.tif,35.31751225373478,0.9202383812462496,0.9682496786117554,0.0062709748744964,0.1583255153149366
RAUDen,poisson_16_gauss_0.05,16.0,0.05,sticks_042.tif,34.762508921068004,0.9165114840721652,0.9655020236968994,0.0061862454749643,0.167094497801736
RAUDen,poisson_16_gauss_0.05,16.0,0.05,sticks_043.tif,31.49395246146372,0.9247899213034954,0.968388020992279,0.0075386418029665,0.1681523817125708
RAUDen,poisson_16_gauss_0.05,16.0,0.05,sticks_044.tif,35.9159882674812,0.91957914075371,0.9655542969703674,0.0074999541975557,0.1595566808711737
RAUDen,poisson_16_gauss_0.05,16.0,0.05,sticks_045.tif,38.56141815452942,0.918972726091364,0.964849054813385,0.0063182609155774,0.162263379432261
RAUDen,poisson_16_gauss_0.05,16.0,0.05,sticks_046.tif,38.80415332401396,0.9175018930322512,0.9693308472633362,0.0062688803300261,0.1707928956486284
RAUDen,poisson_16_gauss_0.05,16.0,0.05,sticks_047.tif,38.109962258994585,0.91524099773139,0.965075433254242,0.0062559964135289,0.165842506242916
RAUDen,poisson_16_gauss_0.05,16.0,0.05,sticks_049.tif,36.84763487474679,0.9151594858407868,0.96152663230896,0.0069104232825338,0.1557720348238945
RAUDen,poisson_16_gauss_0.05,16.0,0.05,sticks_048.tif,34.182951187590284,0.919243615122148,0.9697036743164062,0.0069893137551844,0.1727672168985009
RAUDen,poisson_16_gauss_0.05,16.0,0.05,sticks_050.tif,36.1747034672775,0.9226766276960984,0.9715068340301514,0.0061009596101939,0.1704764805734157
RAUDen,poisson_16_gauss_0.05,16.0,0.05,sticks_051.tif,35.05185713352861,0.9135528156422028,0.95815247297287,0.0080597205087542,0.1676105112303048
RAUDen,poisson_16_gauss_0.05,16.0,0.05,sticks_053.tif,33.894542880849365,0.9301495948789829,0.9747552275657654,0.0072202356532216,0.1678348797373473
RAUDen,poisson_16_gauss_0.05,16.0,0.05,sticks_052.tif,37.99849120615206,0.9314890174667496,0.9734087586402892,0.0067448010668158,0.1484028504230082
RAUDen,poisson_16_gauss_0.05,16.0,0.05,sticks_054.tif,33.95839520219148,0.9225758307509826,0.9724189043045044,0.0062477686442434,0.1643550341948866
RAUDen,poisson_16_gauss_0.05,16.0,0.05,sticks_055.tif,37.03308778616123,0.921391260498977,0.963908076286316,0.0076291458681225,0.1657384503632784
RAUDen,poisson_16_gauss_0.05,16.0,0.05,sticks_056.tif,37.03713484088984,0.9278816592249446,0.9749552607536316,0.0067678019404411,0.1692745977081358
RAUDen,poisson_16_gauss_0.05,16.0,0.05,sticks_059.tif,38.73946498922066,0.9186696737876716,0.9672664999961852,0.0062569505535066,0.1688693922478705
RAUDen,poisson_16_gauss_0.05,16.0,0.05,sticks_058.tif,32.073165993748134,0.9200394404997928,0.966648280620575,0.0069245537742972,0.1672139993868768
RAUDen,poisson_16_gauss_0.05,16.0,0.05,sticks_057.tif,37.27921639724871,0.9271433346346102,0.9694404006004332,0.00710075115785,0.1642682045698165
RAUDen,poisson_16_gauss_0.05,16.0,0.05,sticks_060.tif,35.09258487160217,0.916554301421136,0.9694188833236694,0.0063195237889885,0.1733784299809485
RAUDen,poisson_16_gauss_0.05,16.0,0.05,sticks_063.tif,36.43654770113747,0.9171624476217212,0.9679075479507446,0.0073212659917771,0.1763827108312398
RAUDen,poisson_16_gauss_0.05,16.0,0.05,sticks_061.tif,36.250292820929836,0.9223896341202792,0.9670045971870422,0.0076427184976637,0.1563314927741885
RAUDen,poisson_16_gauss_0.05,16.0,0.05,sticks_062.tif,37.903661179492865,0.9267114707651856,0.970356285572052,0.0063105248846113,0.1542259305249899
RAUDen,poisson_16_gauss_0.05,16.0,0.05,sticks_067.tif,31.691657959529834,0.921350878083742,0.96961909532547,0.0073951631784439,0.1694877767935395
RAUDen,poisson_16_gauss_0.05,16.0,0.05,sticks_066.tif,36.38104710803778,0.9328179054269318,0.974550187587738,0.0066843689419329,0.1524753088131547
RAUDen,poisson_16_gauss_0.05,16.0,0.05,sticks_065.tif,32.48731948883797,0.921589930717529,0.9652064442634584,0.0069849016144871,0.1704274469986558
RAUDen,poisson_16_gauss_0.05,16.0,0.05,sticks_068.tif,35.39417248832271,0.9133458438555582,0.9677487015724182,0.0066130855120718,0.1787142783869058
RAUDen,poisson_16_gauss_0.05,16.0,0.05,sticks_069.tif,33.123208528330075,0.9143901501194628,0.960534691810608,0.0073733911849558,0.1754955713171511
RAUDen,poisson_16_gauss_0.05,16.0,0.05,sticks_064.tif,36.3661436948899,0.9133211239948986,0.9639807343482972,0.0070135928690433,0.168486222717911
RAUDen,poisson_16_gauss_0.05,16.0,0.05,sticks_070.tif,32.20287695704988,0.9184608285998088,0.968180775642395,0.0068930415436625,0.1698795453179627
RAUDen,poisson_16_gauss_0.05,16.0,0.05,sticks_071.tif,31.86315270639101,0.9195530305188984,0.9619470238685608,0.0073422878049314,0.1634145215153694
RAUDen,poisson_16_gauss_0.05,16.0,0.05,sticks_072.tif,36.81062088559342,0.9163585689368278,0.970334529876709,0.0063474825583398,0.1699810673482716
RAUDen,poisson_16_gauss_0.05,16.0,0.05,sticks_073.tif,35.13686016739396,0.906128071120062,0.9549018740653992,0.0070416405797004,0.1714572189375758
RAUDen,poisson_16_gauss_0.05,16.0,0.05,sticks_074.tif,33.88267328114433,0.9148073035528572,0.9621421098709106,0.0065908916294574,0.1481702418066561
RAUDen,poisson_16_gauss_0.05,16.0,0.05,sticks_075.tif,37.47266835837736,0.92960677419911,0.97017240524292,0.006909754127264,0.1474761985708028
RAUDen,poisson_16_gauss_0.05,16.0,0.05,sticks_076.tif,37.88521817401601,0.9105026816461134,0.9600879549980164,0.0074677146039903,0.1829001511912792
RAUDen,poisson_16_gauss_0.05,16.0,0.05,sticks_077.tif,31.304351182834253,0.9212918588206588,0.962935984134674,0.0075410977005958,0.1565368111245334
RAUDen,poisson_16_gauss_0.05,16.0,0.05,sticks_078.tif,35.68800812167824,0.9209111262326896,0.9627407789230348,0.0067228800617158,0.1505236593540758
RAUDen,poisson_16_gauss_0.05,16.0,0.05,sticks_079.tif,37.59833213772002,0.918954593700795,0.96943199634552,0.0072401640936732,0.1774186419323086
RAUDen,poisson_16_gauss_0.05,16.0,0.05,sticks_080.tif,37.69486292586493,0.9360713358270984,0.9760059118270874,0.0072754798457026,0.16457877648063
RAUDen,poisson_16_gauss_0.05,16.0,0.05,sticks_081.tif,34.576250558790285,0.9131911098067378,0.9581538438796996,0.0079976031556725,0.171459945384413
RAUDen,poisson_16_gauss_0.05,16.0,0.05,sticks_082.tif,32.847964986800186,0.9197802275128512,0.9640757441520692,0.0077294283546507,0.1785120050422847
RAUDen,poisson_16_gauss_0.05,16.0,0.05,sticks_084.tif,31.688819041758386,0.9165037371076736,0.9619265794754028,0.0074525424279272,0.1761633417103439
RAUDen,poisson_16_gauss_0.05,16.0,0.05,sticks_083.tif,38.49970476939747,0.9217545061879128,0.9705883264541626,0.0063985744491219,0.1631034639198333
RAUDen,poisson_16_gauss_0.05,16.0,0.05,sticks_085.tif,33.72498072670676,0.9303089275269808,0.970234215259552,0.0066113593056797,0.1478423849213868
RAUDen,poisson_16_gauss_0.05,16.0,0.05,sticks_086.tif,35.41940124403695,0.9306966527464616,0.9702308177947998,0.006792982108891,0.154376756818965
RAUDen,poisson_16_gauss_0.05,16.0,0.05,sticks_088.tif,37.356468307745914,0.924414832173836,0.9659829139709472,0.0064833322539925,0.1377380593679845
RAUDen,poisson_16_gauss_0.05,16.0,0.05,sticks_087.tif,36.56070601832046,0.924514569671339,0.968936562538147,0.0069702514447271,0.1725246767979115
RAUDen,poisson_16_gauss_0.05,16.0,0.05,sticks_089.tif,38.45993710257842,0.92007655424638,0.9703311920166016,0.0065535171888768,0.1646621894557029
RAUDen,poisson_16_gauss_0.05,16.0,0.05,sticks_090.tif,37.00520208436892,0.9218940478228116,0.9633933305740356,0.0074201710522174,0.1549023643136024
RAUDen,poisson_16_gauss_0.05,16.0,0.05,sticks_091.tif,37.157658492002035,0.9235106618988737,0.9655542969703674,0.0061587714590132,0.1406784811988473
RAUDen,poisson_16_gauss_0.05,16.0,0.05,sticks_092.tif,33.710801982717214,0.9129933860151072,0.9572585821151732,0.0074196709319949,0.1692821578122675
RAUDen,poisson_16_gauss_0.05,16.0,0.05,sticks_093.tif,36.04832166278909,0.911523628013547,0.9598697423934937,0.0080010062083601,0.1749015547800809
RAUDen,poisson_16_gauss_0.05,16.0,0.05,sticks_095.tif,34.214153784851945,0.9224622988414776,0.9633834362030028,0.0086409738287329,0.1679163964930921
RAUDen,poisson_16_gauss_0.05,16.0,0.05,sticks_096.tif,35.03960991488369,0.9265134843166304,0.971579134464264,0.0072597386315464,0.1644148366060108
RAUDen,poisson_16_gauss_0.05,16.0,0.05,sticks_097.tif,36.9668952333169,0.9148606936380532,0.9637255668640136,0.0072850054129958,0.1660374360159039
RAUDen,poisson_16_gauss_0.05,16.0,0.05,sticks_098.tif,33.278539616821675,0.9269573972275166,0.9717056155204772,0.0074487878009676,0.1614387066569179
RAUDen,poisson_16_gauss_0.05,16.0,0.05,sticks_099.tif,32.63849924830126,0.910598129900299,0.9571783542633056,0.0076556825079023,0.1709531790576875
RAUDen,poisson_16_gauss_0.05,16.0,0.05,sticks_094.tif,34.16359159562599,0.9206652435857944,0.9633517861366272,0.0067800432443618,0.1430986220482736
RAUDen,poisson_16_gauss_0.1,16.0,0.1,sticks_000.tif,31.249517045479806,0.743581133439369,0.9617919921875,0.011249030008912,0.363379393517971
RAUDen,poisson_16_gauss_0.1,16.0,0.1,sticks_001.tif,30.006417106721045,0.7817685436106364,0.955211877822876,0.0122311171144247,0.3354224570095539
RAUDen,poisson_16_gauss_0.1,16.0,0.1,sticks_002.tif,33.22687621381141,0.734037416527903,0.9603513479232788,0.0102749010547995,0.3615488439798355
RAUDen,poisson_16_gauss_0.1,16.0,0.1,sticks_003.tif,31.928715645859636,0.7549879298086805,0.962017059326172,0.0111061595380306,0.3496814645826817
RAUDen,poisson_16_gauss_0.1,16.0,0.1,sticks_004.tif,34.92583592038352,0.7551544305203267,0.9604410529136658,0.0115068443119525,0.3550477027893066
RAUDen,poisson_16_gauss_0.1,16.0,0.1,sticks_005.tif,34.43910816369054,0.7442088054114533,0.958325207233429,0.0105029139667749,0.3551123164594173
RAUDen,poisson_16_gauss_0.1,16.0,0.1,sticks_007.tif,33.84460166678628,0.7522345511974402,0.9620622396469116,0.011909264139831,0.3685209803283215
RAUDen,poisson_16_gauss_0.1,16.0,0.1,sticks_009.tif,36.418895836262365,0.7245012886904384,0.9623185992240906,0.0107234790921211,0.3633238032460212
RAUDen,poisson_16_gauss_0.1,16.0,0.1,sticks_008.tif,36.40596169680439,0.7547240381400493,0.9605684876441956,0.0117985280230641,0.3632097750902175
RAUDen,poisson_16_gauss_0.1,16.0,0.1,sticks_011.tif,31.11458214443607,0.7776478873098622,0.9562844634056092,0.0114508680999279,0.3347971141338348
RAUDen,poisson_16_gauss_0.1,16.0,0.1,sticks_006.tif,36.986875951887455,0.7329658200999188,0.9621232151985168,0.010548735037446,0.3693618424236774
RAUDen,poisson_16_gauss_0.1,16.0,0.1,sticks_010.tif,34.47128363657721,0.761259545832181,0.9540603160858154,0.0111101809889078,0.3496641874313354
RAUDen,poisson_16_gauss_0.1,16.0,0.1,sticks_012.tif,32.89500614603716,0.7620721469674124,0.9560204744338988,0.0114513207226991,0.3468880742788315
RAUDen,poisson_16_gauss_0.1,16.0,0.1,sticks_016.tif,36.67901712448975,0.7715182043571602,0.9565293192863464,0.0108806006610393,0.3277655817568302
RAUDen,poisson_16_gauss_0.1,16.0,0.1,sticks_013.tif,36.50353746151907,0.7636455980349677,0.9647881388664246,0.011238994076848,0.3295486785471439
RAUDen,poisson_16_gauss_0.1,16.0,0.1,sticks_014.tif,37.10510419496531,0.7289082568085958,0.9562785029411316,0.0110077569261193,0.3787547148764133
RAUDen,poisson_16_gauss_0.1,16.0,0.1,sticks_015.tif,36.74676697010249,0.7432809043854346,0.9630966186523438,0.01109254732728,0.3529184333980083
RAUDen,poisson_16_gauss_0.1,16.0,0.1,sticks_018.tif,32.56214760401917,0.7408733304117296,0.9653721451759338,0.0116154262796044,0.3606162719428539
RAUDen,poisson_16_gauss_0.1,16.0,0.1,sticks_020.tif,30.517019929108088,0.7688949812828556,0.9607645273208618,0.0111671639606356,0.3332733884453773
RAUDen,poisson_16_gauss_0.1,16.0,0.1,sticks_017.tif,36.75167712782769,0.7443320126318779,0.9614939093589784,0.0112383617088198,0.3623250417411327
RAUDen,poisson_16_gauss_0.1,16.0,0.1,sticks_019.tif,31.834722504874076,0.7619233265988704,0.9618029594421388,0.011300815269351,0.3403335452079773
RAUDen,poisson_16_gauss_0.1,16.0,0.1,sticks_021.tif,35.17252940915193,0.755580708787111,0.9620270133018494,0.0110748326405882,0.3472033821046352
RAUDen,poisson_16_gauss_0.1,16.0,0.1,sticks_022.tif,31.936160432786302,0.7340232161816614,0.9624907970428468,0.0112170241773128,0.3663475878536701
RAUDen,poisson_16_gauss_0.1,16.0,0.1,sticks_023.tif,33.500529338712575,0.7642141789645633,0.963249683380127,0.0119722876697778,0.3480186693370342
RAUDen,poisson_16_gauss_0.1,16.0,0.1,sticks_024.tif,32.67419310624892,0.7455187548363699,0.9613951444625854,0.0109651628881692,0.3641976080834865
RAUDen,poisson_16_gauss_0.1,16.0,0.1,sticks_025.tif,33.21991206298336,0.7612962704332129,0.9633431434631348,0.0114835780113935,0.345175289362669
RAUDen,poisson_16_gauss_0.1,16.0,0.1,sticks_026.tif,32.507259212506,0.736378175904908,0.9609624743461608,0.0114388680085539,0.3708288848400116
RAUDen,poisson_16_gauss_0.1,16.0,0.1,sticks_027.tif,29.82316677363613,0.7587895564301422,0.9606236219406128,0.0129651185125112,0.3666387639939785
RAUDen,poisson_16_gauss_0.1,16.0,0.1,sticks_028.tif,36.115751829769884,0.7394713138349858,0.9600427746772766,0.0111412201076745,0.3703718930482864
RAUDen,poisson_16_gauss_0.1,16.0,0.1,sticks_029.tif,31.255744244044912,0.7727818010342737,0.953433871269226,0.0118668051436543,0.342375622689724
RAUDen,poisson_16_gauss_0.1,16.0,0.1,sticks_030.tif,36.39983281686034,0.7588337095068849,0.9595504999160768,0.0115244016051292,0.345355411618948
RAUDen,poisson_16_gauss_0.1,16.0,0.1,sticks_032.tif,34.76959556187472,0.7752387937671834,0.9550767540931702,0.0112460041418671,0.3290213689208031
RAUDen,poisson_16_gauss_0.1,16.0,0.1,sticks_031.tif,34.719813741053585,0.7338094453389219,0.9594930410385132,0.0114191453903913,0.3719267271459102
RAUDen,poisson_16_gauss_0.1,16.0,0.1,sticks_033.tif,34.20604555337226,0.774751601700718,0.9544068574905396,0.0115701230242848,0.3382321529090404
RAUDen,poisson_16_gauss_0.1,16.0,0.1,sticks_034.tif,33.8094363282609,0.7454680043362255,0.9628716707229614,0.0112577099353075,0.3557691968977451
RAUDen,poisson_16_gauss_0.1,16.0,0.1,sticks_035.tif,36.28277427085216,0.7722989227773788,0.9593769907951356,0.0112048359587788,0.3284828126430511
RAUDen,poisson_16_gauss_0.1,16.0,0.1,sticks_036.tif,37.17988095668082,0.7350323541513896,0.9639838933944702,0.010431190021336,0.3556143745779991
RAUDen,poisson_16_gauss_0.1,16.0,0.1,sticks_037.tif,35.74539102032952,0.7421119610550562,0.961520254611969,0.0113383354619145,0.3653350375592709
RAUDen,poisson_16_gauss_0.1,16.0,0.1,sticks_038.tif,36.065161444508654,0.7405636179778158,0.9554839134216307,0.0104796420782804,0.3600516207516193
RAUDen,poisson_16_gauss_0.1,16.0,0.1,sticks_040.tif,36.2934161552261,0.7765974988913256,0.9549437165260316,0.0115364994853734,0.3333968974649906
RAUDen,poisson_16_gauss_0.1,16.0,0.1,sticks_039.tif,32.429081457919125,0.7493941217260756,0.963007390499115,0.0112614715471863,0.3577305488288402
RAUDen,poisson_16_gauss_0.1,16.0,0.1,sticks_041.tif,35.50601334970604,0.7353986256791649,0.9620677828788756,0.0107882944867014,0.3612817950546741
RAUDen,poisson_16_gauss_0.1,16.0,0.1,sticks_042.tif,36.14919859396856,0.7246105293226733,0.9602819681167604,0.0107926679775118,0.3680007837712765
RAUDen,poisson_16_gauss_0.1,16.0,0.1,sticks_043.tif,33.602738909191245,0.7705533153813382,0.960527002811432,0.0117283593863248,0.3407640352845192
RAUDen,poisson_16_gauss_0.1,16.0,0.1,sticks_044.tif,36.31720823938684,0.764654450300333,0.9623673558235168,0.0115646235644817,0.344277187436819
RAUDen,poisson_16_gauss_0.1,16.0,0.1,sticks_045.tif,37.073871078672376,0.748521440071365,0.9577545523643494,0.0105787329375743,0.3505874678492546
RAUDen,poisson_16_gauss_0.1,16.0,0.1,sticks_046.tif,32.03171658019926,0.750130155158822,0.9515087008476256,0.0104722324758768,0.3482540592551231
RAUDen,poisson_16_gauss_0.1,16.0,0.1,sticks_047.tif,36.170229768583475,0.7167071701975147,0.9609717130661012,0.0109417773783206,0.3812366396188736
RAUDen,poisson_16_gauss_0.1,16.0,0.1,sticks_049.tif,30.728078368297677,0.7662634334665599,0.956283450126648,0.0108334776014089,0.3358728669583797
RAUDen,poisson_16_gauss_0.1,16.0,0.1,sticks_048.tif,34.07104033256839,0.7452236886989603,0.9614307284355164,0.0114614535123109,0.3627881981432438
RAUDen,poisson_16_gauss_0.1,16.0,0.1,sticks_050.tif,31.209024948650452,0.7299338159474197,0.9594458341598512,0.0106430146843194,0.3777998499572277
RAUDen,poisson_16_gauss_0.1,16.0,0.1,sticks_051.tif,35.362360381665134,0.7775220076060869,0.9539299607276917,0.0118899466469883,0.3249516621232032
RAUDen,poisson_16_gauss_0.1,16.0,0.1,sticks_053.tif,36.37834299088198,0.7646678013476177,0.96316260099411,0.0115774516016244,0.3434897258877754
RAUDen,poisson_16_gauss_0.1,16.0,0.1,sticks_052.tif,33.22190909878644,0.7765378045561092,0.9587199091911316,0.010977734811604,0.3217000477015972
RAUDen,poisson_16_gauss_0.1,16.0,0.1,sticks_054.tif,31.166657578774355,0.731838890307038,0.9579145312309264,0.0108261723071336,0.367455406486988
RAUDen,poisson_16_gauss_0.1,16.0,0.1,sticks_055.tif,36.24739675605693,0.775649625157244,0.9554566740989684,0.0116353882476687,0.3282784678041935
RAUDen,poisson_16_gauss_0.1,16.0,0.1,sticks_056.tif,30.66300516234663,0.7477534696053552,0.9620000720024108,0.0112758530303835,0.3608179911971092
RAUDen,poisson_16_gauss_0.1,16.0,0.1,sticks_059.tif,37.19947011078824,0.7458798797191001,0.9556825160980223,0.0105596436187624,0.3586939744651317
RAUDen,poisson_16_gauss_0.1,16.0,0.1,sticks_058.tif,32.84339965117581,0.754022959539055,0.9616281986236572,0.0111925844103097,0.3461394473910332
RAUDen,poisson_16_gauss_0.1,16.0,0.1,sticks_057.tif,33.164177380656284,0.7620781930342636,0.9628942608833312,0.0114367194473743,0.3479442752897739
RAUDen,poisson_16_gauss_0.1,16.0,0.1,sticks_060.tif,31.407828229336364,0.720493325716233,0.960893452167511,0.0110339354723691,0.3773447960615158
RAUDen,poisson_16_gauss_0.1,16.0,0.1,sticks_063.tif,36.529813815309154,0.758111126200847,0.9549327492713928,0.0115755936130881,0.3521996207535267
RAUDen,poisson_16_gauss_0.1,16.0,0.1,sticks_061.tif,31.959668677766544,0.7758719217505553,0.9603344798088074,0.0117155918851494,0.3346596673130989
RAUDen,poisson_16_gauss_0.1,16.0,0.1,sticks_062.tif,32.93393822999339,0.750730366958603,0.959652066230774,0.0106127839535474,0.3456290520727634
RAUDen,poisson_16_gauss_0.1,16.0,0.1,sticks_067.tif,35.09840473521508,0.7705220440952205,0.9529390335083008,0.0116902040317654,0.3392104871571064
RAUDen,poisson_16_gauss_0.1,16.0,0.1,sticks_066.tif,35.140958511965906,0.7581348544853544,0.9638067483901978,0.0111154727637767,0.342512859404087
RAUDen,poisson_16_gauss_0.1,16.0,0.1,sticks_065.tif,35.71737426653634,0.7502312030443357,0.9623469710350036,0.011271646246314,0.3520955301821232
RAUDen,poisson_16_gauss_0.1,16.0,0.1,sticks_068.tif,32.760091494892,0.7434946443626148,0.9564570784568788,0.0109670674428343,0.3656742841005325
RAUDen,poisson_16_gauss_0.1,16.0,0.1,sticks_069.tif,30.52733453835406,0.7589546728209599,0.9591677188873292,0.0114258248358964,0.3537665545940399
RAUDen,poisson_16_gauss_0.1,16.0,0.1,sticks_064.tif,33.18806902368156,0.7465713818452506,0.95817893743515,0.0112685021013021,0.3604063771665096
RAUDen,poisson_16_gauss_0.1,16.0,0.1,sticks_070.tif,31.979927573891484,0.7522481384805733,0.9601241946220398,0.0112254945561289,0.3596113473176956
RAUDen,poisson_16_gauss_0.1,16.0,0.1,sticks_071.tif,34.15575992523109,0.7736768478473038,0.9564046263694764,0.0112479785457253,0.334406641125679
RAUDen,poisson_16_gauss_0.1,16.0,0.1,sticks_072.tif,30.936507187195623,0.7237205672702157,0.9604416489601136,0.0110248401761055,0.3778741523623466
RAUDen,poisson_16_gauss_0.1,16.0,0.1,sticks_073.tif,30.878795677611556,0.7605150963219662,0.949803352355957,0.0109131336212158,0.3431463800370693
RAUDen,poisson_16_gauss_0.1,16.0,0.1,sticks_074.tif,36.546889928013194,0.7565984104647945,0.9593035578727722,0.0105858538299798,0.3471185334026813
RAUDen,poisson_16_gauss_0.1,16.0,0.1,sticks_075.tif,35.17531445827095,0.7784751079831539,0.9590582847595216,0.0110417259857058,0.3180671833455563
RAUDen,poisson_16_gauss_0.1,16.0,0.1,sticks_076.tif,32.07904677943793,0.7482290536940426,0.960913896560669,0.0116885490715503,0.36858526840806
RAUDen,poisson_16_gauss_0.1,16.0,0.1,sticks_077.tif,31.885786330009687,0.7751773261247522,0.9615045785903932,0.011381646618247,0.3317279316484928
RAUDen,poisson_16_gauss_0.1,16.0,0.1,sticks_078.tif,33.89327013030794,0.7690206951007169,0.9583733081817628,0.0106520960107445,0.3274801097810268
RAUDen,poisson_16_gauss_0.1,16.0,0.1,sticks_079.tif,33.843108273356265,0.7564004460463722,0.9581531882286072,0.0115959662944078,0.352225212007761
RAUDen,poisson_16_gauss_0.1,16.0,0.1,sticks_080.tif,30.52216552370225,0.7743925569124614,0.9634507894515992,0.0116523159667849,0.3359390273690223
RAUDen,poisson_16_gauss_0.1,16.0,0.1,sticks_081.tif,33.94137628853775,0.7761238559160407,0.9542216062545776,0.0118183530867099,0.3383643813431263
RAUDen,poisson_16_gauss_0.1,16.0,0.1,sticks_082.tif,33.134867818298424,0.77054995148253,0.9578902125358582,0.0117594506591558,0.3449884995818138
RAUDen,poisson_16_gauss_0.1,16.0,0.1,sticks_084.tif,30.46161639004447,0.7539709737931732,0.9612508416175842,0.0115781929343938,0.3587141774594783
RAUDen,poisson_16_gauss_0.1,16.0,0.1,sticks_083.tif,32.993973338058844,0.7312957544398988,0.9628098011016846,0.0110965380445122,0.3676336720585823
RAUDen,poisson_16_gauss_0.1,16.0,0.1,sticks_085.tif,36.6676753877461,0.7752690828282868,0.9607881307601928,0.0106702763587236,0.3199368722736835
RAUDen,poisson_16_gauss_0.1,16.0,0.1,sticks_086.tif,33.81651809647384,0.7775529546851361,0.9609276056289672,0.0109048811718821,0.3223993174731731
RAUDen,poisson_16_gauss_0.1,16.0,0.1,sticks_088.tif,35.635188254872546,0.7751977438104753,0.960395574569702,0.010423969477415,0.3206648021936417
RAUDen,poisson_16_gauss_0.1,16.0,0.1,sticks_087.tif,33.68633998061132,0.7596878318141316,0.9612518548965454,0.0112239150330424,0.3446721486747265
RAUDen,poisson_16_gauss_0.1,16.0,0.1,sticks_089.tif,36.253320514225706,0.7484752405083812,0.961126446723938,0.0109183508902788,0.3583848968148231
RAUDen,poisson_16_gauss_0.1,16.0,0.1,sticks_090.tif,36.41273722164255,0.7676960924649447,0.96342134475708,0.0112918075174093,0.3401111222803593
RAUDen,poisson_16_gauss_0.1,16.0,0.1,sticks_091.tif,36.22270817174221,0.7611964414663644,0.959220051765442,0.0102629782631993,0.3329403646290302
RAUDen,poisson_16_gauss_0.1,16.0,0.1,sticks_092.tif,34.50242798527915,0.7690313691898555,0.9541199803352356,0.0112230833619833,0.336418954282999
RAUDen,poisson_16_gauss_0.1,16.0,0.1,sticks_093.tif,36.22097803872916,0.7671354530925768,0.957094430923462,0.0119363870471715,0.3495664522051811
RAUDen,poisson_16_gauss_0.1,16.0,0.1,sticks_095.tif,31.928244215574175,0.7837404955995775,0.9585728645324708,0.0124749187380075,0.3218514442443848
RAUDen,poisson_16_gauss_0.1,16.0,0.1,sticks_096.tif,36.39132952306489,0.7634616935372632,0.9604688286781312,0.0115908719599246,0.3396227069199085
RAUDen,poisson_16_gauss_0.1,16.0,0.1,sticks_097.tif,30.610941889895944,0.7583036071974402,0.958073914051056,0.011404812335968,0.3500196374952793
RAUDen,poisson_16_gauss_0.1,16.0,0.1,sticks_098.tif,30.22659650864318,0.7724613731230001,0.9617336988449096,0.0116883991286158,0.3346331641077995
RAUDen,poisson_16_gauss_0.1,16.0,0.1,sticks_099.tif,34.08455773044456,0.7693470439604259,0.9533314108848572,0.0114800836890935,0.337692678719759
RAUDen,poisson_16_gauss_0.1,16.0,0.1,sticks_094.tif,34.85345077318336,0.7745576121260205,0.9575945734977722,0.0107195097953081,0.3184367872774601
RAUDen,poisson_16_gauss_0.2,16.0,0.2,sticks_000.tif,31.034571162548307,0.1969168521307385,0.8124201893806458,0.0348302945494651,0.5949906021356582
RAUDen,poisson_16_gauss_0.2,16.0,0.2,sticks_001.tif,25.142842508458457,0.227093583512565,0.8335398435592651,0.0358476750552654,0.5855091854929924
RAUDen,poisson_16_gauss_0.2,16.0,0.2,sticks_002.tif,25.186895563127155,0.1627391902020082,0.795515239238739,0.0355972163379192,0.6113381281495094
RAUDen,poisson_16_gauss_0.2,16.0,0.2,sticks_003.tif,26.494926658025708,0.2039139396756019,0.8146392107009888,0.0348791107535362,0.5892999485135079
RAUDen,poisson_16_gauss_0.2,16.0,0.2,sticks_004.tif,30.810184038697656,0.2065774386435992,0.8171402215957642,0.0373248271644115,0.6030227228999138
RAUDen,poisson_16_gauss_0.2,16.0,0.2,sticks_005.tif,30.687989816534596,0.1762499131862924,0.7930304408073425,0.0361525937914848,0.6063137784600258
RAUDen,poisson_16_gauss_0.2,16.0,0.2,sticks_007.tif,29.772811833405214,0.2055702832117155,0.8220255374908447,0.0370754562318325,0.6060856074094773
RAUDen,poisson_16_gauss_0.2,16.0,0.2,sticks_009.tif,30.546373668329053,0.1697067686778419,0.794100821018219,0.0363746583461761,0.60261799544096
RAUDen,poisson_16_gauss_0.2,16.0,0.2,sticks_008.tif,30.136973449752887,0.2076327871305512,0.8154455423355103,0.037227313965559,0.6065376862883568
RAUDen,poisson_16_gauss_0.2,16.0,0.2,sticks_011.tif,25.56468595047857,0.2137910198216608,0.8297722339630127,0.0352382697165012,0.5927158430218696
RAUDen,poisson_16_gauss_0.2,16.0,0.2,sticks_006.tif,28.52460185819192,0.1713236669067957,0.7907604575157166,0.036528967320919,0.613669428229332
RAUDen,poisson_16_gauss_0.2,16.0,0.2,sticks_010.tif,30.608881459355658,0.1951679412690813,0.8086191415786743,0.0360400639474391,0.6053008526563645
RAUDen,poisson_16_gauss_0.2,16.0,0.2,sticks_012.tif,31.303462553571837,0.2031588492540935,0.8191555142402649,0.0351838879287242,0.5973380312323571
RAUDen,poisson_16_gauss_0.2,16.0,0.2,sticks_016.tif,28.702971255372606,0.201162975461906,0.8161548376083374,0.034878347069025,0.5895413503050804
RAUDen,poisson_16_gauss_0.2,16.0,0.2,sticks_013.tif,30.238026162404683,0.2105288133137665,0.8254434466362,0.0351542010903358,0.5767727956175804
RAUDen,poisson_16_gauss_0.2,16.0,0.2,sticks_014.tif,27.021234678192812,0.1661488068936016,0.7901096343994141,0.0373077504336833,0.6210891127586364
RAUDen,poisson_16_gauss_0.2,16.0,0.2,sticks_015.tif,28.023439658524307,0.1889336459841626,0.8090327978134155,0.0379448980093002,0.6031310737133027
RAUDen,poisson_16_gauss_0.2,16.0,0.2,sticks_018.tif,27.953829575739647,0.2043100779228928,0.8224980235099792,0.0354162491858005,0.5893152266740799
RAUDen,poisson_16_gauss_0.2,16.0,0.2,sticks_020.tif,30.486134312023434,0.2025939480625763,0.8173163533210754,0.0350491069257259,0.5911638796329498
RAUDen,poisson_16_gauss_0.2,16.0,0.2,sticks_017.tif,25.590232699062465,0.1914779920879792,0.8094577789306641,0.0359329469501972,0.6010640397667885
RAUDen,poisson_16_gauss_0.2,16.0,0.2,sticks_019.tif,31.24954514328967,0.2096393432909232,0.827677309513092,0.0351059064269065,0.5867028728127479
RAUDen,poisson_16_gauss_0.2,16.0,0.2,sticks_021.tif,31.32450112329032,0.2026584816805862,0.8189271092414856,0.0348797552287578,0.5926513954997062
RAUDen,poisson_16_gauss_0.2,16.0,0.2,sticks_022.tif,27.973459133746317,0.188084065368989,0.8075347542762756,0.0355839431285858,0.6018325194716454
RAUDen,poisson_16_gauss_0.2,16.0,0.2,sticks_023.tif,27.302525212793313,0.2223810627142957,0.8318265676498413,0.0358037427067756,0.5904370918869972
RAUDen,poisson_16_gauss_0.2,16.0,0.2,sticks_024.tif,31.42050558248934,0.1915852158139729,0.8086002469062805,0.034681174904108,0.6006712198257447
RAUDen,poisson_16_gauss_0.2,16.0,0.2,sticks_025.tif,30.80908470083147,0.2159795662363047,0.8297303915023804,0.0352338328957557,0.5869867622852325
RAUDen,poisson_16_gauss_0.2,16.0,0.2,sticks_026.tif,24.73143187188177,0.1801774282897594,0.7943914532661438,0.0377613790333271,0.6152703881263732
RAUDen,poisson_16_gauss_0.2,16.0,0.2,sticks_027.tif,27.64189649155174,0.2271212642695678,0.8317161798477173,0.0387315675616264,0.604082678258419
RAUDen,poisson_16_gauss_0.2,16.0,0.2,sticks_028.tif,25.070193674791103,0.1870393600350773,0.8020976185798645,0.0362859480082988,0.6112430810928344
RAUDen,poisson_16_gauss_0.2,16.0,0.2,sticks_029.tif,30.099683215697933,0.2139379309695538,0.8203436732292175,0.0354802571237087,0.5980480492115021
RAUDen,poisson_16_gauss_0.2,16.0,0.2,sticks_030.tif,28.26498083946169,0.2092011238304176,0.822488009929657,0.0352653339505195,0.5903855875134468
RAUDen,poisson_16_gauss_0.2,16.0,0.2,sticks_032.tif,31.24235119360241,0.2144759531852093,0.8239821195602417,0.0351699069142341,0.5868450254201889
RAUDen,poisson_16_gauss_0.2,16.0,0.2,sticks_031.tif,28.67902857129532,0.1839537442987217,0.7989911437034607,0.037108339369297,0.6107383474707604
RAUDen,poisson_16_gauss_0.2,16.0,0.2,sticks_033.tif,31.20562879214337,0.2136017239506031,0.8138355016708374,0.0353791341185569,0.5972460404038429
RAUDen,poisson_16_gauss_0.2,16.0,0.2,sticks_034.tif,28.645930318364428,0.1888334562241872,0.8080732822418213,0.035850454121828,0.5967173859477043
RAUDen,poisson_16_gauss_0.2,16.0,0.2,sticks_035.tif,28.923805628705345,0.2090737316060656,0.8285490274429321,0.0351177044212818,0.5843360096216201
RAUDen,poisson_16_gauss_0.2,16.0,0.2,sticks_036.tif,25.489389470483747,0.1717922444662349,0.7912876605987549,0.0357282012701034,0.6025121375918389
RAUDen,poisson_16_gauss_0.2,16.0,0.2,sticks_037.tif,27.148741621075715,0.1945526735179027,0.8039196729660034,0.0355280116200447,0.6004678651690483
RAUDen,poisson_16_gauss_0.2,16.0,0.2,sticks_038.tif,28.91846755381589,0.160823025431235,0.7858094573020935,0.0372125804424285,0.6162741988897323
RAUDen,poisson_16_gauss_0.2,16.0,0.2,sticks_040.tif,25.20912829044368,0.2135770788010774,0.8254103064537048,0.0353479795157909,0.5925831735134125
RAUDen,poisson_16_gauss_0.2,16.0,0.2,sticks_039.tif,28.29543598937626,0.1972245364238332,0.8210664987564087,0.035865418612957,0.6004495248198509
RAUDen,poisson_16_gauss_0.2,16.0,0.2,sticks_041.tif,25.49919757021629,0.1847938628817622,0.8103978037834167,0.0343623720109462,0.5950014278292656
RAUDen,poisson_16_gauss_0.2,16.0,0.2,sticks_042.tif,30.554238650595178,0.1673317329937897,0.7882819175720215,0.0367326661944389,0.6089148923754693
RAUDen,poisson_16_gauss_0.2,16.0,0.2,sticks_043.tif,26.806007015137506,0.2109583964351053,0.8280816674232483,0.0372342430055141,0.5962779983878136
RAUDen,poisson_16_gauss_0.2,16.0,0.2,sticks_044.tif,27.818726744948044,0.2182869674762243,0.8222014904022217,0.0354065783321857,0.5864964082837105
RAUDen,poisson_16_gauss_0.2,16.0,0.2,sticks_045.tif,25.469023072869167,0.1676556610129978,0.7987934947013855,0.0377279743552207,0.6131006687879562
RAUDen,poisson_16_gauss_0.2,16.0,0.2,sticks_046.tif,24.72079988955754,0.1620778553746541,0.7804611325263977,0.0379210971295833,0.618493577837944
RAUDen,poisson_16_gauss_0.2,16.0,0.2,sticks_047.tif,25.910029857775342,0.1651016001244935,0.7858285307884216,0.0363808497786521,0.6142125621438026
RAUDen,poisson_16_gauss_0.2,16.0,0.2,sticks_049.tif,28.285163485650184,0.1921641365105911,0.8149883151054382,0.0347397252917289,0.5983103141188622
RAUDen,poisson_16_gauss_0.2,16.0,0.2,sticks_048.tif,29.211434948576663,0.1979667751695942,0.8113546967506409,0.0363529361784458,0.6025726094841957
RAUDen,poisson_16_gauss_0.2,16.0,0.2,sticks_050.tif,27.21625256706171,0.1631965121915145,0.78583163022995,0.0363303832709789,0.6203808769583702
RAUDen,poisson_16_gauss_0.2,16.0,0.2,sticks_051.tif,25.1678417505179,0.2222882419310645,0.8281817436218262,0.0356268025934696,0.5797070890665055
RAUDen,poisson_16_gauss_0.2,16.0,0.2,sticks_053.tif,25.093145610529977,0.2119402236386563,0.823069155216217,0.0358973853290081,0.5917311459779739
RAUDen,poisson_16_gauss_0.2,16.0,0.2,sticks_052.tif,25.129453306974348,0.2011422948955644,0.8198486566543579,0.0356204956769943,0.588693055510521
RAUDen,poisson_16_gauss_0.2,16.0,0.2,sticks_054.tif,25.757530863013383,0.1648984526233596,0.7816126346588135,0.0387970432639122,0.6196758314967156
RAUDen,poisson_16_gauss_0.2,16.0,0.2,sticks_055.tif,30.736907965402132,0.2098577798113544,0.8297569155693054,0.0354265011847019,0.5885225042700768
RAUDen,poisson_16_gauss_0.2,16.0,0.2,sticks_056.tif,27.681612011555007,0.1866947274588971,0.8075031638145447,0.0367919765412807,0.6096788510680199
RAUDen,poisson_16_gauss_0.2,16.0,0.2,sticks_059.tif,26.54770337628653,0.178291861286991,0.7985286116600037,0.0351391471922397,0.6092923298478127
RAUDen,poisson_16_gauss_0.2,16.0,0.2,sticks_058.tif,27.01707586414573,0.1993394826832754,0.8145623803138733,0.0360783189535141,0.5936934798955917
RAUDen,poisson_16_gauss_0.2,16.0,0.2,sticks_057.tif,30.929271286690824,0.2115400379483341,0.8256109356880188,0.0366587899625301,0.5941821470856666
RAUDen,poisson_16_gauss_0.2,16.0,0.2,sticks_060.tif,28.883177098892773,0.167447331448109,0.7898387908935547,0.0371626839041709,0.6130774110555649
RAUDen,poisson_16_gauss_0.2,16.0,0.2,sticks_063.tif,25.063064073697767,0.1990781410184692,0.8147993087768555,0.0362790748476982,0.6031457304954528
RAUDen,poisson_16_gauss_0.2,16.0,0.2,sticks_061.tif,28.874239558874017,0.2224497836992174,0.834547758102417,0.0356270410120487,0.583068023622036
RAUDen,poisson_16_gauss_0.2,16.0,0.2,sticks_062.tif,25.02100363580523,0.1680745357867062,0.7958433628082275,0.0362571887671947,0.6070056259632111
RAUDen,poisson_16_gauss_0.2,16.0,0.2,sticks_067.tif,25.22186055894992,0.2139936229185112,0.8244751691818237,0.0353780053555965,0.5950204223394394
RAUDen,poisson_16_gauss_0.2,16.0,0.2,sticks_066.tif,28.57265108510189,0.2020040576613418,0.8158254623413086,0.0357841737568378,0.5939625963568688
RAUDen,poisson_16_gauss_0.2,16.0,0.2,sticks_065.tif,30.997998451418106,0.1933151354151988,0.8180431127548218,0.0363698787987232,0.5976198628544808
RAUDen,poisson_16_gauss_0.2,16.0,0.2,sticks_068.tif,31.010358153619045,0.1788016802526005,0.794387936592102,0.0365679934620857,0.6163970366120338
RAUDen,poisson_16_gauss_0.2,16.0,0.2,sticks_069.tif,28.543876034131955,0.2083737400625349,0.8232892155647278,0.0351536907255649,0.596433573961258
RAUDen,poisson_16_gauss_0.2,16.0,0.2,sticks_064.tif,25.155329527504424,0.1880376916896685,0.8107678294181824,0.0358722805976867,0.6027210205793381
RAUDen,poisson_16_gauss_0.2,16.0,0.2,sticks_070.tif,28.670376400661247,0.1920837038013563,0.8054520487785339,0.0379205495119094,0.6136897966265679
RAUDen,poisson_16_gauss_0.2,16.0,0.2,sticks_071.tif,27.60085220423618,0.2035297347471144,0.8190315365791321,0.0357660911977291,0.5963986098766327
RAUDen,poisson_16_gauss_0.2,16.0,0.2,sticks_072.tif,27.165653619056656,0.166207093975166,0.7894437909126282,0.0375506393611431,0.6208461105823517
RAUDen,poisson_16_gauss_0.2,16.0,0.2,sticks_073.tif,31.429809764271475,0.187049597666592,0.8090726733207703,0.0346757136285305,0.599457836151123
RAUDen,poisson_16_gauss_0.2,16.0,0.2,sticks_074.tif,25.430354949348786,0.1911018268864505,0.8057920932769775,0.0344976335763931,0.5974011033773422
RAUDen,poisson_16_gauss_0.2,16.0,0.2,sticks_075.tif,25.240471836930134,0.2137503569618389,0.8259051442146301,0.0350947827100753,0.582814522087574
RAUDen,poisson_16_gauss_0.2,16.0,0.2,sticks_076.tif,30.716753478835656,0.2080000874631707,0.8215835690498352,0.0362474583089351,0.6038140580058098
RAUDen,poisson_16_gauss_0.2,16.0,0.2,sticks_077.tif,29.346581790269695,0.2138896340774758,0.8317369222640991,0.0353215560317039,0.5830890119075776
RAUDen,poisson_16_gauss_0.2,16.0,0.2,sticks_078.tif,29.445495147520937,0.1934233482686675,0.8179823756217957,0.0346873067319393,0.5908964619040489
RAUDen,poisson_16_gauss_0.2,16.0,0.2,sticks_079.tif,25.692410626434484,0.2029685341887275,0.8166396021842957,0.0368649736046791,0.6013362914323807
RAUDen,poisson_16_gauss_0.2,16.0,0.2,sticks_080.tif,28.202050194824295,0.2199687887491705,0.8261811137199402,0.0369903109967708,0.5905081689357757
RAUDen,poisson_16_gauss_0.2,16.0,0.2,sticks_081.tif,27.12479210314929,0.2211244505361146,0.8270284533500671,0.0355551205575466,0.5971470847725868
RAUDen,poisson_16_gauss_0.2,16.0,0.2,sticks_082.tif,27.123764273616114,0.2110201483351898,0.8259587287902832,0.0364667624235153,0.6001069575548172
RAUDen,poisson_16_gauss_0.2,16.0,0.2,sticks_084.tif,30.746303155609624,0.2069132592023475,0.8252434134483337,0.0352271869778633,0.5937913194298744
RAUDen,poisson_16_gauss_0.2,16.0,0.2,sticks_083.tif,27.01312334764277,0.1883955580340926,0.8067242503166199,0.0358340665698051,0.6038088142871857
RAUDen,poisson_16_gauss_0.2,16.0,0.2,sticks_085.tif,27.358749639637445,0.1856668786493691,0.8177103996276855,0.0347220264375209,0.5865595445036889
RAUDen,poisson_16_gauss_0.2,16.0,0.2,sticks_086.tif,25.240003981403827,0.1965345187106444,0.8247969150543213,0.0349528007209301,0.5872319579124451
RAUDen,poisson_16_gauss_0.2,16.0,0.2,sticks_088.tif,31.371375796096345,0.1967719935125688,0.8181424736976624,0.0345360711216926,0.5891475677490234
RAUDen,poisson_16_gauss_0.2,16.0,0.2,sticks_087.tif,27.93177359358108,0.1923117807901154,0.8152003884315491,0.0369066260755062,0.5966719776391983
RAUDen,poisson_16_gauss_0.2,16.0,0.2,sticks_089.tif,29.53931596570081,0.1817435513341066,0.8013719320297241,0.0372902899980545,0.6134190395474434
RAUDen,poisson_16_gauss_0.2,16.0,0.2,sticks_090.tif,28.1581833602686,0.2080732924123381,0.8287162184715271,0.0352023430168628,0.5858979389071465
RAUDen,poisson_16_gauss_0.2,16.0,0.2,sticks_091.tif,25.45590442164076,0.1879076941513176,0.8112323880195618,0.0343478992581367,0.592876248061657
RAUDen,poisson_16_gauss_0.2,16.0,0.2,sticks_092.tif,31.331196160989023,0.1955860223969322,0.8164467215538025,0.0350296720862388,0.5937203675508499
RAUDen,poisson_16_gauss_0.2,16.0,0.2,sticks_093.tif,30.765170301379882,0.2169373961398959,0.8210282921791077,0.0368019267916679,0.5984871953725814
RAUDen,poisson_16_gauss_0.2,16.0,0.2,sticks_095.tif,30.96786893146717,0.2294268886586142,0.8340997695922852,0.0362450145184993,0.575991977751255
RAUDen,poisson_16_gauss_0.2,16.0,0.2,sticks_096.tif,27.41292524893881,0.2090675265123941,0.8154000043869019,0.0366530492901802,0.5934679567813873
RAUDen,poisson_16_gauss_0.2,16.0,0.2,sticks_097.tif,27.70440574326839,0.1999207406752951,0.8204715251922607,0.0363385751843452,0.6036330610513687
RAUDen,poisson_16_gauss_0.2,16.0,0.2,sticks_098.tif,25.147741428914024,0.2165257021155367,0.8290970921516418,0.0354918725788593,0.5851241186261177
RAUDen,poisson_16_gauss_0.2,16.0,0.2,sticks_099.tif,25.27748545692705,0.2043230256485235,0.8214688897132874,0.0352359004318714,0.5952430874109268
RAUDen,poisson_16_gauss_0.2,16.0,0.2,sticks_094.tif,25.26979212625398,0.2017369323590853,0.8169825077056885,0.0348101258277893,0.5852698966860771
RAUDen,poisson_1_gauss_0.05,1.0,0.05,sticks_000.tif,30.2365053364139,0.8587351080078806,0.9614784121513368,0.0117605337873101,0.2535325057804584
RAUDen,poisson_1_gauss_0.05,1.0,0.05,sticks_001.tif,26.429278362447974,0.8574487401784404,0.958872377872467,0.0144066829234361,0.288166202744469
RAUDen,poisson_1_gauss_0.05,1.0,0.05,sticks_002.tif,30.387778038758455,0.8732956392358344,0.9638491272926332,0.0098030865192413,0.2286129725631326
RAUDen,poisson_1_gauss_0.05,1.0,0.05,sticks_003.tif,30.69657975496502,0.8656965014839394,0.9612939953804016,0.0117465863004326,0.2515971742104739
RAUDen,poisson_1_gauss_0.05,1.0,0.05,sticks_004.tif,27.093591127552493,0.8559029802454383,0.956748902797699,0.0124453036114573,0.2606396663933992
RAUDen,poisson_1_gauss_0.05,1.0,0.05,sticks_005.tif,31.77585798930191,0.8612334673178103,0.95920592546463,0.0104985162615776,0.2467402441427111
RAUDen,poisson_1_gauss_0.05,1.0,0.05,sticks_007.tif,29.078852743477665,0.8575979080460431,0.958992063999176,0.0132686551660299,0.2719173904042691
RAUDen,poisson_1_gauss_0.05,1.0,0.05,sticks_009.tif,28.157550576083107,0.8661163668637647,0.962024986743927,0.0103368237614631,0.2443171768449246
RAUDen,poisson_1_gauss_0.05,1.0,0.05,sticks_008.tif,29.51845714696353,0.8525833625278513,0.9564710855484008,0.0131192933768033,0.2620840156450867
RAUDen,poisson_1_gauss_0.05,1.0,0.05,sticks_011.tif,28.72048552295428,0.8642125491192841,0.9593375325202942,0.0128802750259637,0.257111991988495
RAUDen,poisson_1_gauss_0.05,1.0,0.05,sticks_006.tif,28.421185332998526,0.8645872766710813,0.9627754092216492,0.0101927025243639,0.2511172097176313
RAUDen,poisson_1_gauss_0.05,1.0,0.05,sticks_010.tif,33.40052052310173,0.8585066795038941,0.9601229429244996,0.0118050407618284,0.2524110032711178
RAUDen,poisson_1_gauss_0.05,1.0,0.05,sticks_012.tif,33.07645286943758,0.8575343891144067,0.9599632024765016,0.0126385036855936,0.272416323190555
RAUDen,poisson_1_gauss_0.05,1.0,0.05,sticks_016.tif,27.464520057750356,0.8671494645199664,0.961342453956604,0.0116327572613954,0.249500284763053
RAUDen,poisson_1_gauss_0.05,1.0,0.05,sticks_013.tif,31.104093658402792,0.870535949274578,0.9614244103431702,0.0122952982783317,0.253632644098252
RAUDen,poisson_1_gauss_0.05,1.0,0.05,sticks_014.tif,34.06547179218752,0.850910744587636,0.959269881248474,0.0110986679792404,0.2774139414075762
RAUDen,poisson_1_gauss_0.05,1.0,0.05,sticks_015.tif,28.541453130736684,0.8619489958468195,0.9589552879333496,0.0114351827651262,0.2538462601602077
RAUDen,poisson_1_gauss_0.05,1.0,0.05,sticks_018.tif,33.0741461800734,0.8635557507561804,0.9603790640830994,0.0123627865687012,0.259626769227907
RAUDen,poisson_1_gauss_0.05,1.0,0.05,sticks_020.tif,26.974275231770854,0.8714312935944992,0.961861789226532,0.0122313182801008,0.256294512283057
RAUDen,poisson_1_gauss_0.05,1.0,0.05,sticks_017.tif,30.439724386224533,0.8586240220189576,0.9590218663215636,0.011850812472403,0.2661960109136999
RAUDen,poisson_1_gauss_0.05,1.0,0.05,sticks_019.tif,32.96621666591053,0.8671411651828734,0.9586612582206726,0.0122635411098599,0.2491189608350396
RAUDen,poisson_1_gauss_0.05,1.0,0.05,sticks_021.tif,28.002013549448506,0.8662757468491624,0.9603104591369628,0.0116934766992926,0.2480390730313956
RAUDen,poisson_1_gauss_0.05,1.0,0.05,sticks_022.tif,32.13634366391775,0.8608145096676652,0.960631549358368,0.011522370390594,0.2583000189159065
RAUDen,poisson_1_gauss_0.05,1.0,0.05,sticks_023.tif,26.41621993249928,0.8596288401626178,0.9582451581954956,0.013651356101036,0.2592572933994234
RAUDen,poisson_1_gauss_0.05,1.0,0.05,sticks_024.tif,33.60303682732557,0.863740727067993,0.9601333737373352,0.0114228120073676,0.2542786791455
RAUDen,poisson_1_gauss_0.05,1.0,0.05,sticks_025.tif,31.349757143530958,0.8628847689457273,0.9588744640350342,0.0126226413995027,0.2582543984055519
RAUDen,poisson_1_gauss_0.05,1.0,0.05,sticks_026.tif,27.42062275752188,0.8595613993354438,0.9614555239677428,0.0119465850293636,0.256302822381258
RAUDen,poisson_1_gauss_0.05,1.0,0.05,sticks_027.tif,31.662399024579052,0.8437892650542997,0.954576849937439,0.0152719272300601,0.2996037736069411
RAUDen,poisson_1_gauss_0.05,1.0,0.05,sticks_028.tif,31.871473713731724,0.8537430743342519,0.9596139788627625,0.0115441251546144,0.2502671889960766
RAUDen,poisson_1_gauss_0.05,1.0,0.05,sticks_029.tif,27.0132064199129,0.8588783817867793,0.958716094493866,0.0133732799440622,0.258756705140695
RAUDen,poisson_1_gauss_0.05,1.0,0.05,sticks_030.tif,26.88766823904577,0.8616361031066326,0.9571540355682372,0.0126499384641647,0.2616363220382481
RAUDen,poisson_1_gauss_0.05,1.0,0.05,sticks_032.tif,32.99236356149931,0.8645837104984929,0.9571914076805116,0.0122519489377737,0.2480265820398926
RAUDen,poisson_1_gauss_0.05,1.0,0.05,sticks_031.tif,28.457604605239837,0.8535719411293295,0.9596567749977112,0.0118487831205129,0.2655497510917485
RAUDen,poisson_1_gauss_0.05,1.0,0.05,sticks_033.tif,29.153860961650317,0.8616321189753022,0.9576798677444458,0.0129320891574025,0.2504719052463769
RAUDen,poisson_1_gauss_0.05,1.0,0.05,sticks_034.tif,31.99687833049903,0.8648379786466469,0.9624714255332948,0.0118953771889209,0.2617610789369792
RAUDen,poisson_1_gauss_0.05,1.0,0.05,sticks_035.tif,31.996758449036015,0.8667460625594404,0.9588841199874878,0.0122753689065575,0.2493620265275239
RAUDen,poisson_1_gauss_0.05,1.0,0.05,sticks_036.tif,29.69880365507581,0.8712203655576863,0.9643300175666808,0.0100556602701544,0.234479134529829
RAUDen,poisson_1_gauss_0.05,1.0,0.05,sticks_037.tif,31.175586709940532,0.8604729481772857,0.9606573581695556,0.0118921650573611,0.2630626399535686
RAUDen,poisson_1_gauss_0.05,1.0,0.05,sticks_038.tif,30.693591025153125,0.8584431106891066,0.962594509124756,0.0104985935613513,0.2556701254099607
RAUDen,poisson_1_gauss_0.05,1.0,0.05,sticks_040.tif,30.08523924751013,0.8623699252735072,0.9575828313827516,0.0128800300881266,0.2501724425237626
RAUDen,poisson_1_gauss_0.05,1.0,0.05,sticks_039.tif,33.15724236182299,0.8659717478339897,0.960159957408905,0.011955046094954,0.2569096190389245
RAUDen,poisson_1_gauss_0.05,1.0,0.05,sticks_041.tif,30.156241056298285,0.8648280700849702,0.9621516466140748,0.0108379200100898,0.2486015801783651
RAUDen,poisson_1_gauss_0.05,1.0,0.05,sticks_042.tif,31.44673244069859,0.8598162836858998,0.9613472819328308,0.0104694804176688,0.2629921105224639
RAUDen,poisson_1_gauss_0.05,1.0,0.05,sticks_043.tif,29.30179478164848,0.8629534267112636,0.9582574367523192,0.0131694916635751,0.2583622708451003
RAUDen,poisson_1_gauss_0.05,1.0,0.05,sticks_044.tif,26.90541592658275,0.8617556061488861,0.9583430886268616,0.0128934262320399,0.2502554321661591
RAUDen,poisson_1_gauss_0.05,1.0,0.05,sticks_045.tif,27.943852282259986,0.8667577634616811,0.9606406092643738,0.0106460768729448,0.2443465332500636
RAUDen,poisson_1_gauss_0.05,1.0,0.05,sticks_046.tif,33.81567082990368,0.8580609375762659,0.9608716368675232,0.0106202503666281,0.2543800768908113
RAUDen,poisson_1_gauss_0.05,1.0,0.05,sticks_047.tif,29.09059714098038,0.8615595399550211,0.9615974426269532,0.0105176530778408,0.2510485335253179
RAUDen,poisson_1_gauss_0.05,1.0,0.05,sticks_049.tif,33.37668536571758,0.8681179978532167,0.961665153503418,0.0114261591807007,0.2440533467102796
RAUDen,poisson_1_gauss_0.05,1.0,0.05,sticks_048.tif,30.827001140148703,0.8556419744748619,0.9590317010879515,0.0123834516853094,0.2645999602973461
RAUDen,poisson_1_gauss_0.05,1.0,0.05,sticks_050.tif,28.232050618308985,0.8668106842214034,0.9643319249153136,0.0102801136672496,0.2460951375775039
RAUDen,poisson_1_gauss_0.05,1.0,0.05,sticks_051.tif,30.837826655467786,0.8570265279844149,0.9582856893539428,0.0136722698807716,0.270506954099983
RAUDen,poisson_1_gauss_0.05,1.0,0.05,sticks_053.tif,31.465340336289486,0.8640812313882843,0.9600630402565002,0.0129250735044479,0.2615682510193437
RAUDen,poisson_1_gauss_0.05,1.0,0.05,sticks_052.tif,32.33724542179479,0.8726346698783017,0.962149739265442,0.0118380766361951,0.2395586973987519
RAUDen,poisson_1_gauss_0.05,1.0,0.05,sticks_054.tif,28.98781671643646,0.8616408861245154,0.9614306092262268,0.0107420841231942,0.2468095959629863
RAUDen,poisson_1_gauss_0.05,1.0,0.05,sticks_055.tif,32.078515758374934,0.8653287392217452,0.960094153881073,0.0131419505923986,0.2620972155593336
RAUDen,poisson_1_gauss_0.05,1.0,0.05,sticks_056.tif,27.27057449779992,0.8647255285274027,0.9614177942276,0.0120009267702698,0.2532615101430565
RAUDen,poisson_1_gauss_0.05,1.0,0.05,sticks_059.tif,31.41961884600935,0.8613199676187023,0.9599443078041076,0.0105705596506595,0.2498898813966661
RAUDen,poisson_1_gauss_0.05,1.0,0.05,sticks_058.tif,32.084912802526134,0.8613304781034229,0.960047960281372,0.0119504481554031,0.2648268367163837
RAUDen,poisson_1_gauss_0.05,1.0,0.05,sticks_057.tif,32.943269878338285,0.8636438750044452,0.9583225846290588,0.0125179942697286,0.255271508032456
RAUDen,poisson_1_gauss_0.05,1.0,0.05,sticks_060.tif,32.33777796615896,0.8572012112905018,0.9617201685905457,0.0107457656413316,0.2561669123824686
RAUDen,poisson_1_gauss_0.05,1.0,0.05,sticks_063.tif,28.358460192848202,0.8553674206146434,0.9588814973831176,0.0127396406605839,0.2603618740104139
RAUDen,poisson_1_gauss_0.05,1.0,0.05,sticks_061.tif,29.9272711770537,0.8629212316363566,0.9574141502380372,0.0132509870454669,0.2455145782325417
RAUDen,poisson_1_gauss_0.05,1.0,0.05,sticks_062.tif,30.63463294964811,0.8746866739653754,0.9654672145843506,0.0108930394053459,0.2414265828207135
RAUDen,poisson_1_gauss_0.05,1.0,0.05,sticks_067.tif,28.25090044406214,0.8564381055052231,0.9571419954299928,0.0129376109689474,0.2541077668778598
RAUDen,poisson_1_gauss_0.05,1.0,0.05,sticks_066.tif,33.02374059359581,0.8692250379298876,0.9605422616004944,0.0118783898651599,0.2402000745758414
RAUDen,poisson_1_gauss_0.05,1.0,0.05,sticks_065.tif,27.192531499387776,0.8650707406065377,0.959743857383728,0.0120202833786606,0.26419483483769
RAUDen,poisson_1_gauss_0.05,1.0,0.05,sticks_068.tif,30.982238045444866,0.8542495170371777,0.9620094895362854,0.0113133583217859,0.2623523250222206
RAUDen,poisson_1_gauss_0.05,1.0,0.05,sticks_069.tif,33.06277338341012,0.8578457290445438,0.9581223726272584,0.0124645372852683,0.2704172924626619
RAUDen,poisson_1_gauss_0.05,1.0,0.05,sticks_064.tif,27.359735222674235,0.8568377823659298,0.958350956439972,0.0120586892589926,0.2532069509848952
RAUDen,poisson_1_gauss_0.05,1.0,0.05,sticks_070.tif,30.0025515301917,0.8550699595951908,0.9582040309906006,0.0119720846414566,0.2557494715321809
RAUDen,poisson_1_gauss_0.05,1.0,0.05,sticks_071.tif,27.037367576494297,0.8648447391819595,0.9599785804748536,0.0124108996242284,0.2580871466081589
RAUDen,poisson_1_gauss_0.05,1.0,0.05,sticks_072.tif,28.239097362425714,0.8560631911394876,0.9607396721839904,0.010844636708498,0.2482359278015792
RAUDen,poisson_1_gauss_0.05,1.0,0.05,sticks_073.tif,27.647131108131298,0.8588976140502681,0.9589343667030334,0.0114663718268275,0.2545057891868055
RAUDen,poisson_1_gauss_0.05,1.0,0.05,sticks_074.tif,31.36515575982164,0.8657584990749096,0.960565149784088,0.0109281800687313,0.23702880772762
RAUDen,poisson_1_gauss_0.05,1.0,0.05,sticks_075.tif,31.47563231165649,0.8696714166854326,0.9597035050392152,0.0120388669893145,0.2434897477738559
RAUDen,poisson_1_gauss_0.05,1.0,0.05,sticks_076.tif,29.057690288182545,0.850380755783649,0.9578980803489684,0.0127083715051412,0.27876738733612
RAUDen,poisson_1_gauss_0.05,1.0,0.05,sticks_077.tif,29.260551638027593,0.8671904614260565,0.95894855260849,0.012721823528409,0.2497668787371367
RAUDen,poisson_1_gauss_0.05,1.0,0.05,sticks_078.tif,30.79315299096849,0.8735711933130919,0.962471067905426,0.01113454811275,0.2451438423711806
RAUDen,poisson_1_gauss_0.05,1.0,0.05,sticks_079.tif,33.016417768907715,0.8513352346012397,0.9565244913101196,0.0128257973119616,0.2707000656053424
RAUDen,poisson_1_gauss_0.05,1.0,0.05,sticks_080.tif,30.498056497109474,0.8661663464015905,0.9592110514640808,0.0132362972944974,0.2612164680846035
RAUDen,poisson_1_gauss_0.05,1.0,0.05,sticks_081.tif,32.65010914567783,0.8580127035402156,0.9568825364112854,0.0132491244003176,0.2652494025882334
RAUDen,poisson_1_gauss_0.05,1.0,0.05,sticks_082.tif,31.792846591639027,0.8599560595513218,0.9594600200653076,0.013322782702744,0.2787915845867246
RAUDen,poisson_1_gauss_0.05,1.0,0.05,sticks_084.tif,28.976908618892015,0.8611498189518315,0.958647072315216,0.0126997996121644,0.2729878671932965
RAUDen,poisson_1_gauss_0.05,1.0,0.05,sticks_083.tif,33.70464945610277,0.8595846982714409,0.95945405960083,0.0111028654500842,0.2476462628226727
RAUDen,poisson_1_gauss_0.05,1.0,0.05,sticks_085.tif,27.133562679645355,0.8794169835774014,0.9639957547187804,0.0114853652194142,0.2416031808126718
RAUDen,poisson_1_gauss_0.05,1.0,0.05,sticks_086.tif,32.99086600926606,0.877576548860979,0.9627000689506532,0.0117465276271104,0.2444787635933608
RAUDen,poisson_1_gauss_0.05,1.0,0.05,sticks_088.tif,27.519920129531428,0.8756025617909118,0.962755024433136,0.010932239703834,0.2278576008975505
RAUDen,poisson_1_gauss_0.05,1.0,0.05,sticks_087.tif,33.13807998247037,0.8641477200624992,0.9621944427490234,0.0122186094522476,0.2707053236663341
RAUDen,poisson_1_gauss_0.05,1.0,0.05,sticks_089.tif,33.24157254555568,0.860320699613087,0.960685133934021,0.0113658905029296,0.2520922973752021
RAUDen,poisson_1_gauss_0.05,1.0,0.05,sticks_090.tif,29.301441989259455,0.8705418548888614,0.9605726003646852,0.0124552585184574,0.246044287411496
RAUDen,poisson_1_gauss_0.05,1.0,0.05,sticks_091.tif,32.79831014513992,0.8730757914857888,0.9622954726219176,0.0103308390825986,0.2264992873650044
RAUDen,poisson_1_gauss_0.05,1.0,0.05,sticks_092.tif,30.49623986645179,0.862859506197841,0.9608273506164552,0.0122898127883672,0.2652438417542725
RAUDen,poisson_1_gauss_0.05,1.0,0.05,sticks_093.tif,28.79057794041685,0.8547505713909886,0.9571577906608582,0.0135184600949287,0.269573073182255
RAUDen,poisson_1_gauss_0.05,1.0,0.05,sticks_095.tif,25.94259483743707,0.8643236355282088,0.9582866430282592,0.0147572476416826,0.2716228649020195
RAUDen,poisson_1_gauss_0.05,1.0,0.05,sticks_096.tif,32.81750577225229,0.8617958195291158,0.9590460062026978,0.0129012111574411,0.257738123787567
RAUDen,poisson_1_gauss_0.05,1.0,0.05,sticks_097.tif,28.403092656012365,0.8567964093156055,0.9590492844581604,0.0124828098341822,0.2577097322791815
RAUDen,poisson_1_gauss_0.05,1.0,0.05,sticks_098.tif,29.246094632728386,0.8648309886859499,0.9601081013679504,0.0133490189909935,0.254789086105302
RAUDen,poisson_1_gauss_0.05,1.0,0.05,sticks_099.tif,29.639892135138176,0.8592504288230951,0.960430920124054,0.0127103878185153,0.26800805516541
RAUDen,poisson_1_gauss_0.05,1.0,0.05,sticks_094.tif,30.027315253314065,0.871121673862355,0.9587261080741882,0.0113664353266358,0.2307696094270795
RAUDen,poisson_1_gauss_0.1,1.0,0.1,sticks_000.tif,30.695269090110365,0.7119069157661505,0.9524918794631958,0.0152594419196248,0.3855790272355079
RAUDen,poisson_1_gauss_0.1,1.0,0.1,sticks_001.tif,32.17434085109655,0.7228492856722036,0.9518863558769226,0.0176491253077983,0.3949645400047302
RAUDen,poisson_1_gauss_0.1,1.0,0.1,sticks_002.tif,29.35393265961099,0.7110984463834009,0.9527015089988708,0.0134939076378941,0.3757933229207992
RAUDen,poisson_1_gauss_0.1,1.0,0.1,sticks_003.tif,32.030033360410414,0.7184372362690461,0.9525737166404724,0.0152735589072108,0.3785368070006371
RAUDen,poisson_1_gauss_0.1,1.0,0.1,sticks_004.tif,32.86477305972407,0.7155705369002954,0.94905024766922,0.015912540256977,0.3854226358234882
RAUDen,poisson_1_gauss_0.1,1.0,0.1,sticks_005.tif,27.72671942609181,0.7072309097513357,0.949561595916748,0.0141199110075831,0.383019695430994
RAUDen,poisson_1_gauss_0.1,1.0,0.1,sticks_007.tif,28.538511762886078,0.7149844668613751,0.9510127305984496,0.0166898109018802,0.3971361890435219
RAUDen,poisson_1_gauss_0.1,1.0,0.1,sticks_009.tif,27.81709403686274,0.7106259172753165,0.9517168402671814,0.0139561491087079,0.3768629170954227
RAUDen,poisson_1_gauss_0.1,1.0,0.1,sticks_008.tif,32.636818957430876,0.7125727160297076,0.9489822387695312,0.0165455695241689,0.3939858496189117
RAUDen,poisson_1_gauss_0.1,1.0,0.1,sticks_011.tif,28.429365973740815,0.7217776804638681,0.9522541761398317,0.0162565447390079,0.3821780011057853
RAUDen,poisson_1_gauss_0.1,1.0,0.1,sticks_006.tif,33.746031326825985,0.7110199910788646,0.9531688690185548,0.0138079673051834,0.3849507294595241
RAUDen,poisson_1_gauss_0.1,1.0,0.1,sticks_010.tif,28.782193385762167,0.7113783269285896,0.9513314366340636,0.0153341619297862,0.3874198518693447
RAUDen,poisson_1_gauss_0.1,1.0,0.1,sticks_012.tif,29.84624948706411,0.7132826839008093,0.9512721300125122,0.0160721354186534,0.3911341086030006
RAUDen,poisson_1_gauss_0.1,1.0,0.1,sticks_016.tif,27.04408849545756,0.7183747147457645,0.9522545337677002,0.015178270637989,0.3760186374187469
RAUDen,poisson_1_gauss_0.1,1.0,0.1,sticks_013.tif,27.219096754872446,0.7253190953120778,0.9539286494255066,0.0157594177871942,0.3724348619580269
RAUDen,poisson_1_gauss_0.1,1.0,0.1,sticks_014.tif,33.73739181527388,0.700432602009202,0.9493219256401062,0.0146276531741023,0.3996103450655937
RAUDen,poisson_1_gauss_0.1,1.0,0.1,sticks_015.tif,31.061586002309234,0.7150205552138028,0.9509702324867249,0.0149812269955873,0.3771978877484798
RAUDen,poisson_1_gauss_0.1,1.0,0.1,sticks_018.tif,29.5260327084357,0.7173028595598393,0.952019989490509,0.0158246997743845,0.3811140105128288
RAUDen,poisson_1_gauss_0.1,1.0,0.1,sticks_020.tif,28.510065690081568,0.722455807355667,0.953058123588562,0.015699815005064,0.379109974950552
RAUDen,poisson_1_gauss_0.1,1.0,0.1,sticks_017.tif,29.71168980658277,0.7120193292216003,0.9504778385162354,0.0153334289789199,0.3850681282579898
RAUDen,poisson_1_gauss_0.1,1.0,0.1,sticks_019.tif,32.209417040819936,0.7207779947074885,0.9505618810653688,0.0157630909234285,0.3758400358259678
RAUDen,poisson_1_gauss_0.1,1.0,0.1,sticks_021.tif,32.03932031502158,0.7179492175316089,0.9525171518325806,0.0152160851284861,0.3769462332129478
RAUDen,poisson_1_gauss_0.1,1.0,0.1,sticks_022.tif,29.438731133555173,0.7104270875441547,0.9515334367752076,0.0150418560951948,0.3853186093270778
RAUDen,poisson_1_gauss_0.1,1.0,0.1,sticks_023.tif,26.279168156726936,0.7231909677766981,0.9512051343917848,0.016978720203042,0.3835443831980228
RAUDen,poisson_1_gauss_0.1,1.0,0.1,sticks_024.tif,29.592993453408994,0.7139478473720303,0.9508059024810792,0.0149432439357042,0.388122409582138
RAUDen,poisson_1_gauss_0.1,1.0,0.1,sticks_025.tif,26.64284264262468,0.7214903731653523,0.9525108933448792,0.0160622559487819,0.3801740825176239
RAUDen,poisson_1_gauss_0.1,1.0,0.1,sticks_026.tif,27.262299348358233,0.711922452283471,0.9523316025733948,0.0154225528240203,0.3868594124913215
RAUDen,poisson_1_gauss_0.1,1.0,0.1,sticks_027.tif,26.23317037005008,0.716024712559545,0.948933720588684,0.0185207594186067,0.4010740898549557
RAUDen,poisson_1_gauss_0.1,1.0,0.1,sticks_028.tif,29.158125195434632,0.7069906178652388,0.9505148530006408,0.0150610115379095,0.3880987204611301
RAUDen,poisson_1_gauss_0.1,1.0,0.1,sticks_029.tif,26.46671802954729,0.716732641995963,0.950232982635498,0.0167709235101938,0.3894995853304863
RAUDen,poisson_1_gauss_0.1,1.0,0.1,sticks_030.tif,32.02767006694603,0.7189273301920366,0.9498110413551332,0.0160648245364427,0.3823786839842796
RAUDen,poisson_1_gauss_0.1,1.0,0.1,sticks_032.tif,26.77225987452822,0.7199034286645579,0.9494414925575256,0.0157646257430315,0.3798250868916512
RAUDen,poisson_1_gauss_0.1,1.0,0.1,sticks_031.tif,33.23812268326388,0.7071027959804396,0.9502315521240234,0.0153603386133909,0.3894745819270611
RAUDen,poisson_1_gauss_0.1,1.0,0.1,sticks_033.tif,30.721934843268738,0.7194863039069108,0.9490070939064026,0.0163842029869556,0.3852960340678691
RAUDen,poisson_1_gauss_0.1,1.0,0.1,sticks_034.tif,33.0791229266637,0.7171555725470404,0.9541612863540648,0.0153504833579063,0.3823470346629619
RAUDen,poisson_1_gauss_0.1,1.0,0.1,sticks_035.tif,28.850808452637065,0.7215177342389253,0.9516722559928894,0.0157585330307483,0.3733402296900749
RAUDen,poisson_1_gauss_0.1,1.0,0.1,sticks_036.tif,33.84866080388012,0.712601844569653,0.9535374641418456,0.0137158390134572,0.3746089302003383
RAUDen,poisson_1_gauss_0.1,1.0,0.1,sticks_037.tif,28.420459604498806,0.7132714714804199,0.9512084126472472,0.0153636140748858,0.3890404410660267
RAUDen,poisson_1_gauss_0.1,1.0,0.1,sticks_038.tif,30.918131224089322,0.7032548385950494,0.9515539407730104,0.0140827074646949,0.3877906061708927
RAUDen,poisson_1_gauss_0.1,1.0,0.1,sticks_040.tif,26.93163532065224,0.7201505773542036,0.9501726031303406,0.0163130294531583,0.3812293872237206
RAUDen,poisson_1_gauss_0.1,1.0,0.1,sticks_039.tif,26.918528751579476,0.7176411125531575,0.9522590637207032,0.0154796168208122,0.3852317348122597
RAUDen,poisson_1_gauss_0.1,1.0,0.1,sticks_041.tif,28.239550042006346,0.7112575079371286,0.9521853923797609,0.0143921403214335,0.3798635452985763
RAUDen,poisson_1_gauss_0.1,1.0,0.1,sticks_042.tif,27.90105291917736,0.7065621609460273,0.9515920877456664,0.0140367075800895,0.3847553290426731
RAUDen,poisson_1_gauss_0.1,1.0,0.1,sticks_043.tif,30.165633901750184,0.7224719559376368,0.9517852663993835,0.0165774095803499,0.3823525100946426
RAUDen,poisson_1_gauss_0.1,1.0,0.1,sticks_044.tif,26.740126315964584,0.7199962342177383,0.9504952430725098,0.0163410641252994,0.3805922105908393
RAUDen,poisson_1_gauss_0.1,1.0,0.1,sticks_045.tif,27.60694420851993,0.7110227093235897,0.9511537551879884,0.0142791792750358,0.3765570536255836
RAUDen,poisson_1_gauss_0.1,1.0,0.1,sticks_046.tif,30.826991872787765,0.7034081402886995,0.9502948522567748,0.0142101617529988,0.3834922939538955
RAUDen,poisson_1_gauss_0.1,1.0,0.1,sticks_047.tif,28.88141034137394,0.7066506175715651,0.9510653614997864,0.0140890479087829,0.3857501171529293
RAUDen,poisson_1_gauss_0.1,1.0,0.1,sticks_049.tif,27.109435546405884,0.7156010758807381,0.9523130655288696,0.015004800632596,0.3812767654657364
RAUDen,poisson_1_gauss_0.1,1.0,0.1,sticks_048.tif,32.97910885526079,0.7138776749506328,0.9504849314689636,0.0157875232398509,0.388768295943737
RAUDen,poisson_1_gauss_0.1,1.0,0.1,sticks_050.tif,33.90466824706909,0.7095843676890813,0.9524944424629213,0.0138783557340502,0.3867098875343799
RAUDen,poisson_1_gauss_0.1,1.0,0.1,sticks_051.tif,31.280247153124233,0.7194768644161361,0.9508227705955504,0.0170588456094265,0.3801663145422935
RAUDen,poisson_1_gauss_0.1,1.0,0.1,sticks_053.tif,32.33959750290319,0.7224263074534915,0.9532889723777772,0.0163318738341331,0.3824846379458904
RAUDen,poisson_1_gauss_0.1,1.0,0.1,sticks_052.tif,32.8807962411922,0.7231534043995137,0.9536535739898682,0.0153584806248545,0.372372169047594
RAUDen,poisson_1_gauss_0.1,1.0,0.1,sticks_054.tif,28.664609489033374,0.7083104056682715,0.9491721391677856,0.0143106039613485,0.3852602683007717
RAUDen,poisson_1_gauss_0.1,1.0,0.1,sticks_055.tif,32.42026285030435,0.7225811222086767,0.9526848196983336,0.0165585149079561,0.3806265577673912
RAUDen,poisson_1_gauss_0.1,1.0,0.1,sticks_056.tif,33.04846124239065,0.7156951192691124,0.953397572040558,0.0154633317142724,0.3854296445846558
RAUDen,poisson_1_gauss_0.1,1.0,0.1,sticks_059.tif,32.22938103187791,0.7068938471154705,0.950066089630127,0.0141682717949152,0.385396084934473
RAUDen,poisson_1_gauss_0.1,1.0,0.1,sticks_058.tif,32.54511411848786,0.7161781734970721,0.9519045352935792,0.0154404360800981,0.3825473867356777
RAUDen,poisson_1_gauss_0.1,1.0,0.1,sticks_057.tif,30.276132736588693,0.7212681116271654,0.9512773156166076,0.0160027965903282,0.3810408778488636
RAUDen,poisson_1_gauss_0.1,1.0,0.1,sticks_060.tif,33.243925490008856,0.7034647442397639,0.9513278603553772,0.0143397198989987,0.3878397956490517
RAUDen,poisson_1_gauss_0.1,1.0,0.1,sticks_063.tif,29.49398342385979,0.7115106119649314,0.950611174106598,0.016175465658307,0.3842143014073372
RAUDen,poisson_1_gauss_0.1,1.0,0.1,sticks_061.tif,32.28535657921929,0.7254573729726895,0.9511419534683228,0.016649218276143,0.3776138111948967
RAUDen,poisson_1_gauss_0.1,1.0,0.1,sticks_062.tif,33.155629917030616,0.7152141844992314,0.954005479812622,0.0144721288233995,0.377029587328434
RAUDen,poisson_1_gauss_0.1,1.0,0.1,sticks_067.tif,30.392513636176744,0.7153265997909587,0.949940860271454,0.0163544621318578,0.3872969217598438
RAUDen,poisson_1_gauss_0.1,1.0,0.1,sticks_066.tif,32.35437194427453,0.7206655526945096,0.9526347517967224,0.0154015850275754,0.3751026183366776
RAUDen,poisson_1_gauss_0.1,1.0,0.1,sticks_065.tif,32.955560519585,0.7169392908692572,0.951848328113556,0.0155196115374565,0.3794067934155464
RAUDen,poisson_1_gauss_0.1,1.0,0.1,sticks_068.tif,29.340889021472744,0.7055753566029608,0.9519538879394532,0.0148426387459039,0.3924585647881031
RAUDen,poisson_1_gauss_0.1,1.0,0.1,sticks_069.tif,32.8639516785522,0.7155877478818622,0.9506369233131408,0.0158995427191257,0.3890890054404735
RAUDen,poisson_1_gauss_0.1,1.0,0.1,sticks_064.tif,30.37849873923316,0.710352494599743,0.949829638004303,0.0155395064502954,0.3841622039675713
RAUDen,poisson_1_gauss_0.1,1.0,0.1,sticks_070.tif,31.46428603267519,0.7119366433556378,0.9503716230392456,0.015456348657608,0.3889151573181152
RAUDen,poisson_1_gauss_0.1,1.0,0.1,sticks_071.tif,31.215038807907256,0.7194268086338859,0.9518665075302124,0.015857134014368,0.3850032076239585
RAUDen,poisson_1_gauss_0.1,1.0,0.1,sticks_072.tif,27.66511412832188,0.703470260566162,0.9509301781654358,0.0144168464466929,0.3850946173071861
RAUDen,poisson_1_gauss_0.1,1.0,0.1,sticks_073.tif,31.476297759319923,0.7098871438489948,0.9501678347587584,0.0149835245683789,0.3817556194961071
RAUDen,poisson_1_gauss_0.1,1.0,0.1,sticks_074.tif,32.007256335141854,0.713412467557481,0.9501940608024596,0.0144937010481953,0.3801356464624404
RAUDen,poisson_1_gauss_0.1,1.0,0.1,sticks_075.tif,28.698491101994495,0.7236288038904798,0.9519910216331482,0.0155524108558893,0.3705414079129696
RAUDen,poisson_1_gauss_0.1,1.0,0.1,sticks_076.tif,29.019859810768104,0.7111290664986588,0.9501693844795228,0.0161298941820859,0.3967813722789287
RAUDen,poisson_1_gauss_0.1,1.0,0.1,sticks_077.tif,30.105179203454615,0.7247938630492818,0.951888918876648,0.0161452926695346,0.37534796372056
RAUDen,poisson_1_gauss_0.1,1.0,0.1,sticks_078.tif,27.921086778457994,0.7189393766996531,0.953402578830719,0.0147558748722076,0.3769731841981411
RAUDen,poisson_1_gauss_0.1,1.0,0.1,sticks_079.tif,30.769352349912207,0.7121460429497901,0.9491128921508788,0.0162401124835014,0.3886551387608051
RAUDen,poisson_1_gauss_0.1,1.0,0.1,sticks_080.tif,26.3640132465673,0.7268099795872776,0.9523574113845824,0.0166728738695383,0.3792410545051098
RAUDen,poisson_1_gauss_0.1,1.0,0.1,sticks_081.tif,28.242741774828524,0.7191187035606633,0.9499974250793456,0.0166550520807504,0.3886826559901237
RAUDen,poisson_1_gauss_0.1,1.0,0.1,sticks_082.tif,31.921750435154937,0.7194217005815569,0.9518290162086488,0.0167145319283008,0.3930255673825741
RAUDen,poisson_1_gauss_0.1,1.0,0.1,sticks_084.tif,31.277243729162755,0.7162316940632228,0.9514328241348268,0.0161643475294113,0.390574437379837
RAUDen,poisson_1_gauss_0.1,1.0,0.1,sticks_083.tif,29.042924483051777,0.7104109220291208,0.950905442237854,0.0146665647625923,0.3811369799077511
RAUDen,poisson_1_gauss_0.1,1.0,0.1,sticks_085.tif,27.712179232693423,0.7235687895423307,0.9547385573387146,0.0150366723537445,0.3706008270382881
RAUDen,poisson_1_gauss_0.1,1.0,0.1,sticks_086.tif,32.76877493856976,0.7253874602548201,0.9539199471473694,0.0152867566794157,0.3710821405053138
RAUDen,poisson_1_gauss_0.1,1.0,0.1,sticks_088.tif,27.240335730141023,0.7237297529879514,0.9534215331077576,0.014527216553688,0.367639184743166
RAUDen,poisson_1_gauss_0.1,1.0,0.1,sticks_087.tif,29.97909576676903,0.7173859007059008,0.9538655877113342,0.0156571231782436,0.3859812572598457
RAUDen,poisson_1_gauss_0.1,1.0,0.1,sticks_089.tif,27.328834525405465,0.7122007863541099,0.9511566162109376,0.0148753700777888,0.3855915777385235
RAUDen,poisson_1_gauss_0.1,1.0,0.1,sticks_090.tif,28.698855880291294,0.7246964738845524,0.9527290463447572,0.0159102044999599,0.3779811114072799
RAUDen,poisson_1_gauss_0.1,1.0,0.1,sticks_091.tif,32.509996582689965,0.7162926020152608,0.9530631303787231,0.0139902010560035,0.3700644262135029
RAUDen,poisson_1_gauss_0.1,1.0,0.1,sticks_092.tif,30.489921853038766,0.7155455281700939,0.9518269896507264,0.0157578084617853,0.3870705276727676
RAUDen,poisson_1_gauss_0.1,1.0,0.1,sticks_093.tif,28.127982704755055,0.71807652220673,0.9502174854278564,0.0169037692248821,0.3902224712073803
RAUDen,poisson_1_gauss_0.1,1.0,0.1,sticks_095.tif,25.79013206917514,0.7267703765566084,0.9515336751937866,0.0181046668440103,0.3773692525923252
RAUDen,poisson_1_gauss_0.1,1.0,0.1,sticks_096.tif,26.59784322378027,0.7202921844912384,0.9509859085083008,0.0163525529205799,0.3772072769701481
RAUDen,poisson_1_gauss_0.1,1.0,0.1,sticks_097.tif,32.87006756342424,0.7129893706312638,0.951328992843628,0.0159730352461338,0.386947127431631
RAUDen,poisson_1_gauss_0.1,1.0,0.1,sticks_098.tif,32.31860994741335,0.7240162900294573,0.9525429606437684,0.0167252700775861,0.3762235231697559
RAUDen,poisson_1_gauss_0.1,1.0,0.1,sticks_099.tif,32.77778011606961,0.7145640285206596,0.952046275138855,0.0161486323922872,0.386403976380825
RAUDen,poisson_1_gauss_0.1,1.0,0.1,sticks_094.tif,29.315750348676403,0.7218672615626206,0.9503399133682252,0.0148983849212527,0.3642923004925251
RAUDen,poisson_1_gauss_0.2,1.0,0.2,sticks_000.tif,27.60026413287015,0.1708067637895136,0.8131468892097473,0.0381529480218887,0.5896637618541718
RAUDen,poisson_1_gauss_0.2,1.0,0.2,sticks_001.tif,27.82349091455367,0.1962181710815928,0.8334158062934875,0.0399513319134712,0.5851348251104355
RAUDen,poisson_1_gauss_0.2,1.0,0.2,sticks_002.tif,29.958542974248978,0.1482571545086299,0.8032242655754089,0.0367693230509758,0.5959291264414788
RAUDen,poisson_1_gauss_0.2,1.0,0.2,sticks_003.tif,24.1899556924836,0.1785434598398005,0.8152364492416382,0.0381314121186733,0.5865638852119446
RAUDen,poisson_1_gauss_0.2,1.0,0.2,sticks_004.tif,24.064239915778817,0.1874389832719197,0.8237685561180115,0.038671713322401,0.5868561357259751
RAUDen,poisson_1_gauss_0.2,1.0,0.2,sticks_005.tif,25.960290509842853,0.1607462695800826,0.801668107509613,0.0372238084673881,0.593276584148407
RAUDen,poisson_1_gauss_0.2,1.0,0.2,sticks_007.tif,23.93039573779721,0.184090567701132,0.8266053199768066,0.039207462221384,0.597467340528965
RAUDen,poisson_1_gauss_0.2,1.0,0.2,sticks_009.tif,28.188501999458275,0.156274510028608,0.8045433163642883,0.0371274761855602,0.5870889872312546
RAUDen,poisson_1_gauss_0.2,1.0,0.2,sticks_008.tif,27.683527163384426,0.1857341942316393,0.8203434944152832,0.0391416847705841,0.5965579941868782
RAUDen,poisson_1_gauss_0.2,1.0,0.2,sticks_011.tif,29.929120488808543,0.1851576468625576,0.8275653123855591,0.0390375331044197,0.5894836872816086
RAUDen,poisson_1_gauss_0.2,1.0,0.2,sticks_006.tif,29.040809836602705,0.1586142815633054,0.8025680780410767,0.0370639637112617,0.5966550946235657
RAUDen,poisson_1_gauss_0.2,1.0,0.2,sticks_010.tif,30.19539940207248,0.1739758399668091,0.8144876956939697,0.0381902977824211,0.593582832813263
RAUDen,poisson_1_gauss_0.2,1.0,0.2,sticks_012.tif,24.066848693196373,0.1760426150137969,0.8200411200523376,0.0387394838035106,0.5914101496338844
RAUDen,poisson_1_gauss_0.2,1.0,0.2,sticks_016.tif,30.14483138575937,0.1751584675726091,0.8142857551574707,0.0381497293710708,0.5836905479431153
RAUDen,poisson_1_gauss_0.2,1.0,0.2,sticks_013.tif,27.751121526582352,0.1836821467095429,0.8230757713317871,0.0385943166911602,0.5756435915827751
RAUDen,poisson_1_gauss_0.2,1.0,0.2,sticks_014.tif,26.269212081379834,0.1553794760705942,0.8068282008171082,0.0374851822853088,0.6021683439612389
RAUDen,poisson_1_gauss_0.2,1.0,0.2,sticks_015.tif,25.53866751645217,0.1767942306054601,0.821204423904419,0.0379458889365196,0.5825791701674461
RAUDen,poisson_1_gauss_0.2,1.0,0.2,sticks_018.tif,27.101383492670838,0.1791766448836609,0.8246654868125916,0.0385974049568176,0.5836232796311378
RAUDen,poisson_1_gauss_0.2,1.0,0.2,sticks_020.tif,27.366930046825164,0.1761555995882199,0.8151974678039551,0.0385330058634281,0.5855126202106475
RAUDen,poisson_1_gauss_0.2,1.0,0.2,sticks_017.tif,27.826831552864835,0.1704294004258088,0.8145069479942322,0.0381396487355232,0.5909512564539909
RAUDen,poisson_1_gauss_0.2,1.0,0.2,sticks_019.tif,30.016568844525,0.1826079076182756,0.8254438638687134,0.0385804697871208,0.580817973613739
RAUDen,poisson_1_gauss_0.2,1.0,0.2,sticks_021.tif,24.16350608711049,0.1766369392087923,0.8185274004936218,0.038161102682352,0.5867130070924759
RAUDen,poisson_1_gauss_0.2,1.0,0.2,sticks_022.tif,30.228259807376517,0.1670102823074848,0.8119162917137146,0.0380061790347099,0.5923992544412613
RAUDen,poisson_1_gauss_0.2,1.0,0.2,sticks_023.tif,27.077237562251845,0.1933991374493558,0.8303974270820618,0.0395250953733921,0.5878326088190079
RAUDen,poisson_1_gauss_0.2,1.0,0.2,sticks_024.tif,28.803369791662035,0.1664765970619502,0.8090036511421204,0.0378719791769981,0.5965934634208679
RAUDen,poisson_1_gauss_0.2,1.0,0.2,sticks_025.tif,27.79436228824856,0.1880585636693077,0.8276263475418091,0.0388900563120842,0.583909860253334
RAUDen,poisson_1_gauss_0.2,1.0,0.2,sticks_026.tif,29.491620059611982,0.1672310493233135,0.8093546032905579,0.0382204577326774,0.5949986204504967
RAUDen,poisson_1_gauss_0.2,1.0,0.2,sticks_027.tif,24.844657729426206,0.2044788109113512,0.8387974500656128,0.0405845344066619,0.588279165327549
RAUDen,poisson_1_gauss_0.2,1.0,0.2,sticks_028.tif,24.280070060397165,0.1686675977073815,0.809494137763977,0.0379597395658493,0.5987630262970924
RAUDen,poisson_1_gauss_0.2,1.0,0.2,sticks_029.tif,25.09833848853224,0.1849173239799056,0.8199370503425598,0.0393959358334541,0.5955676063895226
RAUDen,poisson_1_gauss_0.2,1.0,0.2,sticks_030.tif,23.977837796366227,0.181952231802244,0.8220325112342834,0.0388505458831787,0.5860508278012275
RAUDen,poisson_1_gauss_0.2,1.0,0.2,sticks_032.tif,24.02042844786217,0.1868557397877094,0.8219774961471558,0.0386159643530845,0.5858653858304024
RAUDen,poisson_1_gauss_0.2,1.0,0.2,sticks_031.tif,26.631223791202203,0.1682443594915735,0.8107389211654663,0.0381999239325523,0.5936892449855804
RAUDen,poisson_1_gauss_0.2,1.0,0.2,sticks_033.tif,28.53647392644958,0.1849385534874259,0.812021791934967,0.0390682741999626,0.5936226502060891
RAUDen,poisson_1_gauss_0.2,1.0,0.2,sticks_034.tif,24.16764036420492,0.1681261898892357,0.8130162954330444,0.0382708981633186,0.5860555320978165
RAUDen,poisson_1_gauss_0.2,1.0,0.2,sticks_035.tif,25.241149875772994,0.1819768741963296,0.8258665800094604,0.0386479273438453,0.5820204228162765
RAUDen,poisson_1_gauss_0.2,1.0,0.2,sticks_036.tif,28.146185499750324,0.1563687436851762,0.7985209226608276,0.0369191691279411,0.5893142461776734
RAUDen,poisson_1_gauss_0.2,1.0,0.2,sticks_037.tif,27.179898022834386,0.1714870881961606,0.8073321580886841,0.0382273234426975,0.593028973042965
RAUDen,poisson_1_gauss_0.2,1.0,0.2,sticks_038.tif,24.50049291935545,0.1514892045468282,0.8020945191383362,0.0371787622570991,0.5971507400274276
RAUDen,poisson_1_gauss_0.2,1.0,0.2,sticks_040.tif,27.203259774663486,0.1852179315539757,0.8244298696517944,0.0390214584767818,0.5898859575390816
RAUDen,poisson_1_gauss_0.2,1.0,0.2,sticks_039.tif,25.32870623710113,0.1749204549808819,0.8232930302619934,0.0384151190519332,0.5914022013545036
RAUDen,poisson_1_gauss_0.2,1.0,0.2,sticks_041.tif,24.38291470330756,0.1603335219985824,0.8105082511901855,0.0374761521816253,0.5902475371956826
RAUDen,poisson_1_gauss_0.2,1.0,0.2,sticks_042.tif,28.247894368683383,0.155450317186249,0.8024331331253052,0.0371686406433582,0.5901522904634475
RAUDen,poisson_1_gauss_0.2,1.0,0.2,sticks_043.tif,29.521991849332437,0.1897165447009695,0.8320202827453613,0.0392510741949081,0.5845609158277512
RAUDen,poisson_1_gauss_0.2,1.0,0.2,sticks_044.tif,27.618812110627623,0.1899898945741982,0.8196679949760437,0.0390747226774692,0.5863302111625671
RAUDen,poisson_1_gauss_0.2,1.0,0.2,sticks_045.tif,25.238530794462747,0.1584491098405261,0.8137862086296082,0.0373949185013771,0.589347492158413
RAUDen,poisson_1_gauss_0.2,1.0,0.2,sticks_046.tif,24.49743129154782,0.1549006234952702,0.8003063201904297,0.0372245982289314,0.5943080008029937
RAUDen,poisson_1_gauss_0.2,1.0,0.2,sticks_047.tif,25.51551125874152,0.1518034137206114,0.798137903213501,0.0371848009526729,0.5954485401511193
RAUDen,poisson_1_gauss_0.2,1.0,0.2,sticks_049.tif,27.661470551557496,0.1672167633469416,0.8141752481460571,0.0379864946007728,0.5926007986068725
RAUDen,poisson_1_gauss_0.2,1.0,0.2,sticks_048.tif,24.110971557512727,0.176703854487514,0.8168220520019531,0.0385163761675357,0.5918249323964119
RAUDen,poisson_1_gauss_0.2,1.0,0.2,sticks_050.tif,30.5058034987656,0.1497351588193105,0.7969849109649658,0.0370643101632595,0.6025523975491524
RAUDen,poisson_1_gauss_0.2,1.0,0.2,sticks_051.tif,29.83659814588125,0.1925880830802586,0.8277239799499512,0.0395426601171493,0.5783474922180176
RAUDen,poisson_1_gauss_0.2,1.0,0.2,sticks_053.tif,29.92692950201316,0.1860122415480791,0.8233544230461121,0.0390635691583156,0.5854641929268837
RAUDen,poisson_1_gauss_0.2,1.0,0.2,sticks_052.tif,30.064231173771372,0.178121009755919,0.820623517036438,0.0383513309061527,0.5832121923565865
RAUDen,poisson_1_gauss_0.2,1.0,0.2,sticks_054.tif,28.91522528537249,0.1597476369478133,0.8018673658370972,0.0373731292784214,0.5933755040168762
RAUDen,poisson_1_gauss_0.2,1.0,0.2,sticks_055.tif,27.333475655908398,0.182311620071539,0.8290563225746155,0.0392332710325717,0.5824173599481582
RAUDen,poisson_1_gauss_0.2,1.0,0.2,sticks_056.tif,25.244967816907184,0.169759816748299,0.8157058358192444,0.0382555350661277,0.5952591717243194
RAUDen,poisson_1_gauss_0.2,1.0,0.2,sticks_059.tif,29.520712204721107,0.1587034242310298,0.8035053014755249,0.037264097481966,0.5967087894678116
RAUDen,poisson_1_gauss_0.2,1.0,0.2,sticks_058.tif,24.142099383714,0.1778355145110596,0.8194162249565125,0.0383060276508331,0.5842629611492157
RAUDen,poisson_1_gauss_0.2,1.0,0.2,sticks_057.tif,23.99500271581023,0.1894674541797359,0.8276687860488892,0.0387977324426174,0.5856617942452431
RAUDen,poisson_1_gauss_0.2,1.0,0.2,sticks_060.tif,24.549397416929406,0.1567522379380826,0.8050076365470886,0.0373914651572704,0.5940836608409882
RAUDen,poisson_1_gauss_0.2,1.0,0.2,sticks_063.tif,25.568039425130962,0.1764040082106534,0.819487988948822,0.0388128943741321,0.5911291137337684
RAUDen,poisson_1_gauss_0.2,1.0,0.2,sticks_061.tif,23.785871085952675,0.1936263801983304,0.8309141993522644,0.0393601357936859,0.5846710681915284
RAUDen,poisson_1_gauss_0.2,1.0,0.2,sticks_062.tif,27.861972924010274,0.1536189099298311,0.8050479888916016,0.0375739634037017,0.5924816712737083
RAUDen,poisson_1_gauss_0.2,1.0,0.2,sticks_067.tif,25.43180678790774,0.185451787694368,0.8236132860183716,0.039077915251255,0.5915767133235932
RAUDen,poisson_1_gauss_0.2,1.0,0.2,sticks_066.tif,27.7267797254827,0.1795955012584994,0.8177483081817627,0.0382838658988475,0.5852783933281899
RAUDen,poisson_1_gauss_0.2,1.0,0.2,sticks_065.tif,24.86277156075069,0.1737213200778712,0.8228111863136292,0.0384420081973075,0.5838568389415741
RAUDen,poisson_1_gauss_0.2,1.0,0.2,sticks_068.tif,28.52667986033837,0.1629048637165798,0.8056153655052185,0.0377668365836143,0.6003041118383408
RAUDen,poisson_1_gauss_0.2,1.0,0.2,sticks_069.tif,27.4910771671614,0.1809324676619917,0.8244156837463379,0.0386722721159458,0.5901351243257522
RAUDen,poisson_1_gauss_0.2,1.0,0.2,sticks_064.tif,27.038956774035647,0.1667617700187866,0.8150731325149536,0.038295891135931,0.5918189570307731
RAUDen,poisson_1_gauss_0.2,1.0,0.2,sticks_070.tif,30.167234118061717,0.177049835082285,0.8166020512580872,0.0383520573377609,0.5957320854067802
RAUDen,poisson_1_gauss_0.2,1.0,0.2,sticks_071.tif,27.621325870270624,0.1790897823883412,0.819800615310669,0.0386243648827075,0.5886794313788414
RAUDen,poisson_1_gauss_0.2,1.0,0.2,sticks_072.tif,27.609994512110145,0.1565904815509851,0.8059455752372742,0.0373946763575077,0.5980562508106232
RAUDen,poisson_1_gauss_0.2,1.0,0.2,sticks_073.tif,24.85599702464767,0.1620416658455319,0.811384379863739,0.0379409044981002,0.5919943451881409
RAUDen,poisson_1_gauss_0.2,1.0,0.2,sticks_074.tif,30.299101129005987,0.1662700458804268,0.8046694993972778,0.0376115851104259,0.5948296621441841
RAUDen,poisson_1_gauss_0.2,1.0,0.2,sticks_075.tif,27.521374587940954,0.1860375737362627,0.8224968314170837,0.0385637283325195,0.5802279770374298
RAUDen,poisson_1_gauss_0.2,1.0,0.2,sticks_076.tif,24.09204234405753,0.1841538359532905,0.8254948854446411,0.0387602299451828,0.5945018947124481
RAUDen,poisson_1_gauss_0.2,1.0,0.2,sticks_077.tif,28.980252724041375,0.1861745802811342,0.8277435898780823,0.0389418080449104,0.5816883951425552
RAUDen,poisson_1_gauss_0.2,1.0,0.2,sticks_078.tif,24.199999381464053,0.1696580513260269,0.8167687654495239,0.0378062613308429,0.586581052839756
RAUDen,poisson_1_gauss_0.2,1.0,0.2,sticks_079.tif,28.29557706638449,0.1820506933143274,0.8229212760925293,0.0388495847582817,0.5884530216455459
RAUDen,poisson_1_gauss_0.2,1.0,0.2,sticks_080.tif,24.30483174879374,0.1964758602023538,0.8277797698974609,0.0393702760338783,0.5826288402080536
RAUDen,poisson_1_gauss_0.2,1.0,0.2,sticks_081.tif,23.87678328692625,0.1916835754524321,0.8257851600646973,0.0393084809184074,0.5902747884392738
RAUDen,poisson_1_gauss_0.2,1.0,0.2,sticks_082.tif,23.88910166669032,0.185975247690262,0.8284586668014526,0.039267424494028,0.591746523976326
RAUDen,poisson_1_gauss_0.2,1.0,0.2,sticks_084.tif,26.308767316897107,0.1800766738029844,0.8258503079414368,0.0387957170605659,0.5898131757974625
RAUDen,poisson_1_gauss_0.2,1.0,0.2,sticks_083.tif,24.31349212066457,0.169051467391084,0.8123573064804077,0.0376886203885078,0.5896737903356553
RAUDen,poisson_1_gauss_0.2,1.0,0.2,sticks_085.tif,25.221328085665238,0.1607992803772179,0.8139410614967346,0.0381686463952064,0.5826712340116501
RAUDen,poisson_1_gauss_0.2,1.0,0.2,sticks_086.tif,28.32506296995676,0.1717716860259693,0.8203647136688232,0.0382928773760795,0.5836745634675026
RAUDen,poisson_1_gauss_0.2,1.0,0.2,sticks_088.tif,27.705957844345164,0.1713419329606443,0.8148066997528076,0.0377306751906871,0.5842620432376862
RAUDen,poisson_1_gauss_0.2,1.0,0.2,sticks_087.tif,24.092112112345934,0.1741310634233357,0.8229615092277527,0.0384847596287727,0.5844057530164719
RAUDen,poisson_1_gauss_0.2,1.0,0.2,sticks_089.tif,27.34957202516785,0.1677391214692404,0.8116850852966309,0.0378522500395774,0.5975828409194947
RAUDen,poisson_1_gauss_0.2,1.0,0.2,sticks_090.tif,23.935747267702304,0.1806731577887359,0.8255579471588135,0.0387614518404006,0.5861824482679368
RAUDen,poisson_1_gauss_0.2,1.0,0.2,sticks_091.tif,29.548648370896977,0.1646032967888599,0.810632586479187,0.0371874198317527,0.5869949340820313
RAUDen,poisson_1_gauss_0.2,1.0,0.2,sticks_092.tif,30.131661955824505,0.1700992564477732,0.8175517916679382,0.0384113267064094,0.5881026864051819
RAUDen,poisson_1_gauss_0.2,1.0,0.2,sticks_093.tif,27.482881583022294,0.1924480838475202,0.8244920969009399,0.0394616052508354,0.5902815267443657
RAUDen,poisson_1_gauss_0.2,1.0,0.2,sticks_095.tif,23.544825557596823,0.1996437982545523,0.8310094475746155,0.0404377914965152,0.5714169070124626
RAUDen,poisson_1_gauss_0.2,1.0,0.2,sticks_096.tif,28.930768354910725,0.1863171141645972,0.8184499144554138,0.0390260927379131,0.5832566186785698
RAUDen,poisson_1_gauss_0.2,1.0,0.2,sticks_097.tif,25.85954152558982,0.178089095801038,0.8246109485626221,0.0386507958173751,0.5929345428943634
RAUDen,poisson_1_gauss_0.2,1.0,0.2,sticks_098.tif,24.435649177611417,0.1876674238764039,0.8260608315467834,0.0393756888806819,0.58191297352314
RAUDen,poisson_1_gauss_0.2,1.0,0.2,sticks_099.tif,26.410091791325964,0.1767333740449035,0.8223636150360107,0.0388868190348148,0.5910738095641136
RAUDen,poisson_1_gauss_0.2,1.0,0.2,sticks_094.tif,30.083171327343692,0.1756740089322694,0.8125337958335876,0.0380600281059742,0.5807548001408577
RAUDen,poisson_4_gauss_0.05,4.0,0.05,sticks_000.tif,35.53115323125399,0.9083168322925432,0.9701852798461914,0.0083098113536834,0.2059240997303277
RAUDen,poisson_4_gauss_0.05,4.0,0.05,sticks_001.tif,33.23697681763139,0.9100845792641564,0.9699026942253112,0.0100834732875227,0.2320401429664343
RAUDen,poisson_4_gauss_0.05,4.0,0.05,sticks_002.tif,37.31804254124677,0.9166050442810524,0.9725928902626038,0.0069777183234691,0.1843801331240683
RAUDen,poisson_4_gauss_0.05,4.0,0.05,sticks_003.tif,30.330951661922256,0.9133356061499752,0.9705573916435242,0.0082767298445105,0.2029989478178322
RAUDen,poisson_4_gauss_0.05,4.0,0.05,sticks_004.tif,31.289109522440032,0.9065506845881296,0.9670854210853576,0.0087814144790172,0.2124338291119784
RAUDen,poisson_4_gauss_0.05,4.0,0.05,sticks_005.tif,31.10003177150611,0.908940962036548,0.9696195125579834,0.0074129267595708,0.1963280062656849
RAUDen,poisson_4_gauss_0.05,4.0,0.05,sticks_007.tif,31.337756417151745,0.9083004074251676,0.9706016778945924,0.0093865673989057,0.2241711193230003
RAUDen,poisson_4_gauss_0.05,4.0,0.05,sticks_009.tif,37.2008362775603,0.9132109568942942,0.9711349010467528,0.0072842836380004,0.1936717976350337
RAUDen,poisson_4_gauss_0.05,4.0,0.05,sticks_008.tif,32.94472693035145,0.9061151990479712,0.9715760350227356,0.0093263834714889,0.2163827336858958
RAUDen,poisson_4_gauss_0.05,4.0,0.05,sticks_011.tif,29.775483542098264,0.9135846781199468,0.9700734615325928,0.0090362448245286,0.2079276592470705
RAUDen,poisson_4_gauss_0.05,4.0,0.05,sticks_006.tif,35.35219273640477,0.9140544125043224,0.97675883769989,0.007386056240648,0.205333747388795
RAUDen,poisson_4_gauss_0.05,4.0,0.05,sticks_010.tif,36.35983278498564,0.9073595515509182,0.9689251780509948,0.0083633977919816,0.2067811224143952
RAUDen,poisson_4_gauss_0.05,4.0,0.05,sticks_012.tif,36.093373674155586,0.9076356701036344,0.9687986373901368,0.0088977525010705,0.2190283935982734
RAUDen,poisson_4_gauss_0.05,4.0,0.05,sticks_016.tif,36.2530531290737,0.9139570655811784,0.9708260893821716,0.0082090869545936,0.2001703652087599
RAUDen,poisson_4_gauss_0.05,4.0,0.05,sticks_013.tif,32.2874921135893,0.9180621268505588,0.9725870490074158,0.008663697168231,0.2003695152699947
RAUDen,poisson_4_gauss_0.05,4.0,0.05,sticks_014.tif,31.135110150768085,0.902730134592861,0.9690809845924376,0.0078442804515361,0.2240840652957558
RAUDen,poisson_4_gauss_0.05,4.0,0.05,sticks_015.tif,34.091031379491845,0.9129683309548224,0.9739741683006288,0.0081885699182748,0.2060572450049221
RAUDen,poisson_4_gauss_0.05,4.0,0.05,sticks_018.tif,36.04250634704508,0.911955832947855,0.9696164727211,0.0087343752384185,0.2094073910266161
RAUDen,poisson_4_gauss_0.05,4.0,0.05,sticks_020.tif,29.976256846215097,0.9185396314045268,0.972642421722412,0.0086024226620793,0.2035068908706307
RAUDen,poisson_4_gauss_0.05,4.0,0.05,sticks_017.tif,32.979740068966635,0.9096078483029516,0.9710439443588256,0.0083860764279961,0.2144902261905372
RAUDen,poisson_4_gauss_0.05,4.0,0.05,sticks_019.tif,29.926283587307097,0.9149505285412136,0.9702459573745728,0.0086679942905902,0.1990839712787419
RAUDen,poisson_4_gauss_0.05,4.0,0.05,sticks_021.tif,36.26667394515574,0.9136300215082296,0.970097005367279,0.008271693252027,0.1987692090682685
RAUDen,poisson_4_gauss_0.05,4.0,0.05,sticks_022.tif,30.48366995298138,0.9099515891266992,0.9699274301528932,0.0081263948231935,0.2053217717912048
RAUDen,poisson_4_gauss_0.05,4.0,0.05,sticks_023.tif,35.4228245026996,0.9103126657537944,0.9698576331138612,0.009583949111402,0.2097503569442778
RAUDen,poisson_4_gauss_0.05,4.0,0.05,sticks_024.tif,36.67483413220501,0.9121766693438292,0.970715880393982,0.0080146361142396,0.2064003835897892
RAUDen,poisson_4_gauss_0.05,4.0,0.05,sticks_025.tif,35.79017691760737,0.911749352541192,0.9701452851295472,0.0089080817997455,0.2082152704242617
RAUDen,poisson_4_gauss_0.05,4.0,0.05,sticks_026.tif,32.37756391113674,0.9073861672142062,0.9692933559417723,0.0084463357925415,0.2071466594003141
RAUDen,poisson_4_gauss_0.05,4.0,0.05,sticks_027.tif,31.52582622413226,0.8991391868637072,0.965630829334259,0.0107541531324386,0.2480156440287828
RAUDen,poisson_4_gauss_0.05,4.0,0.05,sticks_028.tif,33.97268802458285,0.903151550191483,0.9683368802070618,0.0081311464309692,0.2034189658705145
RAUDen,poisson_4_gauss_0.05,4.0,0.05,sticks_029.tif,35.604176641547745,0.9080390257282572,0.9688847064971924,0.0094510288909077,0.2141888795886188
RAUDen,poisson_4_gauss_0.05,4.0,0.05,sticks_030.tif,30.738469358157225,0.9105779249390494,0.9677108526229858,0.0089377798140048,0.210807144222781
RAUDen,poisson_4_gauss_0.05,4.0,0.05,sticks_032.tif,29.91782169970753,0.9131958320782706,0.9686800837516784,0.0086681060492992,0.2021139054093509
RAUDen,poisson_4_gauss_0.05,4.0,0.05,sticks_031.tif,34.678090369524085,0.9032466916299026,0.967388153076172,0.0083732726052403,0.2160146831534803
RAUDen,poisson_4_gauss_0.05,4.0,0.05,sticks_033.tif,32.48311183051606,0.9109428115725184,0.9695701599121094,0.0091302338987588,0.2040802686940878
RAUDen,poisson_4_gauss_0.05,4.0,0.05,sticks_034.tif,31.33576781537397,0.9132769510990668,0.9717404842376708,0.008397745899856,0.2065890588797629
RAUDen,poisson_4_gauss_0.05,4.0,0.05,sticks_035.tif,32.015311579774135,0.9151965877720366,0.9701122045516968,0.0086692152544856,0.1978772671427577
RAUDen,poisson_4_gauss_0.05,4.0,0.05,sticks_036.tif,36.36524386589707,0.917609311613154,0.9747188687324524,0.0071218623779714,0.1824214620050042
RAUDen,poisson_4_gauss_0.05,4.0,0.05,sticks_037.tif,33.959721626908426,0.909629298394258,0.969573974609375,0.0084008984267711,0.2109535451978445
RAUDen,poisson_4_gauss_0.05,4.0,0.05,sticks_038.tif,31.30083743380001,0.905692762678016,0.9703724980354308,0.0074160499498248,0.2059052080381661
RAUDen,poisson_4_gauss_0.05,4.0,0.05,sticks_040.tif,29.758089521295584,0.9119513012332164,0.9692896008491516,0.0090780677273869,0.2018688437994569
RAUDen,poisson_4_gauss_0.05,4.0,0.05,sticks_039.tif,35.91801823883766,0.9130925578605306,0.9699756503105164,0.0084615284577012,0.206298225512728
RAUDen,poisson_4_gauss_0.05,4.0,0.05,sticks_041.tif,36.13146836500785,0.9124796610351688,0.9733160138130188,0.0076977736316621,0.1997718839440495
RAUDen,poisson_4_gauss_0.05,4.0,0.05,sticks_042.tif,33.89555190467706,0.9100034176334236,0.972463607788086,0.0074556618928909,0.2083156314212829
RAUDen,poisson_4_gauss_0.05,4.0,0.05,sticks_043.tif,35.53603352661791,0.9122834107330678,0.9692792296409608,0.0093101989477872,0.2092484905384481
RAUDen,poisson_4_gauss_0.05,4.0,0.05,sticks_044.tif,32.87224635193965,0.9116510473988926,0.9704967737197876,0.009084572084248,0.2022530328016728
RAUDen,poisson_4_gauss_0.05,4.0,0.05,sticks_045.tif,30.832623240673353,0.9136265995881117,0.971812069416046,0.0076196515001356,0.1990451895631849
RAUDen,poisson_4_gauss_0.05,4.0,0.05,sticks_046.tif,35.62785580914462,0.9055331383248216,0.9685466289520264,0.0075021334923803,0.2052709049079567
RAUDen,poisson_4_gauss_0.05,4.0,0.05,sticks_047.tif,37.27021551102787,0.9093600903524964,0.9699957966804504,0.0074077760800719,0.2001453523989766
RAUDen,poisson_4_gauss_0.05,4.0,0.05,sticks_049.tif,35.386045103985694,0.91447304299071,0.9717283844947816,0.0080875856801867,0.196153655136004
RAUDen,poisson_4_gauss_0.05,4.0,0.05,sticks_048.tif,30.27444887968537,0.9059649844370492,0.9693686962127686,0.0086664110422134,0.2132881775964051
RAUDen,poisson_4_gauss_0.05,4.0,0.05,sticks_050.tif,37.21885824211279,0.9115525477063108,0.9706870317459106,0.0073113776743412,0.2000294823665172
RAUDen,poisson_4_gauss_0.05,4.0,0.05,sticks_051.tif,32.637357447144204,0.9086415161591712,0.968832552433014,0.0095814121887087,0.217422789055854
RAUDen,poisson_4_gauss_0.05,4.0,0.05,sticks_053.tif,29.72175775846056,0.9133426066288832,0.9711666703224182,0.0091238962486386,0.2105453385040164
RAUDen,poisson_4_gauss_0.05,4.0,0.05,sticks_052.tif,33.73096138392282,0.9186601482159272,0.972647190093994,0.0083800908178091,0.190136962942779
RAUDen,poisson_4_gauss_0.05,4.0,0.05,sticks_054.tif,35.581393931382706,0.9095829063880814,0.9718888998031616,0.0076553905382752,0.1999620743095874
RAUDen,poisson_4_gauss_0.05,4.0,0.05,sticks_055.tif,32.46743961290519,0.9136929096957698,0.9701722860336304,0.0092560946941375,0.2109051447361707
RAUDen,poisson_4_gauss_0.05,4.0,0.05,sticks_056.tif,31.40972885144448,0.912107175412914,0.9708041548728944,0.0084489351138472,0.2047923122067004
RAUDen,poisson_4_gauss_0.05,4.0,0.05,sticks_059.tif,36.0505017737956,0.9080454275382496,0.9678751230239868,0.0074907951056957,0.20194101491943
RAUDen,poisson_4_gauss_0.05,4.0,0.05,sticks_058.tif,33.40436541031971,0.9111631079125854,0.970772385597229,0.0084226867184042,0.2112410088069737
RAUDen,poisson_4_gauss_0.05,4.0,0.05,sticks_057.tif,33.86722812251259,0.9125900652170004,0.9690924286842346,0.0088272662833333,0.2080783819779753
RAUDen,poisson_4_gauss_0.05,4.0,0.05,sticks_060.tif,36.20202313569394,0.9050187554525472,0.9685359001159668,0.0076257018372416,0.2074097016826272
RAUDen,poisson_4_gauss_0.05,4.0,0.05,sticks_063.tif,30.072679892728765,0.9046092666621872,0.967885971069336,0.0089842528104782,0.2134983719792217
RAUDen,poisson_4_gauss_0.05,4.0,0.05,sticks_061.tif,33.76389017006227,0.9126879280526512,0.9699840545654296,0.009354474954307,0.1994406535290181
RAUDen,poisson_4_gauss_0.05,4.0,0.05,sticks_062.tif,36.63440606859249,0.9183643074709142,0.973169445991516,0.0077103218063712,0.1913916616234928
RAUDen,poisson_4_gauss_0.05,4.0,0.05,sticks_067.tif,35.1832594359994,0.9063286850661396,0.9677557945251464,0.009164810180664,0.2079501956235617
RAUDen,poisson_4_gauss_0.05,4.0,0.05,sticks_066.tif,35.65370449396202,0.917085656425666,0.971583127975464,0.0083631081506609,0.1918151478748768
RAUDen,poisson_4_gauss_0.05,4.0,0.05,sticks_065.tif,31.230128125917034,0.9129995726094146,0.969538688659668,0.0084624644368886,0.2129079855978489
RAUDen,poisson_4_gauss_0.05,4.0,0.05,sticks_068.tif,30.930133703546772,0.904836109955306,0.97233909368515,0.0080616911873221,0.2162032097578048
RAUDen,poisson_4_gauss_0.05,4.0,0.05,sticks_069.tif,30.037748267738014,0.9081004200866112,0.968403935432434,0.0087965819984674,0.2200181907974183
RAUDen,poisson_4_gauss_0.05,4.0,0.05,sticks_064.tif,30.37017825752888,0.907230877301655,0.9708126187324524,0.0085174618288874,0.2077218247577548
RAUDen,poisson_4_gauss_0.05,4.0,0.05,sticks_070.tif,31.59524917744732,0.9056330536492636,0.9682869911193848,0.0084564704447984,0.2077024637255817
RAUDen,poisson_4_gauss_0.05,4.0,0.05,sticks_071.tif,35.77004982822073,0.9144971879277703,0.9712294936180116,0.0087111592292785,0.2063356739934533
RAUDen,poisson_4_gauss_0.05,4.0,0.05,sticks_072.tif,31.381446649446424,0.9051575197329708,0.969323754310608,0.0076773026958107,0.2012436251621693
RAUDen,poisson_4_gauss_0.05,4.0,0.05,sticks_073.tif,34.39774150472414,0.906994690993118,0.967793881893158,0.0081253182142972,0.2074595561716705
RAUDen,poisson_4_gauss_0.05,4.0,0.05,sticks_074.tif,33.91999503490423,0.9136806076146232,0.9717463254928588,0.0077178785577416,0.1879638130310922
RAUDen,poisson_4_gauss_0.05,4.0,0.05,sticks_075.tif,33.55048691598496,0.9171508799620288,0.9713794589042664,0.0085188895463943,0.1921807990875095
RAUDen,poisson_4_gauss_0.05,4.0,0.05,sticks_076.tif,33.30753283420269,0.9031854719659556,0.9677252173423768,0.0089388918131589,0.225545475166291
RAUDen,poisson_4_gauss_0.05,4.0,0.05,sticks_077.tif,34.60729021505463,0.9165499341299668,0.9714187383651732,0.0089743742719292,0.2007259510457515
RAUDen,poisson_4_gauss_0.05,4.0,0.05,sticks_078.tif,31.441186628305534,0.9184572689958058,0.9721181988716124,0.0078794909641146,0.1947488402016461
RAUDen,poisson_4_gauss_0.05,4.0,0.05,sticks_079.tif,30.366423906134916,0.9031013198582488,0.9669443964958192,0.0090224584564566,0.2178482753690332
RAUDen,poisson_4_gauss_0.05,4.0,0.05,sticks_080.tif,29.970492742385687,0.916444700094323,0.971500039100647,0.0093094808980822,0.2096013415139168
RAUDen,poisson_4_gauss_0.05,4.0,0.05,sticks_081.tif,30.568517702151066,0.908257953738613,0.9683003425598145,0.0093713458627462,0.2169816620182246
RAUDen,poisson_4_gauss_0.05,4.0,0.05,sticks_082.tif,33.48313023166249,0.9105303776747647,0.9693955183029176,0.0093698417767882,0.2239457165822386
RAUDen,poisson_4_gauss_0.05,4.0,0.05,sticks_084.tif,35.96357027948419,0.9101349079632928,0.9691502451896667,0.0089375469833612,0.220987831056118
RAUDen,poisson_4_gauss_0.05,4.0,0.05,sticks_083.tif,32.97208767093542,0.9080928843953212,0.968760907649994,0.0078534660860896,0.199278852622956
RAUDen,poisson_4_gauss_0.05,4.0,0.05,sticks_085.tif,30.325342050273388,0.9239238851581408,0.974930703639984,0.0080712176859378,0.189254027698189
RAUDen,poisson_4_gauss_0.05,4.0,0.05,sticks_086.tif,32.74003686000138,0.9223769182220878,0.9734373688697816,0.0083001367747783,0.1944107428658753
RAUDen,poisson_4_gauss_0.05,4.0,0.05,sticks_088.tif,34.59710720432633,0.9207208236912244,0.9739452004432678,0.0077199949882924,0.1797838611528277
RAUDen,poisson_4_gauss_0.05,4.0,0.05,sticks_087.tif,34.47626784091802,0.913119879246039,0.9711195230484008,0.0085810488089919,0.216241925721988
RAUDen,poisson_4_gauss_0.05,4.0,0.05,sticks_089.tif,33.626269290820844,0.9088149727182412,0.9704486131668092,0.0080385785549879,0.2016829876229167
RAUDen,poisson_4_gauss_0.05,4.0,0.05,sticks_090.tif,29.977476036731293,0.917294089097323,0.9715415835380554,0.0087991002947092,0.1971428389195352
RAUDen,poisson_4_gauss_0.05,4.0,0.05,sticks_091.tif,30.90112804723413,0.9183937143803982,0.972317397594452,0.0073180310428142,0.1788342463318258
RAUDen,poisson_4_gauss_0.05,4.0,0.05,sticks_092.tif,36.23793995897357,0.9118967622118274,0.970226526260376,0.0086418520659208,0.2136671013198793
RAUDen,poisson_4_gauss_0.05,4.0,0.05,sticks_093.tif,34.997906231548384,0.9056597299968122,0.967820167541504,0.009555010125041,0.2192601441871375
RAUDen,poisson_4_gauss_0.05,4.0,0.05,sticks_095.tif,30.42658354180281,0.9145335774478596,0.9703702330589294,0.0103906951844692,0.2175845203921199
RAUDen,poisson_4_gauss_0.05,4.0,0.05,sticks_096.tif,33.43593817153278,0.9112927865563102,0.970117449760437,0.0091091208159923,0.2063826161436736
RAUDen,poisson_4_gauss_0.05,4.0,0.05,sticks_097.tif,31.663563006314067,0.9071253730312486,0.969193696975708,0.0087774898856878,0.2071162770502269
RAUDen,poisson_4_gauss_0.05,4.0,0.05,sticks_098.tif,29.46224149413976,0.9133734931769744,0.9710683226585388,0.0093947472050786,0.2053401494398713
RAUDen,poisson_4_gauss_0.05,4.0,0.05,sticks_099.tif,35.3642359372071,0.9087192493879152,0.969275176525116,0.0089714806526899,0.2162342503201216
RAUDen,poisson_4_gauss_0.05,4.0,0.05,sticks_094.tif,36.120147164264765,0.9176585596303412,0.9713916778564452,0.008021093904972,0.1851042430847883
RAUDen,poisson_4_gauss_0.1,4.0,0.1,sticks_000.tif,35.718754726853604,0.7602252276973779,0.9632094502449036,0.0120567884296178,0.3560400009155273
RAUDen,poisson_4_gauss_0.1,4.0,0.1,sticks_001.tif,31.162239783305687,0.7729896599901352,0.9639610052108764,0.0136874513700604,0.3591093264520168
RAUDen,poisson_4_gauss_0.1,4.0,0.1,sticks_002.tif,36.28214486422115,0.7442222283404372,0.9646156430244446,0.0110520990565419,0.3584278412163257
RAUDen,poisson_4_gauss_0.1,4.0,0.1,sticks_003.tif,32.908884868517475,0.765798939899055,0.9640567898750304,0.0120274703949689,0.3494164265692234
RAUDen,poisson_4_gauss_0.1,4.0,0.1,sticks_004.tif,33.078645602292355,0.7646411699095457,0.9614711999893188,0.0125079099088907,0.3556723229587078
RAUDen,poisson_4_gauss_0.1,4.0,0.1,sticks_005.tif,36.22724349597513,0.7550911166185915,0.9620361328125,0.0112373223528265,0.3544532053172588
RAUDen,poisson_4_gauss_0.1,4.0,0.1,sticks_007.tif,35.02181886026111,0.7629901233921759,0.9634657502174376,0.0130860703065991,0.3688183605670929
RAUDen,poisson_4_gauss_0.1,4.0,0.1,sticks_009.tif,32.7031490209845,0.7495956820857934,0.9638242721557616,0.0112767498940229,0.3527286507189274
RAUDen,poisson_4_gauss_0.1,4.0,0.1,sticks_008.tif,31.006802409717498,0.763367290589192,0.961651086807251,0.0129166413098573,0.3645446211099624
RAUDen,poisson_4_gauss_0.1,4.0,0.1,sticks_011.tif,31.809689709301207,0.7701094265963828,0.964176058769226,0.0127387074753642,0.353304136544466
RAUDen,poisson_4_gauss_0.1,4.0,0.1,sticks_006.tif,32.94087185912066,0.7567107052248322,0.9638679027557372,0.0110621619969606,0.3570678912103176
RAUDen,poisson_4_gauss_0.1,4.0,0.1,sticks_010.tif,32.948047779906055,0.7604274028089875,0.9618669152259828,0.0121311657130718,0.3606430403888225
RAUDen,poisson_4_gauss_0.1,4.0,0.1,sticks_012.tif,35.302516801206906,0.7624876528251912,0.9626181125640868,0.0125927403569221,0.3580589614808559
RAUDen,poisson_4_gauss_0.1,4.0,0.1,sticks_016.tif,32.33401412397004,0.7649046001835027,0.9639126062393188,0.0120118195191025,0.3448156848549842
RAUDen,poisson_4_gauss_0.1,4.0,0.1,sticks_013.tif,29.7015919791299,0.7700502043766401,0.9654806852340698,0.0124111864715814,0.3381540007889271
RAUDen,poisson_4_gauss_0.1,4.0,0.1,sticks_014.tif,33.25828824130886,0.7465485581520769,0.9615586996078492,0.0116665083914995,0.3730251796543598
RAUDen,poisson_4_gauss_0.1,4.0,0.1,sticks_015.tif,29.708916744812846,0.7638661092977828,0.9629778265953064,0.011841457337141,0.3459561482071877
RAUDen,poisson_4_gauss_0.1,4.0,0.1,sticks_018.tif,34.93105310540798,0.7609470714617327,0.9646373391151428,0.0125595703721046,0.3545942150056362
RAUDen,poisson_4_gauss_0.1,4.0,0.1,sticks_020.tif,32.564526563926705,0.7677450605383426,0.9650113582611084,0.0123652024194598,0.3467422924935818
RAUDen,poisson_4_gauss_0.1,4.0,0.1,sticks_017.tif,32.948242609364456,0.7570055194649548,0.9633981585502625,0.0121781677007675,0.3603014200925827
RAUDen,poisson_4_gauss_0.1,4.0,0.1,sticks_019.tif,32.670169978128,0.7673261168154458,0.9633869528770448,0.0124305039644241,0.344806919246912
RAUDen,poisson_4_gauss_0.1,4.0,0.1,sticks_021.tif,30.105641841240985,0.7640559393559574,0.9637799263000488,0.0120504554361104,0.3479992263019085
RAUDen,poisson_4_gauss_0.1,4.0,0.1,sticks_022.tif,34.604923126413766,0.7486315701546926,0.9640074372291564,0.0121621526777744,0.3624203160405159
RAUDen,poisson_4_gauss_0.1,4.0,0.1,sticks_023.tif,30.7416227053633,0.7719370001364794,0.9632464051246644,0.0132814962416887,0.3518866769969463
RAUDen,poisson_4_gauss_0.1,4.0,0.1,sticks_024.tif,29.86912399127472,0.7609437924641532,0.963427186012268,0.0117773227393627,0.3596000254154205
RAUDen,poisson_4_gauss_0.1,4.0,0.1,sticks_025.tif,35.10373476582834,0.7693268321666358,0.96406489610672,0.0126514583826065,0.3476798444986343
RAUDen,poisson_4_gauss_0.1,4.0,0.1,sticks_026.tif,35.70758459103543,0.759277639422445,0.9628593921661376,0.0121492892503738,0.3582488141953945
RAUDen,poisson_4_gauss_0.1,4.0,0.1,sticks_027.tif,28.55679958803588,0.7693893233452128,0.96009761095047,0.0143193630501627,0.3684356935322285
RAUDen,poisson_4_gauss_0.1,4.0,0.1,sticks_028.tif,29.934577004876907,0.756726055694974,0.9619050621986388,0.0118904542177915,0.3620165705680847
RAUDen,poisson_4_gauss_0.1,4.0,0.1,sticks_029.tif,34.46665480619539,0.7668686369508189,0.9622735381126404,0.0130999237298965,0.3614513412117958
RAUDen,poisson_4_gauss_0.1,4.0,0.1,sticks_030.tif,30.621989150308917,0.7657827436346549,0.9618365168571472,0.0126663520932197,0.3509573057293892
RAUDen,poisson_4_gauss_0.1,4.0,0.1,sticks_032.tif,29.256639836195685,0.7682739770206151,0.962364137172699,0.0124014411121606,0.3500892475247383
RAUDen,poisson_4_gauss_0.1,4.0,0.1,sticks_031.tif,33.08225622778355,0.7579290192459907,0.9612509608268738,0.0120826251804828,0.3605452142655849
RAUDen,poisson_4_gauss_0.1,4.0,0.1,sticks_033.tif,33.29092655906247,0.7686529801985117,0.962024986743927,0.0128209814429283,0.3555219523608685
RAUDen,poisson_4_gauss_0.1,4.0,0.1,sticks_034.tif,31.627346811798667,0.7629057523948742,0.9644603729248048,0.0121317598968744,0.350209541618824
RAUDen,poisson_4_gauss_0.1,4.0,0.1,sticks_035.tif,35.225468426360514,0.7684732884255512,0.9641740322113036,0.0124211059883236,0.3420227475464344
RAUDen,poisson_4_gauss_0.1,4.0,0.1,sticks_036.tif,30.91153806250979,0.7583147746172896,0.964832842350006,0.0109663931652903,0.3443310834467411
RAUDen,poisson_4_gauss_0.1,4.0,0.1,sticks_037.tif,30.206559559507212,0.7620812256418867,0.9623281955718994,0.0121336365118622,0.3584048673510551
RAUDen,poisson_4_gauss_0.1,4.0,0.1,sticks_038.tif,36.422079659175324,0.750834296412385,0.9625450372695924,0.0111853880807757,0.3605892285704613
RAUDen,poisson_4_gauss_0.1,4.0,0.1,sticks_040.tif,35.09751941922686,0.768895754880847,0.9626808762550354,0.0127892894670367,0.3519594959914684
RAUDen,poisson_4_gauss_0.1,4.0,0.1,sticks_039.tif,29.402483926824388,0.7646633146983166,0.963841199874878,0.0122146811336278,0.3541420675814152
RAUDen,poisson_4_gauss_0.1,4.0,0.1,sticks_041.tif,35.24327801744781,0.7580034517074791,0.9639379382133484,0.0114250387996435,0.351026551425457
RAUDen,poisson_4_gauss_0.1,4.0,0.1,sticks_042.tif,30.773901255907727,0.7528935813479578,0.9625197649002076,0.0111777996644377,0.3528443850576878
RAUDen,poisson_4_gauss_0.1,4.0,0.1,sticks_043.tif,34.91902037120457,0.7714649007740246,0.9637356996536256,0.0129923895001411,0.3503452196717262
RAUDen,poisson_4_gauss_0.1,4.0,0.1,sticks_044.tif,34.171578268251736,0.769415384933552,0.9636651873588562,0.0128161581233143,0.3499536849558353
RAUDen,poisson_4_gauss_0.1,4.0,0.1,sticks_045.tif,31.275262215011224,0.7570534913822327,0.9628356695175172,0.01137534994632,0.3507811523973941
RAUDen,poisson_4_gauss_0.1,4.0,0.1,sticks_046.tif,30.329033781553953,0.7096166947035782,0.962937355041504,0.0123595325276255,0.3842654176056385
RAUDen,poisson_4_gauss_0.1,4.0,0.1,sticks_047.tif,36.25049464905696,0.7452911590970878,0.963106095790863,0.0114071033895015,0.3648311674594879
RAUDen,poisson_4_gauss_0.1,4.0,0.1,sticks_049.tif,32.73544952445623,0.7618861561316793,0.9641666412353516,0.0118683287873864,0.3519557513296604
RAUDen,poisson_4_gauss_0.1,4.0,0.1,sticks_048.tif,35.552999876742064,0.7630066767018,0.9629532694816588,0.0123669635504484,0.3567001990973949
RAUDen,poisson_4_gauss_0.1,4.0,0.1,sticks_050.tif,36.34977928975751,0.7544876757806339,0.9629746079444884,0.0111071299761533,0.3624735556542873
RAUDen,poisson_4_gauss_0.1,4.0,0.1,sticks_051.tif,32.913670623669454,0.7705758859972391,0.9626560807228088,0.0132312821224331,0.3472457572817802
RAUDen,poisson_4_gauss_0.1,4.0,0.1,sticks_053.tif,35.08197896690267,0.770121307180766,0.9645857214927672,0.0128088127821683,0.3502198211848736
RAUDen,poisson_4_gauss_0.1,4.0,0.1,sticks_052.tif,35.32309951505971,0.7682690018646694,0.9651063680648804,0.0121639715507626,0.3409803926944733
RAUDen,poisson_4_gauss_0.1,4.0,0.1,sticks_054.tif,30.290360173626055,0.754283719325663,0.9605579972267152,0.0113915828987956,0.3551742792129516
RAUDen,poisson_4_gauss_0.1,4.0,0.1,sticks_055.tif,32.67807051471975,0.769327032477236,0.9640132188796996,0.0129383774474263,0.349182479083538
RAUDen,poisson_4_gauss_0.1,4.0,0.1,sticks_056.tif,29.864711281490997,0.7627668291853147,0.9640375971794128,0.0121773649007081,0.3561429254710674
RAUDen,poisson_4_gauss_0.1,4.0,0.1,sticks_059.tif,30.811217767395213,0.75294604014505,0.9616264700889589,0.0113181453198194,0.3578406520187854
RAUDen,poisson_4_gauss_0.1,4.0,0.1,sticks_058.tif,29.54473522050711,0.7634514141779064,0.963671088218689,0.0121834808960556,0.3481672301888466
RAUDen,poisson_4_gauss_0.1,4.0,0.1,sticks_057.tif,31.574642668821205,0.7657007174509871,0.9644178152084352,0.0126806320622563,0.3552456699311733
RAUDen,poisson_4_gauss_0.1,4.0,0.1,sticks_060.tif,32.511031143217096,0.7513147878157933,0.962369740009308,0.0114058088511228,0.35991320759058
RAUDen,poisson_4_gauss_0.1,4.0,0.1,sticks_063.tif,33.852971795248784,0.7613984139656578,0.9620386958122252,0.012663297355175,0.3576633065938949
RAUDen,poisson_4_gauss_0.1,4.0,0.1,sticks_061.tif,28.780677626331883,0.7733785282827466,0.963917911052704,0.013048174791038,0.3480166845023632
RAUDen,poisson_4_gauss_0.1,4.0,0.1,sticks_062.tif,35.63715517160694,0.757599423777628,0.9642890691757202,0.0115083940327167,0.3492167823016643
RAUDen,poisson_4_gauss_0.1,4.0,0.1,sticks_067.tif,29.785664129261942,0.7645881757466874,0.9618735909461976,0.0128753427416086,0.3576064579188823
RAUDen,poisson_4_gauss_0.1,4.0,0.1,sticks_066.tif,29.547063422401102,0.7675426864105183,0.9643526673316956,0.012157754972577,0.3441975057125092
RAUDen,poisson_4_gauss_0.1,4.0,0.1,sticks_065.tif,35.1803441297283,0.7640903571526155,0.9633984565734864,0.0122269736602902,0.3507999919354915
RAUDen,poisson_4_gauss_0.1,4.0,0.1,sticks_068.tif,32.169281314259294,0.7513734642935865,0.9630241990089417,0.0118248490616679,0.3680980496108532
RAUDen,poisson_4_gauss_0.1,4.0,0.1,sticks_069.tif,31.560816653468976,0.764710849067327,0.9622660875320436,0.012512132525444,0.3580357223749161
RAUDen,poisson_4_gauss_0.1,4.0,0.1,sticks_064.tif,32.98953475883818,0.7580722086991257,0.9619994759559632,0.0121952295303344,0.3583217151463032
RAUDen,poisson_4_gauss_0.1,4.0,0.1,sticks_070.tif,35.6022553458113,0.7597186509938231,0.9627358317375184,0.0122271720319986,0.3610547497868538
RAUDen,poisson_4_gauss_0.1,4.0,0.1,sticks_071.tif,35.33768736098321,0.7676227951635638,0.963884174823761,0.0124587435275316,0.3520347915589809
RAUDen,poisson_4_gauss_0.1,4.0,0.1,sticks_072.tif,33.35673578606501,0.7532018263494196,0.9618327617645264,0.0114400396123528,0.358880140632391
RAUDen,poisson_4_gauss_0.1,4.0,0.1,sticks_073.tif,31.601879199293784,0.7574135966257758,0.9615143537521362,0.0118679841980338,0.356151407957077
RAUDen,poisson_4_gauss_0.1,4.0,0.1,sticks_074.tif,29.89111880470393,0.7605145855802119,0.9631769061088562,0.0115149365738034,0.3519575044512749
RAUDen,poisson_4_gauss_0.1,4.0,0.1,sticks_075.tif,30.890056075971934,0.7705770870807318,0.9646077156066896,0.01226014085114,0.3380424477159977
RAUDen,poisson_4_gauss_0.1,4.0,0.1,sticks_076.tif,29.4892169143506,0.7618850018798503,0.9621565937995912,0.0126293841749429,0.3646179862320423
RAUDen,poisson_4_gauss_0.1,4.0,0.1,sticks_077.tif,31.42328936453599,0.7736102669519576,0.964645266532898,0.0126740159466862,0.3442662015557289
RAUDen,poisson_4_gauss_0.1,4.0,0.1,sticks_078.tif,35.59429844489208,0.7640629926112346,0.9648033380508424,0.0117254937067627,0.3460242591798305
RAUDen,poisson_4_gauss_0.1,4.0,0.1,sticks_079.tif,33.49509645018904,0.7629494961668015,0.9615549445152284,0.0126968156546354,0.3571988731622696
RAUDen,poisson_4_gauss_0.1,4.0,0.1,sticks_080.tif,31.817636787273656,0.7744691687142328,0.9648260474205016,0.0130054373294115,0.3460790798068046
RAUDen,poisson_4_gauss_0.1,4.0,0.1,sticks_081.tif,32.66694163439519,0.7684208074237736,0.962202787399292,0.0130720231682062,0.3574872829020023
RAUDen,poisson_4_gauss_0.1,4.0,0.1,sticks_082.tif,34.29839048816417,0.7692140054953589,0.9631365537643432,0.0130530195310711,0.3598281107842922
RAUDen,poisson_4_gauss_0.1,4.0,0.1,sticks_084.tif,35.27467510103715,0.7649501999765972,0.9631027579307556,0.012652026489377,0.3589856207370758
RAUDen,poisson_4_gauss_0.1,4.0,0.1,sticks_083.tif,32.57695990237328,0.7567741488106748,0.9629054069519044,0.0117128323763608,0.3557291202247142
RAUDen,poisson_4_gauss_0.1,4.0,0.1,sticks_085.tif,35.186533224459346,0.7686834273328299,0.9666485786437988,0.0118626784533262,0.3395408652722835
RAUDen,poisson_4_gauss_0.1,4.0,0.1,sticks_086.tif,31.399421850853727,0.7702972787989023,0.9663925766944884,0.0120816947892308,0.3409112632274628
RAUDen,poisson_4_gauss_0.1,4.0,0.1,sticks_088.tif,29.79963727382229,0.7677154303441925,0.966039538383484,0.0115355430170893,0.3378564059734344
RAUDen,poisson_4_gauss_0.1,4.0,0.1,sticks_087.tif,33.93427823996299,0.7649052888721619,0.964786410331726,0.0123101640492677,0.3526609778404236
RAUDen,poisson_4_gauss_0.1,4.0,0.1,sticks_089.tif,29.82268801244182,0.7583974688404597,0.9633660912513732,0.0118124689906835,0.356373143941164
RAUDen,poisson_4_gauss_0.1,4.0,0.1,sticks_090.tif,29.0676888133477,0.771336770380667,0.9650079011917114,0.0125270094722509,0.3459229543805122
RAUDen,poisson_4_gauss_0.1,4.0,0.1,sticks_091.tif,34.21723518897496,0.7609304321480886,0.9643672704696656,0.0111686512827873,0.3414739340543747
RAUDen,poisson_4_gauss_0.1,4.0,0.1,sticks_092.tif,29.501148710640287,0.7636295394142252,0.9631446599960328,0.0123537629842758,0.354362715780735
RAUDen,poisson_4_gauss_0.1,4.0,0.1,sticks_093.tif,30.148720815228398,0.7684688525594943,0.9619588255882264,0.013202866539359,0.3589770689606666
RAUDen,poisson_4_gauss_0.1,4.0,0.1,sticks_095.tif,32.81440065320551,0.7777069325792872,0.964319348335266,0.0140056814998388,0.3426140457391738
RAUDen,poisson_4_gauss_0.1,4.0,0.1,sticks_096.tif,29.48789730975084,0.7675733732678404,0.9632456302642822,0.0127987768501043,0.3459888823330402
RAUDen,poisson_4_gauss_0.1,4.0,0.1,sticks_097.tif,31.12853816540069,0.7623377100311173,0.9628159403800964,0.0125041557475924,0.3572088643908501
RAUDen,poisson_4_gauss_0.1,4.0,0.1,sticks_098.tif,33.972063097551775,0.772443720390602,0.964603841304779,0.0130740907043218,0.345941524207592
RAUDen,poisson_4_gauss_0.1,4.0,0.1,sticks_099.tif,32.64645597266895,0.76306786210517,0.9629877209663392,0.0126742022112011,0.3563921347260475
RAUDen,poisson_4_gauss_0.1,4.0,0.1,sticks_094.tif,29.595074948485422,0.7676840402933657,0.9636206030845642,0.0118261873722076,0.3369938999414444
RAUDen,poisson_4_gauss_0.2,4.0,0.2,sticks_000.tif,30.070717320190013,0.1927736651190013,0.8205596208572388,0.0356913916766643,0.5901470527052879
RAUDen,poisson_4_gauss_0.2,4.0,0.2,sticks_001.tif,24.733160057786478,0.2208527525453358,0.8412214517593384,0.0370035581290721,0.5805924713611603
RAUDen,poisson_4_gauss_0.2,4.0,0.2,sticks_002.tif,27.983246939367568,0.1657930875976561,0.8085396885871887,0.0348306223750114,0.5975824534893036
RAUDen,poisson_4_gauss_0.2,4.0,0.2,sticks_003.tif,31.02653496148787,0.1994585648694965,0.8219782114028931,0.0357722267508506,0.5848559305071831
RAUDen,poisson_4_gauss_0.2,4.0,0.2,sticks_004.tif,29.16022175193407,0.2113506173426872,0.8323097229003906,0.0360734239220619,0.5879739463329315
RAUDen,poisson_4_gauss_0.2,4.0,0.2,sticks_005.tif,29.038529444693037,0.1810422579696546,0.8090360760688782,0.035048346966505,0.5933462128043174
RAUDen,poisson_4_gauss_0.2,4.0,0.2,sticks_007.tif,26.90445022146066,0.2075722629849319,0.8347128033638,0.0364515781402587,0.5943973138928413
RAUDen,poisson_4_gauss_0.2,4.0,0.2,sticks_009.tif,30.138260947260186,0.1762772743676377,0.8111976385116577,0.0349520221352577,0.5877775833010673
RAUDen,poisson_4_gauss_0.2,4.0,0.2,sticks_008.tif,29.728794894357176,0.2105468105977052,0.8288862705230713,0.0363516248762607,0.5937114864587784
RAUDen,poisson_4_gauss_0.2,4.0,0.2,sticks_011.tif,30.86518759311931,0.2083978753321046,0.8362740874290466,0.0362919233739376,0.5892700731754303
RAUDen,poisson_4_gauss_0.2,4.0,0.2,sticks_006.tif,31.244083540110136,0.1782274740456339,0.8093491792678833,0.0349511355161666,0.5970984771847725
RAUDen,poisson_4_gauss_0.2,4.0,0.2,sticks_010.tif,27.747856987519775,0.196041976713737,0.8212036490440369,0.0357550606131553,0.5927977040410042
RAUDen,poisson_4_gauss_0.2,4.0,0.2,sticks_012.tif,27.227131919195795,0.1990228518060741,0.8274887204170227,0.0360894873738288,0.5925351113080979
RAUDen,poisson_4_gauss_0.2,4.0,0.2,sticks_016.tif,27.090101285085545,0.1965288083616192,0.8223311901092529,0.0357612818479537,0.5842383176088333
RAUDen,poisson_4_gauss_0.2,4.0,0.2,sticks_013.tif,30.673833958408206,0.2052523090356438,0.8312159180641174,0.0360987223684787,0.5737681090831757
RAUDen,poisson_4_gauss_0.2,4.0,0.2,sticks_014.tif,30.97990899084673,0.1698894306488623,0.8065903782844543,0.0364515334367752,0.6080606654286385
RAUDen,poisson_4_gauss_0.2,4.0,0.2,sticks_015.tif,27.344934110053067,0.1986344605225044,0.8287911415100098,0.0355750545859336,0.5818647772073746
RAUDen,poisson_4_gauss_0.2,4.0,0.2,sticks_018.tif,29.963993873289166,0.2013744901398176,0.832405686378479,0.035990085452795,0.5835110604763031
RAUDen,poisson_4_gauss_0.2,4.0,0.2,sticks_020.tif,30.91637692121108,0.1975973527400373,0.8234333395957947,0.035996951162815,0.5863136067986489
RAUDen,poisson_4_gauss_0.2,4.0,0.2,sticks_017.tif,26.06793265385057,0.1924388598517517,0.8218693137168884,0.0356709249317646,0.589945237338543
RAUDen,poisson_4_gauss_0.2,4.0,0.2,sticks_019.tif,28.178379497723096,0.2045066803236562,0.8339366912841797,0.0361240394413471,0.5813964605331421
RAUDen,poisson_4_gauss_0.2,4.0,0.2,sticks_021.tif,27.44788309718587,0.1980282870042702,0.8259793519973755,0.0358060672879219,0.5872396335005761
RAUDen,poisson_4_gauss_0.2,4.0,0.2,sticks_022.tif,25.08826467952152,0.1879069143553165,0.8184463381767273,0.0355908125638961,0.590863536298275
RAUDen,poisson_4_gauss_0.2,4.0,0.2,sticks_023.tif,28.05436408653904,0.217213555344756,0.8386051654815674,0.0367769934237003,0.5851752027869225
RAUDen,poisson_4_gauss_0.2,4.0,0.2,sticks_024.tif,28.963543796965638,0.1880311004405275,0.8163452744483948,0.0354845598340034,0.5982385650277138
RAUDen,poisson_4_gauss_0.2,4.0,0.2,sticks_025.tif,27.395970838643542,0.2109987670355187,0.8362045884132385,0.036254983395338,0.5822048604488372
RAUDen,poisson_4_gauss_0.2,4.0,0.2,sticks_026.tif,29.40235337270519,0.1884693013931544,0.8151700496673584,0.0357506722211837,0.5955740302801132
RAUDen,poisson_4_gauss_0.2,4.0,0.2,sticks_027.tif,25.512500662292975,0.231726039117656,0.8469319343566895,0.0374224409461021,0.5880204483866691
RAUDen,poisson_4_gauss_0.2,4.0,0.2,sticks_028.tif,27.75791814641909,0.1880917052873188,0.8146505951881409,0.0359924212098121,0.6019004330039024
RAUDen,poisson_4_gauss_0.2,4.0,0.2,sticks_029.tif,26.507085711156652,0.2089029279761541,0.8278555274009705,0.0365261919796466,0.5930239602923393
RAUDen,poisson_4_gauss_0.2,4.0,0.2,sticks_030.tif,30.883521295417232,0.2043835180162264,0.8300499320030212,0.0362720414996147,0.5859899446368217
RAUDen,poisson_4_gauss_0.2,4.0,0.2,sticks_032.tif,26.417886443188046,0.2094070681480858,0.8306618332862854,0.0361023470759391,0.5842293187975883
RAUDen,poisson_4_gauss_0.2,4.0,0.2,sticks_031.tif,30.351236978930856,0.1903632470610837,0.8174580931663513,0.035682164132595,0.592958328127861
RAUDen,poisson_4_gauss_0.2,4.0,0.2,sticks_033.tif,30.842387662031115,0.2082236469956274,0.8202351927757263,0.0364103242754936,0.5913176849484444
RAUDen,poisson_4_gauss_0.2,4.0,0.2,sticks_034.tif,26.496926813099158,0.1895796204079262,0.819796621799469,0.0357334092259407,0.586458669602871
RAUDen,poisson_4_gauss_0.2,4.0,0.2,sticks_035.tif,30.79625377339869,0.2041574023818857,0.8344412446022034,0.0360996946692466,0.5797810614109039
RAUDen,poisson_4_gauss_0.2,4.0,0.2,sticks_036.tif,31.254093877223397,0.1753309811342558,0.8051471710205078,0.0348739139735698,0.589332039654255
RAUDen,poisson_4_gauss_0.2,4.0,0.2,sticks_037.tif,27.840808322180035,0.1931078610995668,0.8139835596084595,0.0357627980411052,0.5925512433052063
RAUDen,poisson_4_gauss_0.2,4.0,0.2,sticks_038.tif,25.25866831309603,0.1707778164025324,0.8078057765960693,0.0351262278854846,0.5990406066179276
RAUDen,poisson_4_gauss_0.2,4.0,0.2,sticks_040.tif,24.855688961103112,0.2083209995001288,0.8324872851371765,0.036374244838953,0.5886090040206909
RAUDen,poisson_4_gauss_0.2,4.0,0.2,sticks_039.tif,27.74776063434794,0.1960909999355242,0.8303687572479248,0.0359489098191261,0.5910960465669632
RAUDen,poisson_4_gauss_0.2,4.0,0.2,sticks_041.tif,27.404622366781336,0.1804832020299069,0.817314088344574,0.03518508374691,0.5902613684535026
RAUDen,poisson_4_gauss_0.2,4.0,0.2,sticks_042.tif,29.076974274115997,0.1741003178364258,0.807021975517273,0.0352640748023986,0.5929128229618073
RAUDen,poisson_4_gauss_0.2,4.0,0.2,sticks_043.tif,28.72296393062729,0.2128248671222466,0.8402387499809265,0.0365671142935752,0.5837133318185806
RAUDen,poisson_4_gauss_0.2,4.0,0.2,sticks_044.tif,24.916847869936777,0.21314466734227,0.8288092017173767,0.0363974422216415,0.5833360612392425
RAUDen,poisson_4_gauss_0.2,4.0,0.2,sticks_045.tif,31.19449911147149,0.1783018193550634,0.8207764029502869,0.0351496338844299,0.5914398610591889
RAUDen,poisson_4_gauss_0.2,4.0,0.2,sticks_046.tif,25.141309883379563,0.1714126285164162,0.8029584884643555,0.0356786251068115,0.5998358488082886
RAUDen,poisson_4_gauss_0.2,4.0,0.2,sticks_047.tif,28.341848312618254,0.1714708278757137,0.8044807314872742,0.035019427537918,0.5985260501503944
RAUDen,poisson_4_gauss_0.2,4.0,0.2,sticks_049.tif,30.088369659699907,0.1878067124141044,0.8215001225471497,0.0356535837054252,0.5938483625650406
RAUDen,poisson_4_gauss_0.2,4.0,0.2,sticks_048.tif,25.02486523018848,0.1998256570437669,0.8240654468536377,0.0359148196876049,0.5921496391296387
RAUDen,poisson_4_gauss_0.2,4.0,0.2,sticks_050.tif,29.17220377759364,0.1692653764179744,0.8036908507347107,0.0349540561437606,0.6042793065309524
RAUDen,poisson_4_gauss_0.2,4.0,0.2,sticks_051.tif,27.26554561169223,0.2170469210049881,0.8362215161323547,0.0366712212562561,0.5750997737050056
RAUDen,poisson_4_gauss_0.2,4.0,0.2,sticks_053.tif,27.841853230049235,0.2091441177131398,0.831638753414154,0.0363622680306434,0.5824659258127213
RAUDen,poisson_4_gauss_0.2,4.0,0.2,sticks_052.tif,24.918686151302705,0.1987322006336123,0.8276591300964355,0.0359705984592437,0.5807111978530883
RAUDen,poisson_4_gauss_0.2,4.0,0.2,sticks_054.tif,30.679270177515836,0.1802125602218758,0.8087471723556519,0.0352143570780754,0.5941064357757568
RAUDen,poisson_4_gauss_0.2,4.0,0.2,sticks_055.tif,27.782601158939258,0.2047629195611708,0.8366971611976624,0.0364833921194076,0.5833657860755921
RAUDen,poisson_4_gauss_0.2,4.0,0.2,sticks_056.tif,30.549418571383903,0.1908079347074303,0.822003960609436,0.035826526582241,0.5955152168869973
RAUDen,poisson_4_gauss_0.2,4.0,0.2,sticks_059.tif,30.05814785330391,0.1787287070819181,0.8101388812065125,0.0351094976067543,0.599512143433094
RAUDen,poisson_4_gauss_0.2,4.0,0.2,sticks_058.tif,28.932546610704467,0.1998551580329047,0.8265039920806885,0.0358307622373104,0.5827188804745674
RAUDen,poisson_4_gauss_0.2,4.0,0.2,sticks_057.tif,28.67229766898784,0.2125418230845569,0.8366156220436096,0.0361754223704338,0.5835365653038025
RAUDen,poisson_4_gauss_0.2,4.0,0.2,sticks_060.tif,25.25624573808228,0.1771090340058647,0.8115262985229492,0.0351190380752086,0.5946378171443939
RAUDen,poisson_4_gauss_0.2,4.0,0.2,sticks_063.tif,28.784036577382732,0.1994182943747763,0.826866090297699,0.0361503697931766,0.5923770532011986
RAUDen,poisson_4_gauss_0.2,4.0,0.2,sticks_061.tif,30.72760146924942,0.2168415822198428,0.8402475118637085,0.036635372787714,0.5807023629546165
RAUDen,poisson_4_gauss_0.2,4.0,0.2,sticks_062.tif,31.11672196919887,0.1719170609416558,0.810265302658081,0.0353610403835773,0.592385420203209
RAUDen,poisson_4_gauss_0.2,4.0,0.2,sticks_067.tif,28.26077210075966,0.2087165097524256,0.8312166333198547,0.0364093817770481,0.5909717664122581
RAUDen,poisson_4_gauss_0.2,4.0,0.2,sticks_066.tif,30.06724282275377,0.2007284756449477,0.8254603147506714,0.0359268859028816,0.5852694869041443
RAUDen,poisson_4_gauss_0.2,4.0,0.2,sticks_065.tif,30.82588986915314,0.1917688290212977,0.8286396861076355,0.0366048626601696,0.5882665753364563
RAUDen,poisson_4_gauss_0.2,4.0,0.2,sticks_068.tif,30.644764962474113,0.1795531614231883,0.8073186874389648,0.0363138988614082,0.6051339149475098
RAUDen,poisson_4_gauss_0.2,4.0,0.2,sticks_069.tif,29.379522132316076,0.2038041166309743,0.8317912220954895,0.0360704362392425,0.5893903777003289
RAUDen,poisson_4_gauss_0.2,4.0,0.2,sticks_064.tif,27.57547392947248,0.1888678705361385,0.8228152394294739,0.0357540100812912,0.5916193380951882
RAUDen,poisson_4_gauss_0.2,4.0,0.2,sticks_070.tif,25.047644811387023,0.2004757099289291,0.8248404264450073,0.0358191691339015,0.593676994740963
RAUDen,poisson_4_gauss_0.2,4.0,0.2,sticks_071.tif,30.83885179843607,0.2014593835349311,0.8281200528144836,0.0360464081168174,0.5892640978097916
RAUDen,poisson_4_gauss_0.2,4.0,0.2,sticks_072.tif,25.75387335621502,0.1766641519067864,0.812258243560791,0.035170167684555,0.6014278888702392
RAUDen,poisson_4_gauss_0.2,4.0,0.2,sticks_073.tif,27.690413019715432,0.183473997419066,0.817935049533844,0.0355099365115165,0.5933939218521118
RAUDen,poisson_4_gauss_0.2,4.0,0.2,sticks_074.tif,27.23390962528049,0.1867091306793572,0.8120242953300476,0.035343125462532,0.595138044655323
RAUDen,poisson_4_gauss_0.2,4.0,0.2,sticks_075.tif,30.89626386894411,0.2085110690799422,0.8316872715950012,0.0360550805926322,0.5776274904608727
RAUDen,poisson_4_gauss_0.2,4.0,0.2,sticks_076.tif,26.59882743949772,0.2082005461714235,0.8331934213638306,0.0361145846545696,0.5933077529072761
RAUDen,poisson_4_gauss_0.2,4.0,0.2,sticks_077.tif,30.79870808471207,0.2083958288725455,0.8369264602661133,0.0363299436867237,0.5793328016996384
RAUDen,poisson_4_gauss_0.2,4.0,0.2,sticks_078.tif,25.38416886592855,0.189252116078541,0.8240726590156555,0.0355760976672172,0.5864712849259377
RAUDen,poisson_4_gauss_0.2,4.0,0.2,sticks_079.tif,24.97376511151148,0.2060090007695891,0.8309430480003357,0.0361293442547321,0.5886323392391205
RAUDen,poisson_4_gauss_0.2,4.0,0.2,sticks_080.tif,24.768858326802853,0.2205085859312842,0.8370506167411804,0.0365915820002555,0.5794071897864341
RAUDen,poisson_4_gauss_0.2,4.0,0.2,sticks_081.tif,30.804249386386577,0.2155005324232242,0.8337001204490662,0.036618635058403,0.59140625
RAUDen,poisson_4_gauss_0.2,4.0,0.2,sticks_082.tif,26.04796772812557,0.2102512036711736,0.8366275429725647,0.0364660210907459,0.5894510820508003
RAUDen,poisson_4_gauss_0.2,4.0,0.2,sticks_084.tif,27.755542011868023,0.2019458900085056,0.8326219916343689,0.0362038128077983,0.5885203152894973
RAUDen,poisson_4_gauss_0.2,4.0,0.2,sticks_083.tif,25.335166349836385,0.1899897132487966,0.8192811012268066,0.0354392006993293,0.5913806974887847
RAUDen,poisson_4_gauss_0.2,4.0,0.2,sticks_085.tif,26.84654857765829,0.1807785962837181,0.8225007653236389,0.0357021726667881,0.5812965705990791
RAUDen,poisson_4_gauss_0.2,4.0,0.2,sticks_086.tif,24.89119502094347,0.1916088358688477,0.8290598392486572,0.0359025672078132,0.5825836449861527
RAUDen,poisson_4_gauss_0.2,4.0,0.2,sticks_088.tif,25.391098761544765,0.1916500708794102,0.8228724598884583,0.0354425832629203,0.5852782234549523
RAUDen,poisson_4_gauss_0.2,4.0,0.2,sticks_087.tif,30.30876259382748,0.1960689575557329,0.8295942544937134,0.0359350778162479,0.5844303414225578
RAUDen,poisson_4_gauss_0.2,4.0,0.2,sticks_089.tif,25.486679327871776,0.1890773231486467,0.8196307420730591,0.0354822687804698,0.5977710604667663
RAUDen,poisson_4_gauss_0.2,4.0,0.2,sticks_090.tif,30.253824162125664,0.2025994799757286,0.8341444730758667,0.0362073369324207,0.5835198670625686
RAUDen,poisson_4_gauss_0.2,4.0,0.2,sticks_091.tif,31.170272506411248,0.1839511835931646,0.8179689049720764,0.0351379252970218,0.5878627434372902
RAUDen,poisson_4_gauss_0.2,4.0,0.2,sticks_092.tif,25.16303308823139,0.1912854712851063,0.8241870999336243,0.0359655991196632,0.5880474865436554
RAUDen,poisson_4_gauss_0.2,4.0,0.2,sticks_093.tif,25.145844373205705,0.2171696582119234,0.8329504132270813,0.0366285890340805,0.5887766644358635
RAUDen,poisson_4_gauss_0.2,4.0,0.2,sticks_095.tif,26.748993229676373,0.2239827895320907,0.8414017558097839,0.0373216345906257,0.5701888486742973
RAUDen,poisson_4_gauss_0.2,4.0,0.2,sticks_096.tif,29.309399746272483,0.2099690506887394,0.8271886110305786,0.0362902805209159,0.5813486769795417
RAUDen,poisson_4_gauss_0.2,4.0,0.2,sticks_097.tif,29.838355271509734,0.2008853197577565,0.832269549369812,0.0360510647296905,0.5927506551146507
RAUDen,poisson_4_gauss_0.2,4.0,0.2,sticks_098.tif,29.468711336161324,0.2106673620499286,0.8344531059265137,0.03664081543684,0.5802162438631058
RAUDen,poisson_4_gauss_0.2,4.0,0.2,sticks_099.tif,26.408589745542827,0.1995989124394043,0.8294291496276855,0.0361756980419158,0.590385089814663
RAUDen,poisson_4_gauss_0.2,4.0,0.2,sticks_094.tif,29.474680117133143,0.1969543617043088,0.8223748803138733,0.0356953516602516,0.5805431872606277
